outcome,area,country,source_country_name,region,year,observed,expected_median,expected_lower,expected_upper,model_source,excess_median,excess_lower,excess_upper,signed_deviation,observed_expected_ratio,log_observed_expected_ratio
mmr,1,Afghanistan,Afghanistan,Eastern Mediterranean,2020,633.6,579.861769141,557.239711603,603.725522963,ensemble_top4,53.738230859,29.8744770374,76.3602883968,53.738230859,1.09267420913,0.0886280944318
mmr,1,Afghanistan,Afghanistan,Eastern Mediterranean,2021,660.2,554.877268946,531.258548561,578.58758588,ensemble_top4,105.322731054,81.6124141201,128.941451439,105.322731054,1.18981266119,0.173795867161
mmr,1,Afghanistan,Afghanistan,Eastern Mediterranean,2022,550.7,530.981961251,507.595238333,554.542239087,ensemble_top4,19.7180387492,0,43.1047616668,19.7180387492,1.03713504448,0.0364621468826
mmr,1,Afghanistan,Afghanistan,Eastern Mediterranean,2023,520.5,507.668997084,484.566139291,532.653335792,ensemble_top4,12.8310029156,0,35.9338607095,12.8310029156,1.02527434803,0.0249602333899
mmr,2,Albania,Albania,European Region,2020,7.03,6.74451982912,5.63414241829,8.09529099212,ensemble_top4,0.285480170883,0,1.39585758171,0.285480170883,1.04232772356,0.0414564078567
mmr,2,Albania,Albania,European Region,2021,13.8,6.31844300332,5.06988833157,7.8301071501,ensemble_top4,7.48155699668,5.9698928499,8.73011166843,7.48155699668,2.18408237484,0.781195774591
mmr,2,Albania,Albania,European Region,2022,8,5.90585685962,4.44659189676,7.59114127582,ensemble_top4,2.09414314038,0.408858724182,3.55340810324,2.09414314038,1.35458752052,0.303496995086
mmr,2,Albania,Albania,European Region,2023,6.87,5.48140999246,3.88875439192,7.39050277177,ensemble_top4,1.38859000754,0,2.98124560808,1.38859000754,1.2533271566,0.225801740475
mmr,3,Algeria,Algeria,African Region,2020,96.77,76.6318554829,64.1990522442,83.542009962,ensemble_top4,20.1381445171,13.227990038,32.5709477558,20.1381445171,1.26279077272,0.233324170672
mmr,3,Algeria,Algeria,African Region,2021,78.86,76.4489318215,61.0492342991,83.8620498305,ensemble_top4,2.41106817852,0,17.8107657009,2.41106817852,1.03153828472,0.0310511684221
mmr,3,Algeria,Algeria,African Region,2022,64.46,76.1740468614,58.009606738,84.0433936026,ensemble_top4,0,0,6.45039326199,-11.7140468614,0.846219974597,-0.166975935921
mmr,3,Algeria,Algeria,African Region,2023,62.49,76.1461436055,54.8937904538,84.1642930246,ensemble_top4,0,0,7.59620954622,-13.6561436055,0.820658762757,-0.197647892036
mmr,4,Andorra,Andorra,European Region,2020,48.45,10.4442986388,8.30037815193,14.5088333246,ensemble_top4,38.0057013612,33.9411666754,40.1496218481,38.0057013612,4.63889454673,1.53447609361
mmr,4,Andorra,Andorra,European Region,2021,17.81,10.3528684231,8.18202252631,17.1222830442,ensemble_top4,7.45713157686,0.687716955781,9.62797747369,7.45713157686,1.72029617996,0.542496473655
mmr,4,Andorra,Andorra,European Region,2022,16.6,10.1970326568,7.91742994756,21.2257085836,ensemble_top4,6.4029673432,0,8.68257005244,6.4029673432,1.6279245697,0.487305933397
mmr,4,Andorra,Andorra,European Region,2023,10.63,10.0318738697,7.79988661992,26.1338438759,ensemble_top4,0.598126130287,0,2.83011338008,0.598126130287,1.05962257282,0.0579127813381
mmr,5,Angola,Angola,African Region,2020,194.8,192.237634007,173.936478114,214.635786503,ensemble_top4,2.56236599283,0,20.8635218863,2.56236599283,1.01332915902,0.0132411073509
mmr,5,Angola,Angola,African Region,2021,210.6,184.126164703,163.644057639,208.262154669,ensemble_top4,26.4738352966,2.33784533127,46.9559423613,26.4738352966,1.14378095226,0.134339399325
mmr,5,Angola,Angola,African Region,2022,184.6,176.026881562,152.60850109,202.564694603,ensemble_top4,8.57311843844,0,31.9914989102,8.57311843844,1.04870346144,0.0475546025484
mmr,5,Angola,Angola,African Region,2023,183.2,169.178824319,142.230976378,197.933430657,ensemble_top4,14.021175681,0,40.9690236219,14.021175681,1.08287784087,0.0796221646791
mmr,6,Antigua and Barbuda,Antigua and Barbuda,Region of the Americas,2020,34.82,31.8194682559,27.2393588357,41.3859212157,ensemble_top4,3.00053174411,0,7.58064116432,3.00053174411,1.09429861367,0.0901136225727
mmr,6,Antigua and Barbuda,Antigua and Barbuda,Region of the Americas,2021,31.9,32.3939161886,26.9429998579,47.9938066279,ensemble_top4,0,0,4.95700014209,-0.493916188617,0.984752810196,-0.0153646234199
mmr,6,Antigua and Barbuda,Antigua and Barbuda,Region of the Americas,2022,36.02,33.1488038102,26.603071697,57.2436086144,ensemble_top4,2.87119618982,0,9.41692830305,2.87119618982,1.08661537853,0.0830677079244
mmr,6,Antigua and Barbuda,Antigua and Barbuda,Region of the Americas,2023,34.57,33.8705647849,26.3216186319,70.5517307203,ensemble_top4,0.699435215084,0,8.24838136814,0.699435215084,1.02065023774,0.0204399121642
mmr,7,Argentina,Argentina,Region of the Americas,2020,39.68,33.116713144,27.7719545915,38.5252307544,ensemble_top4,6.563286856,1.15476924564,11.9080454085,6.563286856,1.19818654187,0.180809198645
mmr,7,Argentina,Argentina,Region of the Americas,2021,76.49,31.5108449985,26.0633552437,37.0766878066,ensemble_top4,44.9791550015,39.4133121934,50.4266447563,44.9791550015,2.42741824295,0.88682824109
mmr,7,Argentina,Argentina,Region of the Americas,2022,39.32,30.0798323342,24.3801650635,35.6695559329,ensemble_top4,9.24016766575,3.65044406711,14.9398349365,9.24016766575,1.30718813732,0.267878370207
mmr,7,Argentina,Argentina,Region of the Americas,2023,33.23,28.55687977,22.8765763487,34.2089001929,ensemble_top4,4.67312022999,0,10.3534236513,4.67312022999,1.16364253615,0.151555202614
mmr,8,Armenia,Armenia,European Region,2020,43.3,23.0333193109,22.732090363,23.3338567468,ranked_top1_fallback,20.2666806891,19.9661432532,20.567909637,20.2666806891,1.87988537021,0.631210801692
mmr,8,Armenia,Armenia,European Region,2021,57.3,22.7464416479,22.443149046,23.0637764163,ranked_top1_fallback,34.5535583521,34.2362235837,34.856850954,34.5535583521,2.51907532998,0.92389190164
mmr,8,Armenia,Armenia,European Region,2022,26.73,22.4779106513,22.1683533746,22.8004827909,ranked_top1_fallback,4.25208934869,3.92951720911,4.56164662536,4.25208934869,1.18916746377,0.173253452002
mmr,8,Armenia,Armenia,European Region,2023,19.48,22.2317083058,21.9241684011,22.5676294373,ranked_top1_fallback,0,0,0,-2.75170830583,0.876225962127,-0.132131273675
mmr,9,Australia,Australia,Western Pacific Region,2020,5.14,4.76061673528,4.39869571259,5.11073179878,ranked_top1_fallback,0.379383264725,0.0292682012156,0.741304287415,0.379383264725,1.07969204114,0.0766758533824
mmr,9,Australia,Australia,Western Pacific Region,2021,4.33,4.36113789449,3.92686459193,4.76285508277,ranked_top1_fallback,0,0,0.403135408072,-0.0311378944925,0.992860144475,-0.00716546627124
mmr,9,Australia,Australia,Western Pacific Region,2022,3.6,3.93462691941,3.43056600701,4.40545477907,ranked_top1_fallback,0,0,0.169433992986,-0.334626919413,0.914953329435,-0.0888822210898
mmr,9,Australia,Australia,Western Pacific Region,2023,2.33,3.48856066391,2.95036091172,4.04607317677,ranked_top1_fallback,0,0,0,-1.15856066391,0.667897228821,-0.403620966352
mmr,10,Austria,Austria,European Region,2020,5.55,6.72008186469,5.83428494941,7.56741725271,ensemble_top4,0,0,0,-1.17008186469,0.825882796036,-0.191302408948
mmr,10,Austria,Austria,European Region,2021,5.96,6.78662603336,5.82993430992,7.81256871435,ensemble_top4,0,0,0.130065690079,-0.826626033359,0.87819779235,-0.129883434693
mmr,10,Austria,Austria,European Region,2022,7.45,6.86235608992,5.85641444287,8.12525253824,ensemble_top4,0.58764391008,0,1.59358555713,0.58764391008,1.08563296663,0.0821631962792
mmr,10,Austria,Austria,European Region,2023,6.1,6.91322653379,5.86656316037,8.50068516089,ensemble_top4,0,0,0.233436839627,-0.813226533785,0.882366572278,-0.125147694491
mmr,11,Azerbaijan,Azerbaijan,European Region,2020,21.09,19.1454679106,15.1965311677,24.2069842111,ensemble_top4,1.94453208943,0,5.89346883229,1.94453208943,1.10156618258,0.0967329695067
mmr,11,Azerbaijan,Azerbaijan,European Region,2021,54.79,18.4279740689,14.3775822907,25.6126806184,ensemble_top4,36.3620259311,29.1773193816,40.4124177093,36.3620259311,2.97319715099,1.08963785564
mmr,11,Azerbaijan,Azerbaijan,European Region,2022,31.72,17.6998485601,13.4968076284,28.0821425103,ensemble_top4,14.0201514399,3.63785748966,18.2231923716,14.0201514399,1.79210572861,0.583391313153
mmr,11,Azerbaijan,Azerbaijan,European Region,2023,17.9,17.0134104672,12.4700079251,31.1574449428,ensemble_top4,0.886589532813,0,5.4299920749,0.886589532813,1.05211121747,0.0507988287589
mmr,12,Bahamas,Bahamas,Region of the Americas,2020,84.36,82.5669885805,69.3105406426,98.5590998844,ensemble_top4,1.79301141946,0,15.0494593574,1.79301141946,1.02171583886,0.0214834089552
mmr,12,Bahamas,Bahamas,Region of the Americas,2021,174.3,83.5170238019,67.9354131358,100.728478251,ensemble_top4,90.7829761981,73.5715217491,106.364586864,90.7829761981,2.08699965666,0.735727463583
mmr,12,Bahamas,Bahamas,Region of the Americas,2022,80.07,84.2174758113,66.6242990569,102.815408024,ensemble_top4,0,0,13.4457009431,-4.14747581134,0.950752788879,-0.0505011988315
mmr,12,Bahamas,Bahamas,Region of the Americas,2023,75.95,84.9819551657,64.8333352281,106.043296638,ensemble_top4,0,0,11.1166647719,-9.03195516568,0.893719141339,-0.112363712743
mmr,13,Bahrain,Bahrain,Eastern Mediterranean,2020,6.94,16.4696551237,14.3161772219,18.674541295,ensemble_top4,0,0,0,-9.52965512366,0.421381015443,-0.864217829783
mmr,13,Bahrain,Bahrain,Eastern Mediterranean,2021,9.54,16.496934379,14.0378444838,19.6662927794,ensemble_top4,0,0,0,-6.95693437901,0.578289261558,-0.547681082973
mmr,13,Bahrain,Bahrain,Eastern Mediterranean,2022,4.94,16.5185740291,13.6164816229,21.255245708,ensemble_top4,0,0,0,-11.5785740291,0.29905729098,-1.20712011532
mmr,13,Bahrain,Bahrain,Eastern Mediterranean,2023,16.78,16.581072425,13.3878983381,23.5177189919,ensemble_top4,0.198927575046,0,3.39210166193,0.198927575046,1.01199726833,0.0119258715809
mmr,14,Bangladesh,Bangladesh,Southeast Asia Region,2020,151.8,148.414792641,142.086430632,153.593748199,ensemble_top4,3.38520735921,0,9.71356936767,3.38520735921,1.02280909671,0.0225528583282
mmr,14,Bangladesh,Bangladesh,Southeast Asia Region,2021,193.9,139.606489036,132.828852753,145.693605816,ensemble_top4,54.2935109638,48.206394184,61.0711472466,54.2935109638,1.38890392086,0.328514889934
mmr,14,Bangladesh,Bangladesh,Southeast Asia Region,2022,130.5,131.393420583,124.551754304,138.367374788,ensemble_top4,0,0,5.94824569642,-0.893420582935,0.993200416132,-0.00682280636697
mmr,14,Bangladesh,Bangladesh,Southeast Asia Region,2023,115.1,123.617114012,116.390349036,131.787499821,ensemble_top4,0,0,0,-8.5171140125,0.931100850553,-0.0713876825949
mmr,15,Barbados,Barbados,Region of the Americas,2020,38.65,35.0616658213,33.1733572859,37.0480722457,ensemble_top4,3.58833417868,1.60192775425,5.47664271406,3.58833417868,1.10234351662,0.097438383226
mmr,15,Barbados,Barbados,Region of the Americas,2021,38.49,34.5128340115,32.5197509812,36.5344590118,ensemble_top4,3.97716598851,1.95554098822,5.97024901881,3.97716598851,1.11523730526,0.1090672121
mmr,15,Barbados,Barbados,Region of the Americas,2022,37.94,33.9322392647,31.9609848332,35.9401556734,ensemble_top4,4.00776073531,1.99984432659,5.97901516683,4.00776073531,1.11811070599,0.111640391287
mmr,15,Barbados,Barbados,Region of the Americas,2023,34.88,33.3932635602,31.4507429879,35.5496835033,ensemble_top4,1.48673643979,0,3.42925701205,1.48673643979,1.0445220467,0.0435594092144
mmr,16,Belarus,Belarus,European Region,2020,1.7,1.15920872313,0.826312478804,1.51215115366,ensemble_top4,0.540791276866,0.187848846344,0.873687521196,0.540791276866,1.4665176047,0.382890613934
mmr,16,Belarus,Belarus,European Region,2021,1.83,1.14863267491,0.795878456602,1.5086107402,ensemble_top4,0.681367325087,0.321389259799,1.0341215434,0.681367325087,1.59319862648,0.46574371021
mmr,16,Belarus,Belarus,European Region,2022,1.09,1.13350351129,0.777540073927,1.51318873082,ensemble_top4,0,0,0.312459926073,-0.0435035112925,0.961620311839,-0.0391355924633
mmr,16,Belarus,Belarus,European Region,2023,1.1,1.13097830831,0.759990206883,1.53145100922,ensemble_top4,0,0,0.340009793117,-0.0309783083082,0.972609281645,-0.0277728379311
mmr,17,Belgium,Belgium,European Region,2020,4.15,4.36411667593,3.93755942501,4.76851234922,ensemble_top4,0,0,0.212440574985,-0.214116675931,0.950936995541,-0.0503074693771
mmr,17,Belgium,Belgium,European Region,2021,7.34,4.23534819511,3.78683693433,4.65462791958,ensemble_top4,3.10465180489,2.68537208042,3.55316306567,3.10465180489,1.73303342768,0.549873299459
mmr,17,Belgium,Belgium,European Region,2022,10.76,4.09969370582,3.63884806509,4.51888446413,ensemble_top4,6.66030629418,6.24111553587,7.12115193491,6.66030629418,2.62458631598,0.964923289711
mmr,17,Belgium,Belgium,European Region,2023,3.84,3.97678789537,3.50352020541,4.38810001355,ensemble_top4,0,0,0.336479794587,-0.136787895375,0.965603421914,-0.0350020653836
mmr,18,Belize,Belize,Region of the Americas,2020,88.49,69.3937031319,61.6381088394,351.629600749,ensemble_top4,19.0962968681,0,26.8518911606,19.0962968681,1.27518774768,0.243093420853
mmr,18,Belize,Belize,Region of the Americas,2021,156.6,74.9317418404,65.673661792,401.664427946,ensemble_top4,81.6682581596,0,90.926338208,81.6682581596,2.08990203822,0.737117193215
mmr,18,Belize,Belize,Region of the Americas,2022,109.6,80.8017932479,69.315139111,456.118503235,ensemble_top4,28.7982067521,0,40.284860889,28.7982067521,1.35640553996,0.304838215571
mmr,18,Belize,Belize,Region of the Americas,2023,66.8,86.9898722342,72.6893850113,517.133993306,ensemble_top4,0,0,0,-20.1898722342,0.767905484677,-0.264088620235
mmr,19,Benin,Benin,African Region,2020,577.7,578.341062441,538.704721846,613.245716979,ensemble_top4,0,0,38.995278154,-0.641062441423,0.998891549497,-0.00110906528835
mmr,19,Benin,Benin,African Region,2021,583.6,574.576523092,533.368168876,610.483813939,ensemble_top4,9.02347690792,0,50.2318311241,9.02347690792,1.01570456944,0.0155825287661
mmr,19,Benin,Benin,African Region,2022,547.1,569.64474376,529.492471144,609.394352677,ensemble_top4,0,0,17.607528856,-22.5447437599,0.960423151435,-0.0403813088921
mmr,19,Benin,Benin,African Region,2023,518.2,566.972531964,525.657398741,607.058974564,ensemble_top4,0,0,0,-48.772531964,0.913977257778,-0.0899495899183
mmr,20,Bhutan,Bhutan,Southeast Asia Region,2020,51.35,50.0138108977,46.6834592898,63.4117004036,ensemble_top4,1.33618910225,0,4.66654071017,1.33618910225,1.02671640249,0.0263657511326
mmr,20,Bhutan,Bhutan,Southeast Asia Region,2021,49.92,48.0038606625,44.0480547101,60.3225246341,ensemble_top4,1.91613933754,0,5.87194528995,1.91613933754,1.03991635904,0.0391402859196
mmr,20,Bhutan,Bhutan,Southeast Asia Region,2022,48.57,46.3902372293,41.6630170561,57.9821435946,ensemble_top4,2.17976277066,0,6.90698294386,2.17976277066,1.04698753231,0.0459170238036
mmr,20,Bhutan,Bhutan,Southeast Asia Region,2023,46.65,45.1961341219,39.6649715692,55.8480685111,ensemble_top4,1.45386587805,0,6.98502843083,1.45386587805,1.03216792556,0.0316613723885
mmr,21,Bolivia,Bolivia (Plurinational State of),Region of the Americas,2020,217.8,154.064343653,145.432990106,163.095707297,ensemble_top4,63.7356563473,54.7042927027,72.3670098941,63.7356563473,1.41369504998,0.346206879419
mmr,21,Bolivia,Bolivia (Plurinational State of),Region of the Americas,2021,270,152.377842107,142.788625063,162.91455525,ensemble_top4,117.622157893,107.08544475,127.211374937,117.622157893,1.77191116679,0.572058719316
mmr,21,Bolivia,Bolivia (Plurinational State of),Region of the Americas,2022,164.3,150.820039406,140.684656486,163.517720751,ensemble_top4,13.479960594,0.782279249135,23.615343514,13.479960594,1.08937778194,0.0856066909902
mmr,21,Bolivia,Bolivia (Plurinational State of),Region of the Americas,2023,146.4,149.656929127,139.005084618,164.600659636,ensemble_top4,0,0,7.3949153825,-3.25692912653,0.978237364982,-0.0220029339149
mmr,22,Bosnia,Bosnia and Herzegovina,European Region,2020,7.41,6.48059541771,6.09479861634,6.85416917151,ranked_top1_fallback,0.929404582287,0.555830828493,1.31520138366,0.929404582287,1.14341345546,0.134018047715
mmr,22,Bosnia,Bosnia and Herzegovina,European Region,2021,12.69,6.33175853692,5.90330813013,6.74351880586,ranked_top1_fallback,6.35824146308,5.94648119414,6.78669186987,6.35824146308,2.00418255466,0.695236274212
mmr,22,Bosnia,Bosnia and Herzegovina,European Region,2022,11.79,6.10872890427,5.67642295475,6.56696369082,ranked_top1_fallback,5.68127109573,5.22303630918,6.11357704525,5.68127109573,1.93002508128,0.657532998315
mmr,22,Bosnia,Bosnia and Herzegovina,European Region,2023,6.17,5.8206805865,5.42970158611,6.33621593427,ranked_top1_fallback,0.349319413496,0,0.740298413885,0.349319413496,1.06001349985,0.0582816437489
mmr,23,Botswana,Botswana,African Region,2020,97.8,57.1858448372,-0,148.2758111,ensemble_top4,40.6141551628,0,97.8,40.6141551628,1.71021343269,0.536618177162
mmr,23,Botswana,Botswana,African Region,2021,165.4,48.4206051433,-0,133.034418842,ensemble_top4,116.979394857,32.3655811578,165.4,116.979394857,3.41590113363,1.22844133336
mmr,23,Botswana,Botswana,African Region,2022,120.4,40.3452483587,-0,125.195599642,ensemble_top4,80.0547516413,0,120.4,80.0547516413,2.9842423804,1.09334590572
mmr,23,Botswana,Botswana,African Region,2023,155.1,33.8990685494,-0,116.499524909,ensemble_top4,121.200931451,38.6004750907,155.1,121.200931451,4.57534695309,1.52068253259
mmr,24,Brazil,Brazil,Region of the Americas,2020,84.88,62.7552468849,54.9517402381,72.29003226,ensemble_top4,22.1247531151,12.58996774,29.9282597619,22.1247531151,1.35255622778,0.301996304094
mmr,24,Brazil,Brazil,Region of the Americas,2021,128,62.8741037936,53.9666599527,77.9011647108,ensemble_top4,65.1258962064,50.0988352892,74.0333400473,65.1258962064,2.03581430632,0.710895889381
mmr,24,Brazil,Brazil,Region of the Americas,2022,104,62.8314451703,53.2701842633,85.5899054302,ensemble_top4,41.1685548297,18.4100945698,50.7298157367,41.1685548297,1.65522215378,0.503935231713
mmr,24,Brazil,Brazil,Region of the Americas,2023,66.91,62.8666370394,52.1753679604,95.8780823403,ensemble_top4,4.04336296059,0,14.7346320396,4.04336296059,1.06431651431,0.062332822535
mmr,25,Brunei Darussalam,Brunei Darussalam,Western Pacific Region,2020,38.51,39.1042773683,37.3209436613,40.107315917,ensemble_top4,0,0,1.18905633872,-0.5942773683,0.984802752837,-0.0153139087899
mmr,25,Brunei Darussalam,Brunei Darussalam,Western Pacific Region,2021,43.84,39.1036725987,37.0499370957,40.1101038865,ensemble_top4,4.73632740126,3.72989611347,6.79006290435,4.73632740126,1.12112231631,0.114330251703
mmr,25,Brunei Darussalam,Brunei Darussalam,Western Pacific Region,2022,88.15,39.1050286033,36.6826398822,40.1768049288,ensemble_top4,49.0449713967,47.9731950712,51.4673601178,49.0449713967,2.25418579524,0.812788841343
mmr,25,Brunei Darussalam,Brunei Darussalam,Western Pacific Region,2023,36.35,39.1323560942,36.2991054021,40.2265712576,ensemble_top4,0,0,0.0508945979097,-2.78235609423,0.928898835339,-0.0737554423961
mmr,26,Bulgaria,Bulgaria,European Region,2020,8.74,6.2966767349,5.49335224303,7.26038925694,ensemble_top4,2.4433232651,1.47961074306,3.24664775697,2.4433232651,1.38803377845,0.327888197846
mmr,26,Bulgaria,Bulgaria,European Region,2021,9.27,6.20263405353,5.13111507555,7.40400033332,ensemble_top4,3.06736594647,1.86599966668,4.13888492445,3.06736594647,1.49452634478,0.401809330406
mmr,26,Bulgaria,Bulgaria,European Region,2022,9.66,6.15018798225,4.70270335167,7.75076579165,ensemble_top4,3.50981201775,1.90923420835,4.95729664833,3.50981201775,1.57068369745,0.451511000653
mmr,26,Bulgaria,Bulgaria,European Region,2023,5.56,6.154087902,4.22340443721,8.12198429686,ensemble_top4,0,0,1.33659556279,-0.594087901996,0.903464508233,-0.101518452253
mmr,27,Burkina Faso,Burkina Faso,African Region,2020,334.1,265.497555361,256.303271704,275.045347022,ensemble_top4,68.6024446386,59.054652978,77.7967282962,68.6024446386,1.25839200118,0.229834716401
mmr,27,Burkina Faso,Burkina Faso,African Region,2021,354.1,253.846652288,244.891947439,263.189998678,ensemble_top4,100.253347712,90.9100013222,109.208052561,100.253347712,1.3949366549,0.332849005566
mmr,27,Burkina Faso,Burkina Faso,African Region,2022,316.3,242.763201993,233.773145856,251.893743015,ensemble_top4,73.5367980074,64.4062569853,82.5268541435,73.5367980074,1.30291575249,0.264604639479
mmr,27,Burkina Faso,Burkina Faso,African Region,2023,241.8,231.950988798,223.053641607,241.175301453,ensemble_top4,9.84901120162,0.624698547434,18.7463583928,9.84901120162,1.04246160472,0.0415848440113
mmr,28,Burundi,Burundi,African Region,2020,441,443.917374752,419.062311603,469.998008512,ensemble_top4,0,0,21.9376883972,-2.91737475233,0.993428113162,-0.00659357676779
mmr,28,Burundi,Burundi,African Region,2021,446.8,431.392564181,405.638481662,458.300969662,ensemble_top4,15.4074358195,0,41.1615183383,15.4074358195,1.03571558042,0.0350925698732
mmr,28,Burundi,Burundi,African Region,2022,412.3,418.186045703,392.935414202,444.986475897,ensemble_top4,0,0,19.3645857981,-5.88604570327,0.985924815608,-0.0141751792053
mmr,28,Burundi,Burundi,African Region,2023,392,406.102564212,380.499514391,433.388961636,ensemble_top4,0,0,11.5004856092,-14.1025642123,0.965273392844,-0.0353439091205
mmr,29,Cabo Verde,Cabo Verde,African Region,2020,56.01,38.2131614589,31.7531758919,44.1661319224,ensemble_top4,17.7968385411,11.8438680776,24.2568241081,17.7968385411,1.46572536429,0.38235024914
mmr,29,Cabo Verde,Cabo Verde,African Region,2021,55.75,37.1056758543,29.8921248503,43.4434096387,ensemble_top4,18.6443241457,12.3065903613,25.8578751497,18.6443241457,1.50246555861,0.407107464442
mmr,29,Cabo Verde,Cabo Verde,African Region,2022,41.67,36.0565108996,28.0969114004,43.1711496589,ensemble_top4,5.61348910041,0,13.5730885996,5.61348910041,1.15568586534,0.144693990533
mmr,29,Cabo Verde,Cabo Verde,African Region,2023,40.04,35.0428791349,26.6571261286,42.7760296384,ensemble_top4,4.99712086511,0,13.3828738714,4.99712086511,1.14260017979,0.133306524663
mmr,30,Cambodia,Cambodia,Western Pacific Region,2020,164,136.434445416,109.355078273,161.90514866,ensemble_top4,27.5655545838,2.09485134012,54.644921727,27.5655545838,1.20204248641,0.184022181919
mmr,30,Cambodia,Cambodia,Western Pacific Region,2021,188.8,131.423040281,101.339099293,167.655933435,ensemble_top4,57.3769597188,21.144066565,87.4609007068,57.3769597188,1.43658219743,0.362266818426
mmr,30,Cambodia,Cambodia,Western Pacific Region,2022,158.6,127.1246179,93.6904703509,175.651954288,ensemble_top4,31.4753821,0,64.9095296491,31.4753821,1.24759470369,0.22121746054
mmr,30,Cambodia,Cambodia,Western Pacific Region,2023,137.4,122.622537464,86.8774727033,189.758006068,ensemble_top4,14.7774625358,0,50.5225272967,14.7774625358,1.12051179858,0.113785543946
mmr,31,Cameroon,Cameroon,African Region,2020,315.5,323.92761149,300.184092843,354.885649034,ensemble_top4,0,0,15.3159071573,-8.42761148967,0.973983040683,-0.0263613875206
mmr,31,Cameroon,Cameroon,African Region,2021,342.2,304.578472809,279.97389654,337.572873965,ensemble_top4,37.6215271906,4.62712603539,62.2261034603,37.6215271906,1.12351998105,0.116466597134
mmr,31,Cameroon,Cameroon,African Region,2022,276,287.461125372,262.079333094,322.600435741,ensemble_top4,0,0,13.920666906,-11.4611253721,0.960129825008,-0.0406867692806
mmr,31,Cameroon,Cameroon,African Region,2023,258.2,271.687835124,242.30331865,307.625998142,ensemble_top4,0,0,15.8966813497,-13.4878351244,0.950355395492,-0.0509192638279
mmr,32,Canada,Canada,Region of the Americas,2020,16.65,12.5165048757,11.4696915731,13.9137427908,ensemble_top4,4.13349512426,2.73625720922,5.18030842689,4.13349512426,1.33024355963,0.285362053008
mmr,32,Canada,Canada,Region of the Americas,2021,13.58,12.6929646057,11.4991355197,14.8016784829,ensemble_top4,0.88703539434,0,2.08086448026,0.88703539434,1.06988402016,0.0675502502213
mmr,32,Canada,Canada,Region of the Americas,2022,14.64,12.8378544836,11.520055015,15.945473376,ensemble_top4,1.8021455164,0,3.11994498497,1.8021455164,1.14037746874,0.131359320527
mmr,32,Canada,Canada,Region of the Americas,2023,11.78,12.9673714088,11.5966387572,17.6485737485,ensemble_top4,0,0,0.183361242803,-1.18737140879,0.908433916839,-0.0960331325484
mmr,33,Central African Republic,Central African Republic,African Region,2020,1296,1959.71692676,760.250101873,4684.800356,ensemble_top4,0,0,535.749898127,-663.71692676,0.661320001018,-0.413517439759
mmr,33,Central African Republic,Central African Republic,African Region,2021,1127,2235.36594761,723.063464995,6252.04289795,ensemble_top4,0,0,403.936535005,-1108.36594761,0.504168009362,-0.684845714552
mmr,33,Central African Republic,Central African Republic,African Region,2022,840.8,2554.01908871,702.963808073,7342.86433648,ensemble_top4,0,0,137.836191927,-1713.21908871,0.329206623285,-1.11106969105
mmr,33,Central African Republic,Central African Republic,African Region,2023,691.7,2878.70018651,669.809329231,9064.62358372,ensemble_top4,0,0,21.8906707687,-2187.00018651,0.2402820562,-1.42594181152
mmr,34,Chad,Chad,African Region,2020,877.3,919.95265442,708.825596523,1106.34363644,ensemble_top4,0,0,168.474403477,-42.6526544205,0.953636033099,-0.0474731969981
mmr,34,Chad,Chad,African Region,2021,868.6,873.076040153,651.067682665,1084.36573991,ensemble_top4,0,0,217.532317335,-4.4760401525,0.994873252791,-0.00513993406771
mmr,34,Chad,Chad,African Region,2022,775.5,825.847197145,600.052941882,1065.26171868,ensemble_top4,0,0,175.447058118,-50.3471971451,0.939035698954,-0.0629017824416
mmr,34,Chad,Chad,African Region,2023,747.5,781.493083491,548.132789388,1037.48960984,ensemble_top4,0,0,199.367210612,-33.9930834912,0.956502387277,-0.0444719942584
mmr,35,Chile,Chile,Region of the Americas,2020,12.3,9.38453160619,7.76337076864,11.1798625081,ensemble_top4,2.91546839381,1.12013749193,4.53662923136,2.91546839381,1.31066743831,0.270536502355
mmr,35,Chile,Chile,Region of the Americas,2021,14.39,8.57468531815,6.99672453697,10.4603911636,ensemble_top4,5.81531468185,3.92960883639,7.39327546303,5.81531468185,1.67819569653,0.517719226113
mmr,35,Chile,Chile,Region of the Americas,2022,11.71,7.8216672834,6.26421149422,9.79641750182,ensemble_top4,3.8883327166,1.91358249818,5.44578850578,3.8883327166,1.49712325719,0.403545438181
mmr,35,Chile,Chile,Region of the Americas,2023,9.88,7.12490073103,5.53365099835,9.19101573503,ensemble_top4,2.75509926897,0.688984264971,4.34634900165,2.75509926897,1.38668598665,0.32691671819
mmr,36,China,China,Western Pacific Region,2020,19.82,19.9474021361,17.814743105,21.6077256897,ensemble_top4,0,0,2.00525689501,-0.1274021361,0.99361309632,-0.006407387213
mmr,36,China,China,Western Pacific Region,2021,20.93,18.8522034939,16.6980072421,20.6646070807,ensemble_top4,2.07779650606,0.265392919315,4.23199275788,2.07779650606,1.11021504763,0.104553733165
mmr,36,China,China,Western Pacific Region,2022,18.3,17.8585868182,15.6155643879,19.6831238399,ensemble_top4,0.441413181825,0,2.68443561211,0.441413181825,1.02471713951,0.0244166130518
mmr,36,China,China,Western Pacific Region,2023,16.25,16.8714345009,14.6343352111,18.8155734196,ensemble_top4,0,0,1.61566478891,-0.621434500883,0.963166469286,-0.0375290168217
mmr,37,Colombia,Colombia,Region of the Americas,2020,93.68,65.2058187764,63.0294533796,67.773349595,ensemble_top4,28.4741812236,25.906650405,30.6505466204,28.4741812236,1.43668159925,0.362336009301
mmr,37,Colombia,Colombia,Region of the Americas,2021,146.7,64.3760449715,61.6749421233,67.2756254823,ensemble_top4,82.3239550285,79.4243745177,85.0250578767,82.3239550285,2.27879796072,0.82364809373
mmr,37,Colombia,Colombia,Region of the Americas,2022,74.34,63.5705417633,60.137970429,66.8888662154,ensemble_top4,10.7694582367,7.45113378462,14.202029571,10.7694582367,1.16940957145,0.156498981646
mmr,37,Colombia,Colombia,Region of the Americas,2023,59.38,62.9409405618,58.6266977383,66.5113225311,ensemble_top4,0,0,0.75330226169,-3.56094056183,0.94342409678,-0.058239365974
mmr,38,Comoros,Comoros,African Region,2020,198.5,190.447761093,182.238612182,198.710078111,ensemble_top4,8.05223890716,0,16.2613878184,8.05223890716,1.04228056482,0.0414111631508
mmr,38,Comoros,Comoros,African Region,2021,214.8,182.098334593,173.689189287,190.65111805,ensemble_top4,32.7016654071,24.14888195,41.1108107129,32.7016654071,1.17958245187,0.165160521506
mmr,38,Comoros,Comoros,African Region,2022,186.2,174.04817943,165.572686791,182.34504893,ensemble_top4,12.1518205701,3.85495106978,20.6273132089,12.1518205701,1.06981871692,0.0674892106807
mmr,38,Comoros,Comoros,African Region,2023,178.9,166.175520549,157.355763888,174.911383623,ensemble_top4,12.7244794508,3.98861637705,21.544236112,12.7244794508,1.0765725265,0.0737824080556
mmr,39,Congo,Congo,African Region,2020,247.2,244.353336516,199.365545656,293.063520234,ensemble_top4,2.84666348418,0,47.8344543442,2.84666348418,1.01164978357,0.011582447302
mmr,39,Congo,Congo,African Region,2021,301.4,235.996533976,189.623804198,284.954487175,ensemble_top4,65.4034660236,16.4455128249,111.776195802,65.4034660236,1.2771374008,0.244621167815
mmr,39,Congo,Congo,African Region,2022,240.8,226.917746057,180.591504336,274.376472234,ensemble_top4,13.8822539426,0,60.2084956643,13.8822539426,1.0611774715,0.0593791137886
mmr,39,Congo,Congo,African Region,2023,241.1,217.988849921,172.52029249,267.175891771,ensemble_top4,23.1111500789,0,68.5797075097,23.1111500789,1.10601987252,0.100767870857
mmr,40,Cook Islands,Cook Islands,Western Pacific Region,2020,0.14,0.165166172811,0.0881698650572,0.254980553549,ensemble_top4,0,0,0.0518301349428,-0.0251661728108,0.847631192377,-0.165309652443
mmr,40,Cook Islands,Cook Islands,Western Pacific Region,2021,0.12,0.165855672811,0.0872768699827,0.260315279957,ensemble_top4,0,0,0.0327231300173,-0.045855672811,0.723520624687,-0.323626226494
mmr,40,Cook Islands,Cook Islands,Western Pacific Region,2022,0.33,0.163126961899,0.0854985080955,0.260034703051,ensemble_top4,0.166873038101,0.0699652969494,0.244501491905,0.166873038101,2.02296417563,0.70456384949
mmr,40,Cook Islands,Cook Islands,Western Pacific Region,2023,0.11,0.162225205614,0.0851035439502,0.261146222012,ensemble_top4,0,0,0.0248964560498,-0.0522252056138,0.678069721557,-0.388505162174
mmr,41,Costa Rica,Costa Rica,Region of the Americas,2020,34.09,26.3365449718,23.0979030934,29.6839323035,ensemble_top4,7.75345502822,4.40606769649,10.9920969066,7.75345502822,1.29439909588,0.258046568834
mmr,41,Costa Rica,Costa Rica,Region of the Americas,2021,43.95,26.0725000996,22.693515323,29.7010839171,ensemble_top4,17.8774999004,14.2489160829,21.256484677,17.8774999004,1.68568414353,0.522171501299
mmr,41,Costa Rica,Costa Rica,Region of the Americas,2022,27.42,25.7330724357,22.102547603,30.0340597882,ensemble_top4,1.68692756425,0,5.31745239699,1.68692756425,1.06555484459,0.0634956443301
mmr,41,Costa Rica,Costa Rica,Region of the Americas,2023,24.12,25.3667789893,21.5743046224,30.1725315465,ensemble_top4,0,0,2.54569537756,-1.24677898934,0.950849928961,-0.0503990322944
mmr,42,Cote d'Ivoire,Cote d'Ivoire,African Region,2020,447.3,434.737847767,408.535495841,468.208305541,ensemble_top4,12.5621522332,0,38.7645041589,12.5621522332,1.02889592498,0.0284863098279
mmr,42,Cote d'Ivoire,Cote d'Ivoire,African Region,2021,459,430.070317128,404.460325926,464.816214188,ensemble_top4,28.9296828716,0,54.539674074,28.9296828716,1.06726733215,0.0651014865367
mmr,42,Cote d'Ivoire,Cote d'Ivoire,African Region,2022,409.3,426.492736691,401.107522718,459.7816518,ensemble_top4,0,0,8.19247728246,-17.1927366911,0.959688090296,-0.0411469532558
mmr,42,Cote d'Ivoire,Cote d'Ivoire,African Region,2023,359,423.860959999,396.989167079,457.315298951,ensemble_top4,0,0,0,-64.8609599988,0.846975857368,-0.166083088434
mmr,43,Croatia,Croatia,European Region,2020,5.2,3.02534566163,2.70151698383,3.34087449478,ranked_top1_fallback,2.17465433837,1.85912550522,2.49848301617,2.17465433837,1.71881185874,0.541633272325
mmr,43,Croatia,Croatia,European Region,2021,12.32,2.84337224988,2.52309298105,3.17223880432,ranked_top1_fallback,9.47662775012,9.14776119568,9.79690701895,9.47662775012,4.33288325175,1.46623319842
mmr,43,Croatia,Croatia,European Region,2022,5.54,2.66693508784,2.33649316841,3.00191252886,ranked_top1_fallback,2.87306491216,2.53808747114,3.20350683159,2.87306491216,2.07729090418,0.731064594873
mmr,43,Croatia,Croatia,European Region,2023,3.05,2.50184200989,2.19055130128,2.83568999969,ranked_top1_fallback,0.548157990113,0.214310000305,0.859448698723,0.548157990113,1.219101761,0.198114326097
mmr,44,Cuba,Cuba,Region of the Americas,2020,39.95,38.5230582789,37.3214162215,40.6531773898,ensemble_top4,1.42694172114,0,2.62858377845,1.42694172114,1.03704123673,0.0363716938632
mmr,44,Cuba,Cuba,Region of the Americas,2021,171.7,37.9953495638,36.8073052606,40.3386953643,ensemble_top4,133.704650436,131.361304636,134.892694739,133.704650436,4.51897408423,1.50828499557
mmr,44,Cuba,Cuba,Region of the Americas,2022,40.95,37.5004419653,36.2947739061,39.971880766,ensemble_top4,3.44955803472,0.97811923402,4.65522609392,3.44955803472,1.09198713012,0.0879990916514
mmr,44,Cuba,Cuba,Region of the Americas,2023,34.79,36.9708342608,35.7293361689,39.5573655735,ensemble_top4,0,0,0,-2.18083426084,0.941012035448,-0.0607993494169
mmr,45,Cyprus,Cyprus,European Region,2020,86.96,13.6952753919,13.00671123,20.1077427458,ensemble_top4,73.2647246081,66.8522572542,73.95328877,73.2647246081,6.34963500271,1.84839733137
mmr,45,Cyprus,Cyprus,European Region,2021,97.68,14.1638108828,13.2303709464,20.5919963969,ensemble_top4,83.5161891172,77.0880036031,84.4496290536,83.5161891172,6.89644904244,1.93100664761
mmr,45,Cyprus,Cyprus,European Region,2022,53,14.5400599816,13.2713153417,21.0215351723,ensemble_top4,38.4599400184,31.9784648277,39.7286846583,38.4599400184,3.64510188178,1.29338431618
mmr,45,Cyprus,Cyprus,European Region,2023,13.62,14.8111053209,13.1692320879,21.3687497897,ensemble_top4,0,0,0.450767912056,-1.19110532091,0.919580254471,-0.0838379581904
mmr,46,Czechia,Czechia,European Region,2020,3.24,2.88052616674,2.3592606743,3.24992654768,ensemble_top4,0.359473833264,0,0.880739325698,0.359473833264,1.12479450366,0.11760035556
mmr,46,Czechia,Czechia,European Region,2021,4.39,2.8520319217,2.25437798184,3.27522678635,ensemble_top4,1.5379680783,1.11477321365,2.13562201816,1.5379680783,1.53925345877,0.431297531855
mmr,46,Czechia,Czechia,European Region,2022,3.04,2.84125175759,2.14843482799,3.38229587372,ensemble_top4,0.198748242415,0,0.891565172007,0.198748242415,1.06995094394,0.0676128006379
mmr,46,Czechia,Czechia,European Region,2023,2.7,2.850190816,2.02990620563,3.51219669233,ensemble_top4,0,0,0.67009379437,-0.150190816002,0.947304996157,-0.0541341720123
mmr,47,North Korea,Democratic People's Republic of Korea,Southeast Asia Region,2020,66.27,75.5431093936,64.3342621191,86.308064088,ensemble_top4,0,0,1.93573788093,-9.27310939361,0.877247448933,-0.130966172551
mmr,47,North Korea,Democratic People's Republic of Korea,Southeast Asia Region,2021,71.72,75.7137856055,64.531920485,86.4732399828,ensemble_top4,0,0,7.18807951504,-3.9937856055,0.947251539815,-0.0541906035217
mmr,47,North Korea,Democratic People's Republic of Korea,Southeast Asia Region,2022,66.71,75.602653081,64.83834251,86.5604417038,ensemble_top4,0,0,1.87165749002,-8.89265308103,0.882376441585,-0.125136509513
mmr,47,North Korea,Democratic People's Republic of Korea,Southeast Asia Region,2023,66.9,75.6157284374,64.8756333696,86.239941026,ensemble_top4,0,0,2.02436663044,-8.71572843737,0.884736567147,-0.122465342526
mmr,48,DR Congo,Democratic Republic of the Congo,African Region,2020,489.5,486.276754855,473.723537227,515.121123742,ensemble_top4,3.22324514503,0,15.7764627727,3.22324514503,1.00662841707,0.00660654571362
mmr,48,DR Congo,Democratic Republic of the Congo,African Region,2021,507,474.712110775,461.675531524,505.377097144,ensemble_top4,32.2878892253,1.62290285609,45.3244684762,32.2878892253,1.06801572678,0.0658024658784
mmr,48,DR Congo,Democratic Republic of the Congo,African Region,2022,455.8,463.144008657,450.023877731,495.589497197,ensemble_top4,0,0,5.77612226894,-7.34400865686,0.984143142263,-0.0159839227298
mmr,48,DR Congo,Democratic Republic of the Congo,African Region,2023,427,451.656390075,438.399721942,486.888020925,ensemble_top4,0,0,0,-24.6563900748,0.945408964388,-0.0561376785564
mmr,49,Denmark,Denmark,European Region,2020,4.08,4.16088790066,3.68579608367,4.64579970173,ensemble_top4,0,0,0.394203916326,-0.0808879006624,0.98055994235,-0.0196315007417
mmr,49,Denmark,Denmark,European Region,2021,7.65,3.99789377897,3.5045371291,4.51095401243,ensemble_top4,3.65210622103,3.13904598757,4.1454628709,3.65210622103,1.91350756747,0.648937980655
mmr,49,Denmark,Denmark,European Region,2022,5.56,3.83211664485,3.31374848512,4.39307993143,ensemble_top4,1.72788335515,1.16692006857,2.24625151488,1.72788335515,1.45089529241,0.372180808937
mmr,49,Denmark,Denmark,European Region,2023,3.67,3.66891277256,3.16998833016,4.30408245645,ensemble_top4,0.00108722743785,0,0.500011669835,0.00108722743785,1.00029633505,0.000296291148157
mmr,50,Djibouti,Djibouti,Eastern Mediterranean,2020,191.6,196.053140223,180.050596496,214.885183456,ensemble_top4,0,0,11.5494035038,-4.45314022311,0.977286055107,-0.0229758805337
mmr,50,Djibouti,Djibouti,Eastern Mediterranean,2021,221.3,195.658737771,178.018710349,216.518242,ensemble_top4,25.6412622286,4.78175799952,43.2812896514,25.6412622286,1.1310509437,0.123147239181
mmr,50,Djibouti,Djibouti,Eastern Mediterranean,2022,174.4,195.409313886,177.416503101,219.907481728,ensemble_top4,0,0,0,-21.0093138857,0.892485606403,-0.113744892738
mmr,50,Djibouti,Djibouti,Eastern Mediterranean,2023,161.9,195.567949726,176.128792568,222.768041205,ensemble_top4,0,0,0,-33.6679497263,0.827845259034,-0.188929027286
mmr,51,Dominica,Dominica,Region of the Americas,2020,46.64,41.7028043941,36.4733014908,50.8086377146,ensemble_top4,4.93719560592,0,10.1666985092,4.93719560592,1.11839001424,0.111890163842
mmr,51,Dominica,Dominica,Region of the Americas,2021,110.2,41.0284127818,35.6875740818,50.0705727215,ensemble_top4,69.1715872182,60.1294272785,74.5124259182,69.1715872182,2.68594353348,0.988032075347
mmr,51,Dominica,Dominica,Region of the Americas,2022,43.89,40.1859182253,34.8301903737,49.5453707285,ensemble_top4,3.70408177475,0,9.05980962631,3.70408177475,1.09217362545,0.0881698623462
mmr,51,Dominica,Dominica,Region of the Americas,2023,35.55,39.4865479612,34.0666309859,49.0003617437,ensemble_top4,0,0,1.48336901408,-3.93654796122,0.900306606567,-0.105019899711
mmr,52,Dominican Republic,Dominican Republic,Region of the Americas,2020,121.5,124.982811886,100.721825355,321.415727833,ensemble_top4,0,0,20.7781746452,-3.48281188617,0.972133673154,-0.0282619601564
mmr,52,Dominican Republic,Dominican Republic,Region of the Americas,2021,152.5,135.942244334,101.74367068,319.923230892,ensemble_top4,16.5577556658,0,50.7563293199,16.5577556658,1.12179992869,0.114934474524
mmr,52,Dominican Republic,Dominican Republic,Region of the Americas,2022,124.1,149.128379791,102.757491558,312.585733303,ensemble_top4,0,0,21.3425084425,-25.0283797905,0.832168901548,-0.183719852095
mmr,52,Dominican Republic,Dominican Republic,Region of the Americas,2023,124.5,164.668660978,104.017220126,302.233235467,ensemble_top4,0,0,20.4827798744,-40.1686609783,0.756063717652,-0.279629623746
mmr,53,Ecuador,Ecuador,Region of the Americas,2020,91.5,58.6628619781,54.1993993181,63.3188810035,ensemble_top4,32.8371380219,28.1811189965,37.3006006819,32.8371380219,1.55976024549,0.444532120661
mmr,53,Ecuador,Ecuador,Region of the Americas,2021,93.37,57.6775658143,52.8963314308,62.7170553382,ensemble_top4,35.6924341857,30.6529446618,40.4736685692,35.6924341857,1.61882698553,0.481701803964
mmr,53,Ecuador,Ecuador,Region of the Americas,2022,68.73,56.8337152823,51.7639971126,62.5895040001,ensemble_top4,11.8962847177,6.14049599985,16.9660028874,11.8962847177,1.20931738597,0.19005605659
mmr,53,Ecuador,Ecuador,Region of the Americas,2023,55.37,56.0791261527,50.5429822714,62.4001930479,ensemble_top4,0,0,4.82701772863,-0.709126152695,0.987354900097,-0.0127257296141
mmr,54,Egypt,Egypt,Eastern Mediterranean,2020,31.23,17.9905188574,14.9356413563,18.7467421191,ensemble_top4,13.2394811426,12.4832578809,16.2943586437,13.2394811426,1.73591435842,0.551534282316
mmr,54,Egypt,Egypt,Eastern Mediterranean,2021,41.69,16.9387458312,13.7426348423,17.7398249674,ensemble_top4,24.7512541688,23.9501750326,27.9473651577,24.7512541688,2.46122117986,0.900657641348
mmr,54,Egypt,Egypt,Eastern Mediterranean,2022,24.03,15.9581488773,12.652720292,16.7323780768,ensemble_top4,8.07185112269,7.29762192324,11.377279708,8.07185112269,1.50581374975,0.409333449584
mmr,54,Egypt,Egypt,Eastern Mediterranean,2023,16.95,15.0371542352,11.6186938291,15.8591293146,ensemble_top4,1.91284576477,1.09087068542,5.33130617088,1.91284576477,1.12720796335,0.119743746291
mmr,55,El Salvador,El Salvador,Region of the Americas,2020,48.02,44.3058356959,37.6496566584,50.2561738914,ensemble_top4,3.71416430414,0,10.3703433416,3.71416430414,1.08383013763,0.0805011911343
mmr,55,El Salvador,El Salvador,Region of the Americas,2021,58.48,44.8358023655,37.1451231342,50.9443879272,ensemble_top4,13.6441976345,7.53561207276,21.3348768658,13.6441976345,1.30431478672,0.265677835234
mmr,55,El Salvador,El Salvador,Region of the Americas,2022,38.76,45.3407275141,37.1528629471,52.0146999581,ensemble_top4,0,0,1.60713705294,-6.58072751412,0.854860566318,-0.156816903674
mmr,55,El Salvador,El Salvador,Region of the Americas,2023,39.11,45.9468774725,36.7450144207,52.6250632002,ensemble_top4,0,0,2.36498557928,-6.83687747251,0.85120038948,-0.161107702829
mmr,56,Equatorial Guinea,Equatorial Guinea,African Region,2020,195.6,195.99405458,189.489110982,201.731084444,ensemble_top4,0,0,6.11088901793,-0.394054580168,0.997989456461,-0.00201256739507
mmr,56,Equatorial Guinea,Equatorial Guinea,African Region,2021,201.7,192.260684784,185.244761696,198.172748549,ensemble_top4,9.43931521572,3.52725145101,16.4552383039,9.43931521572,1.04909644021,0.0479292605673
mmr,56,Equatorial Guinea,Equatorial Guinea,African Region,2022,183.1,188.873253592,181.592380319,195.29777264,ensemble_top4,0,0,1.50761968103,-5.7732535917,0.969433186108,-0.0310437224988
mmr,56,Equatorial Guinea,Equatorial Guinea,African Region,2023,173.7,186.012924267,178.182594223,192.535582864,ensemble_top4,0,0,0,-12.3129242666,0.933806081942,-0.0684864833565
mmr,57,Eritrea,Eritrea,African Region,2020,333.7,341.27074931,320.393734833,361.596012679,ensemble_top4,0,0,13.3062651667,-7.5707493097,0.97781600291,-0.0224337627313
mmr,57,Eritrea,Eritrea,African Region,2021,338.5,328.928331325,303.677573372,349.941310016,ensemble_top4,9.57166867525,0,34.8224266284,9.57166867525,1.02909955684,0.0286842032358
mmr,57,Eritrea,Eritrea,African Region,2022,301.4,317.122356996,287.908656977,338.642598702,ensemble_top4,0,0,13.4913430233,-15.7223569963,0.950421795722,-0.0508493974277
mmr,57,Eritrea,Eritrea,African Region,2023,291.4,305.725255314,272.787082813,327.023942039,ensemble_top4,0,0,18.6129171872,-14.3252553135,0.95314336953,-0.0479899464224
mmr,58,Estonia,Estonia,European Region,2020,5.89,5.55192093265,3.92976707572,7.28117234816,ensemble_top4,0.338079067346,0,1.96023292428,0.338079067346,1.06089407098,0.059112015797
mmr,58,Estonia,Estonia,European Region,2021,8.46,5.49939195564,3.75746367391,7.32884241511,ensemble_top4,2.96060804436,1.13115758489,4.70253632609,2.96060804436,1.5383518884,0.43071164101
mmr,58,Estonia,Estonia,European Region,2022,7.24,5.40070362384,3.67915312312,7.34334820123,ensemble_top4,1.83929637616,0,3.56084687688,1.83929637616,1.34056606403,0.293091960605
mmr,58,Estonia,Estonia,European Region,2023,4.96,5.36006099479,3.60065431343,7.42049926441,ensemble_top4,0,0,1.35934568657,-0.400060994795,0.925362604048,-0.077569613907
mmr,59,Eswatini,Eswatini,African Region,2020,102.3,104.252900972,-0,286.119136603,ensemble_top4,0,0,102.3,-1.95290097227,0.981267658223,-0.0189100144063
mmr,59,Eswatini,Eswatini,African Region,2021,219.3,83.6727498097,-0,256.305172819,ensemble_top4,135.62725019,0,219.3,135.62725019,2.62092497855,0.963527300714
mmr,59,Eswatini,Eswatini,African Region,2022,111.5,66.760124312,-0,239.029965475,ensemble_top4,44.739875688,0,111.5,44.739875688,1.67015866356,0.512918630035
mmr,59,Eswatini,Eswatini,African Region,2023,117.9,52.9887406988,-0,219.195159491,ensemble_top4,64.9112593012,0,117.9,64.9112593012,2.22500098031,0.799757356206
mmr,60,Ethiopia,Ethiopia,African Region,2020,243.9,249.857799241,141.045044527,316.15483114,ensemble_top4,0,0,102.854955473,-5.95779924067,0.976155240065,-0.0241336477732
mmr,60,Ethiopia,Ethiopia,African Region,2021,249.6,227.433860081,120.069165941,294.437931996,ensemble_top4,22.1661399188,0,129.530834059,22.1661399188,1.09746191667,0.0930001652907
mmr,60,Ethiopia,Ethiopia,African Region,2022,207.5,207.040840778,101.352800053,272.547327672,ensemble_top4,0.459159221642,0,106.147199947,0.459159221642,1.00221772294,0.00221526741999
mmr,60,Ethiopia,Ethiopia,African Region,2023,194.9,188.994274172,85.2444852543,256.002967929,ensemble_top4,5.90572582751,0,109.655514746,5.90572582751,1.03124817328,0.0307698872964
mmr,61,Fiji,Fiji,Western Pacific Region,2020,33.51,32.241974418,27.4658324603,35.4445225066,ensemble_top4,1.26802558196,0,6.04416753972,1.26802558196,1.03932840978,0.0385747447317
mmr,61,Fiji,Fiji,Western Pacific Region,2021,67.88,31.255578711,26.0313731394,34.8240625734,ensemble_top4,36.624421289,33.0559374266,41.8486268606,36.624421289,2.17177229792,0.775543561363
mmr,61,Fiji,Fiji,Western Pacific Region,2022,31.69,30.2101992248,24.5205570756,34.0212977447,ensemble_top4,1.47980077518,0,7.16944292441,1.47980077518,1.04898348284,0.0478215836614
mmr,61,Fiji,Fiji,Western Pacific Region,2023,30.24,29.0883456649,23.0132618023,33.404762932,ensemble_top4,1.15165433513,0,7.22673819771,1.15165433513,1.03959160649,0.0388279499687
mmr,62,Finland,Finland,European Region,2020,8.55,8.22228767294,7.16907828695,10.7960849446,ensemble_top4,0.327712327064,0,1.38092171305,0.327712327064,1.03985658738,0.0390828068904
mmr,62,Finland,Finland,European Region,2021,8.46,8.31740539345,7.18637819961,12.555808599,ensemble_top4,0.142594606546,0,1.27362180039,0.142594606546,1.01714412125,0.0169988191692
mmr,62,Finland,Finland,European Region,2022,8.35,8.37322831509,7.19069465763,15.2487735565,ensemble_top4,0,0,1.15930534237,-0.0232283150877,0.997225882991,-0.00277797200254
mmr,62,Finland,Finland,European Region,2023,7.88,8.41426325657,7.22637026687,19.3963255559,ensemble_top4,0,0,0.653629733133,-0.534263256569,0.93650504622,-0.0656003687303
mmr,63,France,France,European Region,2020,8.89,8.3998024038,7.91876055528,8.90994716298,ensemble_top4,0.490197596198,0,0.971239444723,0.490197596198,1.05835822947,0.0567188673102
mmr,63,France,France,European Region,2021,8.79,8.31106875231,7.80158315798,8.83306641331,ensemble_top4,0.47893124769,0,0.988416842023,0.47893124769,1.0576257112,0.0560265007131
mmr,63,France,France,European Region,2022,8.7,8.20842163169,7.71175791767,8.73785312696,ensemble_top4,0.49157836831,0,0.98824208233,0.49157836831,1.05988707578,0.0581623701682
mmr,63,France,France,European Region,2023,7.3,8.11242923045,7.61135692003,8.63964753349,ensemble_top4,0,0,0,-0.812429230452,0.899853766687,-0.105523010319
mmr,64,Gabon,Gabon,African Region,2020,193.8,161.495005743,125.764282412,196.699772318,ensemble_top4,32.3049942574,0,68.0357175884,32.3049942574,1.20003711018,0.182352481467
mmr,64,Gabon,Gabon,African Region,2021,249.5,159.375115133,125.117271453,192.488390584,ensemble_top4,90.1248848671,57.0116094155,124.382728547,90.1248848671,1.56548906517,0.448198276877
mmr,64,Gabon,Gabon,African Region,2022,215.8,158.203916962,123.058854217,193.79716418,ensemble_top4,57.5960830377,22.0028358204,92.7411457827,57.5960830377,1.36406230733,0.310467238238
mmr,64,Gabon,Gabon,African Region,2023,232.7,157.480862687,121.289517414,191.711544261,ensemble_top4,75.2191373134,40.988455739,111.410482586,75.2191373134,1.47763986068,0.390446126177
mmr,65,Gambia,Gambia,African Region,2020,400.1,405.00916237,351.555591694,480.483122617,ensemble_top4,0,0,48.5444083064,-4.90916237024,0.987878885649,-0.0121951741238
mmr,65,Gambia,Gambia,African Region,2021,420.1,382.485464693,328.939345573,462.253582738,ensemble_top4,37.614535307,0,91.1606544266,37.614535307,1.09834239149,0.0938021264333
mmr,65,Gambia,Gambia,African Region,2022,365,360.421425478,305.264870454,451.368711018,ensemble_top4,4.57857452172,0,59.7351295459,4.57857452172,1.01270339164,0.0126233804525
mmr,65,Gambia,Gambia,African Region,2023,354.4,340.63257413,283.22167512,435.993078139,ensemble_top4,13.7674258704,0,71.1783248797,13.7674258704,1.04041723228,0.0396218175839
mmr,66,Georgia,Georgia,European Region,2020,29.72,20.8175701444,11.1532915788,30.7836871682,ensemble_top4,8.90242985556,0,18.5667084212,8.90242985556,1.42764019978,0.356022871234
mmr,66,Georgia,Georgia,European Region,2021,59.88,19.3783000302,9.64642286064,30.0032902928,ensemble_top4,40.5016999698,29.8767097072,50.2335771394,40.5016999698,3.09005433432,1.12818867468
mmr,66,Georgia,Georgia,European Region,2022,21.93,18.0616092147,8.38859713103,29.0176987427,ensemble_top4,3.86839078528,0,13.541402869,3.86839078528,1.21417752645,0.194066914605
mmr,66,Georgia,Georgia,European Region,2023,19.69,17.0451995776,7.16926255167,27.8528644395,ensemble_top4,2.64480042243,0,12.5207374483,2.64480042243,1.15516394574,0.144242278267
mmr,67,Germany,Germany,European Region,2020,4.23,3.95068080238,3.68088908293,4.22952290309,ensemble_top4,0.279319197624,0.00047709691147,0.549110917068,0.279319197624,1.07070153515,0.0683140739647
mmr,67,Germany,Germany,European Region,2021,4.46,3.83045431083,3.56120306771,4.11795240987,ensemble_top4,0.629545689174,0.342047590126,0.89879693229,0.629545689174,1.16435274724,0.15216535086
mmr,67,Germany,Germany,European Region,2022,4.03,3.72265580873,3.46179597279,4.02129547235,ensemble_top4,0.307344191268,0.00870452765023,0.568204027206,0.307344191268,1.0825604641,0.0793290353197
mmr,67,Germany,Germany,European Region,2023,3.62,3.61808195455,3.33912850689,3.92126309239,ensemble_top4,0.0019180454543,0,0.280871493112,0.0019180454543,1.0005301277,0.000529987229004
mmr,68,Ghana,Ghana,African Region,2020,252.8,261.346476666,230.739865618,286.616793177,ensemble_top4,0,0,22.0601343817,-8.54647666598,0.96729829009,-0.0332483615096
mmr,68,Ghana,Ghana,African Region,2021,263.9,253.074201555,215.530183909,279.483380367,ensemble_top4,10.8257984451,0,48.3698160915,10.8257984451,1.0427771712,0.0418875110038
mmr,68,Ghana,Ghana,African Region,2022,239.1,245.376350986,200.381828835,272.106205517,ensemble_top4,0,0,38.7181711646,-6.27635098606,0.974421532634,-0.0259112839188
mmr,68,Ghana,Ghana,African Region,2023,234.3,238.335757116,186.203310659,264.480435678,ensemble_top4,0,0,48.0966893406,-4.0357571156,0.983066925566,-0.0170780781762
mmr,69,Greece,Greece,European Region,2020,7.2,5.00907743315,4.45610026282,5.83554471596,ranked_top1_fallback,2.19092256685,1.36445528404,2.74389973718,2.19092256685,1.43739043688,0.362829272963
mmr,69,Greece,Greece,European Region,2021,8.66,4.71809373293,4.06579991277,5.81919835446,ranked_top1_fallback,3.94190626707,2.84080164554,4.59420008723,3.94190626707,1.83548706113,0.607309874697
mmr,69,Greece,Greece,European Region,2022,9.89,4.36264377943,3.64204056617,5.7846034467,ranked_top1_fallback,5.52735622057,4.1053965533,6.24795943383,5.52735622057,2.26697399559,0.818445900613
mmr,69,Greece,Greece,European Region,2023,4.79,3.97467286463,3.19793171812,5.68149278092,ranked_top1_fallback,0.81532713537,0,1.59206828188,0.81532713537,1.20513062663,0.18658796491
mmr,70,Grenada,Grenada,Region of the Americas,2020,50.56,47.2224446738,40.5226258531,53.5689010237,ensemble_top4,3.33755532617,0,10.0373741469,3.33755532617,1.07067730926,0.0682914475216
mmr,70,Grenada,Grenada,Region of the Americas,2021,52.01,47.6167678926,40.5816162358,54.2637415938,ensemble_top4,4.39323210745,0,11.4283837642,4.39323210745,1.09226229124,0.0882510419287
mmr,70,Grenada,Grenada,Region of the Americas,2022,49.94,47.8516867096,40.4627434262,54.964117611,ensemble_top4,2.08831329044,0,9.47725657383,2.08831329044,1.04364137263,0.0427159176354
mmr,70,Grenada,Grenada,Region of the Americas,2023,48.25,48.0405359844,40.5067879141,55.6629302225,ensemble_top4,0.20946401559,0,7.74321208588,0.20946401559,1.00436015151,0.00435067359111
mmr,71,Guatemala,Guatemala,Region of the Americas,2020,102.5,103.152403214,91.6445607372,112.261330848,ensemble_top4,0,0,10.8554392628,-0.652403213826,0.993675346444,-0.00634473891099
mmr,71,Guatemala,Guatemala,Region of the Americas,2021,125.3,102.349250022,89.3512396235,112.649481346,ensemble_top4,22.9507499779,12.650518654,35.9487603765,22.9507499779,1.22423955205,0.202319877402
mmr,71,Guatemala,Guatemala,Region of the Americas,2022,96.57,102.016751354,86.7034196396,113.292362339,ensemble_top4,0,0,9.86658036042,-5.44675135397,0.94660924523,-0.0548688947819
mmr,71,Guatemala,Guatemala,Region of the Americas,2023,93.72,101.536619847,84.1667178641,114.393808285,ensemble_top4,0,0,9.55328213589,-7.81661984733,0.923016741555,-0.0801079064475
mmr,72,Guinea,Guinea,African Region,2020,528.2,536.708822114,510.069223445,559.898925368,ensemble_top4,0,0,18.1307765549,-8.50882211381,0.984146297278,-0.0159807168851
mmr,72,Guinea,Guinea,African Region,2021,533.3,518.920644805,491.256188516,542.749723504,ensemble_top4,14.3793551948,0,42.0438114837,14.3793551948,1.02771012358,0.0273331463138
mmr,72,Guinea,Guinea,African Region,2022,500.4,501.458882967,472.44573443,525.471453956,ensemble_top4,0,0,27.9542655701,-1.05888296676,0.997888395235,-0.00211383734586
mmr,72,Guinea,Guinea,African Region,2023,494.1,484.997954715,454.279561107,508.878455083,ensemble_top4,9.1020452847,0,39.8204388931,9.1020452847,1.01876718282,0.018593252005
mmr,73,Guinea-Bissau,Guinea-Bissau,African Region,2020,602.8,577.035071308,508.887342171,637.355046124,ensemble_top4,25.7649286916,0,93.9126578286,25.7649286916,1.04465054201,0.0436824199278
mmr,73,Guinea-Bissau,Guinea-Bissau,African Region,2021,617.2,565.760924685,488.409248606,630.702374181,ensemble_top4,51.4390753151,0,128.790751394,51.4390753151,1.09092016269,0.0870215260692
mmr,73,Guinea-Bissau,Guinea-Bissau,African Region,2022,539.2,555.147923694,467.308573198,629.745787794,ensemble_top4,0,0,71.8914268017,-15.9479236941,0.971272659028,-0.0291480478142
mmr,73,Guinea-Bissau,Guinea-Bissau,African Region,2023,505.4,544.248130351,443.31664069,626.152976917,ensemble_top4,0,0,62.08335931,-38.8481303507,0.928620553413,-0.074055069878
mmr,74,Guyana,Guyana,Region of the Americas,2020,108.6,98.9709435318,92.476794261,106.607818418,ensemble_top4,9.62905646816,1.99218158219,16.123205739,9.62905646816,1.09729175175,0.092845100123
mmr,74,Guyana,Guyana,Region of the Americas,2021,189,95.6088442428,88.6922845182,104.124736565,ensemble_top4,93.3911557572,84.8752634351,100.307715482,93.3911557572,1.97680456758,0.681481686281
mmr,74,Guyana,Guyana,Region of the Americas,2022,82.96,92.0810197078,84.6440627286,102.374532018,ensemble_top4,0,0,0,-9.12101970785,0.900945713495,-0.104310274582
mmr,74,Guyana,Guyana,Region of the Americas,2023,74.73,88.758135926,81.0294185361,100.750284986,ensemble_top4,0,0,0,-14.028135926,0.841950985342,-0.172033478618
mmr,75,Haiti,Haiti,Region of the Americas,2020,346.3,344.457710183,306.130912877,386.815738621,ensemble_top4,1.84228981695,0,40.1690871232,1.84228981695,1.00534837736,0.00533412557833
mmr,75,Haiti,Haiti,Region of the Americas,2021,384.7,339.209496507,299.148532563,383.474499759,ensemble_top4,45.4905034931,1.22550024121,85.5514674368,45.4905034931,1.13410739959,0.125845909455
mmr,75,Haiti,Haiti,Region of the Americas,2022,330.8,333.406235484,293.685288183,380.722886591,ensemble_top4,0,0,37.114711817,-2.60623548448,0.992183003174,-0.00784770970515
mmr,75,Haiti,Haiti,Region of the Americas,2023,327.6,329.339553499,289.195236774,376.324391701,ensemble_top4,0,0,38.404763226,-1.73955349913,0.994718054723,-0.00529594406561
mmr,76,Honduras,Honduras,Region of the Americas,2020,57.16,48.2081778328,44.6297224935,52.0147609099,ensemble_top4,8.95182216721,5.14523909012,12.5302775065,8.95182216721,1.18569094643,0.170325681816
mmr,76,Honduras,Honduras,Region of the Americas,2021,88.25,46.535353374,42.9899450682,50.4962788066,ensemble_top4,41.714646626,37.7537211934,45.2600549318,41.714646626,1.89640764712,0.63996138448
mmr,76,Honduras,Honduras,Region of the Americas,2022,48.09,44.868694257,41.3264633529,48.7247548776,ensemble_top4,3.221305743,0,6.76353664707,3.221305743,1.07179406034,0.0693339363046
mmr,76,Honduras,Honduras,Region of the Americas,2023,46.75,43.2398194442,39.5917859207,47.2215880573,ensemble_top4,3.51018055583,0,7.15821407927,3.51018055583,1.08117935276,0.0780524386391
mmr,77,Hungary,Hungary,European Region,2020,18.5,13.4588911358,12.7656376842,14.1743380576,ensemble_top4,5.04110886418,4.32566194244,5.73436231578,5.04110886418,1.37455603239,0.318130793444
mmr,77,Hungary,Hungary,European Region,2021,29.67,13.4740943543,12.7580196943,14.2233271865,ensemble_top4,16.1959056457,15.4466728135,16.9119803057,16.1959056457,2.20200328273,0.789367529092
mmr,77,Hungary,Hungary,European Region,2022,13.52,13.4860326718,12.7803347645,14.2435436989,ensemble_top4,0.033967328187,0,0.739665235461,0.033967328187,1.00251870428,0.00251553765869
mmr,77,Hungary,Hungary,European Region,2023,11.65,13.4946243673,12.7789114138,14.2783454988,ensemble_top4,0,0,0,-1.84462436728,0.863306727399,-0.146985231116
mmr,78,Iceland,Iceland,European Region,2020,11.75,3.38796090309,2.23086418393,4.58698514521,ensemble_top4,8.36203909691,7.16301485479,9.51913581607,8.36203909691,3.46816280828,1.24362500369
mmr,78,Iceland,Iceland,European Region,2021,5.34,3.33677480753,2.07977616804,4.66069232806,ensemble_top4,2.00322519247,0.679307671944,3.26022383196,2.00322519247,1.60034773337,0.470220938989
mmr,78,Iceland,Iceland,European Region,2022,5.13,3.25225279164,1.91856940574,4.8292524698,ensemble_top4,1.87774720836,0.300747530196,3.21143059426,1.87774720836,1.57736815944,0.455757736311
mmr,78,Iceland,Iceland,European Region,2023,3.02,3.14879164773,1.74792964859,5.10054252309,ensemble_top4,0,0,1.27207035141,-0.128791647732,0.959098072486,-0.0417619439612
mmr,79,India,India,Southeast Asia Region,2020,100.5,96.774171856,90.4614987184,104.461723564,ensemble_top4,3.72582814403,0,10.0385012816,3.72582814403,1.03850023278,0.037777588489
mmr,79,India,India,Southeast Asia Region,2021,154.8,91.8701202414,84.4750666659,101.306734429,ensemble_top4,62.9298797586,53.4932655707,70.3249333341,62.9298797586,1.68498745395,0.521758118052
mmr,79,India,India,Southeast Asia Region,2022,89.65,87.4694791568,78.5993659523,98.7025890654,ensemble_top4,2.18052084323,0,11.0506340477,2.18052084323,1.02492893366,0.0246232771727
mmr,79,India,India,Southeast Asia Region,2023,80.48,83.7226299508,73.201096633,96.6889459344,ensemble_top4,0,0,7.27890336697,-3.24262995085,0.961269373015,-0.0395006043838
mmr,80,Indonesia,Indonesia,Southeast Asia Region,2020,184.4,152.255647831,140.581672398,163.301256607,ensemble_top4,32.1443521695,21.0987433934,43.818327602,32.1443521695,1.21112091819,0.191546309454
mmr,80,Indonesia,Indonesia,Southeast Asia Region,2021,226.5,144.720415807,131.987769764,157.3016536,ensemble_top4,81.779584193,69.1983463996,94.5122302364,81.779584193,1.56508671383,0.447941230658
mmr,80,Indonesia,Indonesia,Southeast Asia Region,2022,148.2,137.62122307,124.306303121,150.858372694,ensemble_top4,10.5787769299,0,23.8936968792,10.5787769299,1.07686879025,0.0740575618283
mmr,80,Indonesia,Indonesia,Southeast Asia Region,2023,140.5,130.691083926,115.750355848,144.375886738,ensemble_top4,9.80891607383,0,24.7496441516,9.80891607383,1.07505421012,0.072371088327
mmr,81,Iran,Iran (Islamic Republic of),Eastern Mediterranean,2020,34.34,17.5370293355,16.1289119492,18.4405084758,ensemble_top4,16.8029706645,15.8994915242,18.2110880508,16.8029706645,1.95814235941,0.671996248006
mmr,81,Iran,Iran (Islamic Republic of),Eastern Mediterranean,2021,50.8,16.7108708076,15.2595035158,17.7089025928,ensemble_top4,34.0891291924,33.0910974072,35.5404964842,34.0891291924,3.03993733092,1.11183690038
mmr,81,Iran,Iran (Islamic Republic of),Eastern Mediterranean,2022,21.22,15.9233522847,14.4267886536,16.9788951054,ensemble_top4,5.29664771534,4.2411048946,6.79321134645,5.29664771534,1.33263395927,0.287157404292
mmr,81,Iran,Iran (Islamic Republic of),Eastern Mediterranean,2023,15.84,15.1633819133,13.6187340514,16.3185547284,ensemble_top4,0.676618086688,0,2.22126594858,0.676618086688,1.04462184561,0.043654949698
mmr,82,Iraq,Iraq,Eastern Mediterranean,2020,63.02,72.39333628,66.4705787168,78.3292706014,ensemble_top4,0,0,0,-9.37333628002,0.870522112094,-0.138662118495
mmr,82,Iraq,Iraq,Eastern Mediterranean,2021,76.62,69.6450571533,63.5537686725,76.0160986789,ensemble_top4,6.97494284668,0.603901321135,13.0662313275,6.97494284668,1.10014986177,0.095446408495
mmr,82,Iraq,Iraq,Eastern Mediterranean,2022,58.92,66.9743342412,60.7221975619,73.5757047614,ensemble_top4,0,0,0,-8.05433424117,0.879739987976,-0.128128883379
mmr,82,Iraq,Iraq,Eastern Mediterranean,2023,65.99,64.3247761659,57.7928870582,70.8695520822,ensemble_top4,1.6652238341,0,8.19711294177,1.6652238341,1.02588775171,0.0255583369708
mmr,83,Ireland,Ireland,European Region,2020,5.59,4.14232485618,3.21159557809,5.07661195588,ensemble_top4,1.44767514382,0.51338804412,2.37840442191,1.44767514382,1.34948373053,0.299722097481
mmr,83,Ireland,Ireland,European Region,2021,5.75,4.00420155186,3.07337781894,4.99407470682,ensemble_top4,1.74579844814,0.755925293183,2.67662218106,1.74579844814,1.43599165165,0.361855656995
mmr,83,Ireland,Ireland,European Region,2022,6.8,3.88059698689,2.9399494539,4.88016676026,ensemble_top4,2.91940301311,1.91983323974,3.8600505461,2.91940301311,1.75230770497,0.560933607783
mmr,83,Ireland,Ireland,European Region,2023,3.79,3.748714413,2.80309045547,4.80835186599,ensemble_top4,0.0412855869976,0,0.986909544526,0.0412855869976,1.01101326547,0.0109530610887
mmr,84,Israel,Israel,European Region,2020,3.19,2.5458986208,1.62139785321,3.18974578256,ensemble_top4,0.644101379195,0.00025421744352,1.56860214679,0.644101379195,1.25299569037,0.225537236463
mmr,84,Israel,Israel,European Region,2021,3.32,2.41675778155,1.4532940512,3.18886235637,ensemble_top4,0.90324221845,0.131137643626,1.8667059488,0.90324221845,1.37374130968,0.31753790073
mmr,84,Israel,Israel,European Region,2022,3.15,2.28046653703,1.24853752409,3.20043794208,ensemble_top4,0.869533462967,0,1.90146247591,0.869533462967,1.38129630444,0.323022409298
mmr,84,Israel,Israel,European Region,2023,2.49,2.14482581723,1.09680871684,3.17970977295,ensemble_top4,0.345174182767,0,1.39319128316,0.345174182767,1.16093343338,0.149224365481
mmr,85,Italy,Italy,European Region,2020,7.64,6.85835898455,5.89261077364,8.47437121587,ensemble_top4,0.781641015449,0,1.74738922636,0.781641015449,1.11396910211,0.107929405137
mmr,85,Italy,Italy,European Region,2021,7.36,6.45171700632,5.31155444091,8.51669133905,ensemble_top4,0.908282993677,0,2.04844555909,0.908282993677,1.14078159237,0.131713634828
mmr,85,Italy,Italy,European Region,2022,9.79,5.99711889107,4.77047427851,8.52226495111,ensemble_top4,3.79288110893,1.26773504889,5.01952572149,3.79288110893,1.63245054464,0.490082287462
mmr,85,Italy,Italy,European Region,2023,6.48,5.55667388963,4.16186431438,8.56569048496,ensemble_top4,0.923326110368,0,2.31813568562,0.923326110368,1.16616525078,0.153720802397
mmr,86,Jamaica,Jamaica,Region of the Americas,2020,126.2,125.207527985,112.85640054,141.328859444,ensemble_top4,0.992472015191,0,13.3435994604,0.992472015191,1.00792661616,0.00789536557452
mmr,86,Jamaica,Jamaica,Region of the Americas,2021,186.3,134.878824559,116.956565158,159.657474304,ensemble_top4,51.4211754407,26.6425256964,69.3434348417,51.4211754407,1.38123979512,0.322981498107
mmr,86,Jamaica,Jamaica,Region of the Americas,2022,137.6,146.497040434,121.371013535,185.205116205,ensemble_top4,0,0,16.2289864649,-8.89704043386,0.93926812168,-0.0626543009372
mmr,86,Jamaica,Jamaica,Region of the Americas,2023,130.1,160.430800757,125.359845969,221.645590538,ensemble_top4,0,0,4.74015403127,-30.3308007569,0.810941536078,-0.209559316148
mmr,87,Japan,Japan,Western Pacific Region,2020,4.29,4.44417758268,4.15140244051,4.65920756985,ensemble_top4,0,0,0.138597559488,-0.154177582684,0.965307960851,-0.0353080981391
mmr,87,Japan,Japan,Western Pacific Region,2021,4.11,4.33036312124,4.00638000116,4.59865622108,ensemble_top4,0,0,0.103619998838,-0.220363121235,0.949112091742,-0.0522283717072
mmr,87,Japan,Japan,Western Pacific Region,2022,5.34,4.23047641483,3.87270035306,4.54326166382,ensemble_top4,1.10952358517,0.796738336181,1.46729964694,1.10952358517,1.26226918115,0.232911038637
mmr,87,Japan,Japan,Western Pacific Region,2023,3.08,4.12210540867,3.72588325169,4.53491754547,ensemble_top4,0,0,0,-1.04210540867,0.747190984859,-0.291434457372
mmr,88,Jordan,Jordan,Eastern Mediterranean,2020,40.85,33.1580586024,27.8688142729,37.5096331752,ensemble_top4,7.69194139763,3.34036682484,12.9811857271,7.69194139763,1.23197803858,0.208621039123
mmr,88,Jordan,Jordan,Eastern Mediterranean,2021,78.51,31.7104384263,25.9937775303,36.7133029886,ensemble_top4,46.7995615737,41.7966970114,52.5162224697,46.7995615737,2.47584088698,0.906580090633
mmr,88,Jordan,Jordan,Eastern Mediterranean,2022,35.1,30.3490521911,24.262399303,35.620476336,ensemble_top4,4.75094780891,0,10.837600697,4.75094780891,1.15654353154,0.145435842743
mmr,88,Jordan,Jordan,Eastern Mediterranean,2023,30.78,29.1930456629,22.4647396727,34.7982886309,ensemble_top4,1.58695433708,0,8.31526032734,1.58695433708,1.05436069793,0.0529346097304
mmr,89,Kazakhstan,Kazakhstan,European Region,2020,17.91,10.0847884438,6.32946971971,14.0134012941,ensemble_top4,7.82521155616,3.8965987059,11.5805302803,7.82521155616,1.77594206361,0.574331022196
mmr,89,Kazakhstan,Kazakhstan,European Region,2021,22.68,9.8127284081,5.56677660821,15.2049935286,ensemble_top4,12.8672715919,7.4750064714,17.1132233918,12.8672715919,2.31128377927,0.837803118763
mmr,89,Kazakhstan,Kazakhstan,European Region,2022,14.05,9.59183503148,4.80035312627,17.4206647466,ensemble_top4,4.45816496852,0,9.24964687373,4.45816496852,1.46478749414,0.381710176756
mmr,89,Kazakhstan,Kazakhstan,European Region,2023,9.58,9.34554995387,4.1338434864,21.2056823246,ensemble_top4,0.234450046126,0,5.4461565136,0.234450046126,1.02508681108,0.0247773027401
mmr,90,Kenya,Kenya,African Region,2020,421.2,426.936952735,370.849387266,451.224995972,ensemble_top4,0,0,50.3506127338,-5.73695273522,0.986562529436,-0.0135285703933
mmr,90,Kenya,Kenya,African Region,2021,420.9,425.569141857,352.57957712,449.135573788,ensemble_top4,0,0,68.3204228796,-4.66914185731,0.989028476461,-0.0110321545878
mmr,90,Kenya,Kenya,African Region,2022,388.4,424.423807696,335.562629474,449.107568615,ensemble_top4,0,0,52.837370526,-36.0238076958,0.915123027873,-0.0886967660532
mmr,90,Kenya,Kenya,African Region,2023,378.8,423.801966459,318.006127399,447.682989397,ensemble_top4,0,0,60.7938726011,-45.001966459,0.893813691251,-0.112257924575
mmr,91,Kiribati,Kiribati,Western Pacific Region,2020,88.97,84.9587597209,80.1868248864,89.5626654559,ensemble_top4,4.01124027912,0,8.7831751136,4.01124027912,1.04721396937,0.0461332752586
mmr,91,Kiribati,Kiribati,Western Pacific Region,2021,121.7,83.6277886284,78.5191388706,88.5293839813,ensemble_top4,38.0722113716,33.1706160187,43.1808611294,38.0722113716,1.45525789927,0.375183135275
mmr,91,Kiribati,Kiribati,Western Pacific Region,2022,86.02,82.2383604023,76.4259179313,87.2679195127,ensemble_top4,3.78163959771,0,9.59408206875,3.78163959771,1.04598388853,0.0449579625901
mmr,91,Kiribati,Kiribati,Western Pacific Region,2023,79.76,80.8810217878,74.4556054591,86.1062607307,ensemble_top4,0,0,5.30439454092,-1.12102178782,0.986139866151,-0.0139570823594
mmr,92,Kuwait,Kuwait,Eastern Mediterranean,2020,32.92,7.4165252462,7.23567063232,7.59616100518,ranked_top1_fallback,25.5034747538,25.3238389948,25.6843293677,25.5034747538,4.4387363229,1.49036972397
mmr,92,Kuwait,Kuwait,Eastern Mediterranean,2021,74.76,7.36025213409,7.17612572837,7.54503931524,ranked_top1_fallback,67.3997478659,67.2149606848,67.5838742716,67.3997478659,10.1572607348,2.31818879308
mmr,92,Kuwait,Kuwait,Eastern Mediterranean,2022,7.73,7.30516271906,7.11542332732,7.50038209537,ranked_top1_fallback,0.424837280939,0.229617904626,0.614576672675,0.424837280939,1.05815575878,0.0565275426193
mmr,92,Kuwait,Kuwait,Eastern Mediterranean,2023,7.75,7.26050865052,7.06398598908,7.46079170539,ranked_top1_fallback,0.489491349484,0.289208294612,0.686014010925,0.489491349484,1.06741832743,0.0652429549282
mmr,93,Kyrgyzstan,Kyrgyzstan,European Region,2020,55.14,45.2446182088,40.6565911478,50.0215841764,ensemble_top4,9.89538179121,5.11841582356,14.4834088522,9.89538179121,1.21870848253,0.197791677135
mmr,93,Kyrgyzstan,Kyrgyzstan,European Region,2021,70.22,43.1574193004,38.4867160835,48.0468661368,ensemble_top4,27.0625806996,22.1731338632,31.7332839165,27.0625806996,1.6270667046,0.486778825919
mmr,93,Kyrgyzstan,Kyrgyzstan,European Region,2022,43.72,41.0231447144,36.0162736618,46.1541499952,ensemble_top4,2.69685528563,0,7.70372633816,2.69685528563,1.0657398477,0.0636692506487
mmr,93,Kyrgyzstan,Kyrgyzstan,European Region,2023,41.9,38.9487142766,33.9815669612,44.3381722499,ensemble_top4,2.9512857234,0,7.91843303878,2.9512857234,1.07577363665,0.0730400647427
mmr,94,Laos,Lao People's Democratic Republic,Western Pacific Region,2020,132,116.380826931,98.3754928991,140.144389683,ensemble_top4,15.6191730688,0,33.6245071009,15.6191730688,1.1342074419,0.125934117942
mmr,94,Laos,Lao People's Democratic Republic,Western Pacific Region,2021,138.9,106.081490154,88.2156402075,133.352020944,ensemble_top4,32.8185098458,5.54797905567,50.6843597925,32.8185098458,1.30937074694,0.269546675964
mmr,94,Laos,Lao People's Democratic Republic,Western Pacific Region,2022,119.9,96.9539547663,77.9904830672,127.156035789,ensemble_top4,22.9460452337,0,41.9095169328,22.9460452337,1.23666951275,0.212421889363
mmr,94,Laos,Lao People's Democratic Republic,Western Pacific Region,2023,112.2,88.4799725526,69.0394034734,122.536702221,ensemble_top4,23.7200274474,0,43.1605965266,23.7200274474,1.26808357601,0.237506765525
mmr,95,Latvia,Latvia,European Region,2020,21.1,22.6872008426,17.5459831623,26.9700158595,ensemble_top4,0,0,3.55401683773,-1.58720084265,0.930039811713,-0.072527885457
mmr,95,Latvia,Latvia,European Region,2021,41.68,22.8480372206,17.0729524063,28.6744394532,ensemble_top4,18.8319627794,13.0055605468,24.6070475937,18.8319627794,1.82422672011,0.601156182235
mmr,95,Latvia,Latvia,European Region,2022,29.29,22.9928618289,16.7095904757,31.0807005619,ensemble_top4,6.29713817106,0,12.5804095243,6.29713817106,1.27387361425,0.242062348344
mmr,95,Latvia,Latvia,European Region,2023,18.72,23.1618276375,16.1718189852,34.2253489958,ensemble_top4,0,0,2.54818101484,-4.4418276375,0.808226375439,-0.212913092078
mmr,96,Lebanon,Lebanon,Eastern Mediterranean,2020,26.99,14.8845041476,13.3221681138,18.8311002659,ensemble_top4,12.1054958524,8.1588997341,13.6678318862,12.1054958524,1.81329520503,0.595145745341
mmr,96,Lebanon,Lebanon,Eastern Mediterranean,2021,53.6,14.9582348124,12.926333236,19.953677046,ensemble_top4,38.6417651876,33.646322954,40.673666764,38.6417651876,3.58331050903,1.27628709631
mmr,96,Lebanon,Lebanon,Eastern Mediterranean,2022,15.11,15.0378448538,12.423635725,21.2632674783,ensemble_top4,0.0721551462356,0,2.68636427502,0.0721551462356,1.00479823718,0.00478676232814
mmr,96,Lebanon,Lebanon,Eastern Mediterranean,2023,14.98,15.1319498245,11.8173289083,22.7751766755,ensemble_top4,0,0,3.16267109168,-0.151949824467,0.989958344679,-0.0100924128202
mmr,97,Lesotho,Lesotho,African Region,2020,528.7,416.752653704,258.742654624,561.84305901,ensemble_top4,111.947346296,0,269.957345376,111.947346296,1.26861819667,0.237928274016
mmr,97,Lesotho,Lesotho,African Region,2021,576.9,405.629999095,227.545975229,563.305756765,ensemble_top4,171.270000905,13.5942432348,349.354024771,171.270000905,1.4222320866,0.352227529456
mmr,97,Lesotho,Lesotho,African Region,2022,476.9,401.695272059,205.24580976,555.078659805,ensemble_top4,75.2047279412,0,271.65419024,75.2047279412,1.18721835474,0.171613053839
mmr,97,Lesotho,Lesotho,African Region,2023,478,399.631264271,176.837930519,554.499191831,ensemble_top4,78.368735729,0,301.162069481,78.368735729,1.19610261442,0.179068449861
mmr,98,Liberia,Liberia,African Region,2020,664.1,700.197388731,611.619471214,792.350654665,ensemble_top4,0,0,52.4805287857,-36.0973887312,0.948446838974,-0.0529295386484
mmr,98,Liberia,Liberia,African Region,2021,667.4,698.691513106,608.837523004,800.438995895,ensemble_top4,0,0,58.5624769956,-31.2915131056,0.955214121657,-0.0458197524743
mmr,98,Liberia,Liberia,African Region,2022,633.7,698.388344143,610.141372231,795.581886468,ensemble_top4,0,0,23.558627769,-64.6883441435,0.907374822782,-0.0971996586859
mmr,98,Liberia,Liberia,African Region,2023,627.7,698.039524931,606.982469293,796.326168658,ensemble_top4,0,0,20.7175307068,-70.3395249306,0.899232747691,-0.106213381811
mmr,99,Libya,Libya,Eastern Mediterranean,2020,70.84,66.7154651323,55.2223465548,74.1219498818,ensemble_top4,4.12453486769,0,15.6176534452,4.12453486769,1.06182277017,0.0599870258146
mmr,99,Libya,Libya,Eastern Mediterranean,2021,98.3,66.316211837,50.3436818704,73.9495198596,ensemble_top4,31.983788163,24.3504801404,47.9563181296,31.983788163,1.48229214663,0.393589637424
mmr,99,Libya,Libya,Eastern Mediterranean,2022,60.23,66.2861109871,45.2697297195,73.7344176124,ensemble_top4,0,0,14.9602702805,-6.05611098712,0.908636803443,-0.095809820817
mmr,99,Libya,Libya,Eastern Mediterranean,2023,59.5,66.0759767604,40.4222259575,73.6160407676,ensemble_top4,0,0,19.0777740425,-6.57597676041,0.900478553889,-0.104828930431
mmr,100,Lithuania,Lithuania,European Region,2020,8.11,8.61388387857,6.66888033237,10.9388504224,ensemble_top4,0,0,1.44111966763,-0.503883878566,0.941503288683,-0.0602774378665
mmr,100,Lithuania,Lithuania,European Region,2021,9.31,8.42304203252,6.40622246462,11.1549731755,ensemble_top4,0.886957967482,0,2.90377753538,0.886957967482,1.1053013821,0.100118041761
mmr,100,Lithuania,Lithuania,European Region,2022,9.41,8.26167109898,6.17614827283,11.81342109,ensemble_top4,1.14832890102,0,3.23385172717,1.14832890102,1.13899474904,0.130146074302
mmr,100,Lithuania,Lithuania,European Region,2023,7.67,8.12546176007,5.95229989651,12.9699234557,ensemble_top4,0,0,1.71770010349,-0.455461760072,0.943946353633,-0.0576859432306
mmr,101,Luxembourg,Luxembourg,European Region,2020,6.02,10.8945546412,4.53557482167,15.2134290351,ensemble_top4,0,0,1.48442517833,-4.87455464121,0.552569627512,-0.593175830884
mmr,101,Luxembourg,Luxembourg,European Region,2021,6.04,10.3216119762,3.8690041402,14.9163545404,ensemble_top4,0,0,2.1709958598,-4.28161197625,0.585179913167,-0.535835935158
mmr,101,Luxembourg,Luxembourg,European Region,2022,6.11,9.73786691533,3.10259859742,14.6149950239,ensemble_top4,0,0,3.00740140258,-3.62786691533,0.627447474188,-0.466095317954
mmr,101,Luxembourg,Luxembourg,European Region,2023,11.69,9.21730573203,2.41483153383,14.4170505078,ensemble_top4,2.47269426797,0,9.27516846617,2.47269426797,1.2682664913,0.237651000574
mmr,102,Madagascar,Madagascar,African Region,2020,447.4,464.965520567,458.234902476,474.934905949,ensemble_top4,0,0,0,-17.5655205667,0.962221885732,-0.0385102044632
mmr,102,Madagascar,Madagascar,African Region,2021,466.7,463.99278623,457.460856102,476.107261736,ensemble_top4,2.70721377021,0,9.23914389801,2.70721377021,1.00583460315,0.00581764776893
mmr,102,Madagascar,Madagascar,African Region,2022,438.7,463.243747566,456.699331157,477.872798513,ensemble_top4,0,0,0,-24.5437475655,0.947017638782,-0.0544375600118
mmr,102,Madagascar,Madagascar,African Region,2023,445.4,462.603534875,455.628817051,480.856466879,ensemble_top4,0,0,0,-17.203534875,0.962811492827,-0.0378976362657
mmr,103,Malawi,Malawi,African Region,2020,256.4,216.110845063,96.8247937674,412.184370947,ensemble_top4,40.2891549371,0,159.575206233,40.2891549371,1.1864281958,0.170947277402
mmr,103,Malawi,Malawi,African Region,2021,285.7,197.657019726,72.1368461224,400.007924669,ensemble_top4,88.0429802737,0,213.563153878,88.0429802737,1.44543310627,0.368409004181
mmr,103,Malawi,Malawi,African Region,2022,239,181.979495134,49.9232757709,386.786877779,ensemble_top4,57.0205048663,0,189.076724229,57.0205048663,1.31333477887,0.272569535302
mmr,103,Malawi,Malawi,African Region,2023,225,167.16193712,30.5876077615,379.281157511,ensemble_top4,57.8380628805,0,194.412392238,57.8380628805,1.34600019524,0.297137376276
mmr,104,Malaysia,Malaysia,Western Pacific Region,2020,28.68,28.4299249607,25.8833779736,30.0242309479,ensemble_top4,0.250075039279,0,2.79662202637,0.250075039279,1.00879619062,0.00875772951199
mmr,104,Malaysia,Malaysia,Western Pacific Region,2021,52.15,28.2503612205,25.1465355422,30.0128398908,ensemble_top4,23.8996387795,22.1371601092,27.0034644578,23.8996387795,1.84599409519,0.613017937371
mmr,104,Malaysia,Malaysia,Western Pacific Region,2022,37.59,28.0817833801,23.975370565,30.0453880145,ensemble_top4,9.50821661991,7.54461198554,13.614629435,9.50821661991,1.33859019889,0.291616969748
mmr,104,Malaysia,Malaysia,Western Pacific Region,2023,26.38,27.8881766424,22.5465077398,30.0011754438,ensemble_top4,0,0,3.8334922602,-1.5081766424,0.945920571942,-0.0555966754616
mmr,105,Maldives,Maldives,Southeast Asia Region,2020,47.58,36.1612773662,29.9368428199,41.2826200529,ensemble_top4,11.4187226338,6.29737994711,17.6431571801,11.4187226338,1.31577210391,0.274423644583
mmr,105,Maldives,Maldives,Southeast Asia Region,2021,60.06,35.0694577318,28.2650900137,40.7426213242,ensemble_top4,24.9905422682,19.3173786758,31.7949099863,24.9905422682,1.71260133132,0.538013460975
mmr,105,Maldives,Maldives,Southeast Asia Region,2022,34.33,34.0352419936,26.7128497785,39.9985738339,ensemble_top4,0.294758006357,0,7.6171502215,0.294758006357,1.00866037639,0.00862309045415
mmr,105,Maldives,Maldives,Southeast Asia Region,2023,31.82,32.9166658307,25.2370981423,39.5776662484,ensemble_top4,0,0,6.58290185773,-1.09666583071,0.966683568854,-0.0338840668072
mmr,106,Mali,Mali,African Region,2020,404.7,427.71480365,390.209487022,468.590623099,ensemble_top4,0,0,14.4905129782,-23.0148036499,0.94619123899,-0.0553105749801
mmr,106,Mali,Mali,African Region,2021,414.6,418.050423698,378.182297959,461.703165144,ensemble_top4,0,0,36.417702041,-3.45042369769,0.991746393492,-0.00828785610349
mmr,106,Mali,Mali,African Region,2022,381,407.769060322,367.726660873,452.770449333,ensemble_top4,0,0,13.2733391274,-26.769060322,0.934352399614,-0.0679016104001
mmr,106,Mali,Mali,African Region,2023,367.3,398.807956524,358.199564887,444.895140989,ensemble_top4,0,0,9.10043511295,-31.507956524,0.920994664202,-0.0823010362265
mmr,107,Malta,Malta,European Region,2020,9.97,7.85125121717,5.49768635091,10.6490394053,ensemble_top4,2.11874878283,0,4.47231364909,2.11874878283,1.26986129016,0.238907674159
mmr,107,Malta,Malta,European Region,2021,9.89,7.695054816,5.31475824623,10.8031624622,ensemble_top4,2.194945184,0,4.57524175377,2.194945184,1.28524100692,0.250946254783
mmr,107,Malta,Malta,European Region,2022,9.82,7.44418668349,5.05221059499,10.9858962229,ensemble_top4,2.37581331651,0,4.76778940501,2.37581331651,1.31915015267,0.276987705516
mmr,107,Malta,Malta,European Region,2023,8.39,7.24509581375,4.83299959406,11.3709930816,ensemble_top4,1.14490418625,0,3.55700040594,1.14490418625,1.15802471295,0.146715719984
mmr,108,Marshall Islands,Marshall Islands,Western Pacific Region,2020,177.6,161.528278254,150.798483939,172.167641978,ensemble_top4,16.0717217457,5.43235802156,26.8015160613,16.0717217457,1.09949788309,0.0948536056736
mmr,108,Marshall Islands,Marshall Islands,Western Pacific Region,2021,205.6,156.378991592,144.914679019,167.78136144,ensemble_top4,49.2210084078,37.8186385601,60.6853209812,49.2210084078,1.31475460934,0.27365003935
mmr,108,Marshall Islands,Marshall Islands,Western Pacific Region,2022,173.5,150.990433146,139.383619981,163.063213336,ensemble_top4,22.5095668541,10.436786664,34.1163800187,22.5095668541,1.14907942434,0.138961121229
mmr,108,Marshall Islands,Marshall Islands,Western Pacific Region,2023,154.8,145.724742838,133.658234341,159.305969132,ensemble_top4,9.07525716219,0,21.1417656587,9.07525716219,1.06227670734,0.0604144419344
mmr,109,Mauritania,Mauritania,African Region,2020,412.9,424.622095914,398.623826102,452.926117851,ensemble_top4,0,0,14.2761738985,-11.7220959144,0.972394051023,-0.027994154388
mmr,109,Mauritania,Mauritania,African Region,2021,425.3,417.851006473,389.760935691,448.241602453,ensemble_top4,7.44899352724,0,35.5390643092,7.44899352724,1.01782691297,0.0176698771211
mmr,109,Mauritania,Mauritania,African Region,2022,385.1,410.427567936,380.892162685,443.770643027,ensemble_top4,0,0,4.20783731514,-25.3275679361,0.938289798457,-0.0636964241131
mmr,109,Mauritania,Mauritania,African Region,2023,381.1,403.728856369,371.937477087,440.734725631,ensemble_top4,0,0,9.1625229134,-22.6288563689,0.943950361705,-0.0576816971592
mmr,110,Mauritius,Mauritius,African Region,2020,58.11,69.1556945367,66.7207411239,71.7057916529,ensemble_top4,0,0,0,-11.0456945367,0.840277874285,-0.174022639128
mmr,110,Mauritius,Mauritius,African Region,2021,79.99,70.7520070542,68.1917525953,73.356384932,ensemble_top4,9.23799294578,6.633615068,11.7982474047,9.23799294578,1.13056863445,0.122720722482
mmr,110,Mauritius,Mauritius,African Region,2022,60.57,72.2689983848,69.6505682849,75.1551690453,ensemble_top4,0,0,0,-11.6989983848,0.838118714161,-0.176595524856
mmr,110,Mauritius,Mauritius,African Region,2023,65.9,73.7305144994,70.9399192456,76.9182019077,ensemble_top4,0,0,0,-7.83051449936,0.893795471895,-0.112278308624
mmr,111,Mexico,Mexico,Region of the Americas,2020,61.48,42.2664185036,39.5185687187,46.7306942358,ensemble_top4,19.2135814964,14.7493057642,21.9614312813,19.2135814964,1.45458267288,0.374719036718
mmr,111,Mexico,Mexico,Region of the Americas,2021,103.9,41.6506940735,38.8313494731,48.6489776978,ensemble_top4,62.2493059265,55.2510223022,65.0686505269,62.2493059265,2.49455626878,0.914110865201
mmr,111,Mexico,Mexico,Region of the Americas,2022,45.45,41.0366736806,38.1934574157,51.6762222402,ensemble_top4,4.41332631938,0,7.25654258433,4.41332631938,1.10754590769,0.102146673713
mmr,111,Mexico,Mexico,Region of the Americas,2023,42.11,40.3635025993,37.393161736,55.8608616433,ensemble_top4,1.74649740074,0,4.71683826401,1.74649740074,1.04326922314,0.0423592665277
mmr,112,Micronesia,Micronesia (Federated States of),Western Pacific Region,2020,150.3,159.291940521,145.370500032,174.115672212,ensemble_top4,0,0,4.92949996758,-8.9919405213,0.943550561994,-0.0581053257906
mmr,112,Micronesia,Micronesia (Federated States of),Western Pacific Region,2021,155.4,156.396588359,140.163679597,172.042359743,ensemble_top4,0,0,15.2363204026,-0.996588358938,0.993627812669,-0.00639257637797
mmr,112,Micronesia,Micronesia (Federated States of),Western Pacific Region,2022,143.8,153.780455707,134.083289858,170.322949342,ensemble_top4,0,0,9.71671014154,-9.98045570689,0.935099322856,-0.0671025276817
mmr,112,Micronesia,Micronesia (Federated States of),Western Pacific Region,2023,128.8,151.428035711,127.693013251,169.074995446,ensemble_top4,0,0,1.10698674886,-22.6280357115,0.85056904684,-0.16184968662
mmr,113,Monaco,Monaco,European Region,2020,23.64,5.45761180162,0.163653936993,10.6429013562,ensemble_top4,18.1823881984,12.9970986438,23.476346063,18.1823881984,4.33156495172,1.46592889744
mmr,113,Monaco,Monaco,European Region,2021,5.47,5.38255857886,-0,10.6892434236,ensemble_top4,0.087441421143,0,5.47,0.087441421143,1.01624532643,0.0161147830306
mmr,113,Monaco,Monaco,European Region,2022,5.31,5.21317943025,-0,10.700658804,ensemble_top4,0.0968205697478,0,5.31,0.0968205697478,1.01857226881,0.0184019102919
mmr,113,Monaco,Monaco,European Region,2023,5.22,5.14133789123,-0,10.5302210381,ensemble_top4,0.0786621087688,0,5.22,0.0786621087688,1.01529992979,0.0151840661743
mmr,114,Mongolia,Mongolia,Western Pacific Region,2020,46.82,38.9413140122,31.9109825486,44.9330958627,ensemble_top4,7.87868598778,1.88690413728,14.9090174514,7.87868598778,1.20232203734,0.184254718152
mmr,114,Mongolia,Mongolia,Western Pacific Region,2021,63.33,36.9582167313,29.3117493763,43.6135551324,ensemble_top4,26.3717832687,19.7164448676,34.0182506237,26.3717832687,1.71355670271,0.538571153532
mmr,114,Mongolia,Mongolia,Western Pacific Region,2022,41.22,35.0985037968,26.9518591063,42.2112401465,ensemble_top4,6.12149620322,0,14.2681408937,6.12149620322,1.17440903574,0.160765072772
mmr,114,Mongolia,Mongolia,Western Pacific Region,2023,40.51,33.2273544483,24.7296162477,41.2483887728,ensemble_top4,7.28264555172,0,15.7803837523,7.28264555172,1.21917620806,0.19817539137
mmr,115,Montenegro,Montenegro,European Region,2020,14.74,6.6617053331,5.79450596307,7.64350273729,ensemble_top4,8.0782946669,7.09649726271,8.94549403693,8.0782946669,2.21264665171,0.794189378964
mmr,115,Montenegro,Montenegro,European Region,2021,14.64,6.64120442223,5.68843248232,7.80322886298,ensemble_top4,7.99879557777,6.83677113702,8.95156751768,7.99879557777,2.20441941992,0.790464172604
mmr,115,Montenegro,Montenegro,European Region,2022,13.05,6.62727660365,5.49798197833,7.95322980904,ensemble_top4,6.42272339635,5.09677019096,7.55201802167,6.42272339635,1.9691346507,0.677594182639
mmr,115,Montenegro,Montenegro,European Region,2023,5.83,6.61161230548,5.31443492265,8.20176353517,ensemble_top4,0,0,0.515565077346,-0.781612305483,0.881781890805,-0.125810542893
mmr,116,Morocco,Morocco,Eastern Mediterranean,2020,81.34,74.8243148262,69.11013676,79.0549211532,ensemble_top4,6.51568517379,2.28507884675,12.22986324,6.51568517379,1.08707978401,0.0834950037991
mmr,116,Morocco,Morocco,Eastern Mediterranean,2021,92.06,71.0753599029,64.6495597472,75.2762861715,ensemble_top4,20.9846400971,16.7837138285,27.4104402528,20.9846400971,1.29524493616,0.258699817159
mmr,116,Morocco,Morocco,Eastern Mediterranean,2022,71.23,67.7207876376,60.2189133425,71.7335618404,ensemble_top4,3.50921236243,0,11.0110866575,3.50921236243,1.05181883562,0.050520889996
mmr,116,Morocco,Morocco,Eastern Mediterranean,2023,69.77,64.6605661965,56.1492269787,68.5031398063,ensemble_top4,5.10943380354,1.26686019371,13.6207730213,5.10943380354,1.0790193174,0.076052589174
mmr,117,Mozambique,Mozambique,African Region,2020,110.2,126.644155501,63.716050232,192.659897525,ensemble_top4,0,0,46.483949768,-16.4441555007,0.870154643649,-0.139084331808
mmr,117,Mozambique,Mozambique,African Region,2021,160.6,120.318787662,55.1420571887,188.132233942,ensemble_top4,40.2812123382,0,105.457942811,40.2812123382,1.33478738542,0.288772017311
mmr,117,Mozambique,Mozambique,African Region,2022,92.76,113.772857711,49.1790415412,182.209724253,ensemble_top4,0,0,43.5809584588,-21.0128577111,0.815308693709,-0.204188472167
mmr,117,Mozambique,Mozambique,African Region,2023,82.22,107.36136661,44.1443285831,175.838393826,ensemble_top4,0,0,38.0756714169,-25.1413666101,0.765824826901,-0.266801820902
mmr,118,Myanmar,Myanmar,Southeast Asia Region,2020,198.2,190.100872715,181.685331593,196.88237158,ensemble_top4,8.09912728455,1.31762842008,16.5146684066,8.09912728455,1.04260436667,0.0417217815891
mmr,118,Myanmar,Myanmar,Southeast Asia Region,2021,231.3,184.72205335,175.478166264,191.650056478,ensemble_top4,46.5779466499,39.6499435217,55.8218337363,46.5779466499,1.25215152065,0.224863288239
mmr,118,Myanmar,Myanmar,Southeast Asia Region,2022,192.9,179.596749703,169.273091256,186.96133564,ensemble_top4,13.3032502972,5.93866435953,23.6269087442,13.3032502972,1.07407289007,0.0714578616305
mmr,118,Myanmar,Myanmar,Southeast Asia Region,2023,184.6,174.825665466,163.301693567,182.57814958,ensemble_top4,9.77433453382,2.02185042003,21.2983064329,9.77433453382,1.05590903663,0.0544020420157
mmr,119,Namibia,Namibia,African Region,2020,143.4,164.409406906,60.9933182793,319.435040486,ensemble_top4,0,0,82.4066817207,-21.0094069064,0.872212866029,-0.136721772445
mmr,119,Namibia,Namibia,African Region,2021,254.2,147.407282913,43.7465796021,308.213934202,ensemble_top4,106.792717087,0,210.453420398,106.792717087,1.72447381823,0.544921971042
mmr,119,Namibia,Namibia,African Region,2022,126.9,130.497584349,23.692101442,295.900378036,ensemble_top4,0,0,103.207898558,-3.59758434923,0.97243179353,-0.0279553411372
mmr,119,Namibia,Namibia,African Region,2023,138.9,116.650687703,4.18354533585,288.668125645,ensemble_top4,22.2493122968,0,134.716454664,22.2493122968,1.1907345146,0.174570355869
mmr,120,Nauru,Nauru,Western Pacific Region,2020,309,281.063781434,250.179511993,322.664452721,ensemble_top4,27.9362185657,0,58.820488007,27.9362185657,1.09939458732,0.0947596531268
mmr,120,Nauru,Nauru,Western Pacific Region,2021,265.7,293.3444057,256.706597897,360.697972934,ensemble_top4,0,0,8.99340210313,-27.6444057001,0.905761265042,-0.0989795120307
mmr,120,Nauru,Nauru,Western Pacific Region,2022,317.3,306.593542946,263.693309685,412.962736285,ensemble_top4,10.7064570539,0,53.6066903146,10.7064570539,1.03492068669,0.034324792562
mmr,120,Nauru,Nauru,Western Pacific Region,2023,273.4,321.827839917,271.874573376,474.93361893,ensemble_top4,0,0,1.52542662417,-48.4278399165,0.849522527544,-0.163080819629
mmr,121,Nepal,Nepal,Southeast Asia Region,2020,152.5,173.390251667,148.046232976,197.424328783,ensemble_top4,0,0,4.45376702382,-20.8902516666,0.879518880296,-0.128380247956
mmr,121,Nepal,Nepal,Southeast Asia Region,2021,172.8,164.712766096,136.573666241,189.603668071,ensemble_top4,8.08723390427,0,36.2263337591,8.08723390427,1.04909901094,0.0479317109836
mmr,121,Nepal,Nepal,Southeast Asia Region,2022,138.7,156.91071864,125.789662186,181.728384905,ensemble_top4,0,0,12.910337814,-18.2107186398,0.883942162794,-0.123363645189
mmr,121,Nepal,Nepal,Southeast Asia Region,2023,142,149.420983361,115.827170656,173.950528212,ensemble_top4,0,0,26.1728293439,-7.42098336121,0.950335065435,-0.0509406561134
mmr,122,Netherlands,Netherlands (Kingdom of the),European Region,2020,3.82,4.30388363986,2.27132324664,5.20264575441,ensemble_top4,0,0,1.54867675336,-0.48388363986,0.887570464178,-0.119267364527
mmr,122,Netherlands,Netherlands (Kingdom of the),European Region,2021,4.93,4.06468665128,1.90400352638,5.14528886346,ensemble_top4,0.865313348716,0,3.02599647362,0.865313348716,1.21288562267,0.193002332581
mmr,122,Netherlands,Netherlands (Kingdom of the),European Region,2022,4.41,3.79890443698,1.59457025452,5.05154507349,ensemble_top4,0.611095563019,0,2.81542974548,0.611095563019,1.16086099905,0.149161970352
mmr,122,Netherlands,Netherlands (Kingdom of the),European Region,2023,4.3,3.49678296554,1.33254197492,4.96294347699,ensemble_top4,0.803217034458,0,2.96745802508,0.803217034458,1.22970171222,0.206771629586
mmr,123,New Zealand,New Zealand,Western Pacific Region,2020,7.59,7.0637575354,6.00087999064,13.2174301035,ensemble_top4,0.526242464596,0,1.58912000936,0.526242464596,1.07449894224,0.0718544526752
mmr,123,New Zealand,New Zealand,Western Pacific Region,2021,7.58,6.86788978096,5.77656333595,19.375595604,ensemble_top4,0.712110219036,0,1.80343666405,0.712110219036,1.10368690264,0.0986563049476
mmr,123,New Zealand,New Zealand,Western Pacific Region,2022,22.62,6.66939815021,5.50545075462,31.3863348887,ensemble_top4,15.9506018498,0,17.1145492454,15.9506018498,3.39161038081,1.22130484718
mmr,123,New Zealand,New Zealand,Western Pacific Region,2023,7.03,6.47322940986,5.31732673595,52.616546323,ensemble_top4,0.556770590142,0,1.71267326405,0.556770590142,1.08601125573,0.0825115858463
mmr,124,Nicaragua,Nicaragua,Region of the Americas,2020,86.79,62.9397498502,56.1441988804,72.8862090274,ensemble_top4,23.8502501498,13.9037909726,30.6458011196,23.8502501498,1.37893779696,0.321313490444
mmr,124,Nicaragua,Nicaragua,Region of the Americas,2021,123.6,59.8456939467,52.1946459002,72.1960286453,ensemble_top4,63.7543060533,51.4039713547,71.4053540998,63.7543060533,2.06531150111,0.725281063031
mmr,124,Nicaragua,Nicaragua,Region of the Americas,2022,61.13,56.7423696282,47.844785171,70.8614710773,ensemble_top4,4.38763037182,0,13.285214829,4.38763037182,1.0773254695,0.0744815526102
mmr,124,Nicaragua,Nicaragua,Region of the Americas,2023,60.35,54.1482073022,43.4807984489,70.9506541978,ensemble_top4,6.20179269776,0,16.8692015511,6.20179269776,1.11453366615,0.10843608079
mmr,125,Niger,Niger,African Region,2020,388,375.257807517,360.429448281,394.123496541,ensemble_top4,12.7421924833,0,27.5705517192,12.7421924833,1.03395583577,0.0333920631524
mmr,125,Niger,Niger,African Region,2021,396.3,356.915844402,341.35427143,376.951538088,ensemble_top4,39.3841555977,19.3484619123,54.94572857,39.3841555977,1.11034577538,0.104671476171
mmr,125,Niger,Niger,African Region,2022,360.9,339.082588955,323.149320856,359.807304932,ensemble_top4,21.8174110445,1.092695068,37.7506791436,21.8174110445,1.06434246922,0.0623572087027
mmr,125,Niger,Niger,African Region,2023,350.3,322.257182311,305.98879756,345.530909651,ensemble_top4,28.0428176891,4.76909034932,44.3112024397,28.0428176891,1.08701999281,0.0834400006235
mmr,126,Nigeria,Nigeria,African Region,2020,1065,1109.36819211,1055.12538003,1174.9453648,ensemble_top4,0,0,9.87461997166,-44.3681921149,0.960005891254,-0.0408158578162
mmr,126,Nigeria,Nigeria,African Region,2021,1046,1107.62476968,1051.46927793,1178.9881914,ensemble_top4,0,0,0,-61.6247696834,0.944363135089,-0.0572445098052
mmr,126,Nigeria,Nigeria,African Region,2022,1016,1105.54372591,1050.45585665,1177.26020184,ensemble_top4,0,0,0,-89.5437259131,0.91900480839,-0.0844639244416
mmr,126,Nigeria,Nigeria,African Region,2023,992.8,1104.06667317,1048.34161791,1178.26822276,ensemble_top4,0,0,0,-111.266673169,0.899221056234,-0.106226383486
mmr,127,North Macedonia,North Macedonia,European Region,2020,7.11,2.98097031119,2.24088429523,3.86349456252,ensemble_top4,4.12902968881,3.24650543748,4.86911570477,4.12902968881,2.38512942357,0.869253388514
mmr,127,North Macedonia,North Macedonia,European Region,2021,11.79,2.81943327276,2.06486825989,3.80909522807,ensemble_top4,8.97056672724,7.98090477193,9.72513174011,8.97056672724,4.18169144626,1.4307158169
mmr,127,North Macedonia,North Macedonia,European Region,2022,2.52,2.68436915782,1.90304043258,3.76643632909,ensemble_top4,0,0,0.61695956742,-0.164369157817,0.938768050088,-0.0631868482987
mmr,127,North Macedonia,North Macedonia,European Region,2023,2.76,2.53246285421,1.75752612263,3.8005415774,ensemble_top4,0.227537145787,0,1.00247387737,0.227537145787,1.08984816713,0.0860383903313
mmr,128,Norway,Norway,European Region,2020,2.16,1.3408998974,0.902246591363,1.7755275528,ensemble_top4,0.819100102601,0.384472447195,1.25775340864,0.819100102601,1.61085850196,0.476767267909
mmr,128,Norway,Norway,European Region,2021,1.66,1.20203778695,0.773343145837,1.65311425337,ensemble_top4,0.457962213046,0.00688574663266,0.886656854163,0.457962213046,1.38098820022,0.322799330015
mmr,128,Norway,Norway,European Region,2022,2.72,1.06702873763,0.626266944045,1.52776069783,ensemble_top4,1.65297126237,1.19223930217,2.09373305596,1.65297126237,2.54913471781,0.935753975239
mmr,128,Norway,Norway,European Region,2023,1.31,0.95412783505,0.530429103639,1.41947533648,ensemble_top4,0.35587216495,0,0.779570896361,0.35587216495,1.37298164028,0.31698475472
mmr,129,Oman,Oman,Eastern Mediterranean,2020,32.12,13.7443379188,12.7198743714,15.4961364454,ensemble_top4,18.3756620812,16.6238635546,19.4001256286,18.3756620812,2.3369623324,0.848851937498
mmr,129,Oman,Oman,Eastern Mediterranean,2021,73.96,13.5261635464,12.4316209207,16.3067393352,ensemble_top4,60.4338364536,57.6532606648,61.5283790793,60.4338364536,5.46792146543,1.69889855618
mmr,129,Oman,Oman,Eastern Mediterranean,2022,13.22,13.3106357493,12.0678361377,17.8077211918,ensemble_top4,0,0,1.15216386229,-0.0906357492874,0.99319072725,-0.00683256162771
mmr,129,Oman,Oman,Eastern Mediterranean,2023,12.55,13.0667483257,11.7861504808,20.1069891387,ensemble_top4,0,0,0.763849519189,-0.516748325694,0.960453181403,-0.0403500419463
mmr,130,Pakistan,Pakistan,Eastern Mediterranean,2020,177.9,164.251688928,142.143114793,183.275584842,ensemble_top4,13.6483110722,0,35.756885207,13.6483110722,1.08309388574,0.0798216546944
mmr,130,Pakistan,Pakistan,Eastern Mediterranean,2021,192.9,158.851518123,129.477620372,180.066112756,ensemble_top4,34.048481877,12.8338872439,63.422379628,34.048481877,1.21434155795,0.194202002282
mmr,130,Pakistan,Pakistan,Eastern Mediterranean,2022,160.1,153.7859727,116.235807842,176.147897563,ensemble_top4,6.31402729982,0,43.8641921578,6.31402729982,1.04105723811,0.0402367719008
mmr,130,Pakistan,Pakistan,Eastern Mediterranean,2023,155,149.106616875,103.522278419,172.98798596,ensemble_top4,5.89338312543,0,51.4777215809,5.89338312543,1.03952462506,0.0387635173635
mmr,131,Palau,Palau,Western Pacific Region,2020,117,85.1786445797,74.2025603134,111.566069725,ensemble_top4,31.8213554203,5.43393027474,42.7974396866,31.8213554203,1.37358372603,0.317423182853
mmr,131,Palau,Palau,Western Pacific Region,2021,109.1,87.3598868053,74.7966071009,148.924695021,ensemble_top4,21.7401131947,0,34.3033928991,21.7401131947,1.24885692953,0.22222867657
mmr,131,Palau,Palau,Western Pacific Region,2022,120.7,90.0984822424,74.6544649885,227.466807878,ensemble_top4,30.6015177576,0,46.0455350115,30.6015177576,1.33964520818,0.292404808887
mmr,131,Palau,Palau,Western Pacific Region,2023,89.42,93.7239731898,74.0653768738,370.670346054,ensemble_top4,0,0,15.3546231262,-4.30397318978,0.954078203865,-0.0470096361923
mmr,132,Panama,Panama,Region of the Americas,2020,74.18,41.7746921413,38.7552470115,44.8447534203,ensemble_top4,32.4053078587,29.3352465797,35.4247529885,32.4053078587,1.7757162578,0.574203867056
mmr,132,Panama,Panama,Region of the Americas,2021,59.23,40.6699501887,37.5239503274,43.7532032771,ensemble_top4,18.5600498113,15.4767967229,21.7060496726,18.5600498113,1.45635782009,0.375938675138
mmr,132,Panama,Panama,Region of the Americas,2022,40.2,39.5318382357,36.1574490367,42.6544014581,ensemble_top4,0.668161764289,0,4.04255096327,0.668161764289,1.01690186427,0.0167606171028
mmr,132,Panama,Panama,Region of the Americas,2023,37.01,38.5088286406,34.9015597204,41.7813958469,ensemble_top4,0,0,2.10844027963,-1.49882864062,0.961078311298,-0.0396993839477
mmr,133,Papua New Guinea,Papua New Guinea,Western Pacific Region,2020,194.1,181.140875573,165.537484408,206.563826865,ensemble_top4,12.9591244272,0,28.5625155915,12.9591244272,1.07154169033,0.0690984435599
mmr,133,Papua New Guinea,Papua New Guinea,Western Pacific Region,2021,222.9,172.786937367,156.645601462,204.872419643,ensemble_top4,50.113062633,18.0275803572,66.2543985377,50.113062633,1.29002807386,0.25466398082
mmr,133,Papua New Guinea,Papua New Guinea,Western Pacific Region,2022,188.8,164.440508883,147.375969017,206.774050315,ensemble_top4,24.3594911175,0,41.4240309833,24.3594911175,1.14813558583,0.138139397047
mmr,133,Papua New Guinea,Papua New Guinea,Western Pacific Region,2023,188.6,156.405814441,139.264304891,209.743106638,ensemble_top4,32.194185559,0,49.3356951086,32.194185559,1.20583752384,0.187174366046
mmr,134,Paraguay,Paraguay,Region of the Americas,2020,68.65,44.1990015882,24.4732444325,164.520574375,ensemble_top4,24.4509984118,0,44.1767555675,24.4509984118,1.55320250533,0.440318931889
mmr,134,Paraguay,Paraguay,Region of the Americas,2021,139.9,39.9276626359,20.0433864347,235.854416286,ensemble_top4,99.9723373641,0,119.856613565,99.9723373641,3.50383645734,1.25385849885
mmr,134,Paraguay,Paraguay,Region of the Americas,2022,77.71,36.2885152938,16.0681402527,341.241280346,ensemble_top4,41.4214847062,0,61.6418597473,41.4214847062,2.14144886807,0.761482641101
mmr,134,Paraguay,Paraguay,Region of the Americas,2023,58.27,32.7882107167,12.4541171335,517.776415467,ensemble_top4,25.4817892833,0,45.8158828665,25.4817892833,1.77716315487,0.575018359743
mmr,135,Peru,Peru,Region of the Americas,2020,75.04,58.9599650049,55.550351633,62.5670289243,ensemble_top4,16.0800349951,12.4729710757,19.489648367,16.0800349951,1.27272802814,0.241162650357
mmr,135,Peru,Peru,Region of the Americas,2021,141.5,56.7450002176,53.0731999468,60.6324971758,ensemble_top4,84.7549997824,80.8675028242,88.4268000532,84.7549997824,2.4936117624,0.913732166496
mmr,135,Peru,Peru,Region of the Americas,2022,80.57,54.6067996064,51.0140654069,58.8758980652,ensemble_top4,25.9632003936,21.6941019348,29.5559345931,25.9632003936,1.47545727969,0.388967961876
mmr,135,Peru,Peru,Region of the Americas,2023,51.45,52.5538932471,48.8026435788,57.1304644016,ensemble_top4,0,0,2.64735642117,-1.10389324707,0.978995024367,-0.0212287188271
mmr,136,Philippines,Philippines,Western Pacific Region,2020,88.46,87.9205340119,78.8222343286,96.5410000514,ensemble_top4,0.539465988086,0,9.63776567139,0.539465988086,1.00613583612,0.00611708852439
mmr,136,Philippines,Philippines,Western Pacific Region,2021,152.7,85.6541567654,76.2502650352,94.5189513764,ensemble_top4,67.0458432346,58.1810486236,76.4497349648,67.0458432346,1.7827506074,0.578157456637
mmr,136,Philippines,Philippines,Western Pacific Region,2022,92.3,83.3317681588,74.0212742317,92.327939325,ensemble_top4,8.96823184118,0,18.2787257683,8.96823184118,1.10762080344,0.102214294585
mmr,136,Philippines,Philippines,Western Pacific Region,2023,83.75,81.0211544441,71.4214720483,90.4382798565,ensemble_top4,2.72884555593,0,12.3285279517,2.72884555593,1.03368065507,0.0331258841545
mmr,137,Poland,Poland,European Region,2020,2.95,1.83473952113,1.58430829834,2.2634485486,ensemble_top4,1.11526047887,0.686551451403,1.36569170166,1.11526047887,1.60785766373,0.47490264926
mmr,137,Poland,Poland,European Region,2021,2.45,1.87778383936,1.58133283748,2.42222366641,ensemble_top4,0.572216160638,0.0277763335927,0.868667162521,0.572216160638,1.30472951606,0.265995751906
mmr,137,Poland,Poland,European Region,2022,1.67,1.93733087066,1.58441003673,2.66840952607,ensemble_top4,0,0,0.0855899632684,-0.267330870658,0.862010730998,-0.148487559443
mmr,137,Poland,Poland,European Region,2023,1.57,2.01804228854,1.59962325034,2.97823993015,ensemble_top4,0,0,0,-0.448042288539,0.777981714712,-0.25105225802
mmr,138,Portugal,Portugal,European Region,2020,13.63,16.2177135784,14.338053554,22.807138728,ensemble_top4,0,0,0,-2.58771357837,0.840439062765,-0.173830829933
mmr,138,Portugal,Portugal,European Region,2021,18.77,17.4644781988,15.2725819191,24.7284600765,ensemble_top4,1.30552180116,0,3.4974180809,1.30552180116,1.07475298067,0.072090849749
mmr,138,Portugal,Portugal,European Region,2022,16.19,18.8781136962,16.1514318975,26.9425726483,ensemble_top4,0,0,0.0385681024938,-2.68811369623,0.857606870078,-0.153609477879
mmr,138,Portugal,Portugal,European Region,2023,14.95,20.3423012104,16.9623865673,29.7367611705,ensemble_top4,0,0,0,-5.39230121037,0.73492176944,-0.30799122157
mmr,139,Puerto Rico,Puerto Rico,Region of the Americas,2020,10.5,13.7500135118,12.3147128908,15.2541991134,ensemble_top4,0,0,0,-3.25001351177,0.763635613231,-0.269664549623
mmr,139,Puerto Rico,Puerto Rico,Region of the Americas,2021,49.81,13.4319466536,11.966109962,15.001586873,ensemble_top4,36.3780533464,34.808413127,37.843890038,36.3780533464,3.7083232449,1.3105798189
mmr,139,Puerto Rico,Puerto Rico,Region of the Americas,2022,55.33,13.10211533,11.6433966776,14.725953791,ensemble_top4,42.22788467,40.604046209,43.6866033224,42.22788467,4.22298221367,1.44054156417
mmr,139,Puerto Rico,Puerto Rico,Region of the Americas,2023,11.03,12.8059034473,11.2934257137,14.5313581886,ensemble_top4,0,0,0,-1.77590344729,0.861321502649,-0.149287438157
mmr,140,Qatar,Qatar,Eastern Mediterranean,2020,6.3,4.16274753794,3.7874089607,4.53054935496,ranked_top1_fallback,2.13725246206,1.76945064504,2.5125910393,2.13725246206,1.51342351238,0.414374311286
mmr,140,Qatar,Qatar,Eastern Mediterranean,2021,7.09,3.90730226182,3.5380000332,4.27883473391,ranked_top1_fallback,3.18269773818,2.81116526609,3.5519999668,3.18269773818,1.81455119797,0.595838163292
mmr,140,Qatar,Qatar,Eastern Mediterranean,2022,8.02,3.65529484489,3.28678897143,4.03385872046,ranked_top1_fallback,4.36470515511,3.98614127954,4.73321102857,4.36470515511,2.19407745212,0.785761663015
mmr,140,Qatar,Qatar,Eastern Mediterranean,2023,3.92,3.42732475221,3.07325637166,3.80453968284,ranked_top1_fallback,0.492675247787,0.115460317162,0.84674362834,0.492675247787,1.14374921649,0.134311652571
mmr,141,Republic of Korea,Republic of Korea,Western Pacific Region,2020,11.57,4.61232164199,3.67281699143,5.05266414699,ensemble_top4,6.95767835801,6.51733585301,7.89718300857,6.95767835801,2.50849808363,0.919684200989
mmr,141,Republic of Korea,Republic of Korea,Western Pacific Region,2021,5.2,4.32934916918,3.35012015158,4.80444876986,ensemble_top4,0.870650830819,0.395551230142,1.84987984842,0.870650830819,1.20110432233,0.183241402219
mmr,141,Republic of Korea,Republic of Korea,Western Pacific Region,2022,6.6,4.05411130413,3.04771116943,4.54156331564,ensemble_top4,2.54588869587,2.05843668436,3.55228883057,2.54588869587,1.62797701022,0.487338145994
mmr,141,Republic of Korea,Republic of Korea,Western Pacific Region,2023,3.79,3.79870928883,2.75842773935,4.28565791484,ensemble_top4,0,0,1.03157226065,-0.00870928882889,0.997707303148,-0.0022953291057
mmr,142,Republic of Moldova,Republic of Moldova,European Region,2020,28.51,21.8701041365,19.4706568298,24.2664123647,ensemble_top4,6.63989586348,4.24358763529,9.03934317019,6.63989586348,1.30360604696,0.265134306632
mmr,142,Republic of Moldova,Republic of Moldova,European Region,2021,24.25,22.7474477004,19.843805656,25.6849352256,ensemble_top4,1.50255229959,0,4.40619434399,1.50255229959,1.06605366542,0.063963667273
mmr,142,Republic of Moldova,Republic of Moldova,European Region,2022,19.08,23.6146357479,19.9633660587,27.4526489175,ensemble_top4,0,0,0,-4.53463574785,0.807973504386,-0.2132260126
mmr,142,Republic of Moldova,Republic of Moldova,European Region,2023,18.68,24.6620711426,20.3232973062,29.5041024226,ensemble_top4,0,0,0,-5.98207114262,0.757438411883,-0.277813049349
mmr,143,Romania,Romania,European Region,2020,15.8,13.96322468,11.6117706448,16.4917593766,ensemble_top4,1.83677532,0,4.18822935518,1.83677532,1.13154377747,0.123582875105
mmr,143,Romania,Romania,European Region,2021,19.7,13.5288412579,10.9435146038,16.3314824757,ensemble_top4,6.17115874209,3.36851752432,8.7564853962,6.17115874209,1.45614835923,0.37579483966
mmr,143,Romania,Romania,European Region,2022,12.79,13.0466907457,10.3895061631,16.3816154379,ensemble_top4,0,0,2.40049383689,-0.256690745707,0.980325221873,-0.019870903316
mmr,143,Romania,Romania,European Region,2023,11.68,12.5783916858,9.81220908084,16.3751659648,ensemble_top4,0,0,1.86779091916,-0.89839168578,0.928576585288,-0.0741024187817
mmr,144,Russian Federation,Russian Federation,European Region,2020,18.79,10.8662256771,8.96980472265,12.7292456438,ensemble_top4,7.92377432289,6.06075435621,9.82019527735,7.92377432289,1.72921127891,0.547665396406
mmr,144,Russian Federation,Russian Federation,European Region,2021,20.57,10.3776327722,8.29812449609,12.4168372859,ensemble_top4,10.1923672278,8.15316271411,12.2718755039,10.1923672278,1.98214761031,0.684180908567
mmr,144,Russian Federation,Russian Federation,European Region,2022,13,9.89098358741,7.69277865818,12.0734945462,ensemble_top4,3.10901641259,0.926505453752,5.30722134182,3.10901641259,1.31432833602,0.273325764051
mmr,144,Russian Federation,Russian Federation,European Region,2023,9.4,9.47533985852,7.02443834977,11.8702324185,ensemble_top4,0,0,2.37556165023,-0.0753398585162,0.992048848945,-0.00798293002195
mmr,145,Rwanda,Rwanda,African Region,2020,252.1,234.441505386,150.276842309,295.563316283,ensemble_top4,17.6584946143,0,101.823157691,17.6584946143,1.07532153739,0.0726197214082
mmr,145,Rwanda,Rwanda,African Region,2021,254,223.55169716,138.926572953,282.829810892,ensemble_top4,30.4483028402,0,115.073427047,30.4483028402,1.13620251256,0.12769157251
mmr,145,Rwanda,Rwanda,African Region,2022,234,212.8802721,130.152602404,273.192745488,ensemble_top4,21.1197278998,0,103.847397596,21.1197278998,1.09920941801,0.0945912105034
mmr,145,Rwanda,Rwanda,African Region,2023,229.5,203.539810599,115.814891643,263.382600007,ensemble_top4,25.9601894014,0,113.685108357,25.9601894014,1.12754354701,0.120041414274
mmr,146,Saint Kitts and Nevis,Saint Kitts and Nevis,Region of the Americas,2020,79.64,70.1020221347,61.8735011866,76.0519559723,ensemble_top4,9.53797786529,3.58804402774,17.7664988134,9.53797786529,1.13605852691,0.127564839142
mmr,146,Saint Kitts and Nevis,Saint Kitts and Nevis,Region of the Americas,2021,110.8,68.3386278143,60.083261327,74.3681376322,ensemble_top4,42.4613721857,36.4318623678,50.716738673,42.4613721857,1.62133779304,0.483251606635
mmr,146,Saint Kitts and Nevis,Saint Kitts and Nevis,Region of the Americas,2022,99.28,66.5231215399,58.1711242359,72.5008783393,ensemble_top4,32.7568784601,26.7791216607,41.1088757641,32.7568784601,1.49241343012,0.400394561336
mmr,146,Saint Kitts and Nevis,Saint Kitts and Nevis,Region of the Americas,2023,73.52,64.7915430954,55.9270113818,70.7241966781,ensemble_top4,8.72845690464,2.79580332188,17.5929886182,8.72845690464,1.13471599051,0.126382390994
mmr,147,Saint Lucia,Saint Lucia,Region of the Americas,2020,43.04,36.5751999704,30.9902028596,42.1446058029,ensemble_top4,6.46480002955,0.895394197134,12.0497971404,6.46480002955,1.17675364823,0.162759501554
mmr,147,Saint Lucia,Saint Lucia,Region of the Americas,2021,94.05,34.2927770405,28.5392365165,40.166594429,ensemble_top4,59.7572229595,53.883405571,65.5107634835,59.7572229595,2.74256004082,1.00889180566
mmr,147,Saint Lucia,Saint Lucia,Region of the Americas,2022,47.52,31.964351348,25.7891127566,38.3289468985,ensemble_top4,15.555648652,9.19105310151,21.7308872434,15.555648652,1.48665616526,0.396529413613
mmr,147,Saint Lucia,Saint Lucia,Region of the Americas,2023,43.96,29.7349067223,23.2270645982,36.4665745852,ensemble_top4,14.2250932777,7.49342541477,20.7329354018,14.2250932777,1.47839710447,0.39095846335
mmr,148,Saint Vincent,Saint Vincent and the Grenadines,Region of the Americas,2020,57.29,57.565189207,49.9585394293,66.3070746265,ensemble_top4,0,0,7.33146057069,-0.275189206954,0.995219520499,-0.00479194253991
mmr,148,Saint Vincent,Saint Vincent and the Grenadines,Region of the Americas,2021,105.1,57.7635410156,49.8154417757,66.3463457108,ensemble_top4,47.3364589844,38.7536542892,55.2845582243,47.3364589844,1.81948679309,0.598554479506
mmr,148,Saint Vincent,Saint Vincent and the Grenadines,Region of the Americas,2022,56.04,57.6297598476,49.707498116,66.3479349328,ensemble_top4,0,0,6.33250188399,-1.5897598476,0.972414255208,-0.0279733768289
mmr,148,Saint Vincent,Saint Vincent and the Grenadines,Region of the Americas,2023,55.84,57.6473931081,49.7038938423,66.8066839937,ensemble_top4,0,0,6.1361061577,-1.80739310815,0.968647444217,-0.0318545679522
mmr,149,Samoa,Samoa,Western Pacific Region,2020,113.6,109.270549564,101.590783492,118.605568766,ensemble_top4,4.32945043578,0,12.0092165084,4.32945043578,1.03962138429,0.0388565933017
mmr,149,Samoa,Samoa,Western Pacific Region,2021,115.4,107.455687721,98.6028839628,120.411461003,ensemble_top4,7.94431227921,0,16.7971160372,7.94431227921,1.07393105426,0.0713257987355
mmr,149,Samoa,Samoa,Western Pacific Region,2022,110.1,105.541734892,94.1163083817,122.040717037,ensemble_top4,4.55826510832,0,15.9836916183,4.55826510832,1.04318921906,0.0422825776478
mmr,149,Samoa,Samoa,Western Pacific Region,2023,101.5,103.564417515,89.1860238101,123.772254074,ensemble_top4,0,0,12.3139761899,-2.06441751546,0.980066343586,-0.0201350120721
mmr,150,San Marino,San Marino,European Region,2020,45.86,7.23148422335,5.55611856823,8.956046116,ensemble_top4,38.6285157766,36.903953884,40.3038814318,38.6285157766,6.34171334453,1.84714897556
mmr,150,San Marino,San Marino,European Region,2021,34.65,7.1520148499,5.45037823792,8.93926065287,ensemble_top4,27.4979851501,25.7107393471,29.1996217621,27.4979851501,4.84478859835,1.57790361144
mmr,150,San Marino,San Marino,European Region,2022,22.24,7.02272407866,5.29502625267,8.91808152045,ensemble_top4,15.2172759213,13.3219184796,16.9449737473,15.2172759213,3.16686228177,1.15274128122
mmr,150,San Marino,San Marino,European Region,2023,7.66,6.90885093725,5.08238770624,8.89551601648,ensemble_top4,0.751149062753,0,2.57761229376,0.751149062753,1.10872271953,0.103208649635
mmr,151,Sao Tome and Principe,Sao Tome and Principe,African Region,2020,92.44,89.4889328729,83.3121370644,109.913118564,ensemble_top4,2.9510671271,0,9.12786293562,2.9510671271,1.03297689482,0.0324448228227
mmr,151,Sao Tome and Principe,Sao Tome and Principe,African Region,2021,97.68,83.8255887764,77.016756506,103.76118422,ensemble_top4,13.8544112236,0,20.663243494,13.8544112236,1.16527663481,0.152958513599
mmr,151,Sao Tome and Principe,Sao Tome and Principe,African Region,2022,82.47,78.3409635834,71.5921566126,98.7347432801,ensemble_top4,4.1290364166,0,10.8778433874,4.1290364166,1.05270596924,0.0513639626653
mmr,151,Sao Tome and Principe,Sao Tome and Principe,African Region,2023,75.36,73.4701069563,66.6237573951,94.0231574615,ensemble_top4,1.88989304367,0,8.73624260493,1.88989304367,1.0257232924,0.0253980148546
mmr,152,Saudi Arabia,Saudi Arabia,Eastern Mediterranean,2020,11.1,8.12192741917,7.2147820919,10.0829021108,ensemble_top4,2.97807258083,1.01709788923,3.8852179081,2.97807258083,1.36667067152,0.312377615419
mmr,152,Saudi Arabia,Saudi Arabia,Eastern Mediterranean,2021,12.33,8.38050717616,6.92726059537,11.0986177524,ensemble_top4,3.94949282384,1.23138224764,5.40273940463,3.94949282384,1.47127133726,0.386126882299
mmr,152,Saudi Arabia,Saudi Arabia,Eastern Mediterranean,2022,9.02,8.78697431622,6.65716323526,12.5847540837,ensemble_top4,0.233025683779,0,2.36283676474,0.233025683779,1.02651944519,0.0261739004943
mmr,152,Saudi Arabia,Saudi Arabia,Eastern Mediterranean,2023,7.36,9.27760870247,6.32587438613,15.0155585967,ensemble_top4,0,0,1.03412561387,-1.91760870247,0.793307870167,-0.231543897928
mmr,153,Senegal,Senegal,African Region,2020,252.2,291.575029056,266.055730604,315.527335073,ensemble_top4,0,0,0,-39.3750290564,0.864957471894,-0.145074938699
mmr,153,Senegal,Senegal,African Region,2021,262.8,280.38201065,254.287698853,304.42015377,ensemble_top4,0,0,8.51230114735,-17.5820106501,0.937292657937,-0.064759710465
mmr,153,Senegal,Senegal,African Region,2022,228.2,269.24871546,243.559717153,294.911020053,ensemble_top4,0,0,0,-41.0487154596,0.847543504936,-0.165413107788
mmr,153,Senegal,Senegal,African Region,2023,237.4,259.224053305,232.603342966,285.990879578,ensemble_top4,0,0,4.79665703372,-21.8240533048,0.915810076162,-0.0879462762409
mmr,154,Serbia,Serbia,European Region,2020,15.7,11.0306574306,7.51499895025,11.7355492265,ensemble_top4,4.66934256939,3.96445077354,8.18500104975,4.66934256939,1.42330591796,0.352982277002
mmr,154,Serbia,Serbia,European Region,2021,26.39,10.2012588541,6.75581164477,11.0578583885,ensemble_top4,16.1887411459,15.3321416115,19.6341883552,16.1887411459,2.58693562994,0.95047402077
mmr,154,Serbia,Serbia,European Region,2022,14.35,9.31421041765,6.05449936116,10.3311543376,ensemble_top4,5.03578958235,4.01884566239,8.29550063884,5.03578958235,1.54065662644,0.432208706356
mmr,154,Serbia,Serbia,European Region,2023,10.74,8.3715893882,5.44936366569,9.57313756172,ensemble_top4,2.3684106118,1.16686243828,5.29063633431,2.3684106118,1.28291050862,0.249131331544
mmr,155,Seychelles,Seychelles,African Region,2020,51.12,50.5445451689,46.299101306,118.546383068,ensemble_top4,0.575454831123,0,4.820898694,0.575454831123,1.01138510257,0.0113207800421
mmr,155,Seychelles,Seychelles,African Region,2021,73.95,52.6423980179,46.7400008934,114.391728904,ensemble_top4,21.3076019821,0,27.2099991066,21.3076019821,1.40476123399,0.339867348126
mmr,155,Seychelles,Seychelles,African Region,2022,88.59,55.292412459,46.9460068489,108.817745041,ensemble_top4,33.297587541,0,41.6439931511,33.297587541,1.6022089842,0.471383292199
mmr,155,Seychelles,Seychelles,African Region,2023,41.89,58.7651362711,47.1104446003,102.522097254,ensemble_top4,0,0,0,-16.8751362711,0.712837622068,-0.33850162354
mmr,156,Sierra Leone,Sierra Leone,African Region,2020,422.3,478.207897215,372.641281445,578.859074668,ensemble_top4,0,0,49.6587185548,-55.9078972153,0.883088720322,-0.124329607409
mmr,156,Sierra Leone,Sierra Leone,African Region,2021,403.2,445.311605376,337.878409089,549.097606394,ensemble_top4,0,0,65.3215909107,-42.111605376,0.905433397945,-0.0993415571576
mmr,156,Sierra Leone,Sierra Leone,African Region,2022,369.6,412.564392707,303.32777632,515.728456568,ensemble_top4,0,0,66.2722236804,-42.9643927068,0.895860153066,-0.109970957356
mmr,156,Sierra Leone,Sierra Leone,African Region,2023,353.6,383.253242834,270.710920223,484.088145562,ensemble_top4,0,0,82.8890797765,-29.6532428344,0.922627548784,-0.0805296483602
mmr,157,Singapore,Singapore,Western Pacific Region,2020,12.72,7.14605478863,6.66592825337,8.02729610507,ensemble_top4,5.57394521137,4.69270389493,6.05407174663,5.57394521137,1.78000314526,0.576615131305
mmr,157,Singapore,Singapore,Western Pacific Region,2021,20.2,6.93806908024,6.42702605332,8.10303012497,ensemble_top4,13.2619309198,12.096969875,13.7729739467,13.2619309198,2.9114728848,1.06865909911
mmr,157,Singapore,Singapore,Western Pacific Region,2022,33.67,6.74603409499,6.18240852217,8.29813309387,ensemble_top4,26.923965905,25.3718669061,27.4875914778,26.923965905,4.99108061506,1.60765244244
mmr,157,Singapore,Singapore,Western Pacific Region,2023,6.12,6.55365325747,5.96956054631,8.63867189914,ensemble_top4,0,0,0.150439453691,-0.433653257469,0.933830301905,-0.0684605468705
mmr,158,Slovakia,Slovakia,European Region,2020,4.08,4.79715990243,4.18624565378,5.4213693487,ensemble_top4,0,0,0,-0.717159902428,0.850503231701,-0.161927067388
mmr,158,Slovakia,Slovakia,European Region,2021,12.23,4.85079774081,4.18065791863,5.56301193303,ensemble_top4,7.37920225919,6.66698806697,8.04934208137,7.37920225919,2.52123478518,0.924748775634
mmr,158,Slovakia,Slovakia,European Region,2022,5.44,4.91824136231,4.15198524853,5.72060656487,ensemble_top4,0.521758637692,0,1.28801475147,0.521758637692,1.10608642384,0.100828040948
mmr,158,Slovakia,Slovakia,European Region,2023,4.47,4.98691541266,4.08225809941,5.90600965346,ensemble_top4,0,0,0.38774190059,-0.516915412659,0.896345662622,-0.109429156226
mmr,159,Slovenia,Slovenia,European Region,2020,11.79,3.70411174554,2.79182339075,4.69092713779,ensemble_top4,8.08588825446,7.09907286221,8.99817660925,8.08588825446,3.18294933035,1.15780822934
mmr,159,Slovenia,Slovenia,European Region,2021,8.07,3.35200088897,2.39434930342,4.41130339894,ensemble_top4,4.71799911103,3.65869660106,5.67565069658,4.71799911103,2.40751726127,0.878596034455
mmr,159,Slovenia,Slovenia,European Region,2022,15.13,3.00662076676,2.03856255211,4.20784692945,ensemble_top4,12.1233792332,10.9221530705,13.0914374479,12.1233792332,5.03222759827,1.61586274856
mmr,159,Slovenia,Slovenia,European Region,2023,3.33,2.65630642837,1.67543695401,4.04144332029,ensemble_top4,0.673693571632,0,1.65456304599,0.673693571632,1.25362042739,0.226035706907
mmr,160,Solomon Islands,Solomon Islands,Western Pacific Region,2020,131.2,136.175528761,129.927417707,142.799391196,ensemble_top4,0,0,1.27258229255,-4.97552876139,0.963462387063,-0.0372218297072
mmr,160,Solomon Islands,Solomon Islands,Western Pacific Region,2021,152.6,135.023122393,128.391258901,142.165007682,ensemble_top4,17.5768776068,10.4349923184,24.2087410988,17.5768776068,1.13017679709,0.122374078091
mmr,160,Solomon Islands,Solomon Islands,Western Pacific Region,2022,125.9,133.893638324,126.85242651,141.468768639,ensemble_top4,0,0,0,-7.99363832434,0.940298595031,-0.061557799871
mmr,160,Solomon Islands,Solomon Islands,Western Pacific Region,2023,122.6,132.928293045,125.338934647,141.090169188,ensemble_top4,0,0,0,-10.3282930449,0.922301770313,-0.0808828092877
mmr,161,Somalia,Somalia,Eastern Mediterranean,2020,654.9,645.014567122,578.988352811,705.109334236,ensemble_top4,9.88543287783,0,75.9116471892,9.88543287783,1.01532590639,0.0152096509977
mmr,161,Somalia,Somalia,Eastern Mediterranean,2021,725.9,618.152870419,553.99422054,680.177772008,ensemble_top4,107.747129581,45.7222279915,171.90577946,107.747129581,1.17430498949,0.160676474284
mmr,161,Somalia,Somalia,Eastern Mediterranean,2022,622,590.510999271,524.093165433,653.604366583,ensemble_top4,31.4890007289,0,97.9068345666,31.4890007289,1.05332500287,0.0519518302286
mmr,161,Somalia,Somalia,Eastern Mediterranean,2023,562.6,564.848778674,496.334074273,627.364244671,ensemble_top4,0,0,66.2659257273,-2.24877867366,0.996018795192,-0.00398915090126
mmr,162,South Africa,South Africa,African Region,2020,118.3,116.668608576,82.9980582141,132.935891762,ensemble_top4,1.63139142387,0,35.3019417859,1.63139142387,1.01398312231,0.0138862603692
mmr,162,South Africa,South Africa,African Region,2021,191.2,113.954829417,73.2132361421,134.411790534,ensemble_top4,77.2451705828,56.7882094662,117.986763858,77.2451705828,1.67785780539,0.517517863927
mmr,162,South Africa,South Africa,African Region,2022,129.2,112.306724459,63.7387565477,138.021394301,ensemble_top4,16.8932755409,0,65.4612434523,16.8932755409,1.15042087304,0.140127851975
mmr,162,South Africa,South Africa,African Region,2023,117.6,111.086422835,55.9880210967,146.295324457,ensemble_top4,6.51357716528,0,61.6119789033,6.51357716528,1.05863522291,0.056980552995
mmr,163,South Sudan,South Sudan,African Region,2020,729,1201.38826652,501.817172681,1862.7195765,ensemble_top4,0,0,227.182827319,-472.388266516,0.60679800221,-0.49955932385
mmr,163,South Sudan,South Sudan,African Region,2021,749.2,1199.65143453,489.248638822,1843.52647162,ensemble_top4,0,0,259.951361178,-450.451434526,0.624514736896,-0.470780351783
mmr,163,South Sudan,South Sudan,African Region,2022,703.7,1189.006325,462.793025437,1833.62136818,ensemble_top4,0,0,240.906974563,-485.306324999,0.591838735594,-0.524521087299
mmr,163,South Sudan,South Sudan,African Region,2023,691.8,1170.29178694,442.467488273,1852.08067522,ensemble_top4,0,0,249.332511727,-478.491786936,0.591134627896,-0.525711490739
mmr,164,Spain,Spain,European Region,2020,4.29,3.00012099617,2.77282237831,3.25455129592,ensemble_top4,1.28987900383,1.03544870408,1.51717762169,1.28987900383,1.42994232749,0.357634113029
mmr,164,Spain,Spain,European Region,2021,3.61,2.90822277387,2.66670354414,3.16242763806,ensemble_top4,0.701777226127,0.44757236194,0.943296455864,0.701777226127,1.24130793295,0.216165608361
mmr,164,Spain,Spain,European Region,2022,3.88,2.8146697181,2.57357945126,3.08052194479,ensemble_top4,1.0653302819,0.79947805521,1.30642054874,1.0653302819,1.37849211048,0.320990228198
mmr,164,Spain,Spain,European Region,2023,2.72,2.72379912412,2.48596669869,2.99548750743,ensemble_top4,0,0,0.234033301308,-0.00379912411789,0.998605211345,-0.00139576227853
mmr,165,Sri Lanka,Sri Lanka,Southeast Asia Region,2020,22.86,19.22643414,16.2583181825,23.6941664985,ensemble_top4,3.63356586001,0,6.6016818175,3.63356586001,1.18898802729,0.173102548099
mmr,165,Sri Lanka,Sri Lanka,Southeast Asia Region,2021,33.99,18.6192566661,15.0215612887,24.5072245461,ensemble_top4,15.3707433339,9.48277545394,18.9684387113,15.3707433339,1.82552937582,0.601870013917
mmr,165,Sri Lanka,Sri Lanka,Southeast Asia Region,2022,22.12,18.0324323391,13.7785105075,26.3431218499,ensemble_top4,4.08756766092,0,8.34148949254,4.08756766092,1.22667866342,0.204310243431
mmr,165,Sri Lanka,Sri Lanka,Southeast Asia Region,2023,18.32,17.4363135907,12.5349190621,29.0174075685,ensemble_top4,0.883686409311,0,5.78508093791,0.883686409311,1.05068080502,0.049438339789
mmr,166,Sudan,Sudan,Eastern Mediterranean,2020,273.1,255.148307074,208.826776517,303.310902782,ensemble_top4,17.9516929261,0,64.2732234833,17.9516929261,1.0703578759,0.0679930560145
mmr,166,Sudan,Sudan,Eastern Mediterranean,2021,304.8,249.038631319,196.125729579,298.046608265,ensemble_top4,55.7613686807,6.75339173471,108.674270421,55.7613686807,1.22390650151,0.202047793521
mmr,166,Sudan,Sudan,Eastern Mediterranean,2022,262.7,244.388492192,185.021348671,296.401757994,ensemble_top4,18.3115078078,0,77.6786513293,18.3115078078,1.07492786442,0.0722535564593
mmr,166,Sudan,Sudan,Eastern Mediterranean,2023,255.7,239.39155199,174.419986184,293.047203032,ensemble_top4,16.30844801,0,81.2800138164,16.30844801,1.06812457614,0.0659043780582
mmr,167,Suriname,Suriname,Region of the Americas,2020,94.49,96.2088125599,90.0905817018,106.056949041,ensemble_top4,0,0,4.39941829818,-1.71881255986,0.982134562166,-0.0180269513329
mmr,167,Suriname,Suriname,Region of the Americas,2021,144.3,93.8409796466,86.8937841088,104.943535664,ensemble_top4,50.4590203534,39.3564643356,57.4062158912,50.4590203534,1.5377077322,0.430292821948
mmr,167,Suriname,Suriname,Region of the Americas,2022,87.72,91.3684402774,83.9669496237,103.504282042,ensemble_top4,0,0,3.75305037628,-3.6484402774,0.960068922417,-0.0407502029134
mmr,167,Suriname,Suriname,Region of the Americas,2023,83.64,88.9550374938,80.6789987574,102.90427457,ensemble_top4,0,0,2.96100124263,-5.31503749382,0.940250292242,-0.0616091708183
mmr,168,Sweden,Sweden,European Region,2020,5.2,4.30649203831,4.03913483836,4.56567046709,ranked_top1_fallback,0.893507961695,0.634329532914,1.16086516164,0.893507961695,1.20747930189,0.188534965104
mmr,168,Sweden,Sweden,European Region,2021,5.13,4.23525768814,3.96831190123,4.50030931618,ranked_top1_fallback,0.894742311858,0.629690683824,1.16168809877,0.894742311858,1.21126041855,0.191661485671
mmr,168,Sweden,Sweden,European Region,2022,5.07,4.15635064122,3.89425636119,4.42198187616,ranked_top1_fallback,0.913649358775,0.648018123837,1.17574363881,0.913649358775,1.21982008681,0.198703378044
mmr,168,Sweden,Sweden,European Region,2023,4.03,4.08074768774,3.82840951093,4.34311636139,ranked_top1_fallback,0,0,0.201590489072,-0.0507476877354,0.987564120201,-0.0125138524659
mmr,169,Switzerland,Switzerland,European Region,2020,5.29,5.85594976516,5.30594969104,6.4436977023,ensemble_top4,0,0,0,-0.565949765164,0.903354743831,-0.101639952399
mmr,169,Switzerland,Switzerland,European Region,2021,4.48,5.75146097226,5.17909713485,6.36335904691,ensemble_top4,0,0,0,-1.27146097226,0.778932521946,-0.249830858241
mmr,169,Switzerland,Switzerland,European Region,2022,3.87,5.62784665442,5.0437361213,6.27878984798,ensemble_top4,0,0,0,-1.75784665442,0.687651998649,-0.374472384934
mmr,169,Switzerland,Switzerland,European Region,2023,5.46,5.51649291739,4.94362351598,6.22521321315,ensemble_top4,0,0,0.516376484015,-0.0564929173946,0.989759269478,-0.0102935275658
mmr,170,Syria,Syrian Arab Republic,Eastern Mediterranean,2020,23.06,21.3951857005,12.2706726872,26.6884365607,ensemble_top4,1.66481429946,0,10.7893273128,1.66481429946,1.077812566,0.0749335853864
mmr,170,Syria,Syrian Arab Republic,Eastern Mediterranean,2021,30,20.4909008544,10.6718024685,26.7421364922,ensemble_top4,9.50909914558,3.25786350783,19.3281975315,9.50909914558,1.46406447492,0.381216454813
mmr,170,Syria,Syrian Arab Republic,Eastern Mediterranean,2022,20.73,19.3971199106,9.06853956853,27.1010276628,ensemble_top4,1.33288008941,0,11.6614604315,1.33288008941,1.06871536061,0.0664573296164
mmr,170,Syria,Syrian Arab Republic,Eastern Mediterranean,2023,20.37,18.287104893,7.73633076458,27.2522778293,ensemble_top4,2.08289510698,0,12.6336692354,2.08289510698,1.11389966423,0.107867069429
mmr,171,Tajikistan,Tajikistan,European Region,2020,25.44,14.123960506,11.5723990927,16.7335391218,ensemble_top4,11.316039494,8.70646087817,13.8676009073,11.316039494,1.8011945013,0.588450056644
mmr,171,Tajikistan,Tajikistan,European Region,2021,24.65,13.2239725669,10.5469453414,15.6969900564,ensemble_top4,11.4260274331,8.95300994357,14.1030546586,11.4260274331,1.86403895466,0.622745614469
mmr,171,Tajikistan,Tajikistan,European Region,2022,14.39,12.3052554953,9.6629891972,14.874949035,ensemble_top4,2.08474450472,0,4.7270108028,2.08474450472,1.16941903445,0.156507073738
mmr,171,Tajikistan,Tajikistan,European Region,2023,13.86,11.459854466,8.67427607373,14.0461945141,ensemble_top4,2.40014553402,0,5.18572392627,2.40014553402,1.20943944281,0.190156981859
mmr,172,Thailand,Thailand,Southeast Asia Region,2020,36.24,33.0798127334,29.2136172651,35.9137257766,ensemble_top4,3.16018726662,0.326274223435,7.02638273493,3.16018726662,1.09553219941,0.0912402720578
mmr,172,Thailand,Thailand,Southeast Asia Region,2021,38.21,32.9043434073,28.5837244011,36.3013750135,ensemble_top4,5.3056565927,1.90862498653,9.62627559888,5.3056565927,1.16124487053,0.149492593942
mmr,172,Thailand,Thailand,Southeast Asia Region,2022,112.5,32.6797719825,28.025188681,36.9393806686,ensemble_top4,79.8202280175,75.5606193314,84.474811319,79.8202280175,3.44249647948,1.23619692896
mmr,172,Thailand,Thailand,Southeast Asia Region,2023,34.45,32.4215878547,27.4901984568,37.6797279481,ensemble_top4,2.02841214526,0,6.95980154324,2.02841214526,1.06256362749,0.0606845047223
mmr,173,Timor-Leste,Timor-Leste,Southeast Asia Region,2020,257.3,219.840245186,192.196312407,232.67026403,ensemble_top4,37.4597548139,24.6297359701,65.1036875926,37.4597548139,1.17039534678,0.157341594961
mmr,173,Timor-Leste,Timor-Leste,Southeast Asia Region,2021,262.7,207.484159481,176.070759665,219.890302625,ensemble_top4,55.2158405187,42.809697375,86.6292403349,55.2158405187,1.26612075185,0.235957699784
mmr,173,Timor-Leste,Timor-Leste,Southeast Asia Region,2022,235,196.017472664,161.906049627,208.12346422,ensemble_top4,38.9825273362,26.8765357796,73.0939503732,38.9825273362,1.19887271684,0.181381712643
mmr,173,Timor-Leste,Timor-Leste,Southeast Asia Region,2023,192.4,185.862935275,147.686888726,198.792707294,ensemble_top4,6.53706472546,0,44.7131112738,6.53706472546,1.03517142735,0.0345670432941
mmr,174,Togo,Togo,African Region,2020,397.8,444.14978617,410.709839685,476.653335904,ensemble_top4,0,0,0,-46.3497861705,0.895643794923,-0.11021249536
mmr,174,Togo,Togo,African Region,2021,396.6,443.339351809,408.33489768,476.89520955,ensemble_top4,0,0,0,-46.7393518092,0.894574321863,-0.111407291879
mmr,174,Togo,Togo,African Region,2022,362.3,442.135267778,408.219983665,476.404421735,ensemble_top4,0,0,0,-79.835267778,0.819432482328,-0.199143273054
mmr,174,Togo,Togo,African Region,2023,348.9,441.349844171,406.277081675,474.577967505,ensemble_top4,0,0,0,-92.4498441712,0.790529337685,-0.2350525102
mmr,175,Tonga,Tonga,Western Pacific Region,2020,74.06,72.0211719091,68.9993837127,75.1172638413,ensemble_top4,2.03882809085,0,5.06061628729,2.03882809085,1.02830873251,0.0279154454012
mmr,175,Tonga,Tonga,Western Pacific Region,2021,75.68,70.8040658991,67.6921118883,74.1353690106,ensemble_top4,4.87593410089,1.54463098937,7.98788811167,4.87593410089,1.06886517093,0.0665974977393
mmr,175,Tonga,Tonga,Western Pacific Region,2022,71.8,69.5620424404,66.2739591275,72.8931968079,ensemble_top4,2.23795755961,0,5.52604087245,2.23795755961,1.03217210825,0.0316654247164
mmr,175,Tonga,Tonga,Western Pacific Region,2023,66.78,68.3283122376,65.0698295848,71.8494370506,ensemble_top4,0,0,1.71017041518,-1.54831223759,0.977340107096,-0.0229205738051
mmr,176,Trinidad and Tobago,Trinidad and Tobago,Region of the Americas,2020,34.97,53.3379862628,49.1114261684,57.61620928,ensemble_top4,0,0,0,-18.3679862628,0.655630301221,-0.422158214113
mmr,176,Trinidad and Tobago,Trinidad and Tobago,Region of the Americas,2021,54.21,54.2116134091,48.973359331,60.1449931911,ensemble_top4,0,0,5.236640669,-0.0016134091068,0.999970238681,-2.97617616302e-05
mmr,176,Trinidad and Tobago,Trinidad and Tobago,Region of the Americas,2022,30.42,55.3642776768,49.1158600093,63.3818402785,ensemble_top4,0,0,0,-24.9442776768,0.54945176342,-0.598834291666
mmr,176,Trinidad and Tobago,Trinidad and Tobago,Region of the Americas,2023,54.08,56.6944719122,49.0169787518,66.7941907776,ensemble_top4,0,0,5.06302124823,-2.61447191225,0.953884888172,-0.0472122771074
mmr,177,Tunisia,Tunisia,Eastern Mediterranean,2020,39.69,36.163110982,34.5772544628,37.9907981391,ensemble_top4,3.52688901804,1.69920186094,5.11274553722,3.52688901804,1.09752725698,0.0930597011785
mmr,177,Tunisia,Tunisia,Eastern Mediterranean,2021,64.66,35.4113567857,33.8279389714,37.4161923783,ensemble_top4,29.2486432143,27.2438076217,30.8320610286,29.2486432143,1.8259678778,0.602110190453
mmr,177,Tunisia,Tunisia,Eastern Mediterranean,2022,38.12,34.659395008,33.019467601,36.9191115344,ensemble_top4,3.46060499198,1.20088846561,5.10053239905,3.46060499198,1.09984608765,0.0951702496993
mmr,177,Tunisia,Tunisia,Eastern Mediterranean,2023,35.71,33.9305135132,32.2598007442,36.5030564786,ensemble_top4,1.77948648682,0,3.45019925579,1.77948648682,1.0524450208,0.0511160484367
mmr,178,Turkmenistan,Turkmenistan,European Region,2020,5.26,5.00507631762,4.28969559675,5.85868847887,ensemble_top4,0.254923682379,0,0.970304403249,0.254923682379,1.05093302603,0.0496783658228
mmr,178,Turkmenistan,Turkmenistan,European Region,2021,5.51,4.90992350249,4.18138183926,6.01645362133,ensemble_top4,0.600076497508,0,1.32861816074,0.600076497508,1.12221707674,0.11530626142
mmr,178,Turkmenistan,Turkmenistan,European Region,2022,4.59,4.80296582162,4.05662350739,6.30475775862,ensemble_top4,0,0,0.533376492611,-0.21296582162,0.955659517571,-0.0453535825366
mmr,178,Turkmenistan,Turkmenistan,European Region,2023,4.52,4.71766769521,3.93087762732,6.75732492726,ensemble_top4,0,0,0.589122372684,-0.197667695211,0.958100547139,-0.0428025512591
mmr,179,Tuvalu,Tuvalu,Western Pacific Region,2020,206,147.271391937,118.624865676,182.618120256,ensemble_top4,58.7286080631,23.3818797441,87.3751343239,58.7286080631,1.39877811495,0.335599080498
mmr,179,Tuvalu,Tuvalu,Western Pacific Region,2021,156.6,142.969244041,115.075179539,182.779790899,ensemble_top4,13.6307559587,0,41.5248204612,13.6307559587,1.09534047725,0.0910652530636
mmr,179,Tuvalu,Tuvalu,Western Pacific Region,2022,220.3,138.919610323,110.265178192,185.064193906,ensemble_top4,81.3803896766,35.235806094,110.034821808,81.3803896766,1.58580922799,0.46109483098
mmr,179,Tuvalu,Tuvalu,Western Pacific Region,2023,169.7,134.85999414,105.870138539,185.674473179,ensemble_top4,34.8400058601,0,63.829861461,34.8400058601,1.25834203896,0.229795012387
mmr,180,Turkey,TÃ¼rkiye,European Region,2020,19.31,16.2574587345,15.1343460007,17.2386870031,ensemble_top4,3.05254126548,2.07131299693,4.17565399927,3.05254126548,1.18776251045,0.172071293925
mmr,180,Turkey,TÃ¼rkiye,European Region,2021,20,15.6906625938,14.4826606165,16.7403790116,ensemble_top4,4.30933740623,3.2596209884,5.51733938355,4.30933740623,1.2746434308,0.242666477377
mmr,180,Turkey,TÃ¼rkiye,European Region,2022,21.21,15.1544930696,13.8846928777,16.2548196006,ensemble_top4,6.0555069304,4.95518039936,7.32530712232,6.0555069304,1.39958492195,0.336175708339
mmr,180,Turkey,TÃ¼rkiye,European Region,2023,14.63,14.61860239,13.3260861955,15.8027371323,ensemble_top4,0.0113976099586,0,1.3039138045,0.0113976099586,1.00077966482,0.000779361036368
mmr,181,Uganda,Uganda,African Region,2020,209.5,212.270006257,165.39592697,267.607963277,ensemble_top4,0,0,44.1040730301,-2.77000625715,0.986950552714,-0.0131353393715
mmr,181,Uganda,Uganda,African Region,2021,215.8,203.492634578,151.563222113,263.537912592,ensemble_top4,12.3073654219,0,64.236777887,12.3073654219,1.06048064318,0.0587222423157
mmr,181,Uganda,Uganda,African Region,2022,183.9,192.934567067,141.745437554,253.592272081,ensemble_top4,0,0,42.1545624459,-9.03456706676,0.953172895847,-0.0479589690685
mmr,181,Uganda,Uganda,African Region,2023,170.3,184.829657661,132.231482242,245.951477267,ensemble_top4,0,0,38.0685177582,-14.5296576613,0.921388927269,-0.081873043843
mmr,182,Ukraine,Ukraine,European Region,2020,17.97,14.5189351749,12.2953316861,17.2687775028,ensemble_top4,3.4510648251,0.701222497157,5.67466831393,3.4510648251,1.23769407216,0.21325002915
mmr,182,Ukraine,Ukraine,European Region,2021,25.86,13.8424709111,11.5123200662,16.8456560799,ensemble_top4,12.0175290889,9.01434392008,14.3476799338,12.0175290889,1.86816357904,0.624955905053
mmr,182,Ukraine,Ukraine,European Region,2022,15.52,13.095738438,10.6857196608,16.4776881299,ensemble_top4,2.424261562,0,4.83428033923,2.424261562,1.18511835537,0.169842647549
mmr,182,Ukraine,Ukraine,European Region,2023,14.95,12.4028941983,9.94810713375,16.4039478716,ensemble_top4,2.5471058017,0,5.00189286625,2.5471058017,1.20536382565,0.186781451371
mmr,183,United Arab Emirates,United Arab Emirates,Eastern Mediterranean,2020,6.46,2.32323888291,2.05469406743,2.59432010512,ranked_top1_fallback,4.13676111709,3.86567989488,4.40530593257,4.13676111709,2.78060084459,1.0226670355
mmr,183,United Arab Emirates,United Arab Emirates,Eastern Mediterranean,2021,6.39,2.0817511956,1.79190243509,2.37193914921,ranked_top1_fallback,4.3082488044,4.01806085079,4.59809756491,4.3082488044,3.06953108205,1.12152480793
mmr,183,United Arab Emirates,United Arab Emirates,Eastern Mediterranean,2022,2.42,1.84032130155,1.53269355426,2.14582386813,ranked_top1_fallback,0.579678698447,0.274176131874,0.887306445736,0.579678698447,1.3149877676,0.273827363383
mmr,183,United Arab Emirates,United Arab Emirates,Eastern Mediterranean,2023,2.54,1.61273574629,1.30622677798,1.94047684607,ranked_top1_fallback,0.92726425371,0.599523153926,1.23377322202,0.92726425371,1.57496353996,0.454232122779
mmr,184,United Kingdom,United Kingdom of Great Britain and Northern Ireland,European Region,2020,13.54,9.21522154356,8.24229642865,10.3553826667,ensemble_top4,4.32477845644,3.18461733332,5.29770357135,4.32477845644,1.46930813719,0.384791635028
mmr,184,United Kingdom,United Kingdom of Great Britain and Northern Ireland,European Region,2021,12.92,9.32105211752,8.32272684751,10.8834586596,ensemble_top4,3.59894788248,2.0365413404,4.59727315249,3.59894788248,1.38610961908,0.326500987882
mmr,184,United Kingdom,United Kingdom of Great Britain and Northern Ireland,European Region,2022,15.17,9.41255258762,8.41156988409,11.4755235747,ensemble_top4,5.75744741238,3.69447642527,6.75843011591,5.75744741238,1.61167758255,0.477275613252
mmr,184,United Kingdom,United Kingdom of Great Britain and Northern Ireland,European Region,2023,8.31,9.51293914976,8.51052098693,12.1867927011,ensemble_top4,0,0,0,-1.20293914976,0.873547057242,-0.135193278802
mmr,185,Tanzania,United Republic of Tanzania,African Region,2020,159.9,286.060786715,189.319604964,453.892490341,ensemble_top4,0,0,0,-126.160786715,0.558972104623,-0.581655709357
mmr,185,Tanzania,United Republic of Tanzania,African Region,2021,162.1,267.181348026,162.690811432,451.958511768,ensemble_top4,0,0,0,-105.081348026,0.606704027799,-0.499714205191
mmr,185,Tanzania,United Republic of Tanzania,African Region,2022,151.7,246.828914223,140.668449323,440.743322754,ensemble_top4,0,0,11.0315506767,-95.1289142232,0.61459574328,-0.48679055531
mmr,185,Tanzania,United Republic of Tanzania,African Region,2023,275.8,232.752261809,119.22546266,435.448718558,ensemble_top4,43.0477381914,0,156.57453734,43.0477381914,1.18495089095,0.169701331489
mmr,186,USA,United States of America,Region of the Americas,2020,22.46,17.3461641595,16.7888832636,17.9564546635,ensemble_top4,5.11383584046,4.5035453365,5.67111673645,5.11383584046,1.29481076009,0.258364553266
mmr,186,USA,United States of America,Region of the Americas,2021,31.21,16.9810442044,16.3795747527,17.6856273893,ensemble_top4,14.2289557956,13.5243726107,14.8304252473,14.2289557956,1.83793173284,0.608640881153
mmr,186,USA,United States of America,Region of the Americas,2022,20.04,16.5342050044,15.894301283,17.3671962587,ensemble_top4,3.50579499557,2.67280374125,4.14569871698,3.50579499557,1.21203287335,0.192299010502
mmr,186,USA,United States of America,Region of the Americas,2023,16.63,16.0511896044,15.4073729698,16.9465513442,ensemble_top4,0.578810395569,0,1.22262703018,0.578810395569,1.03606028026,0.0354253277193
mmr,187,Uruguay,Uruguay,Region of the Americas,2020,19.56,16.0400564206,15.4735024045,16.6283395795,ensemble_top4,3.51994357944,2.93166042054,4.08649759553,3.51994357944,1.21944708218,0.198397544683
mmr,187,Uruguay,Uruguay,Region of the Americas,2021,49.47,16.0154605525,15.3923833352,16.6729816193,ensemble_top4,33.4545394475,32.7970183807,34.0776166648,33.4545394475,3.08889025314,1.12781188502
mmr,187,Uruguay,Uruguay,Region of the Americas,2022,19.75,15.9601293889,15.24225379,16.6630638327,ensemble_top4,3.78987061109,3.0869361673,4.50774621,3.78987061109,1.23745863951,0.213059792284
mmr,187,Uruguay,Uruguay,Region of the Americas,2023,15.31,15.910990332,14.9393938138,16.6949187362,ensemble_top4,0,0,0.370606186243,-0.600990331997,0.962227974535,-0.0385038766258
mmr,188,Uzbekistan,Uzbekistan,European Region,2020,28.69,28.7211732471,27.005368919,31.0217740383,ensemble_top4,0,0,1.68463108095,-0.031173247097,0.998914624872,-0.0010859645744
mmr,188,Uzbekistan,Uzbekistan,European Region,2021,27.92,28.3024387242,26.4130701856,31.3610444378,ensemble_top4,0,0,1.50692981443,-0.382438724189,0.986487428595,-0.0136046970419
mmr,188,Uzbekistan,Uzbekistan,European Region,2022,27.4,27.8763064942,25.7933882282,32.1808959557,ensemble_top4,0,0,1.60661177178,-0.476306494214,0.982913572345,-0.0172340850355
mmr,188,Uzbekistan,Uzbekistan,European Region,2023,26.46,27.5176857943,25.2791146943,33.4477640724,ensemble_top4,0,0,1.18088530573,-1.05768579427,0.961563417717,-0.0391947590644
mmr,189,Vanuatu,Vanuatu,Western Pacific Region,2020,107.1,106.703360729,99.497799656,113.561318402,ensemble_top4,0.396639270807,0,7.60220034404,0.396639270807,1.00371721442,0.00371032264864
mmr,189,Vanuatu,Vanuatu,Western Pacific Region,2021,124,106.483529424,96.6011501783,112.821784877,ensemble_top4,17.5164705763,11.1782151231,27.3988498217,17.5164705763,1.16449934249,0.152291245714
mmr,189,Vanuatu,Vanuatu,Western Pacific Region,2022,104.9,105.969471235,93.2685536913,113.460258824,ensemble_top4,0,0,11.6314463087,-1.06947123492,0.989907742084,-0.01014353001
mmr,189,Vanuatu,Vanuatu,Western Pacific Region,2023,100,105.337497137,90.069664058,114.800450652,ensemble_top4,0,0,9.93033594203,-5.33749713697,0.949329561818,-0.0519992679308
mmr,190,Venezuela,Venezuela (Bolivarian Republic of),Region of the Americas,2020,206.5,193.210056967,128.397385989,224.124402277,ensemble_top4,13.2899430327,0,78.1026140113,13.2899430327,1.06878494443,0.0665224372812
mmr,190,Venezuela,Venezuela (Bolivarian Republic of),Region of the Americas,2021,250.7,173.745367544,110.743520456,219.599845948,ensemble_top4,76.9546324558,31.1001540519,139.956479544,76.9546324558,1.44291616832,0.366666182691
mmr,190,Venezuela,Venezuela (Bolivarian Republic of),Region of the Americas,2022,218.9,153.488596867,99.4373339781,209.954668411,ensemble_top4,65.4114031329,8.94533158854,119.462666022,65.4114031329,1.42616457814,0.354988727772
mmr,190,Venezuela,Venezuela (Bolivarian Republic of),Region of the Americas,2023,226.7,138.622015275,94.7116425586,194.738070805,ensemble_top4,88.0779847253,31.961929195,131.988357441,88.0779847253,1.63538237091,0.491876643006
mmr,191,Viet Nam,Viet Nam,Western Pacific Region,2020,51.33,51.2923221792,49.2856417775,53.4571822196,ensemble_top4,0.0376778208363,0,2.04435822251,0.0376778208363,1.00073457038,0.000734300719945
mmr,191,Viet Nam,Viet Nam,Western Pacific Region,2021,52.24,50.252223768,48.1618684877,52.4713865668,ensemble_top4,1.98777623197,0,4.07813151231,1.98777623197,1.03955598545,0.038793684918
mmr,191,Viet Nam,Viet Nam,Western Pacific Region,2022,49.1,49.2271271903,47.0802692942,51.624992113,ensemble_top4,0,0,2.0197307058,-0.127127190308,0.997417537899,-0.00258580240826
mmr,191,Viet Nam,Viet Nam,Western Pacific Region,2023,47.61,48.2312236258,46.0855640145,50.7526689584,ensemble_top4,0,0,1.52443598548,-0.621223625839,0.98711988668,-0.01296378119
mmr,192,Yemen,Yemen,Eastern Mediterranean,2020,135,133.447036508,124.612800032,141.095343542,ensemble_top4,1.55296349161,0,10.3871999681,1.55296349161,1.0116373022,0.0115701095906
mmr,192,Yemen,Yemen,Eastern Mediterranean,2021,155.9,133.817877297,125.144246215,143.061945895,ensemble_top4,22.0821227033,12.838054105,30.7557537847,22.0821227033,1.16501623811,0.152735025212
mmr,192,Yemen,Yemen,Eastern Mediterranean,2022,125,134.315993153,125.85741248,145.681269281,ensemble_top4,0,0,0,-9.31599315315,0.930641221984,-0.0718814444171
mmr,192,Yemen,Yemen,Eastern Mediterranean,2023,118.4,134.692800027,126.309365612,149.3035093,ensemble_top4,0,0,0,-16.2928000267,0.879037335154,-0.12892790762
mmr,193,Zambia,Zambia,African Region,2020,98.63,85.9378584572,23.2515049943,148.424119335,ensemble_top4,12.6921415428,0,75.3784950057,12.6921415428,1.14768975828,0.137751015976
mmr,193,Zambia,Zambia,African Region,2021,140.1,75.7347396319,9.55466720362,139.433232327,ensemble_top4,64.3652603681,0.666767672725,130.545332796,64.3652603681,1.8498776213,0.615119486253
mmr,193,Zambia,Zambia,African Region,2022,89.45,67.1754208219,2.21552549502,130.395496951,ensemble_top4,22.2745791781,0,87.234474505,22.2745791781,1.33158823429,0.286372390912
mmr,193,Zambia,Zambia,African Region,2023,85.45,60.1658162818,-0,122.583785959,ensemble_top4,25.2841837182,0,85.45,25.2841837182,1.42024168009,0.350827054378
mmr,194,Zimbabwe,Zimbabwe,African Region,2020,380,333.621032303,222.310369351,475.650318172,ensemble_top4,46.3789676971,0,157.689630649,46.3789676971,1.13901691802,0.130165537752
mmr,194,Zimbabwe,Zimbabwe,African Region,2021,446.4,308.154358688,199.840557984,473.928770358,ensemble_top4,138.245641312,0,246.559442016,138.245641312,1.44862465,0.370614589065
mmr,194,Zimbabwe,Zimbabwe,African Region,2022,367.8,284.951722175,174.291044646,474.589598752,ensemble_top4,82.8482778246,0,193.508955354,82.8482778246,1.29074496266,0.255219542126
mmr,194,Zimbabwe,Zimbabwe,African Region,2023,357.6,261.077747225,153.118648137,469.02334531,ensemble_top4,96.5222527745,0,204.481351863,96.5222527745,1.36970693137,0.314596798245
mmr,195,Palestine,"occupied Palestinian territory, including east Jerusalem",Eastern Mediterranean,2020,19.52,17.141032359,11.812820005,21.9868398943,ensemble_top4,2.37896764097,0,7.70717999503,2.37896764097,1.13878788577,0.129964438647
mmr,195,Palestine,"occupied Palestinian territory, including east Jerusalem",Eastern Mediterranean,2021,28.51,15.6732670775,9.94380204592,20.7748509041,ensemble_top4,12.8367329225,7.73514909589,18.5661979541,12.8367329225,1.81902087542,0.598298375786
mmr,195,Palestine,"occupied Palestinian territory, including east Jerusalem",Eastern Mediterranean,2022,16.61,14.5296980848,8.50575257185,19.5381491939,ensemble_top4,2.08030191521,0,8.10424742815,2.08030191521,1.14317585287,0.133810225007
mmr,195,Palestine,"occupied Palestinian territory, including east Jerusalem",Eastern Mediterranean,2023,16.11,13.3649219122,7.11710138763,18.581267771,ensemble_top4,2.74507808782,0,8.99289861237,2.74507808782,1.20539424816,0.186806690325
