outcome,area,country,source_country_name,region,year,observed,expected_median,expected_lower,expected_upper,model_source,excess_median,excess_lower,excess_upper,signed_deviation,observed_expected_ratio,log_observed_expected_ratio
maternal_deaths,1,Afghanistan,Afghanistan,Eastern Mediterranean,2020,9061,8341.89244391,7834.38336296,8862.17984621,ensemble_top4,719.107556086,198.82015379,1226.61663704,719.107556086,1.08620436681,0.0826893868695
maternal_deaths,1,Afghanistan,Afghanistan,Eastern Mediterranean,2021,9598,8128.63536485,7602.48955187,8649.05196712,ensemble_top4,1469.36463515,948.948032881,1995.51044813,1469.36463515,1.18076399902,0.166161685767
maternal_deaths,1,Afghanistan,Afghanistan,Eastern Mediterranean,2022,8055,7908.48100361,7390.38795965,8439.70329028,ensemble_top4,146.518996393,0,664.612040349,146.518996393,1.01852681903,0.0183572882326
maternal_deaths,1,Afghanistan,Afghanistan,Eastern Mediterranean,2023,7646,7692.24140342,7182.89957567,8233.82594795,ensemble_top4,0,0,463.100424327,-46.2414034177,0.993988565752,-0.0060295756595
maternal_deaths,2,Albania,Albania,European Region,2020,2.13,1.71340186476,0.260202637424,3.13869840649,ensemble_top4,0.416598135237,0,1.86979736258,0.416598135237,1.24314093722,0.217641190833
maternal_deaths,2,Albania,Albania,European Region,2021,4.13,1.39203103719,0.163564631668,3.03000878045,ensemble_top4,2.73796896281,1.09999121955,3.96643536833,2.73796896281,2.9668878708,1.08751354848
maternal_deaths,2,Albania,Albania,European Region,2022,2.33,1.12560710432,0.0633863131247,2.93651025828,ensemble_top4,1.20439289568,0,2.26661368688,1.20439289568,2.06999404237,0.727545729193
maternal_deaths,2,Albania,Albania,European Region,2023,1.98,0.888940557212,-0,2.78028753675,ensemble_top4,1.09105944279,0,1.98,1.09105944279,2.22737052994,0.800821755189
maternal_deaths,3,Algeria,Algeria,African Region,2020,956,749.006026399,681.265100677,825.231178107,ensemble_top4,206.993973601,130.768821893,274.734899323,206.993973601,1.27635822184,0.24401088364
maternal_deaths,3,Algeria,Algeria,African Region,2021,755.1,735.158495681,665.22737913,819.115130145,ensemble_top4,19.9415043187,0,89.8726208695,19.9415043187,1.02712544905,0.0267640744609
maternal_deaths,3,Algeria,Algeria,African Region,2022,600.6,722.548365288,654.452443641,816.064998693,ensemble_top4,0,0,0,-121.948365288,0.831224633331,-0.184855203772
maternal_deaths,3,Algeria,Algeria,African Region,2023,566.1,712.01981035,643.031716138,808.709119871,ensemble_top4,0,0,0,-145.91981035,0.795062148231,-0.229334993508
maternal_deaths,4,Andorra,Andorra,European Region,2020,0.26,0.0822616333096,0.0448448764712,0.121709469579,ensemble_top4,0.17773836669,0.138290530421,0.215155123529,0.17773836669,3.160647188,1.15077681296
maternal_deaths,4,Andorra,Andorra,European Region,2021,0.095,0.0833050991939,0.0433195891222,0.121760852533,ensemble_top4,0.0116949008061,0,0.0516804108778,0.0116949008061,1.14038637394,0.131367129489
maternal_deaths,4,Andorra,Andorra,European Region,2022,0.091,0.0821785216186,0.044991666774,0.122256423374,ensemble_top4,0.0088214783814,0,0.046008333226,0.0088214783814,1.10734530395,0.101965532776
maternal_deaths,4,Andorra,Andorra,European Region,2023,0.059,0.0826136781096,0.0426177959972,0.122291774435,ensemble_top4,0,0,0.0163822040028,-0.0236136781096,0.71416745205,-0.336637817459
maternal_deaths,5,Angola,Angola,African Region,2020,2550,2491.25416214,2336.71270106,2673.00105554,ensemble_top4,58.7458378616,0,213.287298935,58.7458378616,1.02358082879,0.023307095924
maternal_deaths,5,Angola,Angola,African Region,2021,2812,2423.16710124,2244.7024101,2633.85357671,ensemble_top4,388.832898762,178.14642329,567.297589898,388.832898762,1.16046474821,0.148820569887
maternal_deaths,5,Angola,Angola,African Region,2022,2506,2359.71350789,2157.14851363,2602.5541997,ensemble_top4,146.286492113,0,348.851486367,146.286492113,1.06199332742,0.0601476397683
maternal_deaths,5,Angola,Angola,African Region,2023,2531,2300.72208385,2072.4077247,2581.44281,ensemble_top4,230.277916147,0,458.5922753,230.277916147,1.10008941009,0.0953914583982
maternal_deaths,6,Antigua and Barbuda,Antigua and Barbuda,Region of the Americas,2020,0.39,0.306488387753,0.248751880091,0.365811296699,ensemble_top4,0.0835116122467,0.024188703301,0.141248119909,0.0835116122467,1.27247887876,0.240966871078
maternal_deaths,6,Antigua and Barbuda,Antigua and Barbuda,Region of the Americas,2021,0.36,0.300257606706,0.240980763736,0.358124595302,ensemble_top4,0.0597423932942,0.00187540469771,0.119019236264,0.0597423932942,1.19897045723,0.181463236237
maternal_deaths,6,Antigua and Barbuda,Antigua and Barbuda,Region of the Americas,2022,0.4,0.293772167819,0.235777887729,0.35276805442,ensemble_top4,0.106227832181,0.0472319455796,0.164222112271,0.106227832181,1.36159937468,0.308660019583
maternal_deaths,6,Antigua and Barbuda,Antigua and Barbuda,Region of the Americas,2023,0.38,0.285490489124,0.228134500004,0.344364974513,ensemble_top4,0.0945095108763,0.0356350254875,0.151865499996,0.0945095108763,1.33104258978,0.285962537231
maternal_deaths,7,Argentina,Argentina,Region of the Americas,2020,211.6,230.708623894,186.500645092,280.129073754,ensemble_top4,0,0,25.0993549079,-19.1086238936,0.917174210608,-0.0864578459168
maternal_deaths,7,Argentina,Argentina,Region of the Americas,2021,404.9,218.833876418,173.247275196,269.90919387,ensemble_top4,186.066123582,134.99080613,231.652724804,186.066123582,1.85026197327,0.61532723624
maternal_deaths,7,Argentina,Argentina,Region of the Americas,2022,195.1,205.540423333,157.574183231,260.529845212,ensemble_top4,0,0,37.5258167691,-10.4404233327,0.94920501202,-0.0521304741779
maternal_deaths,7,Argentina,Argentina,Region of the Americas,2023,167.4,193.628123478,146.018591616,252.592306036,ensemble_top4,0,0,21.3814083837,-26.2281234777,0.864543832752,-0.145553272134
maternal_deaths,8,Armenia,Armenia,European Region,2020,15.12,7.69113923862,6.35857334564,9.46813201707,ensemble_top4,7.42886076138,5.65186798293,8.76142665436,7.42886076138,1.96589861799,0.675949452743
maternal_deaths,8,Armenia,Armenia,European Region,2021,20.42,7.15028926953,5.8252260746,9.18661670175,ensemble_top4,13.2697107305,11.2333832983,14.5947739254,13.2697107305,2.8558285169,1.04936199957
maternal_deaths,8,Armenia,Armenia,European Region,2022,9.23,6.62335747412,5.33031410825,8.89089186371,ensemble_top4,2.60664252588,0.339108136288,3.89968589175,2.60664252588,1.3935530486,0.331856635816
maternal_deaths,8,Armenia,Armenia,European Region,2023,6.76,6.13222309232,4.82486418575,8.71590335858,ensemble_top4,0.62777690768,0,1.93513581425,0.62777690768,1.10237346199,0.0974655480502
maternal_deaths,9,Australia,Australia,Western Pacific Region,2020,15.17,14.9111027433,9.54746829997,16.6677274558,ensemble_top4,0.258897256652,0,5.62253170003,0.258897256652,1.01736271697,0.0172137073356
maternal_deaths,9,Australia,Australia,Western Pacific Region,2021,13.16,14.1058535692,8.47749195934,16.1945664629,ensemble_top4,0,0,4.68250804066,-0.945853569156,0.932946023825,-0.0694079320861
maternal_deaths,9,Australia,Australia,Western Pacific Region,2022,10.91,13.1220650548,7.44372295185,15.807312761,ensemble_top4,0,0,3.46627704815,-2.21206505482,0.831424014012,-0.184615368756
maternal_deaths,9,Australia,Australia,Western Pacific Region,2023,7.1,12.085665607,6.5191798053,15.5628218324,ensemble_top4,0,0,0.580820194697,-4.98566560703,0.587472815388,-0.531925305714
maternal_deaths,10,Austria,Austria,European Region,2020,4.63,5.59495820159,4.29688976445,6.41049074199,ensemble_top4,0,0,0.333110235553,-0.964958201589,0.827530757725,-0.189309002966
maternal_deaths,10,Austria,Austria,European Region,2021,5.09,5.43822989022,3.83577433741,6.63015461454,ensemble_top4,0,0,1.25422566259,-0.348229890218,0.935966316752,-0.0661757895277
maternal_deaths,10,Austria,Austria,European Region,2022,6.12,5.18534045705,3.35820984619,6.88253178667,ensemble_top4,0.934659542954,0,2.76179015381,0.934659542954,1.18025037135,0.16572659508
maternal_deaths,10,Austria,Austria,European Region,2023,4.7,4.84491760762,2.91926359741,7.18429377562,ensemble_top4,0,0,1.78073640259,-0.144917607617,0.970088736413,-0.0303677308304
maternal_deaths,11,Azerbaijan,Azerbaijan,European Region,2020,30.16,31.0275039411,22.373733728,40.0080279307,ensemble_top4,0,0,7.78626627202,-0.867503941083,0.972040807964,-0.0283574919008
maternal_deaths,11,Azerbaijan,Azerbaijan,European Region,2021,74.28,29.4276103577,20.6354269334,38.4554031559,ensemble_top4,44.8523896423,35.8245968441,53.6445730666,44.8523896423,2.52416010328,0.92590837503
maternal_deaths,11,Azerbaijan,Azerbaijan,European Region,2022,41.05,27.898058779,18.5238348325,37.1831678395,ensemble_top4,13.151941221,3.86683216052,22.5261651675,13.151941221,1.47142854365,0.386233727304
maternal_deaths,11,Azerbaijan,Azerbaijan,European Region,2023,22.39,26.3922575902,17.4366942899,35.7081382782,ensemble_top4,0,0,4.95330571013,-4.00225759018,0.848354860265,-0.16445626343
maternal_deaths,12,Bahamas,Bahamas,Region of the Americas,2020,3.71,3.48118832512,2.68968954365,4.1144030034,ensemble_top4,0.22881167488,0,1.02031045635,0.22881167488,1.06572803695,0.0636581683858
maternal_deaths,12,Bahamas,Bahamas,Region of the Americas,2021,7.61,3.45399948841,2.54395957277,4.17366719231,ensemble_top4,4.15600051159,3.43633280769,5.06604042723,4.15600051159,2.20324294359,0.789930340265
maternal_deaths,12,Bahamas,Bahamas,Region of the Americas,2022,3.48,3.45577188432,2.37815263116,4.21346231467,ensemble_top4,0.0242281156825,0,1.10184736884,0.0242281156825,1.0070109129,0.0069864507182
maternal_deaths,12,Bahamas,Bahamas,Region of the Americas,2023,3.29,3.45120824419,2.19638007337,4.28688309484,ensemble_top4,0,0,1.09361992663,-0.161208244193,0.953289331508,-0.0478368206629
maternal_deaths,13,Bahrain,Bahrain,Eastern Mediterranean,2020,1.32,3.36229251786,3.07787382167,3.66088973795,ensemble_top4,0,0,0,-2.04229251786,0.392589280376,-0.934991301699
maternal_deaths,13,Bahrain,Bahrain,Eastern Mediterranean,2021,1.87,3.36408879801,3.02630618747,3.70754428694,ensemble_top4,0,0,0,-1.49408879801,0.555871177094,-0.587218707452
maternal_deaths,13,Bahrain,Bahrain,Eastern Mediterranean,2022,1.01,3.36646782176,2.9281728256,3.75902425411,ensemble_top4,0,0,0,-2.35646782176,0.3000177199,-1.20391373974
maternal_deaths,13,Bahrain,Bahrain,Eastern Mediterranean,2023,3.28,3.36981282276,2.80177670384,3.81087947151,ensemble_top4,0,0,0.478223296162,-0.0898128227601,0.973347830433,-0.027013778218
maternal_deaths,14,Bangladesh,Bangladesh,Southeast Asia Region,2020,5123,4972.49080106,4476.8073143,5358.12298974,ensemble_top4,150.509198937,0,646.192685699,150.509198937,1.03026837152,0.029819323175
maternal_deaths,14,Bangladesh,Bangladesh,Southeast Asia Region,2021,6636,4745.85667373,4176.38013425,5176.49240529,ensemble_top4,1890.14332627,1459.50759471,2459.61986575,1890.14332627,1.39827231546,0.335237414154
maternal_deaths,14,Bangladesh,Bangladesh,Southeast Asia Region,2022,4550,4553.31529444,3916.25858721,5002.06443462,ensemble_top4,0,0,633.741412792,-3.31529444086,0.999271894383,-0.000728370814412
maternal_deaths,14,Bangladesh,Bangladesh,Southeast Asia Region,2023,4017,4388.13593362,3678.35066611,4861.94072111,ensemble_top4,0,0,338.649333894,-371.135933622,0.915422872209,-0.0883691650478
maternal_deaths,15,Barbados,Barbados,Region of the Americas,2020,1.23,1.11865851847,0.994342910514,1.24094291097,ensemble_top4,0.111341481529,0,0.235657089486,0.111341481529,1.09953125077,0.0948839533198
maternal_deaths,15,Barbados,Barbados,Region of the Americas,2021,1.23,1.09238085149,0.948674651851,1.22353480375,ensemble_top4,0.137619148508,0.0064651962509,0.281325348149,0.137619148508,1.12598092352,0.118654587764
maternal_deaths,15,Barbados,Barbados,Region of the Americas,2022,1.2,1.06490587763,0.889491065498,1.20658763207,ensemble_top4,0.135094122374,0,0.310508934502,0.135094122374,1.12686015282,0.119435139354
maternal_deaths,15,Barbados,Barbados,Region of the Americas,2023,1.1,1.04005153999,0.825035278514,1.20312324308,ensemble_top4,0.0599484600081,0,0.274964721486,0.0599484600081,1.05763989351,0.0560399101945
maternal_deaths,16,Belarus,Belarus,European Region,2020,1.41,1.07791033962,0.846585639054,1.30570888122,ranked_top1_fallback,0.332089660381,0.10429111878,0.563414360946,0.332089660381,1.30808653389,0.268565408258
maternal_deaths,16,Belarus,Belarus,European Region,2021,1.46,1.02736549343,0.793548752436,1.25439170766,ranked_top1_fallback,0.432634506573,0.205608292339,0.666451247564,0.432634506573,1.42111060702,0.351438683542
maternal_deaths,16,Belarus,Belarus,European Region,2022,0.81,0.987043133743,0.761319834932,1.21659504977,ranked_top1_fallback,0,0,0.0486801650676,-0.177043133743,0.820632829822,-0.197679492679
maternal_deaths,16,Belarus,Belarus,European Region,2023,0.71,0.953706223711,0.725639385368,1.18494750924,ranked_top1_fallback,0,0,0,-0.243706223711,0.744464052292,-0.295090712387
maternal_deaths,17,Belgium,Belgium,European Region,2020,4.8,4.80017122597,4.15853164017,5.71506038613,ensemble_top4,0,0,0.641468359829,-0.00017122597016,0.999964329195,-3.56714408832e-05
maternal_deaths,17,Belgium,Belgium,European Region,2021,8.63,4.60131290224,3.92835792404,5.54158090105,ensemble_top4,4.02868709776,3.08841909895,4.70164207596,4.02868709776,1.87555164871,0.628902828794
maternal_deaths,17,Belgium,Belgium,European Region,2022,12.25,4.38887773326,3.70581034167,5.35673492951,ensemble_top4,7.86112226674,6.89326507049,8.54418965833,7.86112226674,2.79114633501,1.02645238421
maternal_deaths,17,Belgium,Belgium,European Region,2023,3.91,4.21109459055,3.52238723343,5.18585712448,ensemble_top4,0,0,0.387612766566,-0.301094590552,0.928499684802,-0.0741852376594
maternal_deaths,18,Belize,Belize,Region of the Americas,2020,6.35,5.08230784879,4.43206549906,10.9817179859,ensemble_top4,1.26769215121,0,1.91793450094,1.26769215121,1.24943238169,0.222689353535
maternal_deaths,18,Belize,Belize,Region of the Americas,2021,10.24,5.15988044453,4.46025178719,12.2953987898,ensemble_top4,5.08011955547,0,5.77974821281,5.08011955547,1.98454210521,0.685388210051
maternal_deaths,18,Belize,Belize,Region of the Americas,2022,7.68,5.12795449246,4.39128341526,13.8563186839,ensemble_top4,2.55204550754,0,3.28871658474,2.55204550754,1.49767319724,0.403912701907
maternal_deaths,18,Belize,Belize,Region of the Americas,2023,4.95,5.00569397733,4.22688255776,15.5308397432,ensemble_top4,0,0,0.723117442236,-0.0556939773308,0.988873874915,-0.011188483384
maternal_deaths,19,Benin,Benin,African Region,2020,2668,2722.21102331,2432.36793738,2865.96899368,ensemble_top4,0,0,235.632062617,-54.2110233135,0.980085664613,-0.0201152982678
maternal_deaths,19,Benin,Benin,African Region,2021,2722,2739.15081132,2371.26592592,2887.32402954,ensemble_top4,0,0,350.734074077,-17.1508113221,0.993738639271,-0.00628104525955
maternal_deaths,19,Benin,Benin,African Region,2022,2586,2756.29370241,2313.14668191,2905.05741961,ensemble_top4,0,0,272.85331809,-170.293702405,0.938216416394,-0.0637746354857
maternal_deaths,19,Benin,Benin,African Region,2023,2477,2768.31703494,2256.71645503,2920.63872809,ensemble_top4,0,0,220.283544967,-291.317034944,0.894767459338,-0.111191416435
maternal_deaths,20,Bhutan,Bhutan,Southeast Asia Region,2020,5.12,4.58096075444,3.64770245557,5.48429301145,ensemble_top4,0.53903924556,0,1.47229754443,0.53903924556,1.11766947469,0.111245691212
maternal_deaths,20,Bhutan,Bhutan,Southeast Asia Region,2021,4.99,4.10774592353,3.17769957895,5.05130286408,ensemble_top4,0.882254076471,0,1.81230042105,0.882254076471,1.21477815154,0.1945614688
maternal_deaths,20,Bhutan,Bhutan,Southeast Asia Region,2022,4.86,3.71156212281,2.71607708864,4.69585236936,ensemble_top4,1.14843787719,0.164147630636,2.14392291136,1.14843787719,1.30942170417,0.269585592551
maternal_deaths,20,Bhutan,Bhutan,Southeast Asia Region,2023,4.65,3.35554355441,2.35425920419,4.41379588967,ensemble_top4,1.29445644559,0.236204110333,2.29574079581,1.29445644559,1.3857665456,0.326253449062
maternal_deaths,21,Bolivia,Bolivia (Plurinational State of),Region of the Americas,2020,566.2,384.521196783,354.205080227,405.638625507,ensemble_top4,181.678803217,160.561374493,211.994919773,181.678803217,1.47248059336,0.386948457077
maternal_deaths,21,Bolivia,Bolivia (Plurinational State of),Region of the Americas,2021,702.9,377.065760491,341.530029794,398.722178128,ensemble_top4,325.834239509,304.177821872,361.369970206,325.834239509,1.86413107115,0.622795030934
maternal_deaths,21,Bolivia,Bolivia (Plurinational State of),Region of the Americas,2022,428,370.525891884,329.726921135,393.489095973,ensemble_top4,57.4741081163,34.5109040266,98.2730788648,57.4741081163,1.15511495789,0.144199869661
maternal_deaths,21,Bolivia,Bolivia (Plurinational State of),Region of the Americas,2023,380.8,364.485630333,316.854199206,388.11403764,ensemble_top4,16.3143696667,0,63.9458007936,16.3143696667,1.04475998039,0.0437871751996
maternal_deaths,22,Bosnia,Bosnia and Herzegovina,European Region,2020,2.04,1.91699921522,1.64761601624,2.61240391877,ensemble_top4,0.123000784777,0,0.39238398376,0.123000784777,1.06416318995,0.0621887531706
maternal_deaths,22,Bosnia,Bosnia and Herzegovina,European Region,2021,3.3,1.9307818217,1.63189482309,2.56478773089,ensemble_top4,1.3692181783,0.735212269114,1.66810517691,1.3692181783,1.70915220089,0.53599745862
maternal_deaths,22,Bosnia,Bosnia and Herzegovina,European Region,2022,2.93,1.95721066771,1.60939059458,2.5282453815,ensemble_top4,0.972789332287,0.401754618503,1.32060940542,0.972789332287,1.49702842332,0.403482092114
maternal_deaths,22,Bosnia,Bosnia and Herzegovina,European Region,2023,1.52,1.99284955151,1.58821276738,2.48306603324,ensemble_top4,0,0,0,-0.472849551508,0.762726919777,-0.270855215067
maternal_deaths,23,Botswana,Botswana,African Region,2020,59.08,49.3234414667,-0,107.680609829,ensemble_top4,9.75655853332,0,59.08,9.75655853332,1.19780774097,0.180493003483
maternal_deaths,23,Botswana,Botswana,African Region,2021,101,45.0522430572,-0,104.311833092,ensemble_top4,55.9477569428,0,101,55.9477569428,2.24184176294,0.807297743633
maternal_deaths,23,Botswana,Botswana,African Region,2022,74.19,41.4192815612,-0,104.202632348,ensemble_top4,32.7707184388,0,74.19,32.7707184388,1.7911947577,0.5828828596
maternal_deaths,23,Botswana,Botswana,African Region,2023,95.07,37.351566084,-0,103.094582414,ensemble_top4,57.718433916,0,95.07,57.718433916,2.54527480283,0.934238621711
maternal_deaths,24,Brazil,Brazil,Region of the Americas,2020,2302,1752.23288663,1528.38158851,1982.02529705,ensemble_top4,549.767113365,319.974702954,773.61841149,549.767113365,1.31375230859,0.272887400458
maternal_deaths,24,Brazil,Brazil,Region of the Americas,2021,3421,1737.02504887,1494.76579635,1993.76022175,ensemble_top4,1683.97495113,1427.23977825,1926.23420365,1683.97495113,1.96945922123,0.677758998076
maternal_deaths,24,Brazil,Brazil,Region of the Americas,2022,2745,1718.22374681,1467.09615114,2011.91956365,ensemble_top4,1026.77625319,733.080436353,1277.90384886,1026.77625319,1.59758006203,0.468490023089
maternal_deaths,24,Brazil,Brazil,Region of the Americas,2023,1741,1702.76619502,1433.35965417,2041.22839945,ensemble_top4,38.2338049819,0,307.640345827,38.2338049819,1.02245393707,0.0222055585963
maternal_deaths,25,Brunei Darussalam,Brunei Darussalam,Western Pacific Region,2020,2.46,2.19503963949,1.97038016873,2.40728074242,ranked_top1_fallback,0.26496036051,0.0527192575761,0.489619831267,0.26496036051,1.12070869051,0.113961244587
maternal_deaths,25,Brunei Darussalam,Brunei Darussalam,Western Pacific Region,2021,2.78,1.98867428687,1.75669233325,2.20113504216,ranked_top1_fallback,0.791325713129,0.578864957843,1.02330766675,0.791325713129,1.39791619892,0.33498269847
maternal_deaths,25,Brunei Darussalam,Brunei Darussalam,Western Pacific Region,2022,5.56,1.77400815504,1.52573942853,1.98642023454,ranked_top1_fallback,3.78599184496,3.57357976546,4.03426057147,3.78599184496,3.13414568258,1.1423566274
maternal_deaths,25,Brunei Darussalam,Brunei Darussalam,Western Pacific Region,2023,2.27,1.54932377869,1.29950340927,1.768458812,ranked_top1_fallback,0.720676221306,0.501541188,0.970496590735,0.720676221306,1.465155335,0.381961267567
maternal_deaths,26,Bulgaria,Bulgaria,European Region,2020,5.14,3.56145462942,2.72594733006,4.47616815902,ensemble_top4,1.57854537058,0.663831840978,2.41405266994,1.57854537058,1.44323051529,0.36688401429
maternal_deaths,26,Bulgaria,Bulgaria,European Region,2021,5.47,3.37815781275,2.53577305081,4.31274650006,ensemble_top4,2.09184218725,1.15725349994,2.93422694919,2.09184218725,1.61922571508,0.481948081334
maternal_deaths,26,Bulgaria,Bulgaria,European Region,2022,6.19,3.17227666378,2.34636864177,4.18797169607,ensemble_top4,3.01772333622,2.00202830393,3.84363135823,3.01772333622,1.95127999732,0.668485566116
maternal_deaths,26,Bulgaria,Bulgaria,European Region,2023,3.48,3.0070903064,2.16079125167,4.15079135739,ensemble_top4,0.472909693596,0,1.31920874833,0.472909693596,1.15726487914,0.146059358171
maternal_deaths,27,Burkina Faso,Burkina Faso,African Region,2020,2349,1974.91141161,1813.67160181,2173.56326779,ensemble_top4,374.088588391,175.436732211,535.328398193,374.088588391,1.18942043992,0.173466163211
maternal_deaths,27,Burkina Faso,Burkina Faso,African Region,2021,2524,1897.9059934,1729.07752372,2092.61480867,ensemble_top4,626.094006605,431.385191329,794.92247628,626.094006605,1.32988673242,0.285093775014
maternal_deaths,27,Burkina Faso,Burkina Faso,African Region,2022,2281,1824.65760663,1641.2942848,2030.19413441,ensemble_top4,456.342393369,250.805865587,639.705715198,456.342393369,1.25009754801,0.223221586674
maternal_deaths,27,Burkina Faso,Burkina Faso,African Region,2023,1762,1750.01080463,1555.95492753,1959.92104874,ensemble_top4,11.9891953682,0,206.045072468,11.9891953682,1.00685092648,0.00682756552232
maternal_deaths,28,Burundi,Burundi,African Region,2020,1995,1930.97933178,1725.20684583,2257.13520736,ensemble_top4,64.0206682184,0,269.793154173,64.0206682184,1.03315450723,0.0326167503284
maternal_deaths,28,Burundi,Burundi,African Region,2021,2031,1852.28566728,1596.19608599,2205.27915968,ensemble_top4,178.714332718,0,434.803914011,178.714332718,1.0964831375,0.0921079102768
maternal_deaths,28,Burundi,Burundi,African Region,2022,1884,1777.00619201,1467.64090515,2153.1361146,ensemble_top4,106.993807988,0,416.359094848,106.993807988,1.06021014922,0.0584671424568
maternal_deaths,28,Burundi,Burundi,African Region,2023,1807,1710.71741307,1339.81978058,2100.34532148,ensemble_top4,96.2825869276,0,467.180219422,96.2825869276,1.05628199385,0.0547551892693
maternal_deaths,29,Cabo Verde,Cabo Verde,African Region,2020,3.79,2.71046896445,2.23395984093,3.18971480367,ensemble_top4,1.07953103555,0.60028519633,1.55604015907,1.07953103555,1.39828201308,0.335244349562
maternal_deaths,29,Cabo Verde,Cabo Verde,African Region,2021,3.62,2.48928532014,2.02018001372,2.96855606885,ensemble_top4,1.13071467986,0.651443931153,1.59981998628,1.13071467986,1.45423265494,0.374478376585
maternal_deaths,29,Cabo Verde,Cabo Verde,African Region,2022,2.69,2.28364477152,1.80850509849,2.76483415155,ensemble_top4,0.406355228477,0,0.88149490151,0.406355228477,1.17794152293,0.163768443021
maternal_deaths,29,Cabo Verde,Cabo Verde,African Region,2023,2.58,2.08458600152,1.58960177572,2.59639267107,ensemble_top4,0.495413998479,0,0.990398224281,0.495413998479,1.2376558214,0.21321912382
maternal_deaths,30,Cambodia,Cambodia,Western Pacific Region,2020,614.6,508.319756016,414.525430788,575.503433853,ensemble_top4,106.280243984,39.0965661475,200.074569212,106.280243984,1.20908147426,0.189860959156
maternal_deaths,30,Cambodia,Cambodia,Western Pacific Region,2021,702.1,490.563717037,385.140854082,562.622671406,ensemble_top4,211.536282963,139.477328594,316.959145918,211.536282963,1.43121061672,0.358520671237
maternal_deaths,30,Cambodia,Cambodia,Western Pacific Region,2022,580.4,474.78604311,362.30184367,544.95293241,ensemble_top4,105.61395689,35.4470675896,218.09815633,105.61395689,1.2224453697,0.200853254009
maternal_deaths,30,Cambodia,Cambodia,Western Pacific Region,2023,496.8,459.219531569,335.810867465,538.097043108,ensemble_top4,37.5804684307,0,160.989132535,37.5804684307,1.08183551841,0.0786591526132
maternal_deaths,31,Cameroon,Cameroon,African Region,2020,2931,3007.44961729,2720.87642834,3234.22084158,ensemble_top4,0,0,210.123571659,-76.4496172917,0.974579917531,-0.0257487546424
maternal_deaths,31,Cameroon,Cameroon,African Region,2021,3203,2895.19300581,2598.00771612,3129.40802066,ensemble_top4,307.806994188,73.5919793426,604.992283883,307.806994188,1.10631657149,0.10103609315
maternal_deaths,31,Cameroon,Cameroon,African Region,2022,2613,2785.40662727,2468.95595362,3022.21788945,ensemble_top4,0,0,144.044046381,-172.406627275,0.938103605561,-0.0638948823857
maternal_deaths,31,Cameroon,Cameroon,African Region,2023,2472,2674.89679308,2344.23896509,2910.70980304,ensemble_top4,0,0,127.761034909,-202.896793083,0.924147805026,-0.0788832579833
maternal_deaths,32,Canada,Canada,Region of the Americas,2020,60.32,46.131813869,42.8261661527,49.2617893416,ensemble_top4,14.188186131,11.0582106584,17.4938338473,14.188186131,1.30755751706,0.268160906091
maternal_deaths,32,Canada,Canada,Region of the Americas,2021,50.22,46.3512310381,42.8252937624,49.6801117523,ensemble_top4,3.8687689619,0.539888247733,7.39470623765,3.8687689619,1.08346636918,0.0801655024565
maternal_deaths,32,Canada,Canada,Region of the Americas,2022,51.91,46.5440930401,42.8845250646,49.7905190244,ensemble_top4,5.36590695993,2.11948097556,9.02547493538,5.36590695993,1.1152865296,0.109111349118
maternal_deaths,32,Canada,Canada,Region of the Americas,2023,42.04,46.6914806641,42.9629037981,49.9685464143,ensemble_top4,0,0,0,-4.65148066411,0.900378385994,-0.104940175131
maternal_deaths,33,Central African Republic,Central African Republic,African Region,2020,2898,2572.66824689,1739.36839805,6010.46986436,ensemble_top4,325.331753106,0,1158.63160195,325.331753106,1.1264569396,0.119077255214
maternal_deaths,33,Central African Republic,Central African Republic,African Region,2021,2606,2473.10141708,1690.87856094,7686.83315132,ensemble_top4,132.898582924,0,915.121439058,132.898582924,1.0537376195,0.0523434812686
maternal_deaths,33,Central African Republic,Central African Republic,African Region,2022,1947,2419.22637311,1679.45249268,9840.35914227,ensemble_top4,0,0,267.547507325,-472.226373114,0.804802734311,-0.217158082139
maternal_deaths,33,Central African Republic,Central African Republic,African Region,2023,1652,2360.97369459,1658.86532776,12683.5649032,ensemble_top4,0,0,0,-708.973694588,0.699711311391,-0.357087441303
maternal_deaths,34,Chad,Chad,African Region,2020,6611,7157.63744661,6682.27845619,7645.26803685,ensemble_top4,0,0,0,-546.637446612,0.923628788034,-0.0794450326135
maternal_deaths,34,Chad,Chad,African Region,2021,6703,7015.93655718,6517.83041701,7551.86507395,ensemble_top4,0,0,185.169582986,-312.936557179,0.955396324549,-0.0456290250618
maternal_deaths,34,Chad,Chad,African Region,2022,6204,6871.8844025,6377.677241,7422.10178786,ensemble_top4,0,0,0,-667.884402505,0.902809133073,-0.102244117705
maternal_deaths,34,Chad,Chad,African Region,2023,6123,6733.03302326,6206.4177504,7284.03778803,ensemble_top4,0,0,0,-610.033023262,0.909396995209,-0.0949735417429
maternal_deaths,35,Chile,Chile,Region of the Americas,2020,24.06,19.1853989194,10.2428697647,27.2362718904,ensemble_top4,4.87460108057,0,13.8171302353,4.87460108057,1.25407869292,0.226401193766
maternal_deaths,35,Chile,Chile,Region of the Americas,2021,25.39,17.0369660009,8.31967001762,25.3632583526,ensemble_top4,8.35303399906,0.02674164744,17.0703299824,8.35303399906,1.49028882247,0.398969941757
maternal_deaths,35,Chile,Chile,Region of the Americas,2022,22.15,15.1525916962,6.57692660188,23.6863228845,ensemble_top4,6.99740830383,0,15.5730733981,6.99740830383,1.46179613654,0.379665910112
maternal_deaths,35,Chile,Chile,Region of the Americas,2023,17.42,13.5874626846,5.41120486173,22.0092493856,ensemble_top4,3.83253731542,0,12.0087951383,3.83253731542,1.28206423851,0.248471465286
maternal_deaths,36,China,China,Western Pacific Region,2020,2348,3333.91485567,2599.03152499,4231.40931381,ensemble_top4,0,0,0,-985.914855668,0.704277134135,-0.350583343845
maternal_deaths,36,China,China,Western Pacific Region,2021,2190,3095.9192481,2343.78038327,4040.60252401,ensemble_top4,0,0,0,-905.919248096,0.707382791507,-0.346183328903
maternal_deaths,36,China,China,Western Pacific Region,2022,1730,2880.98812966,2086.67668487,3887.42491238,ensemble_top4,0,0,0,-1150.98812966,0.600488416522,-0.510011927371
maternal_deaths,36,China,China,Western Pacific Region,2023,1446,2664.86039503,1875.27050002,3735.22836468,ensemble_top4,0,0,0,-1218.86039503,0.542617543004,-0.611350547906
maternal_deaths,37,Colombia,Colombia,Region of the Americas,2020,669,456.250910488,426.099394007,554.82832414,ensemble_top4,212.749089512,114.17167586,242.900605993,212.749089512,1.46629844373,0.382741159643
maternal_deaths,37,Colombia,Colombia,Region of the Americas,2021,1047,452.032146373,418.155058123,546.926734383,ensemble_top4,594.967853627,500.073265617,628.844941877,594.967853627,2.3162069521,0.839930913273
maternal_deaths,37,Colombia,Colombia,Region of the Americas,2022,528.1,448.282016155,412.666686423,543.482451032,ensemble_top4,79.8179838452,0,115.433313577,79.8179838452,1.17805305805,0.163863125005
maternal_deaths,37,Colombia,Colombia,Region of the Americas,2023,418.6,445.905549505,406.090791575,539.38324525,ensemble_top4,0,0,12.5092084251,-27.305549505,0.9387638267,-0.063191347171
maternal_deaths,38,Comoros,Comoros,African Region,2020,47.74,46.4517934185,43.7367750506,49.3165788117,ensemble_top4,1.28820658155,0,4.00322494944,1.28820658155,1.02773211725,0.0273545467416
maternal_deaths,38,Comoros,Comoros,African Region,2021,51.84,44.6673668222,41.8240241632,47.621667125,ensemble_top4,7.17263317782,4.21833287503,10.0159758368,7.17263317782,1.16057882271,0.148918865761
maternal_deaths,38,Comoros,Comoros,African Region,2022,45.13,42.8774786592,40.115633529,45.878912087,ensemble_top4,2.25252134076,0,5.01436647104,2.25252134076,1.05253390384,0.0512004987295
maternal_deaths,38,Comoros,Comoros,African Region,2023,43.59,41.1948798239,38.4108721705,44.1523636324,ensemble_top4,2.39512017615,0,5.1791278295,2.39512017615,1.05814121042,0.0565137937379
maternal_deaths,39,Congo,Congo,African Region,2020,451.4,472.363886034,309.271847801,620.000994602,ensemble_top4,0,0,142.128152199,-20.9638860344,0.955619202369,-0.0453957691648
maternal_deaths,39,Congo,Congo,African Region,2021,557.2,467.901392413,288.670004114,616.745828156,ensemble_top4,89.2986075871,0,268.529995886,89.2986075871,1.19084920249,0.174666668161
maternal_deaths,39,Congo,Congo,African Region,2022,449.7,462.87347533,262.898655889,621.680137896,ensemble_top4,0,0,186.801344111,-13.1734753298,0.97153979212,-0.0288730515382
maternal_deaths,39,Congo,Congo,African Region,2023,456.5,455.487246878,242.083098591,623.064751267,ensemble_top4,1.01275312178,0,214.416901409,1.01275312178,1.00222345001,0.00222098179893
maternal_deaths,40,Cook Islands,Cook Islands,Western Pacific Region,2020,0.0003,0.000484060675634,0,0.00352092040694,ensemble_top4,0,0,0.0003,-0.000184060675634,0.619757016219,-0.478427787083
maternal_deaths,40,Cook Islands,Cook Islands,Western Pacific Region,2021,0.0003,0.000493939956706,0,0.00657161730179,ensemble_top4,0,0,0.0003,-0.000193939956706,0.607361271198,-0.498631490014
maternal_deaths,40,Cook Islands,Cook Islands,Western Pacific Region,2022,0.0006,0.000495845147199,0,0.00905587134371,ensemble_top4,0.0001041548528,0,0.0006,0.0001041548528,1.21005520249,0.190665980464
maternal_deaths,40,Cook Islands,Cook Islands,Western Pacific Region,2023,0.0002,0.000491827848883,0,0.0105525099653,ensemble_top4,0,0,0.0002,-0.000291827848883,0.406646350861,-0.89981138807
maternal_deaths,41,Costa Rica,Costa Rica,Region of the Americas,2020,19.5,16.709370368,14.8489380835,18.7377871799,ensemble_top4,2.79062963199,0.762212820112,4.65106191651,2.79062963199,1.16700986156,0.154444803624
maternal_deaths,41,Costa Rica,Costa Rica,Region of the Americas,2021,23.45,16.3450687829,14.4295951358,18.5641104906,ensemble_top4,7.1049312171,4.88588950936,9.02040486425,7.1049312171,1.43468347007,0.360944246533
maternal_deaths,41,Costa Rica,Costa Rica,Region of the Americas,2022,14.38,16.0283945878,14.0614640387,18.4533013228,ensemble_top4,0,0,0.318535961306,-1.64839458777,0.897157848296,-0.108523458831
maternal_deaths,41,Costa Rica,Costa Rica,Region of the Americas,2023,12.53,15.6545661837,13.6724148286,18.5962830407,ensemble_top4,0,0,0,-3.12456618371,0.800405444198,-0.222636874449
maternal_deaths,42,Cote d'Ivoire,Cote d'Ivoire,African Region,2020,4353,4216.46370479,3745.71419555,4636.12011625,ensemble_top4,136.536295206,0,607.285804452,136.536295206,1.0323817077,0.0318684704736
maternal_deaths,42,Cote d'Ivoire,Cote d'Ivoire,African Region,2021,4500,4070.56802939,3571.27049493,4507.89212055,ensemble_top4,429.431970614,0,928.72950507,429.431970614,1.10549681703,0.1002948421
maternal_deaths,42,Cote d'Ivoire,Cote d'Ivoire,African Region,2022,4043,3930.36132051,3410.22434066,4379.97240044,ensemble_top4,112.638679489,0,632.775659339,112.638679489,1.02865860675,0.0282556299423
maternal_deaths,42,Cote d'Ivoire,Cote d'Ivoire,African Region,2023,3579,3784.2423588,3242.92601177,4259.93665726,ensemble_top4,0,0,336.073988231,-205.242358796,0.945763949732,-0.0557622656624
maternal_deaths,43,Croatia,Croatia,European Region,2020,1.74,1.06599794141,0.822001639762,1.31676319789,ensemble_top4,0.67400205859,0.423236802112,0.917998360238,0.67400205859,1.632273321,0.48997371862
maternal_deaths,43,Croatia,Croatia,European Region,2021,4.41,0.991845062357,0.7395338034,1.25004200643,ensemble_top4,3.41815493764,3.15995799357,3.6704661966,3.41815493764,4.4462589646,1.49206306049
maternal_deaths,43,Croatia,Croatia,European Region,2022,1.83,0.920050766107,0.671907730065,1.18959139943,ensemble_top4,0.909949233893,0.640408600572,1.15809226993,0.909949233893,1.98902067952,0.687642396763
maternal_deaths,43,Croatia,Croatia,European Region,2023,0.96,0.851619953426,0.591422969798,1.1294797989,ensemble_top4,0.108380046574,0,0.368577030202,0.108380046574,1.12726339506,0.119792921203
maternal_deaths,44,Cuba,Cuba,Region of the Americas,2020,41.34,44.5384650414,34.813755003,54.3515666265,ensemble_top4,0,0,6.526244997,-3.19846504138,0.928186455496,-0.0745226445071
maternal_deaths,44,Cuba,Cuba,Region of the Americas,2021,168.3,43.7672112111,33.5089989533,53.9963158474,ensemble_top4,124.532788789,114.303684153,134.791001047,124.532788789,3.8453443878,1.34686316664
maternal_deaths,44,Cuba,Cuba,Region of the Americas,2022,39.23,43.1827357964,32.2655632569,53.6086398027,ensemble_top4,0,0,6.96443674306,-3.95273579641,0.908464905627,-0.0959990208111
maternal_deaths,44,Cuba,Cuba,Region of the Americas,2023,33.38,42.4201678643,31.0190953863,53.1622735693,ensemble_top4,0,0,2.36090461371,-9.0401678643,0.786889861134,-0.239666988092
maternal_deaths,45,Cyprus,Cyprus,European Region,2020,12.62,1.88631199478,1.29981893515,2.17033747372,ensemble_top4,10.7336880052,10.4496625263,11.3201810649,10.7336880052,6.69030363744,1.90065925987
maternal_deaths,45,Cyprus,Cyprus,European Region,2021,14.46,1.99128192046,1.36997696888,2.35582110178,ensemble_top4,12.4687180795,12.1041788982,13.0900230311,12.4687180795,7.26165383787,1.98260760425
maternal_deaths,45,Cyprus,Cyprus,European Region,2022,7.8,2.10833233298,1.45494464504,2.57729124889,ensemble_top4,5.69166766702,5.22270875111,6.34505535496,5.69166766702,3.69960649846,1.30822646223
maternal_deaths,45,Cyprus,Cyprus,European Region,2023,1.98,2.24364279736,1.54441885582,2.85606270783,ensemble_top4,0,0,0.435581144184,-0.263642797363,0.882493417547,-0.125003949073
maternal_deaths,46,Czechia,Czechia,European Region,2020,3.58,3.07631821024,2.52225691376,3.69758235099,ensemble_top4,0.503681789758,0,1.05774308624,0.503681789758,1.16372876775,0.151629304756
maternal_deaths,46,Czechia,Czechia,European Region,2021,4.91,2.97488899677,2.39941534928,3.64619776632,ensemble_top4,1.93511100323,1.26380223368,2.51058465072,1.93511100323,1.65048175086,0.501067215514
maternal_deaths,46,Czechia,Czechia,European Region,2022,2.94,2.85977221041,2.28860403733,3.60680383479,ensemble_top4,0.0802277895889,0,0.651395962674,0.0802277895889,1.02805390908,0.0276676064002
maternal_deaths,46,Czechia,Czechia,European Region,2023,2.48,2.75165072196,2.18806442705,3.58430464554,ensemble_top4,0,0,0.291935572951,-0.271650721961,0.901277178897,-0.103942433947
maternal_deaths,47,North Korea,Democratic People's Republic of Korea,Southeast Asia Region,2020,231.9,246.078451183,199.293993024,302.554170827,ensemble_top4,0,0,32.6060069756,-14.1784511835,0.942382394252,-0.0593441480806
maternal_deaths,47,North Korea,Democratic People's Republic of Korea,Southeast Asia Region,2021,249.6,246.561876524,194.334795812,307.718373724,ensemble_top4,3.03812347603,0,55.2652041881,3.03812347603,1.01232195147,0.0122466541317
maternal_deaths,47,North Korea,Democratic People's Republic of Korea,Southeast Asia Region,2022,231,246.309722664,189.41719565,304.430976959,ensemble_top4,0,0,41.5828043496,-15.3097226636,0.937843612107,-0.0641720687083
maternal_deaths,47,North Korea,Democratic People's Republic of Korea,Southeast Asia Region,2023,228.8,247.389331209,183.638595965,306.109941091,ensemble_top4,0,0,45.1614040349,-18.5893312092,0.924857991578,-0.0781150758736
maternal_deaths,48,DR Congo,Democratic Republic of the Congo,African Region,2020,19823,19834.9772533,19371.9192116,20369.9434943,ensemble_top4,0,0,451.080788361,-11.9772533247,0.999396154925,-0.00060402746274
maternal_deaths,48,DR Congo,Democratic Republic of the Congo,African Region,2021,21080,19964.3236258,19496.2015604,20506.4470733,ensemble_top4,1115.67637419,573.552926731,1583.79843957,1115.67637419,1.05588350475,0.0543778617278
maternal_deaths,48,DR Congo,Democratic Republic of the Congo,African Region,2022,19427,20088.0420477,19612.5517526,20665.2843478,ensemble_top4,0,0,0,-661.042047746,0.967092758658,-0.0334608639737
maternal_deaths,48,DR Congo,Democratic Republic of the Congo,African Region,2023,18661,20214.8600702,19718.3237451,20807.5488332,ensemble_top4,0,0,0,-1553.86007021,0.92313278129,-0.0799821964404
maternal_deaths,49,Denmark,Denmark,European Region,2020,2.49,2.44574355569,1.95065154955,3.04245018469,ensemble_top4,0.0442564443115,0,0.539348450448,0.0442564443115,1.01809529221,0.0179335210267
maternal_deaths,49,Denmark,Denmark,European Region,2021,4.86,2.34052914762,1.83143211289,3.00769956896,ensemble_top4,2.51947085238,1.85230043104,3.02856788711,2.51947085238,2.07645352545,0.730661402644
maternal_deaths,49,Denmark,Denmark,European Region,2022,3.23,2.22590082815,1.70673075053,2.9811673594,ensemble_top4,1.00409917185,0.248832640597,1.52326924947,1.00409917185,1.45109789221,0.372320436969
maternal_deaths,49,Denmark,Denmark,European Region,2023,2.12,2.11128531863,1.60973795188,3.01158494431,ensemble_top4,0.00871468137202,0,0.510262048124,0.00871468137202,1.00412766635,0.00411917090814
maternal_deaths,50,Djibouti,Djibouti,Eastern Mediterranean,2020,45.69,46.9344223424,41.9393358389,52.6861772106,ensemble_top4,0,0,3.75066416109,-1.24442234244,0.973485934623,-0.0268719025305
maternal_deaths,50,Djibouti,Djibouti,Eastern Mediterranean,2021,52.87,46.8418217378,41.4093001297,53.122829288,ensemble_top4,6.02817826222,0,11.4606998703,6.02817826222,1.12869222499,0.121059639495
maternal_deaths,50,Djibouti,Djibouti,Eastern Mediterranean,2022,41.71,46.6864626046,41.0132744161,54.0209542321,ensemble_top4,0,0,0.696725583865,-4.97646260457,0.893406732339,-0.112713334455
maternal_deaths,50,Djibouti,Djibouti,Eastern Mediterranean,2023,38.76,46.6768379282,40.5750333582,55.2723037666,ensemble_top4,0,0,0,-7.91683792821,0.830390440321,-0.185859278774
maternal_deaths,51,Dominica,Dominica,Region of the Americas,2020,0.36,0.374100486459,0.256066953878,0.495627806124,ensemble_top4,0,0,0.103933046122,-0.0141004864589,0.962308291571,-0.0384204102477
maternal_deaths,51,Dominica,Dominica,Region of the Americas,2021,0.83,0.36345678383,0.244024202459,0.493270658302,ensemble_top4,0.46654321617,0.336729341698,0.585975797541,0.46654321617,2.28362775693,0.825765299935
maternal_deaths,51,Dominica,Dominica,Region of the Americas,2022,0.33,0.352213610318,0.231934050036,0.476831262099,ensemble_top4,0,0,0.0980659499636,-0.0222136103177,0.936931425513,-0.0651451845736
maternal_deaths,51,Dominica,Dominica,Region of the Americas,2023,0.26,0.34221786945,0.219441709605,0.468546288662,ensemble_top4,0,0,0.0405582903954,-0.0822178694503,0.759749923105,-0.274765948396
maternal_deaths,52,Dominican Republic,Dominican Republic,Region of the Americas,2020,253.5,249.562839469,216.572981937,333.773912481,ensemble_top4,3.93716053105,0,36.9270180626,3.93716053105,1.0157762291,0.0156530779525
maternal_deaths,52,Dominican Republic,Dominican Republic,Region of the Americas,2021,315.1,261.552323514,217.994887938,382.739643648,ensemble_top4,53.547676486,0,97.1051120617,53.547676486,1.20473026493,0.186255695354
maternal_deaths,52,Dominican Republic,Dominican Republic,Region of the Americas,2022,254.5,273.356925114,220.177121274,448.65953067,ensemble_top4,0,0,34.3228787262,-18.8569251137,0.931017203585,-0.0714775232667
maternal_deaths,52,Dominican Republic,Dominican Republic,Region of the Americas,2023,252.9,282.63271525,221.812773427,602.725910556,ensemble_top4,0,0,31.0872265732,-29.7327152504,0.894800871781,-0.111154075092
maternal_deaths,53,Ecuador,Ecuador,Region of the Americas,2020,263.1,161.939307453,141.50043431,182.448860807,ensemble_top4,101.160692547,80.6511391928,121.59956569,101.160692547,1.62468275392,0.485312568364
maternal_deaths,53,Ecuador,Ecuador,Region of the Americas,2021,262.2,155.27388467,134.709229107,176.534699509,ensemble_top4,106.92611533,85.6653004911,127.490770893,106.92611533,1.6886290992,0.523917015841
maternal_deaths,53,Ecuador,Ecuador,Region of the Americas,2022,188.9,148.417973508,128.49209559,169.837130712,ensemble_top4,40.4820264919,19.0628692875,60.4079044105,40.4820264919,1.2727569009,0.241185335824
maternal_deaths,53,Ecuador,Ecuador,Region of the Americas,2023,149.7,142.356384941,121.544464537,163.709687162,ensemble_top4,7.34361505883,0,28.1555354627,7.34361505883,1.05158613055,0.0502996248882
maternal_deaths,54,Egypt,Egypt,Eastern Mediterranean,2020,751.1,503.31832391,418.327307661,589.426917433,ensemble_top4,247.78167609,161.673082567,332.772692339,247.78167609,1.49229615597,0.400315978042
maternal_deaths,54,Egypt,Egypt,Eastern Mediterranean,2021,978.5,480.66165338,394.595609932,572.584169172,ensemble_top4,497.83834662,405.915830828,583.904390068,497.83834662,2.03573551815,0.710857187575
maternal_deaths,54,Egypt,Egypt,Eastern Mediterranean,2022,570.7,457.453302208,373.322418602,546.39482313,ensemble_top4,113.246697792,24.3051768696,197.377581398,113.246697792,1.24755903443,0.221188869713
maternal_deaths,54,Egypt,Egypt,Eastern Mediterranean,2023,407.8,435.329629591,346.370699414,528.269023905,ensemble_top4,0,0,61.429300586,-27.5296295911,0.936761415443,-0.0653266551612
maternal_deaths,55,El Salvador,El Salvador,Region of the Americas,2020,48.81,46.3885721037,39.7179018295,52.5461055686,ensemble_top4,2.4214278963,0,9.09209817048,2.4214278963,1.05219880213,0.05088207187
maternal_deaths,55,El Salvador,El Salvador,Region of the Americas,2021,59.08,46.480716915,38.92282661,52.9151492442,ensemble_top4,12.599283085,6.16485075581,20.15717339,12.599283085,1.27106473224,0.239854921077
maternal_deaths,55,El Salvador,El Salvador,Region of the Americas,2022,38.76,46.5621708457,38.0288450527,53.0846460327,ensemble_top4,0,0,0.731154947336,-7.80217084568,0.832435414759,-0.183399640006
maternal_deaths,55,El Salvador,El Salvador,Region of the Americas,2023,38.88,46.6459081257,36.5972502583,53.5241816292,ensemble_top4,0,0,2.28274974169,-7.76590812571,0.833513625573,-0.182105229507
maternal_deaths,56,Equatorial Guinea,Equatorial Guinea,African Region,2020,105.3,106.621321526,102.682773273,111.082791449,ensemble_top4,0,0,2.61722672659,-1.32132152572,0.987607342445,-0.0124700869042
maternal_deaths,56,Equatorial Guinea,Equatorial Guinea,African Region,2021,108.9,105.517611788,101.461522579,110.020010591,ensemble_top4,3.38238821167,0,7.43847742099,3.38238821167,1.03205520059,0.0315521545729
maternal_deaths,56,Equatorial Guinea,Equatorial Guinea,African Region,2022,99.48,104.459067921,100.457357233,108.942507196,ensemble_top4,0,0,0,-4.97906792053,0.952334746809,-0.0488386811969
maternal_deaths,56,Equatorial Guinea,Equatorial Guinea,African Region,2023,94.98,103.471684068,99.4220605197,107.941122157,ensemble_top4,0,0,0,-8.49168406772,0.917932290904,-0.0856316482668
maternal_deaths,57,Eritrea,Eritrea,African Region,2020,317.1,310.939926301,281.102634327,339.214418323,ensemble_top4,6.16007369872,0,35.9973656725,6.16007369872,1.01981113771,0.0196174510418
maternal_deaths,57,Eritrea,Eritrea,African Region,2021,326.8,293.830840796,263.68387274,323.766049966,ensemble_top4,32.9691592042,3.03395003443,63.1161272596,32.9691592042,1.11220455659,0.10634413268
maternal_deaths,57,Eritrea,Eritrea,African Region,2022,294.6,277.454681466,246.639348913,308.388512367,ensemble_top4,17.1453185342,0,47.9606510869,17.1453185342,1.0617950234,0.0599608942117
maternal_deaths,57,Eritrea,Eritrea,African Region,2023,288.6,261.543185521,229.38472958,293.158111203,ensemble_top4,27.0568144788,0,59.2152704203,27.0568144788,1.10345065739,0.0984422310733
maternal_deaths,58,Estonia,Estonia,European Region,2020,0.78,0.724987224977,0.412160176662,1.06584435356,ensemble_top4,0.0550127750232,0,0.367839823338,0.0550127750232,1.07588102677,0.0731398857059
maternal_deaths,58,Estonia,Estonia,European Region,2021,1.11,0.68845927542,0.366281505198,1.04866840444,ensemble_top4,0.42154072458,0.0613315955581,0.743718494802,0.42154072458,1.61229580257,0.477659127604
maternal_deaths,58,Estonia,Estonia,European Region,2022,0.83,0.661490097037,0.335524882489,1.05419576562,ensemble_top4,0.168509902963,0,0.494475117511,0.168509902963,1.25474289595,0.226930687813
maternal_deaths,58,Estonia,Estonia,European Region,2023,0.55,0.634887879796,0.290433987778,1.07210289828,ensemble_top4,0,0,0.259566012222,-0.0848878797956,0.866294691556,-0.143530137825
maternal_deaths,59,Eswatini,Eswatini,African Region,2020,30.97,25.0910991966,-0,65.2703363105,ensemble_top4,5.8789008034,0,30.97,5.8789008034,1.23430224229,0.210505824419
maternal_deaths,59,Eswatini,Eswatini,African Region,2021,66.05,20.0134880829,-0,59.898536896,ensemble_top4,46.0365119171,6.15146310396,66.05,46.0365119171,3.30027428134,1.19400558058
maternal_deaths,59,Eswatini,Eswatini,African Region,2022,33.45,15.2308270502,-0,54.5850008893,ensemble_top4,18.2191729498,0,33.45,18.2191729498,2.19620378392,0.786730317121
maternal_deaths,59,Eswatini,Eswatini,African Region,2023,34.93,12.3041019305,-0,52.322065018,ensemble_top4,22.6258980695,0,34.93,22.6258980695,2.83889065593,1.04341336176
maternal_deaths,60,Ethiopia,Ethiopia,African Region,2020,9661,10215.1727572,8850.45551774,11639.1026466,ensemble_top4,0,0,810.54448226,-554.172757185,0.945750035721,-0.0557769776993
maternal_deaths,60,Ethiopia,Ethiopia,African Region,2021,10023,9497.87782282,8176.70644462,11011.3044549,ensemble_top4,525.122177183,0,1846.29355538,525.122177183,1.05528836936,0.0538140654628
maternal_deaths,60,Ethiopia,Ethiopia,African Region,2022,8432,8852.07026002,7492.28764852,10426.0640595,ensemble_top4,0,0,939.712351476,-420.070260018,0.952545534809,-0.0486173675497
maternal_deaths,60,Ethiopia,Ethiopia,African Region,2023,8003,8228.11044974,6849.42843799,9908.08296518,ensemble_top4,0,0,1153.57156201,-225.110449744,0.972641294606,-0.0277399239598
maternal_deaths,61,Fiji,Fiji,Western Pacific Region,2020,5.77,5.75864459511,5.07121761782,6.2757406856,ensemble_top4,0.0113554048871,0,0.698782382178,0.0113554048871,1.00197188847,0.00196994685119
maternal_deaths,61,Fiji,Fiji,Western Pacific Region,2021,11.54,5.51955884399,4.6582339705,6.08329650189,ensemble_top4,6.02044115601,5.45670349811,6.8817660295,6.02044115601,2.09074680173,0.737521323552
maternal_deaths,61,Fiji,Fiji,Western Pacific Region,2022,5.32,5.2854533809,4.22676423541,5.86000047512,ensemble_top4,0.0345466190979,0,1.09323576459,0.0345466190979,1.00653616948,0.00651490135277
maternal_deaths,61,Fiji,Fiji,Western Pacific Region,2023,5.03,5.06172402801,3.75021386247,5.65627242668,ensemble_top4,0,0,1.27978613753,-0.0317240280141,0.993732564668,-0.0062871581557
maternal_deaths,62,Finland,Finland,European Region,2020,3.97,3.67237964556,3.17459306527,4.15349437974,ensemble_top4,0.297620354437,0,0.795406934733,0.297620354437,1.08104291581,0.0779262379706
maternal_deaths,62,Finland,Finland,European Region,2021,4.19,3.5792613109,3.05425132471,4.09888346307,ensemble_top4,0.610738689102,0.0911165369289,1.13574867529,0.610738689102,1.17063260714,0.15754429255
maternal_deaths,62,Finland,Finland,European Region,2022,3.73,3.48367619302,2.92358523832,4.01857093448,ensemble_top4,0.246323806981,0,0.806414761679,0.246323806981,1.07070800882,0.068320120139
maternal_deaths,62,Finland,Finland,European Region,2023,3.43,3.37935559035,2.79637061449,3.94876900449,ensemble_top4,0.050644409653,0,0.633629385511,0.050644409653,1.01498641037,0.0148752236031
maternal_deaths,63,France,France,European Region,2020,61.87,59.6794636105,53.8163380232,67.0866912468,ensemble_top4,2.19053638948,0,8.05366197684,2.19053638948,1.03670502811,0.0360474414472
maternal_deaths,63,France,France,European Region,2021,61.72,58.3090168068,52.3104462462,65.7489489648,ensemble_top4,3.41098319321,0,9.40955375383,3.41098319321,1.05849838293,0.0568512838883
maternal_deaths,63,France,France,European Region,2022,59.85,56.9477391002,50.5749837247,64.6612526604,ensemble_top4,2.9022608998,0,9.27501627526,2.9022608998,1.05096358426,0.049707442632
maternal_deaths,63,France,France,European Region,2023,46.67,55.6585426775,49.2430383267,63.4641823744,ensemble_top4,0,0,0,-8.98854267754,0.838505604978,-0.176134013212
maternal_deaths,64,Gabon,Gabon,African Region,2020,133,118.34131861,70.1219501797,146.130829164,ensemble_top4,14.6586813895,0,62.8780498203,14.6586813895,1.12386782201,0.116776148476
maternal_deaths,64,Gabon,Gabon,African Region,2021,171.6,120.153802452,65.6335856154,148.917644415,ensemble_top4,51.4461975479,22.6823555849,105.966414385,51.4461975479,1.42816953353,0.356393577831
maternal_deaths,64,Gabon,Gabon,African Region,2022,148.5,122.207279029,61.7914424164,151.430241524,ensemble_top4,26.2927209712,0,86.7085575836,26.2927209712,1.21514856709,0.194866346759
maternal_deaths,64,Gabon,Gabon,African Region,2023,159.9,124.373696488,60.6068400202,154.429126189,ensemble_top4,35.526303512,5.47087381108,99.2931599798,35.526303512,1.28564161487,0.251257904914
maternal_deaths,65,Gambia,Gambia,African Region,2020,317.3,318.683073614,272.813165059,406.839532325,ensemble_top4,0,0,44.4868349408,-1.38307361352,0.995660034285,-0.00434941070368
maternal_deaths,65,Gambia,Gambia,African Region,2021,337.3,300.823175359,252.047488189,395.918356053,ensemble_top4,36.4768246413,0,85.2525118112,36.4768246413,1.12125669705,0.11445010722
maternal_deaths,65,Gambia,Gambia,African Region,2022,296.1,282.781562892,229.068927305,385.365879892,ensemble_top4,13.3184371081,0,67.0310726954,13.3184371081,1.04709796838,0.0460224980763
maternal_deaths,65,Gambia,Gambia,African Region,2023,290.9,265.824583884,206.533903552,376.260138306,ensemble_top4,25.0754161161,0,84.366096448,25.0754161161,1.09433068887,0.0901429333412
maternal_deaths,66,Georgia,Georgia,European Region,2020,14.73,12.6322746181,5.68507448093,18.761737936,ensemble_top4,2.09772538193,0,9.04492551907,2.09772538193,1.16606078045,0.153631213885
maternal_deaths,66,Georgia,Georgia,European Region,2021,29.22,11.9507498078,4.55087372891,18.1075519577,ensemble_top4,17.2692501922,11.1124480423,24.6691262711,17.2692501922,2.44503486977,0.89405938449
maternal_deaths,66,Georgia,Georgia,European Region,2022,9.66,11.2427233694,3.77803459718,17.5822296638,ensemble_top4,0,0,5.88196540282,-1.58272336944,0.8592224217,-0.151727459548
maternal_deaths,66,Georgia,Georgia,European Region,2023,8.62,10.5644231116,2.85831409357,16.9896496509,ensemble_top4,0,0,5.76168590643,-1.94442311162,0.81594611546,-0.203406961174
maternal_deaths,67,Germany,Germany,European Region,2020,32.81,32.1802819755,27.6206813722,35.3365962417,ensemble_top4,0.629718024529,0,5.18931862784,0.629718024529,1.01956844334,0.0193794430024
maternal_deaths,67,Germany,Germany,European Region,2021,35.46,32.1008262337,27.0180993514,36.1350142289,ensemble_top4,3.35917376627,0,8.44190064861,3.35917376627,1.10464446435,0.0995235314727
maternal_deaths,67,Germany,Germany,European Region,2022,29.45,32.0216430274,26.4004531915,37.3421470244,ensemble_top4,0,0,3.04954680852,-2.5716430274,0.91969047231,-0.0837181086904
maternal_deaths,67,Germany,Germany,European Region,2023,26.04,31.9532723375,25.842258853,39.094412819,ensemble_top4,0,0,0.197741146968,-5.91327233749,0.814940007551,-0.204640778817
maternal_deaths,68,Ghana,Ghana,African Region,2020,2211,2218.90653094,1953.55209702,2616.73660087,ensemble_top4,0,0,257.447902979,-7.90653093801,0.996436744483,-0.00356961903296
maternal_deaths,68,Ghana,Ghana,African Region,2021,2320,2127.09872817,1840.50781069,2567.89954294,ensemble_top4,192.901271829,0,479.492189307,192.901271829,1.09068750278,0.0868082339079
maternal_deaths,68,Ghana,Ghana,African Region,2022,2108,2036.89781824,1722.52050587,2519.02132966,ensemble_top4,71.1021817626,0,385.47949413,71.1021817626,1.03490709309,0.0343116575609
maternal_deaths,68,Ghana,Ghana,African Region,2023,2083,1949.43886831,1613.16503015,2476.16566332,ensemble_top4,133.56113169,0,469.83496985,133.56113169,1.06851260322,0.0662675909552
maternal_deaths,69,Greece,Greece,European Region,2020,6.1,4.53306010535,3.95152434065,5.09799954669,ensemble_top4,1.56693989465,1.00200045331,2.14847565935,1.56693989465,1.34566933997,0.2968915398
maternal_deaths,69,Greece,Greece,European Region,2021,7.47,4.58157679681,3.99365537654,5.2378419238,ensemble_top4,2.88842320319,2.2321580762,3.47634462346,2.88842320319,1.63044303987,0.488851781489
maternal_deaths,69,Greece,Greece,European Region,2022,7.33,4.62815296634,4.0016162935,5.41787442879,ensemble_top4,2.70184703366,1.91212557121,3.3283837065,2.70184703366,1.58378516296,0.459817654749
maternal_deaths,69,Greece,Greece,European Region,2023,3.53,4.66147982037,4.01603784754,5.59828697539,ensemble_top4,0,0,0,-1.13147982037,0.757270252373,-0.2780350848
maternal_deaths,70,Grenada,Grenada,Region of the Americas,2020,0.72,0.642726962297,0.531310576837,0.759696266062,ensemble_top4,0.0772730377028,0,0.188689423163,0.0772730377028,1.1202268494,0.113531208907
maternal_deaths,70,Grenada,Grenada,Region of the Americas,2021,0.74,0.632040973926,0.514143524581,0.756983475734,ensemble_top4,0.107959026074,0,0.225856475419,0.107959026074,1.17081016979,0.157695961991
maternal_deaths,70,Grenada,Grenada,Region of the Americas,2022,0.7,0.621951067109,0.502047917154,0.756190440798,ensemble_top4,0.0780489328912,0,0.197952082846,0.0780489328912,1.12549047187,0.118218915642
maternal_deaths,70,Grenada,Grenada,Region of the Americas,2023,0.66,0.611367152782,0.490397827584,0.758642505889,ensemble_top4,0.0486328472175,0,0.169602172416,0.0486328472175,1.07954769404,0.0765421516022
maternal_deaths,71,Guatemala,Guatemala,Region of the Americas,2020,392.1,417.744211658,379.624777581,452.29906071,ensemble_top4,0,0,12.4752224193,-25.6442116581,0.938612646346,-0.0633524020863
maternal_deaths,71,Guatemala,Guatemala,Region of the Americas,2021,471.9,410.443865353,368.718846126,449.689546508,ensemble_top4,61.4561346471,22.2104534923,103.181153874,61.4561346471,1.14973091288,0.139527926199
maternal_deaths,71,Guatemala,Guatemala,Region of the Americas,2022,363,403.161994213,359.596587503,447.767205447,ensemble_top4,0,0,3.40341249675,-40.1619942126,0.900382489448,-0.104935617664
maternal_deaths,71,Guatemala,Guatemala,Region of the Americas,2023,353.5,396.149223197,350.325348337,448.751640158,ensemble_top4,0,0,3.17465166345,-42.6492231969,0.892340510344,-0.113907481192
maternal_deaths,72,Guinea,Guinea,African Region,2020,2509,2569.23646124,2445.39627298,2688.20863132,ensemble_top4,0,0,63.6037270152,-60.2364612387,0.976554722717,-0.0237244905866
maternal_deaths,72,Guinea,Guinea,African Region,2021,2558,2524.29932004,2400.12640647,2646.30504276,ensemble_top4,33.7006799632,0,157.873593533,33.7006799632,1.01335050867,0.0132621759539
maternal_deaths,72,Guinea,Guinea,African Region,2022,2418,2481.70702467,2356.87848564,2602.48596611,ensemble_top4,0,0,61.1215143601,-63.707024666,0.97432935313,-0.0260058876008
maternal_deaths,72,Guinea,Guinea,African Region,2023,2409,2438.94333841,2310.01059617,2559.62334587,ensemble_top4,0,0,98.9894038322,-29.9433384076,0.987722823267,-0.012353163846
maternal_deaths,73,Guinea-Bissau,Guinea-Bissau,African Region,2020,381.2,351.168274239,306.947100599,398.051522868,ensemble_top4,30.0317257609,0,74.2528994014,30.0317257609,1.08551947304,0.0820586494095
maternal_deaths,73,Guinea-Bissau,Guinea-Bissau,African Region,2021,393.5,340.9624382,292.734428131,394.572224263,ensemble_top4,52.5375618003,0,100.765571869,52.5375618003,1.15408606906,0.143308748548
maternal_deaths,73,Guinea-Bissau,Guinea-Bissau,African Region,2022,345.8,331.457286669,275.149410036,393.500998997,ensemble_top4,14.3427133311,0,70.650589964,14.3427133311,1.04327167906,0.0423616205858
maternal_deaths,73,Guinea-Bissau,Guinea-Bissau,African Region,2023,326.9,322.512640438,256.7832931,388.098726765,ensemble_top4,4.38735956225,0,70.1167068997,4.38735956225,1.0136036825,0.0135119831066
maternal_deaths,74,Guyana,Guyana,Region of the Americas,2020,18.63,17.3255083308,16.1270286639,18.5588336212,ensemble_top4,1.30449166921,0.0711663788417,2.5029713361,1.30449166921,1.07529312528,0.0725932990856
maternal_deaths,74,Guyana,Guyana,Region of the Americas,2021,32.31,16.8016310297,15.5461108105,18.116972039,ensemble_top4,15.5083689703,14.193027961,16.7638891895,15.5083689703,1.92302758838,0.653900813037
maternal_deaths,74,Guyana,Guyana,Region of the Americas,2022,14.14,16.317343734,15.0385935283,17.6761021306,ensemble_top4,0,0,0,-2.17734373397,0.86656261157,-0.143220914422
maternal_deaths,74,Guyana,Guyana,Region of the Americas,2023,12.53,15.8160383851,14.5771070217,17.2614531785,ensemble_top4,0,0,0,-3.28603838514,0.792233787936,-0.232898743939
maternal_deaths,75,Haiti,Haiti,Region of the Americas,2020,908.6,917.965765928,798.213880942,1050.2553177,ensemble_top4,0,0,110.386119058,-9.36576592787,0.989797260121,-0.0102551445823
maternal_deaths,75,Haiti,Haiti,Region of the Americas,2021,1003,907.668924211,781.261341451,1041.55385341,ensemble_top4,95.331075789,0,221.738658549,95.331075789,1.10502846715,0.099871096764
maternal_deaths,75,Haiti,Haiti,Region of the Americas,2022,858.1,892.748069609,763.655869935,1032.32041066,ensemble_top4,0,0,94.4441300647,-34.6480696092,0.961189420858,-0.039583781362
maternal_deaths,75,Haiti,Haiti,Region of the Americas,2023,846.3,880.33224314,747.347828878,1019.11490308,ensemble_top4,0,0,98.9521711225,-34.0322431399,0.961341591876,-0.0394254785651
maternal_deaths,76,Honduras,Honduras,Region of the Americas,2020,131.9,110.966713874,102.392315439,119.724752573,ensemble_top4,20.933286126,12.1752474274,29.5076845606,20.933286126,1.18864473314,0.172813778391
maternal_deaths,76,Honduras,Honduras,Region of the Americas,2021,204.6,107.61138835,98.6449322279,116.254481748,ensemble_top4,96.98861165,88.345518252,105.955067772,96.98861165,1.90128575736,0.642530371707
maternal_deaths,76,Honduras,Honduras,Region of the Americas,2022,111.9,104.357662311,95.3042344718,113.161947285,ensemble_top4,7.54233768869,0,16.5957655282,7.54233768869,1.07227392337,0.0697815555369
maternal_deaths,76,Honduras,Honduras,Region of the Americas,2023,109.3,101.000765497,91.3601126766,110.491440962,ensemble_top4,8.2992345029,0,17.9398873234,8.2992345029,1.08217001586,0.0789682991908
maternal_deaths,77,Hungary,Hungary,European Region,2020,17.21,12.4105830107,11.3405632984,13.5325453081,ensemble_top4,4.79941698927,3.67745469185,5.86943670161,4.79941698927,1.38671970407,0.326941033002
maternal_deaths,77,Hungary,Hungary,European Region,2021,27.81,12.3885437837,11.2882464046,13.5853013645,ensemble_top4,15.4214562163,14.2246986355,16.5217535954,15.4214562163,2.24481589488,0.808623511097
maternal_deaths,77,Hungary,Hungary,European Region,2022,12.14,12.3750962678,11.2320080689,13.6799503897,ensemble_top4,0,0,0.907991931077,-0.23509626785,0.981002469576,-0.0191803020133
maternal_deaths,77,Hungary,Hungary,European Region,2023,9.95,12.3771137897,11.2186076169,13.8396859796,ensemble_top4,0,0,0,-2.42711378973,0.803903088316,-0.218276553989
maternal_deaths,78,Iceland,Iceland,European Region,2020,0.53,0.190610624536,0.110865388517,0.276071128328,ensemble_top4,0.339389375464,0.253928871672,0.419134611483,0.339389375464,2.7805375555,1.0226442743
maternal_deaths,78,Iceland,Iceland,European Region,2021,0.26,0.190049115215,0.106124257097,0.278437015362,ensemble_top4,0.0699508847846,0,0.153875742903,0.0699508847846,1.36806740566,0.313399091127
maternal_deaths,78,Iceland,Iceland,European Region,2022,0.22,0.187514007357,0.106639966387,0.275258987754,ensemble_top4,0.0324859926431,0,0.113360033613,0.0324859926431,1.17324568495,0.159773997829
maternal_deaths,78,Iceland,Iceland,European Region,2023,0.13,0.185191905805,0.102552108117,0.273861087892,ensemble_top4,0,0,0.0274478918833,-0.0551919058054,0.701974524397,-0.353858165647
maternal_deaths,79,India,India,Southeast Asia Region,2020,23610,22089.2679548,20099.1561708,24464.2543169,ensemble_top4,1520.73204522,0,3510.84382919,1520.73204522,1.0688448367,0.0665784734278
maternal_deaths,79,India,India,Southeast Asia Region,2021,36102,20390.2149711,18364.2942154,22829.9391573,ensemble_top4,15711.7850289,13272.0608427,17737.7057846,15711.7850289,1.77055514379,0.571293137968
maternal_deaths,79,India,India,Southeast Asia Region,2022,20875,18806.339509,16763.0047772,21455.4609891,ensemble_top4,2068.66049103,0,4111.99522284,2068.66049103,1.10999804029,0.104358249819
maternal_deaths,79,India,India,Southeast Asia Region,2023,18687,17383.1341132,15287.2904067,20204.4119288,ensemble_top4,1303.8658868,0,3399.70959328,1303.8658868,1.07500752616,0.0723276626372
maternal_deaths,80,Indonesia,Indonesia,Southeast Asia Region,2020,8451,7416.4181401,6364.23095894,8480.99615577,ensemble_top4,1034.5818599,0,2086.76904106,1034.5818599,1.13949885785,0.13058856738
maternal_deaths,80,Indonesia,Indonesia,Southeast Asia Region,2021,10289,7045.10754454,5967.56295761,8154.79312435,ensemble_top4,3243.89245546,2134.20687565,4321.43704239,3243.89245546,1.46044612307,0.378741952788
maternal_deaths,80,Indonesia,Indonesia,Southeast Asia Region,2022,6698,6707.53816873,5589.5228157,7777.29366123,ensemble_top4,0,0,1108.4771843,-9.53816872771,0.998577992627,-0.00142301938456
maternal_deaths,80,Indonesia,Indonesia,Southeast Asia Region,2023,6298,6339.59265532,5236.95900871,7421.18935088,ensemble_top4,0,0,1061.04099129,-41.5926553185,0.993439222742,-0.00658239375642
maternal_deaths,81,Iran,Iran (Islamic Republic of),Eastern Mediterranean,2020,422,272.168149404,204.21205067,320.741754267,ensemble_top4,149.831850596,101.258245733,217.78794933,149.831850596,1.55051206735,0.438585242408
maternal_deaths,81,Iran,Iran (Islamic Republic of),Eastern Mediterranean,2021,615,263.899482151,177.645583106,314.120540165,ensemble_top4,351.100517849,300.879459835,437.354416894,351.100517849,2.33043276549,0.846053986593
maternal_deaths,81,Iran,Iran (Islamic Republic of),Eastern Mediterranean,2022,253,255.500475654,153.476619143,306.950286409,ensemble_top4,0,0,99.5233808573,-2.50047565447,0.990213420746,-0.00983478257585
maternal_deaths,81,Iran,Iran (Islamic Republic of),Eastern Mediterranean,2023,185.9,246.458352635,130.600539608,300.932456984,ensemble_top4,0,0,55.2994603919,-60.5583526346,0.754285655214,-0.281984129652
maternal_deaths,82,Iraq,Iraq,Eastern Mediterranean,2020,712.4,786.766079212,639.445545006,983.17023866,ensemble_top4,0,0,72.9544549937,-74.3660792121,0.905478793282,-0.0992914218316
maternal_deaths,82,Iraq,Iraq,Eastern Mediterranean,2021,872.8,751.558210458,577.139903711,960.467170967,ensemble_top4,121.241789542,0,295.660096289,121.241789542,1.16132055755,0.149557769299
maternal_deaths,82,Iraq,Iraq,Eastern Mediterranean,2022,675.2,711.964077848,514.127186434,936.612260474,ensemble_top4,0,0,161.072813566,-36.7640778483,0.948362453961,-0.0530185143972
maternal_deaths,82,Iraq,Iraq,Eastern Mediterranean,2023,765.3,676.928815417,458.909939476,920.321156433,ensemble_top4,88.371184583,0,306.390060524,88.371184583,1.13054723417,0.122701793526
maternal_deaths,83,Ireland,Ireland,European Region,2020,3.16,2.34353689716,1.43813972094,3.28878931947,ensemble_top4,0.816463102837,0,1.72186027906,0.816463102837,1.34838926745,0.298910744873
maternal_deaths,83,Ireland,Ireland,European Region,2021,3.45,2.17361655211,1.24031876498,3.16546643968,ensemble_top4,1.27638344789,0.284533560321,2.20968123502,1.27638344789,1.58721647415,0.461981836876
maternal_deaths,83,Ireland,Ireland,European Region,2022,3.62,2.01317333063,1.09288778456,2.9833776565,ensemble_top4,1.60682666937,0.636622343504,2.52711221544,1.60682666937,1.79815614727,0.586761777256
maternal_deaths,83,Ireland,Ireland,European Region,2023,2.02,1.85834618942,0.975166413306,2.8535226038,ensemble_top4,0.161653810578,0,1.04483358669,0.161653810578,1.08698799583,0.0834105646844
maternal_deaths,84,Israel,Israel,European Region,2020,5.46,4.68815038545,3.94926668685,5.55996684031,ensemble_top4,0.77184961455,0,1.51073331315,0.77184961455,1.16463840771,0.152410659189
maternal_deaths,84,Israel,Israel,European Region,2021,5.9,4.48884673978,3.65290414385,5.57846596432,ensemble_top4,1.41115326022,0.321534035684,2.24709585615,1.41115326022,1.31436877711,0.273356532978
maternal_deaths,84,Israel,Israel,European Region,2022,5.52,4.27427766934,3.39173624231,5.5760453817,ensemble_top4,1.24572233066,0,2.12826375769,1.24572233066,1.29144628099,0.255762738413
maternal_deaths,84,Israel,Israel,European Region,2023,4.29,4.0584004451,3.10890773103,5.57663994821,ensemble_top4,0.231599554901,0,1.18109226897,0.231599554901,1.05706670843,0.0554978159962
maternal_deaths,85,Italy,Italy,European Region,2020,31.17,31.0027051696,23.9988679377,37.3134427118,ensemble_top4,0.16729483045,0,7.17113206234,0.16729483045,1.00539613655,0.00538162956746
maternal_deaths,85,Italy,Italy,European Region,2021,29.96,30.0111576989,21.4824964005,36.5206666305,ensemble_top4,0,0,8.47750359951,-0.0511576989371,0.998295377358,-0.00170607716471
maternal_deaths,85,Italy,Italy,European Region,2022,39.13,28.9901649353,19.0598597444,35.7091816879,ensemble_top4,10.1398350647,3.42081831206,20.0701402556,10.1398350647,1.3497681054,0.299932803918
maternal_deaths,85,Italy,Italy,European Region,2023,24.91,28.1128774739,16.803160652,34.8806036192,ensemble_top4,0,0,8.10683934795,-3.20287747392,0.886070805918,-0.120958415184
maternal_deaths,86,Jamaica,Jamaica,Region of the Americas,2020,42.92,41.1577172677,34.8129891749,54.842851367,ensemble_top4,1.76228273228,0,8.10701082508,1.76228273228,1.04281779577,0.0419264683024
maternal_deaths,86,Jamaica,Jamaica,Region of the Americas,2021,63.18,43.2482296913,34.823997787,64.0143214212,ensemble_top4,19.9317703087,0,28.356002213,19.9317703087,1.46086904484,0.379031494827
maternal_deaths,86,Jamaica,Jamaica,Region of the Americas,2022,46.31,46.0242135303,34.4971596711,77.7742909151,ensemble_top4,0.285786469673,0,11.8128403289,0.285786469673,1.00620948079,0.00619028139942
maternal_deaths,86,Jamaica,Jamaica,Region of the Americas,2023,42.96,49.2860270599,34.2534248167,97.8175050903,ensemble_top4,0,0,8.70657518329,-6.3260270599,0.871646642319,-0.137371163898
maternal_deaths,87,Japan,Japan,Western Pacific Region,2020,36.03,38.8379849371,36.6620967316,41.0501999421,ensemble_top4,0,0,0,-2.80798493712,0.927700035373,-0.0750468361926
maternal_deaths,87,Japan,Japan,Western Pacific Region,2021,33.3,37.0380979864,34.8515901499,39.2998874167,ensemble_top4,0,0,0,-3.73809798643,0.899074245449,-0.106389661215
maternal_deaths,87,Japan,Japan,Western Pacific Region,2022,41.98,35.3429881507,33.1488832309,37.5608958734,ensemble_top4,6.63701184926,4.41910412662,8.83111676913,6.63701184926,1.18778864484,0.172093296725
maternal_deaths,87,Japan,Japan,Western Pacific Region,2023,23.08,33.724385503,31.5042942708,35.9419296486,ensemble_top4,0,0,0,-10.644385503,0.684371254087,-0.379254739472
maternal_deaths,88,Jordan,Jordan,Eastern Mediterranean,2020,96.42,87.4500453514,77.4145266099,99.2682175625,ensemble_top4,8.96995464857,0,19.0054733901,8.96995464857,1.10257232701,0.0976459289146
maternal_deaths,88,Jordan,Jordan,Eastern Mediterranean,2021,185.1,87.1006417441,76.6790417511,99.1788392687,ensemble_top4,97.9993582559,85.9211607313,108.420958249,97.9993582559,2.12512785547,0.753831967848
maternal_deaths,88,Jordan,Jordan,Eastern Mediterranean,2022,82.65,86.7550910194,75.3379209504,99.0103948034,ensemble_top4,0,0,7.3120790496,-4.10509101938,0.952681842977,-0.0484742789404
maternal_deaths,88,Jordan,Jordan,Eastern Mediterranean,2023,72.57,86.5019725154,74.0609220897,98.4575667209,ensemble_top4,0,0,0,-13.9319725154,0.838940406672,-0.175615604034
maternal_deaths,89,Kazakhstan,Kazakhstan,European Region,2020,78.76,36.9644354408,26.1645973408,47.8601493264,ensemble_top4,41.7955645592,30.8998506736,52.5954026592,41.7955645592,2.13069668347,0.756449007684
maternal_deaths,89,Kazakhstan,Kazakhstan,European Region,2021,104.2,34.5742585915,23.0363014929,46.1674166116,ensemble_top4,69.6257414085,58.0325833884,81.1636985071,69.6257414085,3.01380287662,1.10320269548
maternal_deaths,89,Kazakhstan,Kazakhstan,European Region,2022,58.6,32.4364874347,19.8362214325,44.991949234,ensemble_top4,26.1635125653,13.608050766,38.7637785675,26.1635125653,1.80660745458,0.591450752029
maternal_deaths,89,Kazakhstan,Kazakhstan,European Region,2023,39.22,30.2609480829,17.3631247061,43.7465036239,ensemble_top4,8.9590519171,0,21.8568752939,8.9590519171,1.29605985551,0.259328781673
maternal_deaths,90,Kenya,Kenya,African Region,2020,6110,5966.25288682,5478.39177088,6365.25081695,ensemble_top4,143.747113181,0,631.608229122,143.747113181,1.02409336579,0.0238076999875
maternal_deaths,90,Kenya,Kenya,African Region,2021,6184,5881.23423987,5329.42380154,6284.15314001,ensemble_top4,302.765760131,0,854.576198464,302.765760131,1.05147996964,0.0501986666618
maternal_deaths,90,Kenya,Kenya,African Region,2022,5762,5792.12453309,5205.20026117,6217.72385299,ensemble_top4,0,0,556.799738826,-30.1245330898,0.994799052935,-0.00521451906871
maternal_deaths,90,Kenya,Kenya,African Region,2023,5682,5729.7610067,5055.37021397,6144.81311582,ensemble_top4,0,0,626.629786032,-47.7610067011,0.991664398106,-0.00837053729759
maternal_deaths,91,Kiribati,Kiribati,Western Pacific Region,2020,3.07,3.04469674738,2.67671048219,3.40617515874,ranked_top1_fallback,0.0253032526211,0,0.393289517808,0.0253032526211,1.00831059863,0.00827625574845
maternal_deaths,91,Kiribati,Kiribati,Western Pacific Region,2021,4.21,3.02894013744,2.65125561556,3.41206254601,ranked_top1_fallback,1.18105986256,0.797937453995,1.55874438444,1.18105986256,1.38992512528,0.329249878987
maternal_deaths,91,Kiribati,Kiribati,Western Pacific Region,2022,2.96,3.00176887818,2.61664976802,3.40735405655,ranked_top1_fallback,0,0,0.343350231976,-0.0417688781751,0.98608524511,-0.0140124726294
maternal_deaths,91,Kiribati,Kiribati,Western Pacific Region,2023,2.73,2.97762328811,2.6013889675,3.38689648779,ranked_top1_fallback,0,0,0.128611032497,-0.247623288112,0.91683861115,-0.0868238187801
maternal_deaths,92,Kuwait,Kuwait,Eastern Mediterranean,2020,17.23,4.20242047727,3.87418413491,4.53327951397,ranked_top1_fallback,13.0275795227,12.696720486,13.3558158651,13.0275795227,4.10001809509,1.41099138714
maternal_deaths,92,Kuwait,Kuwait,Eastern Mediterranean,2021,32.89,4.13227865476,3.79369548185,4.47243392234,ranked_top1_fallback,28.7577213452,28.4175660777,29.0963045181,28.7577213452,7.95928898988,2.07433967299
maternal_deaths,92,Kuwait,Kuwait,Eastern Mediterranean,2022,3.73,4.0532400995,3.70716690971,4.41597125316,ranked_top1_fallback,0,0,0.0228330902947,-0.323240099502,0.920251430567,-0.0831083521821
maternal_deaths,92,Kuwait,Kuwait,Eastern Mediterranean,2023,3.83,3.9777698694,3.64290299642,4.33622860709,ranked_top1_fallback,0,0,0.187097003577,-0.147769869395,0.962851076295,-0.037856524735
maternal_deaths,93,Kyrgyzstan,Kyrgyzstan,European Region,2020,88.23,79.8365811724,66.0622388219,92.535354232,ensemble_top4,8.39341882756,0,22.1677611781,8.39341882756,1.1051324932,0.0999652311342
maternal_deaths,93,Kyrgyzstan,Kyrgyzstan,European Region,2021,107.6,78.9875093357,63.0817952039,91.9363597301,ensemble_top4,28.6124906643,15.6636402699,44.5182047961,28.6124906643,1.36224069989,0.309130917436
maternal_deaths,93,Kyrgyzstan,Kyrgyzstan,European Region,2022,65.69,78.171640202,60.5604494511,91.6888121911,ensemble_top4,0,0,5.12955054894,-12.481640202,0.840330327344,-0.173960217608
maternal_deaths,93,Kyrgyzstan,Kyrgyzstan,European Region,2023,63.16,77.9992426977,57.1617883953,91.1364772296,ensemble_top4,0,0,5.99821160466,-14.8392426977,0.809751451624,-0.211027928251
maternal_deaths,94,Laos,Lao People's Democratic Republic,Western Pacific Region,2020,219.4,194.694421547,161.305191337,234.653021867,ensemble_top4,24.705578453,0,58.0948086627,24.705578453,1.12689412597,0.119465287404
maternal_deaths,94,Laos,Lao People's Democratic Republic,Western Pacific Region,2021,229.2,179.556328943,144.407063942,222.340588617,ensemble_top4,49.6436710569,6.85941138262,84.7929360578,49.6436710569,1.27647965042,0.244106015872
maternal_deaths,94,Laos,Lao People's Democratic Republic,Western Pacific Region,2022,196.7,165.215235659,128.62657754,212.66034024,ensemble_top4,31.4847643415,0,68.0734224602,31.4847643415,1.19056816531,0.174430643025
maternal_deaths,94,Laos,Lao People's Democratic Republic,Western Pacific Region,2023,182.9,152.404581839,114.179252572,203.275115176,ensemble_top4,30.4954181611,0,68.720747428,30.4954181611,1.20009515326,0.182400848036
maternal_deaths,95,Latvia,Latvia,European Region,2020,3.72,4.37383598706,3.11723543724,5.74266302664,ensemble_top4,0,0,0.60276456276,-0.653835987064,0.850512001594,-0.161916756025
maternal_deaths,95,Latvia,Latvia,European Region,2021,7.28,4.31885889624,3.03630600622,5.82660092888,ensemble_top4,2.96114110376,1.45339907112,4.24369399378,2.96114110376,1.68563043501,0.522139639233
maternal_deaths,95,Latvia,Latvia,European Region,2022,4.66,4.24583379873,2.87924488658,5.95014026696,ensemble_top4,0.414166201273,0,1.78075511342,0.414166201273,1.09754649402,0.093077228645
maternal_deaths,95,Latvia,Latvia,European Region,2023,2.67,4.15453096054,2.82756389818,6.10634000863,ensemble_top4,0,0,0,-1.48453096054,0.642671826341,-0.442121063974
maternal_deaths,96,Lebanon,Lebanon,Eastern Mediterranean,2020,26.03,15.8087614655,12.1675334253,19.7759588179,ensemble_top4,10.2212385345,6.25404118212,13.8624665747,10.2212385345,1.64655530143,0.498685409535
maternal_deaths,96,Lebanon,Lebanon,Eastern Mediterranean,2021,50.8,15.3602173984,10.9906140455,20.0913858,ensemble_top4,35.4397826016,30.7086142,39.8093859545,35.4397826016,3.30724485743,1.19611547342
maternal_deaths,96,Lebanon,Lebanon,Eastern Mediterranean,2022,14.21,14.7066300879,9.3669086726,20.3793505748,ensemble_top4,0,0,4.8430913274,-0.49663008786,0.96623087105,-0.0343524763789
maternal_deaths,96,Lebanon,Lebanon,Eastern Mediterranean,2023,13.96,14.0187949905,8.25455979675,20.8459655536,ensemble_top4,0,0,5.70544020325,-0.0587949905183,0.995805988278,-0.00420283125727
maternal_deaths,97,Lesotho,Lesotho,African Region,2020,302.9,285.324667734,217.626123025,365.359515986,ensemble_top4,17.5753322664,0,85.2738769747,17.5753322664,1.06159766138,0.0597750011131
maternal_deaths,97,Lesotho,Lesotho,African Region,2021,324.8,284.490832088,216.221935883,363.351475515,ensemble_top4,40.3091679116,0,108.578064117,40.3091679116,1.14168881161,0.132508579886
maternal_deaths,97,Lesotho,Lesotho,African Region,2022,266,283.077725921,215.534746134,363.566686658,ensemble_top4,0,0,50.4652538665,-17.0777259209,0.93967124801,-0.0622252010492
maternal_deaths,97,Lesotho,Lesotho,African Region,2023,266.4,282.048183962,215.304296192,362.552836685,ensemble_top4,0,0,51.0957038076,-15.6481839622,0.944519465637,-0.0570789827904
maternal_deaths,98,Liberia,Liberia,African Region,2020,1092,1065.06501541,925.494905981,1215.06072028,ensemble_top4,26.9349845904,0,166.505094019,26.9349845904,1.02528952149,0.0249750326917
maternal_deaths,98,Liberia,Liberia,African Region,2021,1107,1032.87759759,873.900609084,1197.58933731,ensemble_top4,74.1224024138,0,233.099390916,74.1224024138,1.07176300714,0.0693049627819
maternal_deaths,98,Liberia,Liberia,African Region,2022,1062,999.172462778,804.40194691,1182.10732929,ensemble_top4,62.8275372224,0,257.59805309,62.8275372224,1.06287957241,0.0609818026401
maternal_deaths,98,Liberia,Liberia,African Region,2023,1068,966.947113122,735.511217278,1163.20852356,ensemble_top4,101.052886878,0,332.488782722,101.052886878,1.10450714988,0.0993992172664
maternal_deaths,99,Libya,Libya,Eastern Mediterranean,2020,93.51,90.3447924556,75.5916624444,107.379907623,ensemble_top4,3.16520754442,0,17.9183375556,3.16520754442,1.03503475362,0.0344350045292
maternal_deaths,99,Libya,Libya,Eastern Mediterranean,2021,127.5,89.2329873857,74.1973535319,107.239515156,ensemble_top4,38.2670126143,20.2604848439,53.3026464681,38.2670126143,1.42884379124,0.356865579636
maternal_deaths,99,Libya,Libya,Eastern Mediterranean,2022,76.3,88.4732872613,72.973275055,105.431678893,ensemble_top4,0,0,3.32672494497,-12.1732872613,0.862407200658,-0.148027729306
maternal_deaths,99,Libya,Libya,Eastern Mediterranean,2023,74,87.7161444432,71.8091698274,105.24859704,ensemble_top4,0,0,2.19083017258,-13.7161444432,0.843630331335,-0.170040876383
maternal_deaths,100,Lithuania,Lithuania,European Region,2020,2.04,2.4316965829,1.90709524894,2.99758840088,ensemble_top4,0,0,0.132904751061,-0.391696582901,0.838920453458,-0.175639388144
maternal_deaths,100,Lithuania,Lithuania,European Region,2021,2.14,2.35388345828,1.81920180603,2.91995735126,ensemble_top4,0,0,0.320798193975,-0.213883458285,0.909135918547,-0.0952606706283
maternal_deaths,100,Lithuania,Lithuania,European Region,2022,2.03,2.26409363997,1.71606116166,2.82798733972,ensemble_top4,0,0,0.313938838343,-0.234093639969,0.896606025547,-0.109138726842
maternal_deaths,100,Lithuania,Lithuania,European Region,2023,1.64,2.18144172008,1.64804060708,2.75224326305,ensemble_top4,0,0,0,-0.541441720084,0.751796385345,-0.285289755864
maternal_deaths,101,Luxembourg,Luxembourg,European Region,2020,0.38,0.727523635545,0.474023432728,0.972809022203,ensemble_top4,0,0,0,-0.347523635545,0.522319800257,-0.649475234519
maternal_deaths,101,Luxembourg,Luxembourg,European Region,2021,0.4,0.721656767239,0.46161842228,0.981136491834,ensemble_top4,0,0,0,-0.321656767239,0.554280120632,-0.590085087114
maternal_deaths,101,Luxembourg,Luxembourg,European Region,2022,0.41,0.71010601917,0.450291913796,0.984098789502,ensemble_top4,0,0,0,-0.30010601917,0.577378572962,-0.549257121965
maternal_deaths,101,Luxembourg,Luxembourg,European Region,2023,0.81,0.70107049241,0.441321100751,0.973332092288,ensemble_top4,0.10892950759,0,0.368678899249,0.10892950759,1.15537596971,0.144425805902
maternal_deaths,102,Madagascar,Madagascar,African Region,2020,4315,4359.23106859,4112.50347727,4758.61723149,ensemble_top4,0,0,202.496522727,-44.231068591,0.989853470051,-0.0101983568573
maternal_deaths,102,Madagascar,Madagascar,African Region,2021,4561,4385.25023658,4125.35973116,4852.86578641,ensemble_top4,175.749763419,0,435.640268841,175.749763419,1.04007747653,0.0392952070385
maternal_deaths,102,Madagascar,Madagascar,African Region,2022,4339,4406.1350053,4134.81252979,4956.16810575,ensemble_top4,0,0,204.187470208,-67.1350053024,0.984763289091,-0.0153539823343
maternal_deaths,102,Madagascar,Madagascar,African Region,2023,4460,4424.12527236,4147.63979955,5096.44005162,ensemble_top4,35.8747276401,0,312.360200446,35.8747276401,1.00810888604,0.0080761856758
maternal_deaths,103,Malawi,Malawi,African Region,2020,1630,1672.31399628,1106.01480098,2247.62572535,ensemble_top4,0,0,523.985199018,-42.3139962754,0.974697337719,-0.0256282790276
maternal_deaths,103,Malawi,Malawi,African Region,2021,1837,1637.17323298,1032.04762368,2219.77549575,ensemble_top4,199.826767016,0,804.952376321,199.826767016,1.12205597,0.115162689995
maternal_deaths,103,Malawi,Malawi,African Region,2022,1560,1593.91893993,965.637433002,2205.02440477,ensemble_top4,0,0,594.362566998,-33.9189399334,0.97871978362,-0.0215099045722
maternal_deaths,103,Malawi,Malawi,African Region,2023,1490,1559.41024985,895.069051189,2203.19802931,ensemble_top4,0,0,594.930948811,-69.4102498494,0.955489423097,-0.0455315848587
maternal_deaths,104,Malaysia,Malaysia,Western Pacific Region,2020,130.2,146.087552092,133.756727721,159.809376963,ensemble_top4,0,0,0,-15.8875520924,0.891246366547,-0.115134384068
maternal_deaths,104,Malaysia,Malaysia,Western Pacific Region,2021,221.4,146.432024426,133.651444689,160.472399853,ensemble_top4,74.9679755737,60.927600147,87.7485553105,74.9679755737,1.51196434569,0.413409696587
maternal_deaths,104,Malaysia,Malaysia,Western Pacific Region,2022,161.7,146.991477616,133.493346833,162.041082852,ensemble_top4,14.7085223844,0,28.2066531671,14.7085223844,1.10006377664,0.0953681568891
maternal_deaths,104,Malaysia,Malaysia,Western Pacific Region,2023,115,147.525158808,134.507246269,162.269095881,ensemble_top4,0,0,0,-32.5251588077,0.779528054261,-0.24906660106
maternal_deaths,105,Maldives,Maldives,Southeast Asia Region,2020,2.89,2.51338110843,1.94999274085,3.24389316024,ensemble_top4,0.376618891569,0,0.940007259147,0.376618891569,1.14984551698,0.139627600294
maternal_deaths,105,Maldives,Maldives,Southeast Asia Region,2021,3.63,2.41435520857,1.82599754806,3.17265161104,ensemble_top4,1.21564479143,0.457348388962,1.80400245194,1.21564479143,1.50350701798,0.407800391201
maternal_deaths,105,Maldives,Maldives,Southeast Asia Region,2022,2.05,2.31182012523,1.70809363829,3.13575559892,ensemble_top4,0,0,0.341906361706,-0.261820125234,0.886747190071,-0.120195354129
maternal_deaths,105,Maldives,Maldives,Southeast Asia Region,2023,1.84,2.21558033995,1.63368324994,3.06488534875,ensemble_top4,0,0,0.206316750059,-0.375580339947,0.830482184204,-0.18574880205
maternal_deaths,106,Mali,Mali,African Region,2020,3599,3760.33159929,3368.73635137,4039.43711786,ensemble_top4,0,0,230.263648631,-161.331599288,0.957096443484,-0.0438511157164
maternal_deaths,106,Mali,Mali,African Region,2021,3778,3734.95815943,3264.12627922,4020.01326112,ensemble_top4,43.0418405745,0,513.87372078,43.0418405745,1.01152404893,0.011458152853
maternal_deaths,106,Mali,Mali,African Region,2022,3547,3717.49160618,3151.72623631,4010.53896302,ensemble_top4,0,0,395.273763687,-170.491606183,0.954137998348,-0.0469469656384
maternal_deaths,106,Mali,Mali,African Region,2023,3495,3702.07213045,3031.23706205,4002.26242852,ensemble_top4,0,0,463.762937955,-207.072130453,0.944065884414,-0.0575593224607
maternal_deaths,107,Malta,Malta,European Region,2020,0.44,0.350215726408,0.243525557497,0.473652475059,ensemble_top4,0.0897842735924,0,0.196474442503,0.0897842735924,1.2563684804,0.228225401137
maternal_deaths,107,Malta,Malta,European Region,2021,0.43,0.345633185758,0.234693873068,0.472209584419,ensemble_top4,0.0843668142422,0,0.195306126932,0.0843668142422,1.24409350062,0.218407152763
maternal_deaths,107,Malta,Malta,European Region,2022,0.42,0.336928167409,0.226955003965,0.471287807634,ensemble_top4,0.083071832591,0,0.193044996035,0.083071832591,1.24655650856,0.220384956735
maternal_deaths,107,Malta,Malta,European Region,2023,0.35,0.329889578289,0.217635216313,0.471125507417,ensemble_top4,0.020110421711,0,0.132364783687,0.020110421711,1.06096107011,0.0591751672633
maternal_deaths,108,Marshall Islands,Marshall Islands,Western Pacific Region,2020,1.78,1.52327138477,1.24295854951,1.80064677476,ranked_top1_fallback,0.256728615231,0,0.537041450489,0.256728615231,1.16853767346,0.155753115347
maternal_deaths,108,Marshall Islands,Marshall Islands,Western Pacific Region,2021,1.97,1.39276071823,1.11328078148,1.67350789766,ranked_top1_fallback,0.577239281773,0.296492102343,0.856719218521,0.577239281773,1.4144568943,0.346745637132
maternal_deaths,108,Marshall Islands,Marshall Islands,Western Pacific Region,2022,1.53,1.26630547179,0.984932494659,1.56272775444,ranked_top1_fallback,0.263694528209,0,0.545067505341,0.263694528209,1.20823927092,0.189164151853
maternal_deaths,108,Marshall Islands,Marshall Islands,Western Pacific Region,2023,1.27,1.15324662052,0.888076529317,1.43737336144,ranked_top1_fallback,0.116753379477,0,0.381923470683,0.116753379477,1.10123886548,0.0964357874128
maternal_deaths,109,Mauritania,Mauritania,African Region,2020,678.7,682.812531162,648.650990924,717.763690156,ensemble_top4,0,0,30.0490090762,-4.1125311617,0.993977071342,-0.00604113965157
maternal_deaths,109,Mauritania,Mauritania,African Region,2021,711.8,675.869122721,641.197939403,718.717705832,ensemble_top4,35.9308772786,0,70.602060597,35.9308772786,1.05316247787,0.0517975212188
maternal_deaths,109,Mauritania,Mauritania,African Region,2022,654.3,668.138859973,635.097506762,719.979059961,ensemble_top4,0,0,19.2024932378,-13.8388599728,0.979287449358,-0.0209300642688
maternal_deaths,109,Mauritania,Mauritania,African Region,2023,658.8,661.199489096,629.249581132,719.334878296,ensemble_top4,0,0,29.5504188683,-2.39948909592,0.996371005823,-0.00363559495088
maternal_deaths,110,Mauritius,Mauritius,African Region,2020,7.74,8.86889076627,8.37830683788,9.4778018472,ensemble_top4,0,0,0,-1.12889076627,0.872713420875,-0.136148046365
maternal_deaths,110,Mauritius,Mauritius,African Region,2021,10.36,8.91849286365,8.37662239729,9.72523908248,ensemble_top4,1.44150713635,0.634760917524,1.98337760271,1.44150713635,1.16163124851,0.149825265989
maternal_deaths,110,Mauritius,Mauritius,African Region,2022,7.35,8.9851463422,8.36245862574,10.060109396,ensemble_top4,0,0,0,-1.6351463422,0.818016726726,-0.200872494268
maternal_deaths,110,Mauritius,Mauritius,African Region,2023,7.78,9.04242529049,8.28244447853,10.4612183358,ensemble_top4,0,0,0,-1.26242529049,0.860388640223,-0.150371084578
maternal_deaths,111,Mexico,Mexico,Region of the Americas,2020,1291,875.920934283,822.091318752,928.72437842,ensemble_top4,415.079065717,362.27562158,468.908681248,415.079065717,1.47387732097,0.387896561652
maternal_deaths,111,Mexico,Mexico,Region of the Americas,2021,2168,855.332230005,799.971260377,912.633187913,ensemble_top4,1312.66777,1255.36681209,1368.02873962,1312.66777,2.53468760319,0.930070395993
maternal_deaths,111,Mexico,Mexico,Region of the Americas,2022,937.6,835.445759218,780.953130912,892.717450504,ensemble_top4,102.154240782,44.8825494964,156.646869088,102.154240782,1.12227513235,0.11535799304
maternal_deaths,111,Mexico,Mexico,Region of the Americas,2023,858,815.890071992,760.725894066,873.810132601,ensemble_top4,42.1099280075,0,97.2741059337,42.1099280075,1.05161225691,0.0503244692944
maternal_deaths,112,Micronesia,Micronesia (Federated States of),Western Pacific Region,2020,3.78,3.74335247163,2.67867158899,4.24403664856,ensemble_top4,0.0366475283654,0,1.10132841101,0.0366475283654,1.00979002876,0.00974241692619
maternal_deaths,112,Micronesia,Micronesia (Federated States of),Western Pacific Region,2021,3.94,3.60132860763,2.34474317847,4.14527195272,ensemble_top4,0.338671392373,0,1.59525682153,0.338671392373,1.09404068034,0.0898778882586
maternal_deaths,112,Micronesia,Micronesia (Federated States of),Western Pacific Region,2022,3.63,3.46091279947,2.07090615868,4.04499275753,ensemble_top4,0.169087200534,0,1.55909384132,0.169087200534,1.0488562441,0.0477002791257
maternal_deaths,112,Micronesia,Micronesia (Federated States of),Western Pacific Region,2023,3.23,3.31892409062,1.83103654961,3.96563890495,ensemble_top4,0,0,1.39896345039,-0.0889240906184,0.973206952557,-0.0271585240812
maternal_deaths,113,Monaco,Monaco,European Region,2020,0.088,0.0285591807771,0.00473799338158,0.0530078481276,ensemble_top4,0.0594408192229,0.0349921518724,0.0832620066184,0.0594408192229,3.08132087846,1.12535836169
maternal_deaths,113,Monaco,Monaco,European Region,2021,0.018,0.0284198869912,0.00418402276214,0.0532122588037,ensemble_top4,0,0,0.0138159772379,-0.0104198869912,0.633359309471,-0.456717388383
maternal_deaths,113,Monaco,Monaco,European Region,2022,0.018,0.0287003940228,0.00348037321061,0.0530313981765,ensemble_top4,0,0,0.0145196267894,-0.0107003940228,0.627169089933,-0.466539093792
maternal_deaths,113,Monaco,Monaco,European Region,2023,0.019,0.0287914588232,0.00385150183441,0.0531694894242,ensemble_top4,0,0,0.0151484981656,-0.00979145882317,0.659917933186,-0.41563979535
maternal_deaths,114,Mongolia,Mongolia,Western Pacific Region,2020,34.43,33.3828131925,27.5629351462,39.2556878228,ensemble_top4,1.04718680754,0,6.86706485375,1.04718680754,1.03136904016,0.030887084883
maternal_deaths,114,Mongolia,Mongolia,Western Pacific Region,2021,44.45,32.187956194,26.3753946312,38.5166246521,ensemble_top4,12.262043806,5.93337534793,18.0746053688,12.262043806,1.38095130154,0.32277261062
maternal_deaths,114,Mongolia,Mongolia,Western Pacific Region,2022,27.72,31.1331983117,25.3565094664,37.5069326838,ensemble_top4,0,0,2.3634905336,-3.41319831175,0.890367887116,-0.116120545354
maternal_deaths,114,Mongolia,Mongolia,Western Pacific Region,2023,26.34,29.8834441167,24.112157152,36.6302257423,ensemble_top4,0,0,2.22784284804,-3.54344411671,0.881424507066,-0.126215922257
maternal_deaths,115,Montenegro,Montenegro,European Region,2020,1.05,0.447474963242,0.342323052158,0.5563700697,ensemble_top4,0.602525036758,0.4936299303,0.707676947842,0.602525036758,2.34649999721,0.852924855065
maternal_deaths,115,Montenegro,Montenegro,European Region,2021,1.03,0.432934527661,0.325704972687,0.546684927944,ensemble_top4,0.597065472339,0.483315072056,0.704295027313,0.597065472339,2.37911262371,0.86672757098
maternal_deaths,115,Montenegro,Montenegro,European Region,2022,0.92,0.418780196922,0.308188353627,0.537038057879,ensemble_top4,0.501219803078,0.382961942121,0.611811646373,0.501219803078,2.19685650554,0.787027477452
maternal_deaths,115,Montenegro,Montenegro,European Region,2023,0.41,0.405255637643,0.294739642688,0.527457141514,ensemble_top4,0.00474436235658,0,0.115260357312,0.00474436235658,1.01170708539,0.0116390876595
maternal_deaths,116,Morocco,Morocco,Eastern Mediterranean,2020,531.1,480.807749279,448.680732877,513.669912963,ensemble_top4,50.2922507209,17.430087037,82.4192671226,50.2922507209,1.10459950114,0.0994828268682
maternal_deaths,116,Morocco,Morocco,Eastern Mediterranean,2021,593.9,447.749008232,415.472548842,481.987951869,ensemble_top4,146.150991768,111.912048131,178.427451158,146.150991768,1.32641276492,0.282478129088
maternal_deaths,116,Morocco,Morocco,Eastern Mediterranean,2022,452.9,416.588389117,383.582306989,450.884601075,ensemble_top4,36.3116108831,2.0153989253,69.3176930114,36.3116108831,1.08716424133,0.0835726927024
maternal_deaths,116,Morocco,Morocco,Eastern Mediterranean,2023,439.4,387.925628778,355.429056193,423.897863378,ensemble_top4,51.474371222,15.5021366223,83.9709438074,51.474371222,1.13269133928,0.124596517107
maternal_deaths,117,Mozambique,Mozambique,African Region,2020,1315,1368.85414899,738.784961516,2046.15877365,ensemble_top4,0,0,576.215038484,-53.8541489885,0.960657496616,-0.0401373366434
maternal_deaths,117,Mozambique,Mozambique,African Region,2021,1955,1298.89852322,619.217652618,2028.68130917,ensemble_top4,656.101476776,0,1335.78234738,656.101476776,1.50512142792,0.40887357795
maternal_deaths,117,Mozambique,Mozambique,African Region,2022,1151,1225.24346607,544.376144559,1932.80610826,ensemble_top4,0,0,606.623855441,-74.2434660723,0.939405132018,-0.0625084423234
maternal_deaths,117,Mozambique,Mozambique,African Region,2023,1037,1153.84582994,474.748479841,1892.72680413,ensemble_top4,0,0,562.251520159,-116.845829936,0.898733585628,-0.106768633671
maternal_deaths,118,Myanmar,Myanmar,Southeast Asia Region,2020,1834,1809.80828378,1728.77289217,1890.52790623,ensemble_top4,24.1917162223,0,105.227107832,24.1917162223,1.01336700491,0.0132784547313
maternal_deaths,118,Myanmar,Myanmar,Southeast Asia Region,2021,2124,1764.65684721,1666.63520849,1849.54336838,ensemble_top4,359.343152789,274.456631618,457.364791508,359.343152789,1.20363344486,0.18534485274
maternal_deaths,118,Myanmar,Myanmar,Southeast Asia Region,2022,1754,1720.52100974,1607.44680869,1814.84213651,ensemble_top4,33.4789902591,0,146.553191311,33.4789902591,1.01945863495,0.0192717363533
maternal_deaths,118,Myanmar,Myanmar,Southeast Asia Region,2023,1669,1680.19196156,1554.32618468,1780.9197678,ensemble_top4,0,0,114.673815322,-11.191961565,0.993338879235,-0.00668340504428
maternal_deaths,119,Namibia,Namibia,African Region,2020,108.4,154.347747354,57.1457704843,215.485253236,ensemble_top4,0,0,51.2542295157,-45.9477473537,0.702310217405,-0.353380067432
maternal_deaths,119,Namibia,Namibia,African Region,2021,193.1,151.627691521,40.826773309,210.724173207,ensemble_top4,41.4723084795,0,152.273226691,41.4723084795,1.27351407954,0.241780071162
maternal_deaths,119,Namibia,Namibia,African Region,2022,96.57,148.749238145,28.338792626,210.739076525,ensemble_top4,0,0,68.231207374,-52.1792381455,0.649213409117,-0.431993788723
maternal_deaths,119,Namibia,Namibia,African Region,2023,106.5,148.111827512,12.562130386,210.293616289,ensemble_top4,0,0,93.937869614,-41.6118275122,0.7190512857,-0.329822594598
maternal_deaths,120,Nauru,Nauru,Western Pacific Region,2020,1.03,0.905172745834,0.750430802085,1.01317147969,ensemble_top4,0.124827254166,0.016828520311,0.279569197915,0.124827254166,1.13790434449,0.129188276365
maternal_deaths,120,Nauru,Nauru,Western Pacific Region,2021,0.86,0.894940929002,0.751497413657,1.01192880603,ensemble_top4,0,0,0.108502586343,-0.0349409290021,0.960957279,-0.0398253257341
maternal_deaths,120,Nauru,Nauru,Western Pacific Region,2022,1,0.885399124577,0.734214658829,1.01119609439,ensemble_top4,0.114600875423,0,0.265785341171,0.114600875423,1.12943414133,0.121716747417
maternal_deaths,120,Nauru,Nauru,Western Pacific Region,2023,0.83,0.874455515898,0.721846707161,1.01644093459,ensemble_top4,0,0,0.108153292839,-0.0444555158975,0.949162061318,-0.0521757243325
maternal_deaths,121,Nepal,Nepal,Southeast Asia Region,2020,891,1027.04425597,881.822665013,1185.32026492,ensemble_top4,0,0,9.17733498672,-136.044255973,0.867538078148,-0.142095874005
maternal_deaths,121,Nepal,Nepal,Southeast Asia Region,2021,1002,972.362536011,820.237364642,1132.67413989,ensemble_top4,29.6374639888,0,181.762635358,29.6374639888,1.03047984974,0.0300245672885
maternal_deaths,121,Nepal,Nepal,Southeast Asia Region,2022,809.7,918.000626951,757.24541926,1086.25696147,ensemble_top4,0,0,52.45458074,-108.300626951,0.882025541409,-0.125534264881
maternal_deaths,121,Nepal,Nepal,Southeast Asia Region,2023,815.5,870.590831435,691.516117446,1043.21239149,ensemble_top4,0,0,123.983882554,-55.0908314354,0.936720179623,-0.0653706756846
maternal_deaths,122,Netherlands,Netherlands (Kingdom of the),European Region,2020,6.53,7.54504463346,5.68080016221,8.83749815147,ensemble_top4,0,0,0.849199837791,-1.01504463346,0.865468703928,-0.144484064548
maternal_deaths,122,Netherlands,Netherlands (Kingdom of the),European Region,2021,8.97,7.29820168504,5.32679793514,8.71304620466,ensemble_top4,1.67179831496,0.256953795344,3.64320206486,1.67179831496,1.22906989792,0.206257702779
maternal_deaths,122,Netherlands,Netherlands (Kingdom of the),European Region,2022,7.61,7.0121590701,4.93682011203,8.631440696,ensemble_top4,0.597840929897,0,2.67317988797,0.597840929897,1.08525775356,0.0818175196608
maternal_deaths,122,Netherlands,Netherlands (Kingdom of the),European Region,2023,7.22,6.74264560044,4.55960693561,8.58715928035,ensemble_top4,0.47735439956,0,2.66039306439,0.47735439956,1.07079630576,0.0684025826768
maternal_deaths,123,New Zealand,New Zealand,Western Pacific Region,2020,4.36,3.8513541891,3.00649529838,4.76749590013,ensemble_top4,0.508645810903,0,1.35350470162,0.508645810903,1.13206934131,0.124047233479
maternal_deaths,123,New Zealand,New Zealand,Western Pacific Region,2021,4.46,3.69533749953,2.80380376073,4.65358213636,ensemble_top4,0.764662500469,0,1.65619623927,0.764662500469,1.20692629579,0.188076876282
maternal_deaths,123,New Zealand,New Zealand,Western Pacific Region,2022,13.33,3.514167057,2.6028086335,4.52152746364,ensemble_top4,9.815832943,8.80847253636,10.7271913665,9.815832943,3.79321750611,1.33321460515
maternal_deaths,123,New Zealand,New Zealand,Western Pacific Region,2023,4.16,3.34871389059,2.4304019299,4.38732781938,ensemble_top4,0.811286109409,0,1.7295980701,0.811286109409,1.24226796792,0.216938715406
maternal_deaths,124,Nicaragua,Nicaragua,Region of the Americas,2020,116.5,83.4311022783,71.7957085394,102.153208909,ensemble_top4,33.0688977217,14.3467910913,44.7042914606,33.0688977217,1.39636175022,0.333870104165
maternal_deaths,124,Nicaragua,Nicaragua,Region of the Americas,2021,164.6,78.3835390932,67.0516725397,99.5499799565,ensemble_top4,86.2164609068,65.0500200435,97.5483274603,86.2164609068,2.09993069852,0.741904343478
maternal_deaths,124,Nicaragua,Nicaragua,Region of the Americas,2022,81.04,73.3689413877,62.4145266703,95.4775629428,ensemble_top4,7.67105861232,0,18.6254733297,7.67105861232,1.10455457674,0.0994421557269
maternal_deaths,124,Nicaragua,Nicaragua,Region of the Americas,2023,79.79,68.4433395601,57.5776730959,92.4781453653,ensemble_top4,11.3466604399,0,22.2123269041,11.3466604399,1.16578180599,0.153391940044
maternal_deaths,125,Niger,Niger,African Region,2020,3920,3896.45786108,3798.06094053,4008.69026111,ensemble_top4,23.5421389209,0,121.939059473,23.5421389209,1.00604193341,0.00602375411625
maternal_deaths,125,Niger,Niger,African Region,2021,4072,3792.55896535,3692.86870877,3903.03268287,ensemble_top4,279.441034655,168.96731713,379.131291232,279.441034655,1.07368139486,0.0710932992458
maternal_deaths,125,Niger,Niger,African Region,2022,3832,3686.82321343,3585.6537451,3798.49759925,ensemble_top4,145.176786571,33.50240075,246.346254897,145.176786571,1.03937720313,0.0386216906285
maternal_deaths,125,Niger,Niger,African Region,2023,3839,3583.13819509,3484.23316943,3696.2531233,ensemble_top4,255.86180491,142.746876702,354.766830573,255.86180491,1.07140718303,0.0689729087802
maternal_deaths,126,Nigeria,Nigeria,African Region,2020,76855,83761.1301041,77936.0671689,90977.5148911,ensemble_top4,0,0,0,-6906.13010408,0.917549702404,-0.0860485289634
maternal_deaths,126,Nigeria,Nigeria,African Region,2021,76691,83980.7652855,77557.2506591,91744.6602039,ensemble_top4,0,0,0,-7289.76528549,0.913197203423,-0.0908034267243
maternal_deaths,126,Nigeria,Nigeria,African Region,2022,75278,84098.9475225,77082.7382916,92079.7817787,ensemble_top4,0,0,0,-8820.94752251,0.895112272123,-0.110806124862
maternal_deaths,126,Nigeria,Nigeria,African Region,2023,74559,84279.8590001,76585.0393457,92431.2814668,ensemble_top4,0,0,0,-9720.85900008,0.884659761948,-0.122552157671
maternal_deaths,127,North Macedonia,North Macedonia,European Region,2020,1.43,0.706185214253,0.421752313515,1.00604465887,ensemble_top4,0.723814785747,0.423955341127,1.00824768648,0.723814785747,2.02496451517,0.705552177032
maternal_deaths,127,North Macedonia,North Macedonia,European Region,2021,2.29,0.677822266292,0.379801342258,0.987836188237,ensemble_top4,1.61217773371,1.30216381176,1.91019865774,1.61217773371,3.37846676612,1.21742198709
maternal_deaths,127,North Macedonia,North Macedonia,European Region,2022,0.47,0.642287334831,0.335707613398,0.972473908761,ensemble_top4,0,0,0.134292386602,-0.172287334831,0.73175971954,-0.312303070902
maternal_deaths,127,North Macedonia,North Macedonia,European Region,2023,0.47,0.618069769601,0.310469964925,0.961505233551,ensemble_top4,0,0,0.159530035075,-0.148069769601,0.760431949784,-0.273868652176
maternal_deaths,128,Norway,Norway,European Region,2020,1.15,0.746309903304,0.438947048424,1.04976080335,ranked_top1_fallback,0.403690096696,0.100239196649,0.711052951576,0.403690096696,1.54091483298,0.432376287439
maternal_deaths,128,Norway,Norway,European Region,2021,0.93,0.659248987504,0.357029856469,0.970308388775,ranked_top1_fallback,0.270751012496,0,0.572970143531,0.270751012496,1.41069613701,0.344083296746
maternal_deaths,128,Norway,Norway,European Region,2022,1.39,0.574252095326,0.271052719372,0.884647423774,ranked_top1_fallback,0.815747904674,0.505352576226,1.11894728063,0.815747904674,2.4205397095,0.883990535758
maternal_deaths,128,Norway,Norway,European Region,2023,0.67,0.503816625963,0.219948768225,0.813728399501,ranked_top1_fallback,0.166183374037,0,0.450051231775,0.166183374037,1.32984892811,0.285065347894
maternal_deaths,129,Oman,Oman,Eastern Mediterranean,2020,27.39,11.1576384385,6.64636991148,12.4500463341,ensemble_top4,16.2323615615,14.9399536659,20.7436300885,16.2323615615,2.4548205385,0.898053658165
maternal_deaths,129,Oman,Oman,Eastern Mediterranean,2021,61.03,10.4053990283,6.0092488261,12.1911193308,ensemble_top4,50.6246009717,48.8388806692,55.0207511739,50.6246009717,5.86522437383,1.76904073778
maternal_deaths,129,Oman,Oman,Eastern Mediterranean,2022,10.22,9.46864770999,5.45975449105,11.9051713275,ensemble_top4,0.751352290012,0,4.76024550895,0.751352290012,1.07935159413,0.0763604850298
maternal_deaths,129,Oman,Oman,Eastern Mediterranean,2023,10.67,8.46265019474,4.98554580192,11.7783317986,ensemble_top4,2.20734980526,0,5.68445419808,2.20734980526,1.2608343432,0.231773678962
maternal_deaths,130,Pakistan,Pakistan,Eastern Mediterranean,2020,11969,11021.5993006,9954.16602621,12130.250481,ensemble_top4,947.400699352,0,2014.83397379,947.400699352,1.08595855043,0.0824630535959
maternal_deaths,130,Pakistan,Pakistan,Eastern Mediterranean,2021,13112,10596.544356,9509.48096813,11700.6980838,ensemble_top4,2515.45564401,1411.30191623,3602.51903187,2515.45564401,1.23738452457,0.212999897626
maternal_deaths,130,Pakistan,Pakistan,Eastern Mediterranean,2022,10975,10184.7081565,9175.98541384,11356.2248044,ensemble_top4,790.291843485,0,1799.01458616,790.291843485,1.07759592433,0.074732563938
maternal_deaths,130,Pakistan,Pakistan,Eastern Mediterranean,2023,10669,9793.31814777,8736.56351827,10973.4394242,ensemble_top4,875.681852229,0,1932.43648173,875.681852229,1.08941625698,0.0856420087349
maternal_deaths,131,Palau,Palau,Western Pacific Region,2020,0.24,0.221364483056,0.136169449996,0.323531374546,ensemble_top4,0.018635516944,0,0.103830550004,0.018635516944,1.08418476481,0.0808283357373
maternal_deaths,131,Palau,Palau,Western Pacific Region,2021,0.22,0.219422310698,0.130935524217,0.322637756119,ensemble_top4,0.000577689302276,0,0.0890644757827,0.000577689302276,1.00263277376,0.00262931408362
maternal_deaths,131,Palau,Palau,Western Pacific Region,2022,0.24,0.216325667682,0.12917143456,0.318931946438,ensemble_top4,0.0236743323184,0,0.11082856544,0.0236743323184,1.10943838783,0.103853930379
maternal_deaths,131,Palau,Palau,Western Pacific Region,2023,0.17,0.213531764017,0.124838713793,0.315570197545,ensemble_top4,0,0,0.0451612862067,-0.0435317640165,0.796134480427,-0.227987162147
maternal_deaths,132,Panama,Panama,Region of the Americas,2020,53.25,28.8087119761,24.786018069,35.8932217618,ensemble_top4,24.4412880239,17.3567782382,28.463981931,24.4412880239,1.84839919411,0.614319964021
maternal_deaths,132,Panama,Panama,Region of the Americas,2021,42.21,26.8049563534,22.9561121195,35.0951489477,ensemble_top4,15.4050436466,7.11485105231,19.2538878805,15.4050436466,1.57470877562,0.454070350815
maternal_deaths,132,Panama,Panama,Region of the Americas,2022,28.73,24.7583706712,21.2707163616,34.5056069607,ensemble_top4,3.97162932885,0,7.45928363843,3.97162932885,1.16041561788,0.148778232221
maternal_deaths,132,Panama,Panama,Region of the Americas,2023,26.45,22.7470716348,19.4877255101,33.6507273027,ensemble_top4,3.70292836525,0,6.96227448989,3.70292836525,1.16278703583,0.150819740544
maternal_deaths,133,Papua New Guinea,Papua New Guinea,Western Pacific Region,2020,497,480.432844443,438.035455791,522.206540454,ensemble_top4,16.5671555566,0,58.9645442091,16.5671555566,1.03448381131,0.0339025692781
maternal_deaths,133,Papua New Guinea,Papua New Guinea,Western Pacific Region,2021,571.1,466.851629435,418.95003568,509.615823423,ensemble_top4,104.248370565,61.484176577,152.14996432,104.248370565,1.22330086047,0.201552828472
maternal_deaths,133,Papua New Guinea,Papua New Guinea,Western Pacific Region,2022,484.7,453.211334414,400.976179399,496.779098479,ensemble_top4,31.4886655858,0,83.7238206009,31.4886655858,1.06947898959,0.0671716042701
maternal_deaths,133,Papua New Guinea,Papua New Guinea,Western Pacific Region,2023,481.7,441.21339906,381.134914629,487.617928908,ensemble_top4,40.4866009399,0,100.565085371,40.4866009399,1.09176194791,0.0877928571347
maternal_deaths,134,Paraguay,Paraguay,Region of the Americas,2020,95.37,63.445609508,40.2228820519,86.5807658796,ensemble_top4,31.924390492,8.78923412038,55.1471179481,31.924390492,1.50317730005,0.407581067917
maternal_deaths,134,Paraguay,Paraguay,Region of the Americas,2021,193.5,58.2456690714,34.9884821318,81.4473004936,ensemble_top4,135.254330929,112.052699506,158.511517868,135.254330929,3.32213541513,1.20060777349
maternal_deaths,134,Paraguay,Paraguay,Region of the Americas,2022,106.9,53.6012283728,29.7513278324,77.5251322583,ensemble_top4,53.2987716272,29.3748677417,77.1486721676,53.2987716272,1.99435727958,0.690321832813
maternal_deaths,134,Paraguay,Paraguay,Region of the Americas,2023,79.7,49.5759605083,25.1276531716,73.324169914,ensemble_top4,30.1240394917,6.37583008596,54.5723468284,30.1240394917,1.60763400614,0.474763536726
maternal_deaths,135,Peru,Peru,Region of the Americas,2020,409.3,314.285630715,285.723883335,339.305473471,ensemble_top4,95.0143692848,69.9945265287,123.576116665,95.0143692848,1.30231852811,0.264146159113
maternal_deaths,135,Peru,Peru,Region of the Americas,2021,769.1,301.368750651,270.511524122,330.598579583,ensemble_top4,467.731249349,438.501420417,498.588475878,467.731249349,2.55202305593,0.936886399898
maternal_deaths,135,Peru,Peru,Region of the Americas,2022,436.5,288.401443059,255.784744335,322.196653808,ensemble_top4,148.098556941,114.303346192,180.715255665,148.098556941,1.51351531175,0.41443496621
maternal_deaths,135,Peru,Peru,Region of the Americas,2023,277.6,277.384590805,241.552968991,314.313862604,ensemble_top4,0.215409194933,0,36.0470310088,0.215409194933,1.00077657232,0.000776270942722
maternal_deaths,136,Philippines,Philippines,Western Pacific Region,2020,1687,1854.42353584,1560.01997596,2297.20282789,ensemble_top4,0,0,126.980024041,-167.42353584,0.909716667954,-0.0946220818486
maternal_deaths,136,Philippines,Philippines,Western Pacific Region,2021,2781,1770.90309653,1462.44511747,2229.37731744,ensemble_top4,1010.09690347,551.622682557,1318.55488253,1010.09690347,1.57038519242,0.451320934759
maternal_deaths,136,Philippines,Philippines,Western Pacific Region,2022,1689,1691.53295488,1363.79684025,2149.74286081,ensemble_top4,0,0,325.203159751,-2.53295487987,0.998502568411,-0.00149855385982
maternal_deaths,136,Philippines,Philippines,Western Pacific Region,2023,1541,1610.95698092,1269.34808314,2089.49381042,ensemble_top4,0,0,271.651916858,-69.9569809246,0.956574271223,-0.0443968441636
maternal_deaths,137,Poland,Poland,European Region,2020,10.61,5.8761022797,3.72538959574,9.46995462238,ensemble_top4,4.7338977203,1.14004537762,6.88461040426,4.7338977203,1.80561867288,0.590903288117
maternal_deaths,137,Poland,Poland,European Region,2021,8.22,5.58989486756,3.44170285289,10.0557334224,ensemble_top4,2.63010513244,0,4.77829714711,2.63010513244,1.47051066161,0.385609729313
maternal_deaths,137,Poland,Poland,European Region,2022,5.17,5.31638190072,3.06128524653,11.8323464762,ensemble_top4,0,0,2.10871475347,-0.14638190072,0.972465879342,-0.0279202896148
maternal_deaths,137,Poland,Poland,European Region,2023,4.98,5.0299550806,2.81367231643,13.8318277233,ensemble_top4,0,0,2.16632768357,-0.0499550805954,0.990068483755,-0.00998116273608
maternal_deaths,138,Portugal,Portugal,European Region,2020,11.37,13.4479804059,10.8759847147,40.7637587888,ensemble_top4,0,0,0.494015285335,-2.07798040588,0.845480113507,-0.167850631314
maternal_deaths,138,Portugal,Portugal,European Region,2021,14.61,14.164152825,10.2280996832,44.4479919245,ensemble_top4,0.445847175044,0,4.38190031684,0.445847175044,1.03147715084,0.0309919018962
maternal_deaths,138,Portugal,Portugal,European Region,2022,13.66,14.9805499017,9.57034425167,48.0069689748,ensemble_top4,0,0,4.08965574833,-1.32054990166,0.911849036896,-0.0922808323285
maternal_deaths,138,Portugal,Portugal,European Region,2023,12.95,15.8708535284,9.09882630043,50.9259863682,ensemble_top4,0,0,3.85117369957,-2.92085352845,0.815961156518,-0.203388527457
maternal_deaths,139,Puerto Rico,Puerto Rico,Region of the Americas,2020,1.97,2.4483499867,1.21208324128,3.79705933636,ensemble_top4,0,0,0.75791675872,-0.478349986703,0.804623526334,-0.217380780106
maternal_deaths,139,Puerto Rico,Puerto Rico,Region of the Americas,2021,9.38,2.15451850147,0.917669982888,3.6013717718,ensemble_top4,7.22548149853,5.7786282282,8.46233001711,7.22548149853,4.35364096136,1.47101249762
maternal_deaths,139,Puerto Rico,Puerto Rico,Region of the Americas,2022,10.3,1.87488363265,0.640022140014,3.30133001348,ensemble_top4,8.42511636735,6.99866998652,9.65997785999,8.42511636735,5.49367428497,1.70359730033
maternal_deaths,139,Puerto Rico,Puerto Rico,Region of the Americas,2023,2.08,1.65660191891,0.369839806736,3.07358359248,ensemble_top4,0.423398081089,0,1.71016019326,0.423398081089,1.25558227131,0.227599426189
maternal_deaths,140,Qatar,Qatar,Eastern Mediterranean,2020,1.78,1.31046091825,1.08378525812,1.54703976109,ensemble_top4,0.469539081752,0.232960238914,0.696214741879,0.469539081752,1.35830071329,0.306234442984
maternal_deaths,140,Qatar,Qatar,Eastern Mediterranean,2021,1.91,1.27934280515,0.998070410493,1.55809363256,ensemble_top4,0.630657194846,0.351906367439,0.911929589507,0.630657194846,1.49295403257,0.400756729452
maternal_deaths,140,Qatar,Qatar,Eastern Mediterranean,2022,2.34,1.24042108744,0.918787296158,1.54801478469,ensemble_top4,1.09957891256,0.791985215308,1.42121270384,1.09957891256,1.88645615888,0.634700020758
maternal_deaths,140,Qatar,Qatar,Eastern Mediterranean,2023,1.16,1.19339252493,0.825657006335,1.54714235122,ensemble_top4,0,0,0.334342993665,-0.0333925249322,0.972018825127,-0.0283801072946
maternal_deaths,141,Republic of Korea,Republic of Korea,Western Pacific Region,2020,31.25,14.698846441,8.79061599329,20.4816668586,ensemble_top4,16.551153559,10.7683331414,22.4593840067,16.551153559,2.12601717593,0.754250358878
maternal_deaths,141,Republic of Korea,Republic of Korea,Western Pacific Region,2021,13.49,13.2152755118,7.17480027869,19.4237471665,ensemble_top4,0.274724488197,0,6.31519972131,0.274724488197,1.02078840414,0.0205752739658
maternal_deaths,141,Republic of Korea,Republic of Korea,Western Pacific Region,2022,16.94,11.7351731896,6.22281508027,18.0814477218,ensemble_top4,5.20482681037,0,10.7171849197,5.20482681037,1.44352364693,0.367087101646
maternal_deaths,141,Republic of Korea,Republic of Korea,Western Pacific Region,2023,8.96,10.5066498897,5.08640618865,17.1916841211,ensemble_top4,0,0,3.87359381135,-1.54664988971,0.852793239906,-0.159238152542
maternal_deaths,142,Republic of Moldova,Republic of Moldova,European Region,2020,10.57,8.00421743139,6.44884591011,9.45918497534,ensemble_top4,2.56578256861,1.11081502466,4.12115408989,2.56578256861,1.32055383185,0.278051218188
maternal_deaths,142,Republic of Moldova,Republic of Moldova,European Region,2021,8.45,7.69094031262,6.1601190159,9.33328899234,ensemble_top4,0.759059687379,0,2.2898809841,0.759059687379,1.09869530337,0.0941233880028
maternal_deaths,142,Republic of Moldova,Republic of Moldova,European Region,2022,6.11,7.39474929033,5.78955002739,9.18056030204,ensemble_top4,0,0,0.320449972606,-1.28474929033,0.826261954274,-0.190843419813
maternal_deaths,142,Republic of Moldova,Republic of Moldova,European Region,2023,6.16,7.10609023284,5.53431262555,9.01318683648,ensemble_top4,0,0,0.625687374452,-0.946090232836,0.866862057498,-0.142875418092
maternal_deaths,143,Romania,Romania,European Region,2020,30.53,27.1736431335,18.5085438982,39.0373965045,ensemble_top4,3.35635686646,0,12.0214561018,3.35635686646,1.12351515952,0.116462305675
maternal_deaths,143,Romania,Romania,European Region,2021,36.86,25.7181046211,16.8664054998,42.136406428,ensemble_top4,11.1418953789,0,19.9935945002,11.1418953789,1.43323159086,0.359931748392
maternal_deaths,143,Romania,Romania,European Region,2022,23.52,24.2320908833,15.6618376632,48.8368067308,ensemble_top4,0,0,7.85816233676,-0.712090883304,0.970613725133,-0.0298267012365
maternal_deaths,143,Romania,Romania,European Region,2023,21.45,22.8103600992,13.8434314189,60.9643185421,ensemble_top4,0,0,7.60656858114,-1.36036009916,0.940362182217,-0.0614901776963
maternal_deaths,144,Russian Federation,Russian Federation,European Region,2020,273.9,151.960690639,109.842230153,201.739598007,ensemble_top4,121.939309361,72.1604019927,164.057769847,121.939309361,1.80243982077,0.589141203084
maternal_deaths,144,Russian Federation,Russian Federation,European Region,2021,292.4,131.728660094,87.379725762,188.535586569,ensemble_top4,160.671339906,103.864413431,205.020274238,160.671339906,2.21971437189,0.797378526296
maternal_deaths,144,Russian Federation,Russian Federation,European Region,2022,173.6,114.054830386,68.308044588,175.591508904,ensemble_top4,59.5451696138,0,105.291955412,59.5451696138,1.52207494774,0.42007450116
maternal_deaths,144,Russian Federation,Russian Federation,European Region,2023,122,98.0991492721,52.7120236997,161.88815898,ensemble_top4,23.9008507279,0,69.2879763003,23.9008507279,1.24363973495,0.218042350248
maternal_deaths,145,Rwanda,Rwanda,African Region,2020,989,890.464150007,586.529680095,1191.36709947,ensemble_top4,98.5358499925,0,402.470319905,98.5358499925,1.11065672884,0.104951487977
maternal_deaths,145,Rwanda,Rwanda,African Region,2021,996.8,865.491503041,551.268511919,1172.7848061,ensemble_top4,131.308496959,0,445.531488081,131.308496959,1.15171552407,0.141252590865
maternal_deaths,145,Rwanda,Rwanda,African Region,2022,921.7,832.611782978,502.197637773,1157.57179881,ensemble_top4,89.0882170219,0,419.502362227,89.0882170219,1.1069985062,0.101652304311
maternal_deaths,145,Rwanda,Rwanda,African Region,2023,907.8,801.527413628,459.215549549,1145.51718466,ensemble_top4,106.272586372,0,448.584450451,106.272586372,1.13258758785,0.124504915653
maternal_deaths,146,Saint Kitts and Nevis,Saint Kitts and Nevis,Region of the Americas,2020,0.47,0.406010005944,0.342641998554,0.470551528975,ensemble_top4,0.0639899940564,0,0.127358001446,0.0639899940564,1.15760693855,0.146354890225
maternal_deaths,146,Saint Kitts and Nevis,Saint Kitts and Nevis,Region of the Americas,2021,0.64,0.388174657794,0.325869430519,0.454551234076,ensemble_top4,0.251825342206,0.185448765924,0.314130569481,0.251825342206,1.64874235643,0.500012789063
maternal_deaths,146,Saint Kitts and Nevis,Saint Kitts and Nevis,Region of the Americas,2022,0.55,0.371078421854,0.306576548946,0.437867720957,ensemble_top4,0.178921578146,0.112132279043,0.243423451054,0.178921578146,1.48216648452,0.393504858296
maternal_deaths,146,Saint Kitts and Nevis,Saint Kitts and Nevis,Region of the Americas,2023,0.4,0.354122362862,0.289541514257,0.421564426762,ensemble_top4,0.0458776371383,0,0.110458485743,0.0458776371383,1.129553064,0.121822035899
maternal_deaths,147,Saint Lucia,Saint Lucia,Region of the Americas,2020,0.9,0.837446240911,0.639321846726,1.01377124131,ensemble_top4,0.062553759089,0,0.260678153274,0.062553759089,1.07469585035,0.0720376916423
maternal_deaths,147,Saint Lucia,Saint Lucia,Region of the Americas,2021,1.94,0.806465754713,0.609698927555,0.989838591784,ensemble_top4,1.13353424529,0.950161408216,1.33030107244,1.13353424529,2.40555781651,0.877781817001
maternal_deaths,147,Saint Lucia,Saint Lucia,Region of the Americas,2022,0.97,0.780033025719,0.57364173151,0.964837755131,ensemble_top4,0.189966974281,0.00516224486939,0.39635826849,0.189966974281,1.2435370914,0.217959812045
maternal_deaths,147,Saint Lucia,Saint Lucia,Region of the Americas,2023,0.89,0.750012717633,0.53931008142,0.941831560321,ensemble_top4,0.139987282367,0,0.35068991858,0.139987282367,1.18664654489,0.171131299496
maternal_deaths,148,Saint Vincent,Saint Vincent and the Grenadines,Region of the Americas,2020,0.76,0.838998109633,0.598066870533,1.08548852179,ensemble_top4,0,0,0.161933129467,-0.078998109633,0.905842327026,-0.0988900200651
maternal_deaths,148,Saint Vincent,Saint Vincent and the Grenadines,Region of the Americas,2021,1.37,0.818553873246,0.583586990943,1.07158678381,ensemble_top4,0.551446126754,0.298413216186,0.786413009057,0.551446126754,1.67368336377,0.515026804695
maternal_deaths,148,Saint Vincent,Saint Vincent and the Grenadines,Region of the Americas,2022,0.71,0.805508316549,0.563713926184,1.06308559577,ensemble_top4,0,0,0.146286073816,-0.0955083165485,0.881430998804,-0.126208557232
maternal_deaths,148,Saint Vincent,Saint Vincent and the Grenadines,Region of the Americas,2023,0.69,0.786297345316,0.547009246344,1.05372910734,ensemble_top4,0,0,0.142990753656,-0.0962973453162,0.877530623892,-0.130643425229
maternal_deaths,149,Samoa,Samoa,Western Pacific Region,2020,6.61,5.74245146852,5.26447439662,6.17194445748,ranked_top1_fallback,0.867548531479,0.438055542522,1.34552560338,0.867548531479,1.15107633669,0.140697449599
maternal_deaths,149,Samoa,Samoa,Western Pacific Region,2021,6.63,5.40309954713,4.83592839307,5.91088009482,ranked_top1_fallback,1.22690045287,0.719119905183,1.79407160693,1.22690045287,1.22707344963,0.204632025088
maternal_deaths,149,Samoa,Samoa,Western Pacific Region,2022,6.19,5.02033387541,4.41349708335,5.6167516335,ranked_top1_fallback,1.16966612459,0.573248366497,1.77650291665,1.16966612459,1.23298572438,0.209438646159
maternal_deaths,149,Samoa,Samoa,Western Pacific Region,2023,5.58,4.6367087312,3.97656123864,5.30223449591,ranked_top1_fallback,0.943291268796,0.277765504086,1.60343876136,0.943291268796,1.20343983707,0.185183987017
maternal_deaths,150,San Marino,San Marino,European Region,2020,0.097,0.0284924866543,0.00377535877715,0.0525649862713,ensemble_top4,0.0685075133457,0.0444350137287,0.0932246412229,0.0685075133457,3.4044062625,1.22507055215
maternal_deaths,150,San Marino,San Marino,European Region,2021,0.073,0.0289876583084,0.00428690067018,0.0537621169154,ensemble_top4,0.0440123416916,0.0192378830846,0.0687130993298,0.0440123416916,2.51831311186,0.923589277318
maternal_deaths,150,San Marino,San Marino,European Region,2022,0.046,0.028450339628,0.00431487254616,0.0532645565841,ensemble_top4,0.017549660372,0,0.0416851274538,0.017549660372,1.61685240322,0.480481298274
maternal_deaths,150,San Marino,San Marino,European Region,2023,0.015,0.0289441535939,0.00322925269392,0.0543962838543,ensemble_top4,0,0,0.0117707473061,-0.0139441535939,0.518239372637,-0.657318034125
maternal_deaths,151,Sao Tome and Principe,Sao Tome and Principe,African Region,2020,5.76,4.87754580261,3.96348261326,6.21560648828,ensemble_top4,0.882454197387,0,1.79651738674,0.882454197387,1.18092176539,0.166295290645
maternal_deaths,151,Sao Tome and Principe,Sao Tome and Principe,African Region,2021,6.18,4.26811669309,3.43716418691,5.68881419614,ensemble_top4,1.91188330691,0.491185803858,2.74283581309,1.91188330691,1.44794541583,0.370145597004
maternal_deaths,151,Sao Tome and Principe,Sao Tome and Principe,African Region,2022,5.28,3.72650029048,2.96821912957,5.35953698068,ensemble_top4,1.55349970952,0,2.31178087043,1.55349970952,1.41687899864,0.348456564429
maternal_deaths,151,Sao Tome and Principe,Sao Tome and Principe,African Region,2023,4.9,3.25380956015,2.56370910968,4.81048951624,ensemble_top4,1.64619043985,0.0895104837561,2.33629089032,1.64619043985,1.50592710157,0.409408722877
maternal_deaths,152,Saudi Arabia,Saudi Arabia,Eastern Mediterranean,2020,57.22,43.6655718089,35.7733538774,51.9514872801,ensemble_top4,13.5544281911,5.26851271987,21.4466461226,13.5544281911,1.31041453552,0.270343526483
maternal_deaths,152,Saudi Arabia,Saudi Arabia,Eastern Mediterranean,2021,61.43,43.132155379,34.5439384702,52.923761341,ensemble_top4,18.297844621,8.50623865897,26.8860615298,18.297844621,1.42422745769,0.353629531757
maternal_deaths,152,Saudi Arabia,Saudi Arabia,Eastern Mediterranean,2022,44.14,42.4619493748,33.0534577566,53.9838929848,ensemble_top4,1.67805062519,0,11.0865422434,1.67805062519,1.03951892577,0.0387580347546
maternal_deaths,152,Saudi Arabia,Saudi Arabia,Eastern Mediterranean,2023,40.18,41.7607376504,31.9764391216,56.9415542064,ensemble_top4,0,0,8.20356087844,-1.58073765044,0.962147755538,-0.0385872480746
maternal_deaths,153,Senegal,Senegal,African Region,2020,1267,1494.93507557,1324.13596186,1681.16113123,ensemble_top4,0,0,0,-227.935075575,0.847528445015,-0.165430876851
maternal_deaths,153,Senegal,Senegal,African Region,2021,1345,1441.75698115,1259.43614377,1651.49248976,ensemble_top4,0,0,85.5638562297,-96.7569811508,0.932889535188,-0.0694684825847
maternal_deaths,153,Senegal,Senegal,African Region,2022,1187,1385.62582586,1194.46469738,1605.98482034,ensemble_top4,0,0,0,-198.625825864,0.856652624282,-0.154722781784
maternal_deaths,153,Senegal,Senegal,African Region,2023,1263,1332.07026653,1130.99151015,1565.82838433,ensemble_top4,0,0,132.008489854,-69.070266531,0.948148180868,-0.0532444800093
maternal_deaths,154,Serbia,Serbia,European Region,2020,9.81,6.92770644583,4.36447416201,8.67956185495,ensemble_top4,2.88229355417,1.13043814505,5.44552583799,2.88229355417,1.41605307279,0.347873475352
maternal_deaths,154,Serbia,Serbia,European Region,2021,16.49,6.30426429302,3.71429448114,8.57464255584,ensemble_top4,10.185735707,7.91535744416,12.7757055189,10.185735707,2.61568983049,0.96152786024
maternal_deaths,154,Serbia,Serbia,European Region,2022,8.79,5.65438173863,3.11081269506,8.49523969968,ensemble_top4,3.13561826137,0.294760300316,5.67918730494,3.13561826137,1.55454661647,0.441183938145
maternal_deaths,154,Serbia,Serbia,European Region,2023,6.43,5.01716542779,2.67657170819,8.37439722161,ensemble_top4,1.41283457221,0,3.75342829181,1.41283457221,1.28160015701,0.248109419843
maternal_deaths,155,Seychelles,Seychelles,African Region,2020,0.91,0.83447570361,0.739781473195,0.951349806356,ensemble_top4,0.0755242963903,0,0.170218526805,0.0755242963903,1.09050508728,0.0866409717403
maternal_deaths,155,Seychelles,Seychelles,African Region,2021,1.3,0.837165488947,0.726048041648,0.974899889539,ensemble_top4,0.462834511053,0.325100110461,0.573951958352,0.462834511053,1.552859043,0.440097775721
maternal_deaths,155,Seychelles,Seychelles,African Region,2022,1.55,0.841194395354,0.707547787726,1.00467108893,ensemble_top4,0.708805604646,0.545328911068,0.842452212274,0.708805604646,1.84261807801,0.611187428787
maternal_deaths,155,Seychelles,Seychelles,African Region,2023,0.73,0.84947856296,0.685315590159,1.04376444979,ensemble_top4,0,0,0.0446844098411,-0.11947856296,0.859350702691,-0.15157817176
maternal_deaths,156,Sierra Leone,Sierra Leone,African Region,2020,1076,1229.49097335,989.925265201,1469.28137902,ensemble_top4,0,0,86.0747347993,-153.490973354,0.875158926189,-0.133349779187
maternal_deaths,156,Sierra Leone,Sierra Leone,African Region,2021,1033,1148.91449292,899.63636598,1394.46230024,ensemble_top4,0,0,133.36363402,-115.914492919,0.899109556339,-0.106350387265
maternal_deaths,156,Sierra Leone,Sierra Leone,African Region,2022,950.6,1068.66716723,829.396804042,1314.99484005,ensemble_top4,0,0,121.203195958,-118.067167227,0.889519234007,-0.117074148718
maternal_deaths,156,Sierra Leone,Sierra Leone,African Region,2023,915.4,996.543210234,758.636005331,1237.66290697,ensemble_top4,0,0,156.763994669,-81.1432102338,0.918575321772,-0.084931372494
maternal_deaths,157,Singapore,Singapore,Western Pacific Region,2020,5.99,3.29766018289,2.66295403454,3.98803762824,ensemble_top4,2.69233981711,2.00196237176,3.32704596546,2.69233981711,1.81643943517,0.596878230629
maternal_deaths,157,Singapore,Singapore,Western Pacific Region,2021,9.22,3.13636841814,2.46314011446,3.97797852862,ensemble_top4,6.08363158186,5.24202147138,6.75685988554,6.08363158186,2.93970566298,1.07830946171
maternal_deaths,157,Singapore,Singapore,Western Pacific Region,2022,15.21,2.96637001656,2.27914297714,3.97480897707,ensemble_top4,12.2436299834,11.2351910229,12.9308570229,12.2436299834,5.12747901142,1.63461411762
maternal_deaths,157,Singapore,Singapore,Western Pacific Region,2023,2.91,2.79536621657,2.07921795839,3.98803512861,ensemble_top4,0.114633783431,0,0.830782041609,0.114633783431,1.04100850284,0.0401899575533
maternal_deaths,158,Slovakia,Slovakia,European Region,2020,2.31,2.4841065208,2.1122967039,2.83917339844,ranked_top1_fallback,0,0,0.197703296104,-0.174106520797,0.929911813628,-0.0726655213868
maternal_deaths,158,Slovakia,Slovakia,European Region,2021,6.94,2.4291742857,2.05793328706,2.79013210604,ranked_top1_fallback,4.5108257143,4.14986789396,4.88206671294,4.5108257143,2.85693786602,1.04975037503
maternal_deaths,158,Slovakia,Slovakia,European Region,2022,2.87,2.36272140711,1.99162091533,2.72885995893,ranked_top1_fallback,0.50727859289,0.141140041069,0.878379084668,0.50727859289,1.21470097632,0.194497936482
maternal_deaths,158,Slovakia,Slovakia,European Region,2023,2.34,2.31076746075,1.94723730668,2.67191607146,ranked_top1_fallback,0.0292325392503,0,0.392762693316,0.0292325392503,1.01265057594,0.0125712259227
maternal_deaths,159,Slovenia,Slovenia,European Region,2020,2.2,0.776270006343,0.526956610699,1.03776709295,ensemble_top4,1.42372999366,1.16223290705,1.6730433893,1.42372999366,2.83406544375,1.04171223336
maternal_deaths,159,Slovenia,Slovenia,European Region,2021,1.57,0.714005581022,0.457781823348,0.962972977698,ensemble_top4,0.855994418978,0.607027022302,1.11221817665,0.855994418978,2.19886236429,0.787940119476
maternal_deaths,159,Slovenia,Slovenia,European Region,2022,2.75,0.657421347329,0.403746249264,0.907684882067,ensemble_top4,2.09257865267,1.84231511793,2.34625375074,2.09257865267,4.18300989339,1.4310310576
maternal_deaths,159,Slovenia,Slovenia,European Region,2023,0.6,0.604075236603,0.343029701472,0.862268798674,ensemble_top4,0,0,0.256970298528,-0.00407523660261,0.99325375987,-0.00676909887283
maternal_deaths,160,Solomon Islands,Solomon Islands,Western Pacific Region,2020,27.32,27.4586028271,26.3516669831,28.9636191338,ensemble_top4,0,0,0.968333016924,-0.138602827089,0.994952298631,-0.00506048404741
maternal_deaths,160,Solomon Islands,Solomon Islands,Western Pacific Region,2021,32.24,27.2583805733,26.2212457806,28.6734354101,ensemble_top4,4.98161942671,3.5665645899,6.01875421944,4.98161942671,1.18275551672,0.167846899837
maternal_deaths,160,Solomon Islands,Solomon Islands,Western Pacific Region,2022,26.82,27.1068591101,26.154465336,28.4773994962,ensemble_top4,0,0,0.665534664042,-0.286859110098,0.989417471462,-0.0106389217005
maternal_deaths,160,Solomon Islands,Solomon Islands,Western Pacific Region,2023,26.42,26.9995345596,26.088221325,28.315922236,ensemble_top4,0,0,0.331778674997,-0.579534559622,0.978535387033,-0.0216983282291
maternal_deaths,161,Somalia,Somalia,Eastern Mediterranean,2020,4858,4631.00039454,4245.44101756,5019.23585568,ensemble_top4,226.999605459,0,612.55898244,226.999605459,1.04901740145,0.0478539178857
maternal_deaths,161,Somalia,Somalia,Eastern Mediterranean,2021,5528,4523.79317587,4117.81245128,4918.61545605,ensemble_top4,1004.20682413,609.384543946,1410.18754872,1004.20682413,1.22198336332,0.20047524635
maternal_deaths,161,Somalia,Somalia,Eastern Mediterranean,2022,4849,4406.81566825,4016.50339199,4819.4079935,ensemble_top4,442.184331747,29.5920065038,832.49660801,442.184331747,1.10034100925,0.0956201401741
maternal_deaths,161,Somalia,Somalia,Eastern Mediterranean,2023,4437,4295.38468309,3891.5509837,4708.80676655,ensemble_top4,141.615316909,0,545.4490163,141.615316909,1.03296918143,0.0324373556417
maternal_deaths,162,South Africa,South Africa,African Region,2020,1398,1198.01845797,848.467323104,1616.41614306,ensemble_top4,199.98154203,0,549.532676896,199.98154203,1.16692692896,0.154373736917
maternal_deaths,162,South Africa,South Africa,African Region,2021,2276,1107.22669382,746.284929325,1560.64891948,ensemble_top4,1168.77330618,715.351080524,1529.71507068,1168.77330618,2.0555862794,0.720561101372
maternal_deaths,162,South Africa,South Africa,African Region,2022,1538,1019.13406289,632.867977988,1556.17377962,ensemble_top4,518.865937109,0,905.132022012,518.865937109,1.50912432034,0.411529562306
maternal_deaths,162,South Africa,South Africa,African Region,2023,1395,941.04020104,542.471575677,1568.96572978,ensemble_top4,453.95979896,0,852.528424323,453.95979896,1.48240213166,0.393663833968
maternal_deaths,163,South Sudan,South Sudan,African Region,2020,2296,3404.08357655,1462.74979979,5811.30812965,ensemble_top4,0,0,833.250200207,-1108.08357655,0.674484027306,-0.393807284406
maternal_deaths,163,South Sudan,South Sudan,African Region,2021,2417,3336.84099105,1306.9376403,5896.66100212,ensemble_top4,0,0,1110.0623597,-919.840991049,0.724337781298,-0.322497446643
maternal_deaths,163,South Sudan,South Sudan,African Region,2022,2254,3261.99929319,1245.16653253,5893.36161754,ensemble_top4,0,0,1008.83346747,-1007.99929319,0.690987274187,-0.369633871901
maternal_deaths,163,South Sudan,South Sudan,African Region,2023,2271,3218.21756376,1161.46903268,5832.19613659,ensemble_top4,0,0,1109.53096732,-947.217563759,0.705670127953,-0.348607391539
maternal_deaths,164,Spain,Spain,European Region,2020,14.73,9.89016871395,8.16180548138,11.9167301957,ensemble_top4,4.83983128605,2.81326980428,6.56819451862,4.83983128605,1.48935780835,0.398345025941
maternal_deaths,164,Spain,Spain,European Region,2021,12.3,9.09969063397,7.41959394369,11.0763985119,ensemble_top4,3.20030936603,1.22360148812,4.88040605631,3.20030936603,1.35169430421,0.3013588457
maternal_deaths,164,Spain,Spain,European Region,2022,13.19,8.34874456797,6.64401389171,10.453041728,ensemble_top4,4.84125543203,2.73695827199,6.54598610829,4.84125543203,1.57987825506,0.457347790311
maternal_deaths,164,Spain,Spain,European Region,2023,9.17,7.64783197786,5.98118904661,9.82086074296,ensemble_top4,1.52216802214,0,3.18881095339,1.52216802214,1.1990326182,0.181515080183
maternal_deaths,165,Sri Lanka,Sri Lanka,Southeast Asia Region,2020,75.69,65.2424253521,52.9273666363,76.0950449921,ensemble_top4,10.4475746479,0,22.7626333637,10.4475746479,1.16013467604,0.148536098415
maternal_deaths,165,Sri Lanka,Sri Lanka,Southeast Asia Region,2021,111.7,63.9093396213,50.063215653,75.6377095538,ensemble_top4,47.7906603787,36.0622904462,61.636784347,47.7906603787,1.74778836179,0.558351195415
maternal_deaths,165,Sri Lanka,Sri Lanka,Southeast Asia Region,2022,72.14,63.0582356091,46.992287817,77.0969136606,ensemble_top4,9.08176439089,0,25.147712183,9.08176439089,1.14402186016,0.134550001307
maternal_deaths,165,Sri Lanka,Sri Lanka,Southeast Asia Region,2023,59.37,62.3185019261,44.2643759947,78.7228064435,ensemble_top4,0,0,15.1056240053,-2.94850192614,0.952686572446,-0.0484693145786
maternal_deaths,166,Sudan,Sudan,Eastern Mediterranean,2020,4406,4090.51693089,3755.95711977,4504.2963024,ensemble_top4,315.483069108,0,650.042880229,315.483069108,1.07712547691,0.0742958973406
maternal_deaths,166,Sudan,Sudan,Eastern Mediterranean,2021,4968,4063.46830446,3693.07639114,4554.53247335,ensemble_top4,904.531695544,413.467526654,1274.92360886,904.531695544,1.22260089849,0.200980473511
maternal_deaths,166,Sudan,Sudan,Eastern Mediterranean,2022,4350,4035.15943343,3616.87243586,4637.56318295,ensemble_top4,314.840566571,0,733.127564142,314.840566571,1.07802431893,0.0751300315375
maternal_deaths,166,Sudan,Sudan,Eastern Mediterranean,2023,4301,4016.17692342,3567.21200536,4715.19424253,ensemble_top4,284.823076581,0,733.787994642,284.823076581,1.07091895651,0.0685171177464
maternal_deaths,167,Suriname,Suriname,Region of the Americas,2020,10.24,10.2886911302,9.2270729872,11.6936545638,ensemble_top4,0,0,1.0129270128,-0.0486911301714,0.995267509778,-0.00474372391014
maternal_deaths,167,Suriname,Suriname,Region of the Americas,2021,15.67,9.97158536817,8.8252208822,11.7131313764,ensemble_top4,5.69841463183,3.95686862359,6.8447791178,5.69841463183,1.57146526068,0.452008471177
maternal_deaths,167,Suriname,Suriname,Region of the Americas,2022,9.55,9.61535447116,8.47517032376,11.7831150593,ensemble_top4,0,0,1.07482967624,-0.0653544711558,0.993203113692,-0.00682009034341
maternal_deaths,167,Suriname,Suriname,Region of the Americas,2023,9.1,9.31535747801,8.12535734039,11.8536233359,ensemble_top4,0,0,0.974642659615,-0.215357478014,0.976881458546,-0.0233899663928
maternal_deaths,168,Sweden,Sweden,European Region,2020,5.86,5.05315066167,4.73932908242,5.36233605796,ranked_top1_fallback,0.806849338332,0.497663942041,1.12067091758,0.806849338332,1.15967252757,0.148137661443
maternal_deaths,168,Sweden,Sweden,European Region,2021,5.81,4.99114514591,4.67004042563,5.3162268984,ranked_top1_fallback,0.818854854094,0.493773101605,1.13995957437,0.818854854094,1.16406151898,0.151915199271
maternal_deaths,168,Sweden,Sweden,European Region,2022,5.32,4.91895070569,4.58166693168,5.27599442251,ranked_top1_fallback,0.401049294312,0.0440055774862,0.738333068321,0.401049294312,1.08153147252,0.0783780667965
maternal_deaths,168,Sweden,Sweden,European Region,2023,3.94,4.85076444367,4.52229824499,5.20638248253,ranked_top1_fallback,0,0,0,-0.910764443666,0.812243110495,-0.20795558647
maternal_deaths,169,Switzerland,Switzerland,European Region,2020,4.5,5.21735730212,4.57973560328,5.7159486466,ensemble_top4,0,0,0,-0.717357302119,0.86250562103,-0.147913612962
maternal_deaths,169,Switzerland,Switzerland,European Region,2021,4,5.17734505694,4.3132556197,5.71248494989,ensemble_top4,0,0,0,-1.17734505694,0.772596756833,-0.257998026489
maternal_deaths,169,Switzerland,Switzerland,European Region,2022,3.17,5.12804080346,4.05524946009,5.68616136309,ensemble_top4,0,0,0,-1.95804080346,0.618169808216,-0.480992088691
maternal_deaths,169,Switzerland,Switzerland,European Region,2023,4.57,5.08961716874,3.78123259711,5.66565624914,ensemble_top4,0,0,0.788767402893,-0.519617168745,0.897906433526,-0.1076894104
maternal_deaths,170,Syria,Syrian Arab Republic,Eastern Mediterranean,2020,100.2,73.5355672591,24.9554960764,122.835903371,ensemble_top4,26.6644327409,0,75.2445039236,26.6644327409,1.36260592982,0.309398991191
maternal_deaths,170,Syria,Syrian Arab Republic,Eastern Mediterranean,2021,137.4,69.1694635517,19.7694932945,120.827841047,ensemble_top4,68.2305364483,16.5721589532,117.630506705,68.2305364483,1.98642569922,0.686336892711
maternal_deaths,170,Syria,Syrian Arab Republic,Eastern Mediterranean,2022,98.88,64.4457369338,14.8888897587,118.90800052,ensemble_top4,34.4342630662,0,83.9911102413,34.4342630662,1.53431405558,0.428083411837
maternal_deaths,170,Syria,Syrian Arab Republic,Eastern Mediterranean,2023,106.3,60.5607297305,9.43405527023,116.179918633,ensemble_top4,45.7392702695,0,96.8659447298,45.7392702695,1.75526286544,0.56261862658
maternal_deaths,171,Tajikistan,Tajikistan,European Region,2020,70.34,40.6279243341,31.4005959135,50.1471569397,ensemble_top4,29.7120756659,20.1928430603,38.9394040865,29.7120756659,1.73132152707,0.548885005377
maternal_deaths,171,Tajikistan,Tajikistan,European Region,2021,68.15,38.4712792253,28.4410382651,47.9635898451,ensemble_top4,29.6787207747,20.1864101549,39.7089617349,29.6787207747,1.77145136248,0.57179918939
maternal_deaths,171,Tajikistan,Tajikistan,European Region,2022,39.63,36.3633025908,26.1974965454,46.4949354972,ensemble_top4,3.26669740921,0,13.4325034546,3.26669740921,1.08983500333,0.086026311688
maternal_deaths,171,Tajikistan,Tajikistan,European Region,2023,37.62,34.464745263,23.9651392941,45.0792567668,ensemble_top4,3.15525473704,0,13.6548607059,3.15525473704,1.09155021205,0.0875988987433
maternal_deaths,172,Thailand,Thailand,Southeast Asia Region,2020,228.3,210.111092164,190.796012986,229.524644216,ensemble_top4,18.1889078358,0,37.5039870142,18.1889078358,1.08656805145,0.0830241523891
maternal_deaths,172,Thailand,Thailand,Southeast Asia Region,2021,234.2,201.931841286,182.679604252,222.328100435,ensemble_top4,32.2681587137,11.871899565,51.5203957483,32.2681587137,1.15979727867,0.148245230076
maternal_deaths,172,Thailand,Thailand,Southeast Asia Region,2022,676.2,194.459966766,174.916230859,214.456861616,ensemble_top4,481.740033234,461.743138384,501.283769141,481.740033234,3.47732240854,1.2462625748
maternal_deaths,172,Thailand,Thailand,Southeast Asia Region,2023,203.7,186.914340226,167.413129745,207.37915289,ensemble_top4,16.7856597737,0,36.2868702547,16.7856597737,1.08980402335,0.085997884982
maternal_deaths,173,Timor-Leste,Timor-Leste,Southeast Asia Region,2020,79.68,69.9519361214,65.5442377243,74.4596092007,ensemble_top4,9.72806387865,5.22039079927,14.1357622757,9.72806387865,1.13906782883,0.130210233901
maternal_deaths,173,Timor-Leste,Timor-Leste,Southeast Asia Region,2021,80.62,66.0013090952,61.3115817245,70.9014550423,ensemble_top4,14.6186909048,9.7185449577,19.3084182755,14.6186909048,1.22149092352,0.200072181084
maternal_deaths,173,Timor-Leste,Timor-Leste,Southeast Asia Region,2022,72.14,62.4407639025,57.9066706344,67.9571514332,ensemble_top4,9.69923609747,4.1828485668,14.2333293656,9.69923609747,1.15533500059,0.144390345718
maternal_deaths,173,Timor-Leste,Timor-Leste,Southeast Asia Region,2023,58.79,59.3604167461,54.7827941225,65.2524044506,ensemble_top4,0,0,4.00720587751,-0.570416746083,0.990390620933,-0.00965584707535
maternal_deaths,174,Togo,Togo,African Region,2020,1119,1141.12805738,1075.71720297,1217.30715452,ensemble_top4,0,0,43.2827970292,-22.1280573788,0.980608611596,-0.0195818678369
maternal_deaths,174,Togo,Togo,African Region,2021,1127,1119.95278126,1050.75658855,1207.5796645,ensemble_top4,7.04721874303,0,76.2434114517,7.04721874303,1.00629242488,0.00627271023137
maternal_deaths,174,Togo,Togo,African Region,2022,1038,1099.18083503,1024.49319062,1200.86871011,ensemble_top4,0,0,13.506809382,-61.1808350257,0.944339609029,-0.0572694222061
maternal_deaths,174,Togo,Togo,African Region,2023,1011,1081.92441431,1001.74667765,1193.41824133,ensemble_top4,0,0,9.25332235186,-70.9244143119,0.934446054296,-0.0678013805631
maternal_deaths,175,Tonga,Tonga,Western Pacific Region,2020,1.85,1.78382807913,1.68982821623,1.91770812777,ensemble_top4,0.0661719208717,0,0.160171783774,0.0661719208717,1.03709545872,0.0364239777777
maternal_deaths,175,Tonga,Tonga,Western Pacific Region,2021,1.88,1.71490029758,1.6167518771,1.8525309907,ensemble_top4,0.16509970242,0.0274690092961,0.263248122903,0.16509970242,1.09627364498,0.091916833436
maternal_deaths,175,Tonga,Tonga,Western Pacific Region,2022,1.76,1.64811261317,1.54780258028,1.79347275088,ensemble_top4,0.111887386829,0,0.212197419717,0.111887386829,1.06788819279,0.0656830466627
maternal_deaths,175,Tonga,Tonga,Western Pacific Region,2023,1.61,1.58461352804,1.48499974688,1.73022857899,ensemble_top4,0.025386471964,0,0.125000253118,0.025386471964,1.01602060787,0.0158936322908
maternal_deaths,176,Trinidad and Tobago,Trinidad and Tobago,Region of the Americas,2020,6.03,9.28588467286,8.72024224477,10.1492350676,ensemble_top4,0,0,0,-3.25588467286,0.649372699795,-0.431748459318
maternal_deaths,176,Trinidad and Tobago,Trinidad and Tobago,Region of the Americas,2021,9.11,9.34094075247,8.69966933272,10.5119893159,ensemble_top4,0,0,0.410330667285,-0.230940752471,0.975276499596,-0.0250342588594
maternal_deaths,176,Trinidad and Tobago,Trinidad and Tobago,Region of the Americas,2022,5,9.37720332833,8.67975939383,11.0810231463,ensemble_top4,0,0,0,-4.37720332833,0.533208017885,-0.628843653497
maternal_deaths,176,Trinidad and Tobago,Trinidad and Tobago,Region of the Americas,2023,8.7,9.42248995917,8.62636268372,11.8258837614,ensemble_top4,0,0,0.0736373162845,-0.722489959169,0.923322819945,-0.0797763548752
maternal_deaths,177,Tunisia,Tunisia,Eastern Mediterranean,2020,75.03,80.1803068725,61.6308966417,89.2877123508,ensemble_top4,0,0,13.3991033583,-5.15030687246,0.935765937132,-0.0663899009437
maternal_deaths,177,Tunisia,Tunisia,Eastern Mediterranean,2021,109.1,79.8800742996,55.5835685501,89.0130776442,ensemble_top4,29.2199257004,20.0869223558,53.5164314499,29.2199257004,1.36579742766,0.311738454151
maternal_deaths,177,Tunisia,Tunisia,Eastern Mediterranean,2022,65.24,79.9891416492,49.5057511131,89.3238068034,ensemble_top4,0,0,15.7342488869,-14.7491416492,0.815610702339,-0.203818118324
maternal_deaths,177,Tunisia,Tunisia,Eastern Mediterranean,2023,59.9,79.906710101,43.8157450373,89.0702959034,ensemble_top4,0,0,16.0842549627,-20.006710101,0.749624154521,-0.288183325364
maternal_deaths,178,Turkmenistan,Turkmenistan,European Region,2020,8.81,8.36115036149,6.58317236487,9.88716625214,ensemble_top4,0.448849638509,0,2.22682763513,0.448849638509,1.05368276124,0.0522914192688
maternal_deaths,178,Turkmenistan,Turkmenistan,European Region,2021,9.12,8.11968285411,6.1484281469,9.95112036603,ensemble_top4,1.00031714589,0,2.9715718531,1.00031714589,1.12319657847,0.11617870805
maternal_deaths,178,Turkmenistan,Turkmenistan,European Region,2022,7.51,7.86393315069,5.72059224424,10.20331454,ensemble_top4,0,0,1.78940775576,-0.353933150685,0.954992858675,-0.0460514163568
maternal_deaths,178,Turkmenistan,Turkmenistan,European Region,2023,7.24,7.65770287729,5.39986003394,10.6930885981,ensemble_top4,0,0,1.84013996606,-0.417702877288,0.945453240485,-0.0560908469087
maternal_deaths,179,Tuvalu,Tuvalu,Western Pacific Region,2020,0.53,0.394395350608,0.30768776397,0.470073982091,ensemble_top4,0.135604649392,0.0599260179093,0.22231223603,0.135604649392,1.34382922918,0.295523172406
maternal_deaths,179,Tuvalu,Tuvalu,Western Pacific Region,2021,0.39,0.387220436649,0.299506911096,0.464725736601,ensemble_top4,0.00277956335072,0,0.0904930889043,0.00277956335072,1.00717824548,0.00715260451163
maternal_deaths,179,Tuvalu,Tuvalu,Western Pacific Region,2022,0.53,0.3787548339,0.289095903171,0.458628792885,ensemble_top4,0.1512451661,0.0713712071147,0.240904096829,0.1512451661,1.39932207477,0.335987887033
maternal_deaths,179,Tuvalu,Tuvalu,Western Pacific Region,2023,0.38,0.371297204915,0.280469084659,0.450069263004,ensemble_top4,0.00870279508515,0,0.0995309153414,0.00870279508515,1.023438892,0.0231684194008
maternal_deaths,180,Turkey,Türkiye,European Region,2020,230.8,218.007297371,195.481133924,242.016912035,ensemble_top4,12.792702629,0,35.318866076,12.792702629,1.05868015788,0.0570229982263
maternal_deaths,180,Turkey,Türkiye,European Region,2021,228.6,209.887462294,186.207027663,236.484260032,ensemble_top4,18.7125377064,0,42.3929723372,18.7125377064,1.08915510008,0.0854022581258
maternal_deaths,180,Turkey,Türkiye,European Region,2022,228.9,201.660363814,175.869843688,228.87919633,ensemble_top4,27.2396361861,0.020803669588,53.0301563123,27.2396361861,1.13507679779,0.1267003119
maternal_deaths,180,Turkey,Türkiye,European Region,2023,156.8,194.192060538,165.624177106,222.941683327,ensemble_top4,0,0,0,-37.3920605376,0.807448046877,-0.213876564188
maternal_deaths,181,Uganda,Uganda,African Region,2020,3428,3598.2403096,2946.37031169,4183.01699919,ensemble_top4,0,0,481.629688314,-170.2403096,0.952687898819,-0.0484679223347
maternal_deaths,181,Uganda,Uganda,African Region,2021,3600,3498.28881602,2798.3239982,4108.19211773,ensemble_top4,101.711183979,0,801.676001796,101.711183979,1.02907455311,0.0286599062302
maternal_deaths,181,Uganda,Uganda,African Region,2022,3115,3421.89723378,2685.40784971,4052.63103965,ensemble_top4,0,0,429.592150295,-306.897233778,0.910313719901,-0.0939659917389
maternal_deaths,181,Uganda,Uganda,African Region,2023,2917,3334.09329509,2556.23023168,3994.10755642,ensemble_top4,0,0,360.769768318,-417.093295093,0.874900532716,-0.133645075983
maternal_deaths,182,Ukraine,Ukraine,European Region,2020,60.66,47.91894721,30.374741239,66.9373284064,ensemble_top4,12.74105279,0,30.285258761,12.74105279,1.2658875775,0.235773518436
maternal_deaths,182,Ukraine,Ukraine,European Region,2021,79.93,43.435637839,26.1913605125,63.8783458944,ensemble_top4,36.494362161,16.0516541056,53.7386394875,36.494362161,1.84019399683,0.609870999124
maternal_deaths,182,Ukraine,Ukraine,European Region,2022,36.17,38.9468112769,21.5726299626,60.5110594625,ensemble_top4,0,0,14.5973700374,-2.7768112769,0.928702474327,-0.0739668559129
maternal_deaths,182,Ukraine,Ukraine,European Region,2023,31.72,34.8189614607,17.7676598385,57.4116882836,ensemble_top4,0,0,13.9523401615,-3.09896146071,0.91099787786,-0.093214711187
maternal_deaths,183,United Arab Emirates,United Arab Emirates,Eastern Mediterranean,2020,6.39,1.94435935965,0.946254103599,2.74427808528,ensemble_top4,4.44564064035,3.64572191472,5.4437458964,4.44564064035,3.28642952152,1.18980172365
maternal_deaths,183,United Arab Emirates,United Arab Emirates,Eastern Mediterranean,2021,5.8,1.63615824753,0.731129383293,2.57727811309,ensemble_top4,4.16384175247,3.22272188691,5.06887061671,4.16384175247,3.54488938265,1.26550695573
maternal_deaths,183,United Arab Emirates,United Arab Emirates,Eastern Mediterranean,2022,2.3,1.36070220668,0.542631087872,2.44503153314,ensemble_top4,0.939297793316,0,1.75736891213,0.939297793316,1.6903037187,0.524908227995
maternal_deaths,183,United Arab Emirates,United Arab Emirates,Eastern Mediterranean,2023,2.64,1.11296965631,0.398442827903,2.24205927308,ensemble_top4,1.52703034369,0.39794072692,2.2415571721,1.52703034369,2.37203232364,0.863747108208
maternal_deaths,184,United Kingdom,United Kingdom of Great Britain and Northern Ireland,European Region,2020,93.05,64.424553758,56.5780837679,72.4148373278,ensemble_top4,28.625446242,20.6351626722,36.4719162321,28.625446242,1.44432509924,0.367642153108
maternal_deaths,184,United Kingdom,United Kingdom of Great Britain and Northern Ireland,European Region,2021,89.53,63.0593528268,54.4300867974,71.830267393,ensemble_top4,26.4706471732,17.699732607,35.0999132026,26.4706471732,1.4197735306,0.350497373398
maternal_deaths,184,United Kingdom,United Kingdom of Great Britain and Northern Ireland,European Region,2022,104.5,61.6598579215,52.4000982112,71.688927616,ensemble_top4,42.8401420785,32.811072384,52.0999017888,42.8401420785,1.69478171898,0.527553953174
maternal_deaths,184,United Kingdom,United Kingdom of Great Britain and Northern Ireland,European Region,2023,57.18,60.6617590592,50.5748776394,71.9742102885,ensemble_top4,0,0,6.60512236056,-3.48175905917,0.942603724106,-0.0591093136134
maternal_deaths,185,Tanzania,United Republic of Tanzania,African Region,2020,3551,6992.41382063,5340.57096204,8930.88748871,ensemble_top4,0,0,0,-3441.41382063,0.50783607651,-0.677596567513
maternal_deaths,185,Tanzania,United Republic of Tanzania,African Region,2021,3669,6830.96615226,5130.04440972,8822.72446879,ensemble_top4,0,0,0,-3161.96615226,0.537112894168,-0.621546975344
maternal_deaths,185,Tanzania,United Republic of Tanzania,African Region,2022,3497,6640.44908693,4929.29960802,8741.59626809,ensemble_top4,0,0,0,-3143.44908693,0.526621009245,-0.641274136694
maternal_deaths,185,Tanzania,United Republic of Tanzania,African Region,2023,6472,6450.31658296,4688.96409175,8745.08041661,ensemble_top4,21.6834170384,0,1783.03590825,21.6834170384,1.00336160509,0.00335596752332
maternal_deaths,186,USA,United States of America,Region of the Americas,2020,817.9,669.189584372,632.389153276,714.751971858,ensemble_top4,148.710415628,103.148028142,185.510846724,148.710415628,1.22222464172,0.200672675047
maternal_deaths,186,USA,United States of America,Region of the Americas,2021,1149,666.37437087,631.492013259,717.294257107,ensemble_top4,482.62562913,431.705742893,517.507986741,482.62562913,1.72425598917,0.544795646814
maternal_deaths,186,USA,United States of America,Region of the Americas,2022,751.5,664.469594144,628.298869096,720.765648247,ensemble_top4,87.0304058565,30.7343517533,123.201130904,87.0304058565,1.13097725859,0.123082089583
maternal_deaths,186,USA,United States of America,Region of the Americas,2023,608.3,663.425468653,623.888208972,723.086952555,ensemble_top4,0,0,0,-55.1254686529,0.916907819706,-0.086748335545
maternal_deaths,187,Uruguay,Uruguay,Region of the Americas,2020,6.92,6.04309730952,5.29456754836,6.74850176265,ensemble_top4,0.876902690479,0.171498237351,1.62543245164,0.876902690479,1.14510815325,0.13549908953
maternal_deaths,187,Uruguay,Uruguay,Region of the Americas,2021,16.92,5.77632497758,5.05254665024,6.545864074,ensemble_top4,11.1436750224,10.374135926,11.8674533498,11.1436750224,2.92919807415,1.07472869074
maternal_deaths,187,Uruguay,Uruguay,Region of the Americas,2022,6.67,5.52724868617,4.77522252774,6.32606393123,ensemble_top4,1.14275131383,0.343936068773,1.89477747226,1.14275131383,1.20674866986,0.187929693304
maternal_deaths,187,Uruguay,Uruguay,Region of the Americas,2023,5.12,5.25842078283,4.50261279875,6.13646556257,ensemble_top4,0,0,0.617387201249,-0.138420782829,0.973676358636,-0.0266763112184
maternal_deaths,188,Uzbekistan,Uzbekistan,European Region,2020,247,230.258241023,214.295784349,246.073019424,ensemble_top4,16.7417589767,0.926980576032,32.7042156513,16.7417589767,1.07270862012,0.070186870501
maternal_deaths,188,Uzbekistan,Uzbekistan,European Region,2021,252.9,231.144345776,214.658193512,249.142135674,ensemble_top4,21.7556542235,3.75786432598,38.2418064878,21.7556542235,1.09412150728,0.089951764815
maternal_deaths,188,Uzbekistan,Uzbekistan,European Region,2022,253.9,231.995917978,214.115430933,252.769172236,ensemble_top4,21.9040820217,1.13082776368,39.7845690671,21.9040820217,1.09441580788,0.0902207121201
maternal_deaths,188,Uzbekistan,Uzbekistan,European Region,2023,249.7,232.495105172,214.619432837,256.852561674,ensemble_top4,17.2048948284,0,35.0805671626,17.2048948284,1.0740011056,0.0713910255054
maternal_deaths,189,Vanuatu,Vanuatu,Western Pacific Region,2020,9.58,9.43850961232,9.14254332691,9.78684829825,ranked_top1_fallback,0.141490387683,0,0.437456673092,0.141490387683,1.01499075527,0.0148795043409
maternal_deaths,189,Vanuatu,Vanuatu,Western Pacific Region,2021,11.12,9.34327883221,9.03219754847,9.74533399995,ranked_top1_fallback,1.77672116779,1.37466600005,2.08780245153,1.77672116779,1.19016034945,0.174088045487
maternal_deaths,189,Vanuatu,Vanuatu,Western Pacific Region,2022,9.42,9.22120729047,8.88981947432,9.68532109718,ranked_top1_fallback,0.198792709529,0,0.530180525685,0.198792709529,1.02155820852,0.0213291170247
maternal_deaths,189,Vanuatu,Vanuatu,Western Pacific Region,2023,8.99,9.0896588601,8.74742500418,9.60543342551,ranked_top1_fallback,0,0,0.242574995815,-0.0996588600992,0.989036017563,-0.0110245298596
maternal_deaths,190,Venezuela,Venezuela (Bolivarian Republic of),Region of the Americas,2020,913.1,1058.92409289,794.728598484,1250.38060012,ensemble_top4,0,0,118.371401516,-145.824092893,0.862290324801,-0.148163261311
maternal_deaths,190,Venezuela,Venezuela (Bolivarian Republic of),Region of the Americas,2021,1078,1103.92221269,732.060372002,1297.48175539,ensemble_top4,0,0,345.939627998,-25.9222126908,0.976518080357,-0.0237620133665
maternal_deaths,190,Venezuela,Venezuela (Bolivarian Republic of),Region of the Americas,2022,927.8,1140.96430969,673.403594056,1371.22827309,ensemble_top4,0,0,254.396405944,-213.164309695,0.813171798729,-0.206812877208
maternal_deaths,190,Venezuela,Venezuela (Bolivarian Republic of),Region of the Americas,2023,967.9,1181.95492198,626.887994716,1428.70544488,ensemble_top4,0,0,341.012005284,-214.054921981,0.818897558612,-0.199796284012
maternal_deaths,191,Viet Nam,Viet Nam,Western Pacific Region,2020,767,841.892546553,737.378169857,957.055617435,ensemble_top4,0,0,29.621830143,-74.8925465527,0.911042630251,-0.0931655878105
maternal_deaths,191,Viet Nam,Viet Nam,Western Pacific Region,2021,761.5,831.655855744,724.868874961,947.211251414,ensemble_top4,0,0,36.6311250388,-70.1558557442,0.915643165067,-0.0881285479926
maternal_deaths,191,Viet Nam,Viet Nam,Western Pacific Region,2022,698.6,818.182503494,713.071378037,938.020681269,ensemble_top4,0,0,0,-119.582503494,0.853843729261,-0.158007088751
maternal_deaths,191,Viet Nam,Viet Nam,Western Pacific Region,2023,660.8,808.992981588,702.38304579,922.809843976,ensemble_top4,0,0,0,-148.192981588,0.816817963862,-0.202339019398
maternal_deaths,192,Yemen,Yemen,Eastern Mediterranean,2020,1751,1707.11386693,1542.97572704,1860.89806004,ensemble_top4,43.8861330749,0,208.024272958,43.8861330749,1.02570779485,0.0253829058432
maternal_deaths,192,Yemen,Yemen,Eastern Mediterranean,2021,2065,1759.68123708,1544.57789172,1918.5315168,ensemble_top4,305.318762916,146.468483203,520.422108284,305.318762916,1.17350799479,0.15999754906
maternal_deaths,192,Yemen,Yemen,Eastern Mediterranean,2022,1691,1816.17620069,1539.23001853,1983.18622515,ensemble_top4,0,0,151.769981474,-125.176200689,0.931077061443,-0.0714132323667
maternal_deaths,192,Yemen,Yemen,Eastern Mediterranean,2023,1642,1874.98602979,1522.19910263,2040.64159963,ensemble_top4,0,0,119.800897365,-232.986029792,0.875739858276,-0.132686197587
maternal_deaths,193,Zambia,Zambia,African Region,2020,646.8,678.88195107,200.162071366,1428.01443522,ensemble_top4,0,0,446.637928634,-32.0819510704,0.952742960658,-0.0484101277017
maternal_deaths,193,Zambia,Zambia,African Region,2021,932.2,627.303889544,133.699727757,1406.33362114,ensemble_top4,304.896110456,0,798.500272243,304.896110456,1.48604211697,0.396116288402
maternal_deaths,193,Zambia,Zambia,African Region,2022,604.7,576.783289804,61.7648466118,1410.48599812,ensemble_top4,27.9167101955,0,542.935153388,27.9167101955,1.04840069171,0.0472658522474
maternal_deaths,193,Zambia,Zambia,African Region,2023,585.8,532.567783422,6.33076302896,1414.6503817,ensemble_top4,53.2322165785,0,579.469236971,53.2322165785,1.09995388049,0.0952682521007
maternal_deaths,194,Zimbabwe,Zimbabwe,African Region,2020,1828,1817.30899444,1199.15019318,2375.11818098,ensemble_top4,10.6910055619,0,628.849806822,10.6910055619,1.00588287715,0.00586564059772
maternal_deaths,194,Zimbabwe,Zimbabwe,African Region,2021,2181,1777.64716418,1097.76748638,2356.47056598,ensemble_top4,403.352835819,0,1083.23251362,403.352835819,1.22690264072,0.204492815163
maternal_deaths,194,Zimbabwe,Zimbabwe,African Region,2022,1825,1731.23161831,993.475022659,2319.94459704,ensemble_top4,93.7683816879,0,831.524977341,93.7683816879,1.05416281721,0.0527469137188
maternal_deaths,194,Zimbabwe,Zimbabwe,African Region,2023,1777,1679.17529366,904.137406989,2323.73306564,ensemble_top4,97.8247063426,0,872.862593011,97.8247063426,1.05825759033,0.0566237729191
maternal_deaths,195,Palestine,"occupied Palestinian territory, including east Jerusalem",Eastern Mediterranean,2020,28.58,26.84986884,21.2928049115,32.3553721082,ensemble_top4,1.73013116004,0,7.28719508845,1.73013116004,1.06443722948,0.0624462364766
maternal_deaths,195,Palestine,"occupied Palestinian territory, including east Jerusalem",Eastern Mediterranean,2021,41.73,25.0803670674,19.3757960206,30.6584387293,ensemble_top4,16.6496329326,11.0715612707,22.3542039794,16.6496329326,1.66385124619,0.509134943086
maternal_deaths,195,Palestine,"occupied Palestinian territory, including east Jerusalem",Eastern Mediterranean,2022,24.3,23.4077931615,17.6180718344,28.9445108105,ensemble_top4,0.892206838486,0,6.68192816555,0.892206838486,1.03811580324,0.0374073423384
maternal_deaths,195,Palestine,"occupied Palestinian territory, including east Jerusalem",Eastern Mediterranean,2023,23.59,21.9523999698,15.808434922,27.2935474395,ensemble_top4,1.63760003016,0,7.78156507798,1.63760003016,1.07459776755,0.0719464218415
