outcome,area,country,source_country_name,region,year,observed,expected_median,expected_lower,expected_upper,model_source,excess_median,excess_lower,excess_upper,signed_deviation,observed_expected_ratio,log_observed_expected_ratio
mmr,1,Afghanistan,Afghanistan,Eastern Mediterranean,2000,1372,1372,1372,1372,ensemble_top4,,,,,,
mmr,1,Afghanistan,Afghanistan,Eastern Mediterranean,2001,1311,1312.91964882,1286.85243075,1338.38684704,ensemble_top4,,,,,,
mmr,1,Afghanistan,Afghanistan,Eastern Mediterranean,2002,1263,1261.79964701,1238.03683979,1286.09916417,ensemble_top4,,,,,,
mmr,1,Afghanistan,Afghanistan,Eastern Mediterranean,2003,1201,1210.05866222,1186.11614937,1233.54985431,ensemble_top4,,,,,,
mmr,1,Afghanistan,Afghanistan,Eastern Mediterranean,2004,1166,1158.97295034,1135.37655881,1181.97983783,ensemble_top4,,,,,,
mmr,1,Afghanistan,Afghanistan,Eastern Mediterranean,2005,1108,1109.76892957,1086.80657686,1133.22360342,ensemble_top4,,,,,,
mmr,1,Afghanistan,Afghanistan,Eastern Mediterranean,2006,1069,1061.22190988,1037.48527232,1083.85783057,ensemble_top4,,,,,,
mmr,1,Afghanistan,Afghanistan,Eastern Mediterranean,2007,1032,1016.37559728,992.701751752,1038.93942444,ensemble_top4,,,,,,
mmr,1,Afghanistan,Afghanistan,Eastern Mediterranean,2008,955.2,970.909715187,946.614874764,994.144724593,ensemble_top4,,,,,,
mmr,1,Afghanistan,Afghanistan,Eastern Mediterranean,2009,925.4,928.683528873,904.966660258,952.134584756,ensemble_top4,,,,,,
mmr,1,Afghanistan,Afghanistan,Eastern Mediterranean,2010,892.7,888.989992282,864.404659179,913.778808992,ensemble_top4,,,,,,
mmr,1,Afghanistan,Afghanistan,Eastern Mediterranean,2011,838.2,851.741199074,828.26436175,876.651400822,ensemble_top4,,,,,,
mmr,1,Afghanistan,Afghanistan,Eastern Mediterranean,2012,809.8,817.949493684,794.033381287,841.957331534,ensemble_top4,,,,,,
mmr,1,Afghanistan,Afghanistan,Eastern Mediterranean,2013,778.4,784.571701546,760.454473649,808.193735901,ensemble_top4,,,,,,
mmr,1,Afghanistan,Afghanistan,Eastern Mediterranean,2014,754.6,754.813484657,730.811933176,777.953687834,ensemble_top4,,,,,,
mmr,1,Afghanistan,Afghanistan,Eastern Mediterranean,2015,741.2,722.737570162,698.344045242,746.088536455,ensemble_top4,,,,,,
mmr,1,Afghanistan,Afghanistan,Eastern Mediterranean,2016,702.2,691.604465985,668.380057275,714.605217876,ensemble_top4,,,,,,
mmr,1,Afghanistan,Afghanistan,Eastern Mediterranean,2017,658.6,661.892417184,638.796060575,685.903116198,ensemble_top4,,,,,,
mmr,1,Afghanistan,Afghanistan,Eastern Mediterranean,2018,629.2,633.587146893,610.752703899,656.741586751,ensemble_top4,,,,,,
mmr,1,Afghanistan,Afghanistan,Eastern Mediterranean,2019,601.1,606.346697277,582.628898247,629.595599565,ensemble_top4,,,,,,
mmr,1,Afghanistan,Afghanistan,Eastern Mediterranean,2020,633.6,579.861769141,557.239711603,603.725522963,ensemble_top4,53.738230859,29.8744770374,76.3602883968,53.738230859,1.09267420913,0.0886280944318
mmr,1,Afghanistan,Afghanistan,Eastern Mediterranean,2021,660.2,554.877268946,531.258548561,578.58758588,ensemble_top4,105.322731054,81.6124141201,128.941451439,105.322731054,1.18981266119,0.173795867161
mmr,1,Afghanistan,Afghanistan,Eastern Mediterranean,2022,550.7,530.981961251,507.595238333,554.542239087,ensemble_top4,19.7180387492,0,43.1047616668,19.7180387492,1.03713504448,0.0364621468826
mmr,1,Afghanistan,Afghanistan,Eastern Mediterranean,2023,520.5,507.668997084,484.566139291,532.653335792,ensemble_top4,12.8310029156,0,35.9338607095,12.8310029156,1.02527434803,0.0249602333899
mmr,2,Albania,Albania,European Region,2000,15.42,15.42,15.42,15.42,ensemble_top4,,,,,,
mmr,2,Albania,Albania,European Region,2001,14.43,13.9848468079,12.698185801,15.2403351727,ensemble_top4,,,,,,
mmr,2,Albania,Albania,European Region,2002,13.78,13.7924772453,12.5014431859,14.9358299929,ensemble_top4,,,,,,
mmr,2,Albania,Albania,European Region,2003,13.41,13.4760165581,12.0243735028,14.5565032986,ensemble_top4,,,,,,
mmr,2,Albania,Albania,European Region,2004,12.87,12.6761073713,11.5717652402,13.6563306574,ensemble_top4,,,,,,
mmr,2,Albania,Albania,European Region,2005,12.19,11.8408329369,10.8804335216,12.9997241924,ensemble_top4,,,,,,
mmr,2,Albania,Albania,European Region,2006,11.41,11.1461964531,10.1597693501,12.6094707447,ensemble_top4,,,,,,
mmr,2,Albania,Albania,European Region,2007,10.44,10.6170913793,9.62535295559,12.1887060918,ensemble_top4,,,,,,
mmr,2,Albania,Albania,European Region,2008,9.74,10.2145589037,9.26888233695,11.7680245352,ensemble_top4,,,,,,
mmr,2,Albania,Albania,European Region,2009,9.41,9.97372779518,9.01529258498,11.3227518671,ensemble_top4,,,,,,
mmr,2,Albania,Albania,European Region,2010,9.37,9.87739374514,8.74697811266,11.235468871,ensemble_top4,,,,,,
mmr,2,Albania,Albania,European Region,2011,9.45,9.77728451494,8.70908528881,10.9029562817,ensemble_top4,,,,,,
mmr,2,Albania,Albania,European Region,2012,9.8,9.65782925104,8.51289487706,10.6263227307,ensemble_top4,,,,,,
mmr,2,Albania,Albania,European Region,2013,9.94,9.43214646617,8.20079600866,10.3727891073,ensemble_top4,,,,,,
mmr,2,Albania,Albania,European Region,2014,9.71,9.14637840002,7.83846589269,10.110057281,ensemble_top4,,,,,,
mmr,2,Albania,Albania,European Region,2015,9.14,8.82437656185,7.56837967493,9.78161875028,ensemble_top4,,,,,,
mmr,2,Albania,Albania,European Region,2016,8.47,8.46065314174,7.20023096692,9.4266953444,ensemble_top4,,,,,,
mmr,2,Albania,Albania,European Region,2017,7.85,8.05982811862,6.86245847449,9.03198595137,ensemble_top4,,,,,,
mmr,2,Albania,Albania,European Region,2018,7.38,7.64091083632,6.57321897194,8.67500736491,ensemble_top4,,,,,,
mmr,2,Albania,Albania,European Region,2019,7.11,7.17975563959,6.12345758904,8.35921608291,ensemble_top4,,,,,,
mmr,2,Albania,Albania,European Region,2020,7.03,6.74451982912,5.63414241829,8.09529099212,ensemble_top4,0.285480170883,0,1.39585758171,0.285480170883,1.04232772356,0.0414564078567
mmr,2,Albania,Albania,European Region,2021,13.8,6.31844300332,5.06988833157,7.8301071501,ensemble_top4,7.48155699668,5.9698928499,8.73011166843,7.48155699668,2.18408237484,0.781195774591
mmr,2,Albania,Albania,European Region,2022,8,5.90585685962,4.44659189676,7.59114127582,ensemble_top4,2.09414314038,0.408858724182,3.55340810324,2.09414314038,1.35458752052,0.303496995086
mmr,2,Albania,Albania,European Region,2023,6.87,5.48140999246,3.88875439192,7.39050277177,ensemble_top4,1.38859000754,0,2.98124560808,1.38859000754,1.2533271566,0.225801740475
mmr,3,Algeria,Algeria,African Region,2000,122.6,122.6,121.6,122.6,ensemble_top4,,,,,,
mmr,3,Algeria,Algeria,African Region,2001,113.4,106.140636118,93.5244514109,117.056124957,ensemble_top4,,,,,,
mmr,3,Algeria,Algeria,African Region,2002,102.1,102.602483559,88.9344735539,114.009887216,ensemble_top4,,,,,,
mmr,3,Algeria,Algeria,African Region,2003,101,97.447845324,85.5699259158,108.129861619,ensemble_top4,,,,,,
mmr,3,Algeria,Algeria,African Region,2004,90.71,91.9610200156,82.2713829562,100.248411224,ensemble_top4,,,,,,
mmr,3,Algeria,Algeria,African Region,2005,86.95,87.4978111685,79.6007434985,95.9629514319,ensemble_top4,,,,,,
mmr,3,Algeria,Algeria,African Region,2006,84.47,84.608156261,76.6501395338,94.0519770764,ensemble_top4,,,,,,
mmr,3,Algeria,Algeria,African Region,2007,83.49,83.0009900101,75.2947281743,93.1814234956,ensemble_top4,,,,,,
mmr,3,Algeria,Algeria,African Region,2008,83.32,81.9622884927,74.9990420233,92.196705421,ensemble_top4,,,,,,
mmr,3,Algeria,Algeria,African Region,2009,82.63,81.4336795116,75.1904509554,90.9707527801,ensemble_top4,,,,,,
mmr,3,Algeria,Algeria,African Region,2010,81.89,81.0397873094,74.8605118806,89.9554372707,ensemble_top4,,,,,,
mmr,3,Algeria,Algeria,African Region,2011,80.71,80.6256520361,74.4697161774,89.2975660507,ensemble_top4,,,,,,
mmr,3,Algeria,Algeria,African Region,2012,81.08,80.2648252147,74.1914842047,88.5044984371,ensemble_top4,,,,,,
mmr,3,Algeria,Algeria,African Region,2013,80.6,79.931304083,73.8396175223,87.8021528661,ensemble_top4,,,,,,
mmr,3,Algeria,Algeria,African Region,2014,80.47,79.4210480354,73.3857253336,87.0829399977,ensemble_top4,,,,,,
mmr,3,Algeria,Algeria,African Region,2015,79.48,79.0108673842,72.7730709739,86.0465766221,ensemble_top4,,,,,,
mmr,3,Algeria,Algeria,African Region,2016,78.69,78.507863975,72.014207498,85.045497826,ensemble_top4,,,,,,
mmr,3,Algeria,Algeria,African Region,2017,77.33,77.8883967672,70.9594545288,84.1802096385,ensemble_top4,,,,,,
mmr,3,Algeria,Algeria,African Region,2018,75.43,77.1970496035,69.0926434651,83.7054396948,ensemble_top4,,,,,,
mmr,3,Algeria,Algeria,African Region,2019,73.17,76.8115965064,66.9369987257,83.6290079325,ensemble_top4,,,,,,
mmr,3,Algeria,Algeria,African Region,2020,96.77,76.6318554829,64.1990522442,83.542009962,ensemble_top4,20.1381445171,13.227990038,32.5709477558,20.1381445171,1.26279077272,0.233324170672
mmr,3,Algeria,Algeria,African Region,2021,78.86,76.4489318215,61.0492342991,83.8620498305,ensemble_top4,2.41106817852,0,17.8107657009,2.41106817852,1.03153828472,0.0310511684221
mmr,3,Algeria,Algeria,African Region,2022,64.46,76.1740468614,58.009606738,84.0433936026,ensemble_top4,0,0,6.45039326199,-11.7140468614,0.846219974597,-0.166975935921
mmr,3,Algeria,Algeria,African Region,2023,62.49,76.1461436055,54.8937904538,84.1642930246,ensemble_top4,0,0,7.59620954622,-13.6561436055,0.820658762757,-0.197647892036
mmr,4,Andorra,Andorra,European Region,2000,14.02,14.02,14.02,14.02,ensemble_top4,,,,,,
mmr,4,Andorra,Andorra,European Region,2001,13.87,13.0159476674,11.2697839689,14.7248500931,ensemble_top4,,,,,,
mmr,4,Andorra,Andorra,European Region,2002,13.59,12.9817795256,11.2619676565,14.5736111438,ensemble_top4,,,,,,
mmr,4,Andorra,Andorra,European Region,2003,12.52,12.8192604607,11.1548650358,14.4428596611,ensemble_top4,,,,,,
mmr,4,Andorra,Andorra,European Region,2004,11.68,12.626913828,10.9878633663,14.2147759855,ensemble_top4,,,,,,
mmr,4,Andorra,Andorra,European Region,2005,12.67,12.3762893592,10.8087249959,13.9880925382,ensemble_top4,,,,,,
mmr,4,Andorra,Andorra,European Region,2006,10.71,12.1551254193,10.5737815711,13.7310267236,ensemble_top4,,,,,,
mmr,4,Andorra,Andorra,European Region,2007,11.74,11.9119465663,10.3380803425,13.4972885596,ensemble_top4,,,,,,
mmr,4,Andorra,Andorra,European Region,2008,11.6,11.6638950528,10.1018486569,13.2266040684,ensemble_top4,,,,,,
mmr,4,Andorra,Andorra,European Region,2009,11.5,11.3777042526,9.79207468989,12.9417844465,ensemble_top4,,,,,,
mmr,4,Andorra,Andorra,European Region,2010,12.14,11.1260943725,9.5439557135,12.7797482489,ensemble_top4,,,,,,
mmr,4,Andorra,Andorra,European Region,2011,10.94,10.8787407034,9.26159261864,12.5174362401,ensemble_top4,,,,,,
mmr,4,Andorra,Andorra,European Region,2012,11.05,10.6117091059,8.94923213424,12.2472190427,ensemble_top4,,,,,,
mmr,4,Andorra,Andorra,European Region,2013,9.49,10.3626677489,8.69498445052,12.1263357208,ensemble_top4,,,,,,
mmr,4,Andorra,Andorra,European Region,2014,9.71,10.1691512153,8.4355838687,11.9105487366,ensemble_top4,,,,,,
mmr,4,Andorra,Andorra,European Region,2015,9.93,10.2660482497,8.42154111213,12.2091582631,ensemble_top4,,,,,,
mmr,4,Andorra,Andorra,European Region,2016,9.83,10.2695524665,8.40061422679,12.2335245954,ensemble_top4,,,,,,
mmr,4,Andorra,Andorra,European Region,2017,11.1,10.5179598794,8.69834192851,12.4964187667,ensemble_top4,,,,,,
mmr,4,Andorra,Andorra,European Region,2018,10.78,10.5914926212,8.64977588183,12.6452576282,ensemble_top4,,,,,,
mmr,4,Andorra,Andorra,European Region,2019,10.64,10.5760093946,8.53902362464,13.1874402333,ensemble_top4,,,,,,
mmr,4,Andorra,Andorra,European Region,2020,48.45,10.4442986388,8.30037815193,14.5088333246,ensemble_top4,38.0057013612,33.9411666754,40.1496218481,38.0057013612,4.63889454673,1.53447609361
mmr,4,Andorra,Andorra,European Region,2021,17.81,10.3528684231,8.18202252631,17.1222830442,ensemble_top4,7.45713157686,0.687716955781,9.62797747369,7.45713157686,1.72029617996,0.542496473655
mmr,4,Andorra,Andorra,European Region,2022,16.6,10.1970326568,7.91742994756,21.2257085836,ensemble_top4,6.4029673432,0,8.68257005244,6.4029673432,1.6279245697,0.487305933397
mmr,4,Andorra,Andorra,European Region,2023,10.63,10.0318738697,7.79988661992,26.1338438759,ensemble_top4,0.598126130287,0,2.83011338008,0.598126130287,1.05962257282,0.0579127813381
mmr,5,Angola,Angola,African Region,2000,659.3,659.3,658.3,659.3,ensemble_top4,,,,,,
mmr,5,Angola,Angola,African Region,2001,628.6,632.079806763,613.296300992,702.068854615,ensemble_top4,,,,,,
mmr,5,Angola,Angola,African Region,2002,602.4,593.076910155,573.467469313,648.297052997,ensemble_top4,,,,,,
mmr,5,Angola,Angola,African Region,2003,538,548.552443941,531.857106368,597.421690212,ensemble_top4,,,,,,
mmr,5,Angola,Angola,African Region,2004,498.9,507.628006457,491.936048163,550.280407243,ensemble_top4,,,,,,
mmr,5,Angola,Angola,African Region,2005,461.9,469.902129919,452.878405175,506.770649712,ensemble_top4,,,,,,
mmr,5,Angola,Angola,African Region,2006,437.2,435.632364376,418.323971768,468.975231897,ensemble_top4,,,,,,
mmr,5,Angola,Angola,African Region,2007,401.3,403.938421119,386.813763572,433.584505735,ensemble_top4,,,,,,
mmr,5,Angola,Angola,African Region,2008,372.2,375.142546646,358.822514542,402.470659521,ensemble_top4,,,,,,
mmr,5,Angola,Angola,African Region,2009,348.1,348.606104634,333.385343824,374.442428387,ensemble_top4,,,,,,
mmr,5,Angola,Angola,African Region,2010,321.4,324.676586284,308.985594069,349.268710869,ensemble_top4,,,,,,
mmr,5,Angola,Angola,African Region,2011,300.6,303.213631698,286.575548724,328.502310817,ensemble_top4,,,,,,
mmr,5,Angola,Angola,African Region,2012,277.8,284.253767111,266.619080092,308.745688703,ensemble_top4,,,,,,
mmr,5,Angola,Angola,African Region,2013,266.8,271.605838096,254.860877985,291.656350736,ensemble_top4,,,,,,
mmr,5,Angola,Angola,African Region,2014,261.7,261.408677587,244.17295695,278.5163727,ensemble_top4,,,,,,
mmr,5,Angola,Angola,African Region,2015,249.4,247.519283987,232.376780765,264.020903605,ensemble_top4,,,,,,
mmr,5,Angola,Angola,African Region,2016,235.7,235.261875945,220.3410317,251.334990424,ensemble_top4,,,,,,
mmr,5,Angola,Angola,African Region,2017,220.3,222.889579869,208.408585242,240.059235067,ensemble_top4,,,,,,
mmr,5,Angola,Angola,African Region,2018,208.4,211.999975872,196.810917047,230.692756083,ensemble_top4,,,,,,
mmr,5,Angola,Angola,African Region,2019,201.6,201.841573495,185.108629724,222.393720512,ensemble_top4,,,,,,
mmr,5,Angola,Angola,African Region,2020,194.8,192.237634007,173.936478114,214.635786503,ensemble_top4,2.56236599283,0,20.8635218863,2.56236599283,1.01332915902,0.0132411073509
mmr,5,Angola,Angola,African Region,2021,210.6,184.126164703,163.644057639,208.262154669,ensemble_top4,26.4738352966,2.33784533127,46.9559423613,26.4738352966,1.14378095226,0.134339399325
mmr,5,Angola,Angola,African Region,2022,184.6,176.026881562,152.60850109,202.564694603,ensemble_top4,8.57311843844,0,31.9914989102,8.57311843844,1.04870346144,0.0475546025484
mmr,5,Angola,Angola,African Region,2023,183.2,169.178824319,142.230976378,197.933430657,ensemble_top4,14.021175681,0,40.9690236219,14.021175681,1.08287784087,0.0796221646791
mmr,6,Antigua and Barbuda,Antigua and Barbuda,Region of the Americas,2000,37.06,37.06,37.06,37.06,ensemble_top4,,,,,,
mmr,6,Antigua and Barbuda,Antigua and Barbuda,Region of the Americas,2001,35.5,34.8492412962,32.0460962317,37.4645243971,ensemble_top4,,,,,,
mmr,6,Antigua and Barbuda,Antigua and Barbuda,Region of the Americas,2002,35.78,34.5257993637,31.9474195777,37.0352976588,ensemble_top4,,,,,,
mmr,6,Antigua and Barbuda,Antigua and Barbuda,Region of the Americas,2003,33.46,34.1148746318,31.5627560433,36.6018432593,ensemble_top4,,,,,,
mmr,6,Antigua and Barbuda,Antigua and Barbuda,Region of the Americas,2004,33.67,33.6738700408,31.1868366843,36.1678162197,ensemble_top4,,,,,,
mmr,6,Antigua and Barbuda,Antigua and Barbuda,Region of the Americas,2005,32.53,33.2424590996,30.7543533641,35.7506145352,ensemble_top4,,,,,,
mmr,6,Antigua and Barbuda,Antigua and Barbuda,Region of the Americas,2006,31.65,32.8156934776,30.4005257595,35.3399578757,ensemble_top4,,,,,,
mmr,6,Antigua and Barbuda,Antigua and Barbuda,Region of the Americas,2007,32.35,32.4320841293,29.954151858,34.9576093262,ensemble_top4,,,,,,
mmr,6,Antigua and Barbuda,Antigua and Barbuda,Region of the Americas,2008,31.31,31.9803145922,29.4727951465,34.6439211121,ensemble_top4,,,,,,
mmr,6,Antigua and Barbuda,Antigua and Barbuda,Region of the Americas,2009,32.05,31.7014299882,29.1921089407,34.3331027294,ensemble_top4,,,,,,
mmr,6,Antigua and Barbuda,Antigua and Barbuda,Region of the Americas,2010,31.21,31.3578445851,28.8511483357,34.0680321771,ensemble_top4,,,,,,
mmr,6,Antigua and Barbuda,Antigua and Barbuda,Region of the Americas,2011,30.95,31.0075579569,28.5364852464,33.7012980916,ensemble_top4,,,,,,
mmr,6,Antigua and Barbuda,Antigua and Barbuda,Region of the Americas,2012,30.47,30.7213910295,28.3130333751,33.4598900044,ensemble_top4,,,,,,
mmr,6,Antigua and Barbuda,Antigua and Barbuda,Region of the Americas,2013,32.07,30.5023297672,28.0518347882,33.2431052884,ensemble_top4,,,,,,
mmr,6,Antigua and Barbuda,Antigua and Barbuda,Region of the Americas,2014,31.83,30.2823138466,27.7404815731,33.0346351105,ensemble_top4,,,,,,
mmr,6,Antigua and Barbuda,Antigua and Barbuda,Region of the Americas,2015,29.65,30.172554695,27.5098883452,32.8558007885,ensemble_top4,,,,,,
mmr,6,Antigua and Barbuda,Antigua and Barbuda,Region of the Americas,2016,27.94,30.4126375959,27.8205203608,33.1958766756,ensemble_top4,,,,,,
mmr,6,Antigua and Barbuda,Antigua and Barbuda,Region of the Americas,2017,31.16,30.6631073777,27.8727452539,33.7275858989,ensemble_top4,,,,,,
mmr,6,Antigua and Barbuda,Antigua and Barbuda,Region of the Americas,2018,30.63,30.9530836736,27.7987719786,34.6487421064,ensemble_top4,,,,,,
mmr,6,Antigua and Barbuda,Antigua and Barbuda,Region of the Americas,2019,32.27,31.3587383463,27.5549626356,37.0703413959,ensemble_top4,,,,,,
mmr,6,Antigua and Barbuda,Antigua and Barbuda,Region of the Americas,2020,34.82,31.8194682559,27.2393588357,41.3859212157,ensemble_top4,3.00053174411,0,7.58064116432,3.00053174411,1.09429861367,0.0901136225727
mmr,6,Antigua and Barbuda,Antigua and Barbuda,Region of the Americas,2021,31.9,32.3939161886,26.9429998579,47.9938066279,ensemble_top4,0,0,4.95700014209,-0.493916188617,0.984752810196,-0.0153646234199
mmr,6,Antigua and Barbuda,Antigua and Barbuda,Region of the Americas,2022,36.02,33.1488038102,26.603071697,57.2436086144,ensemble_top4,2.87119618982,0,9.41692830305,2.87119618982,1.08661537853,0.0830677079244
mmr,6,Antigua and Barbuda,Antigua and Barbuda,Region of the Americas,2023,34.57,33.8705647849,26.3216186319,70.5517307203,ensemble_top4,0.699435215084,0,8.24838136814,0.699435215084,1.02065023774,0.0204399121642
mmr,7,Argentina,Argentina,Region of the Americas,2000,57.81,57.81,57.81,57.81,ensemble_top4,,,,,,
mmr,7,Argentina,Argentina,Region of the Americas,2001,60.25,57.8288053942,51.3950162085,63.6305158008,ensemble_top4,,,,,,
mmr,7,Argentina,Argentina,Region of the Americas,2002,59.15,60.1672304953,54.8029368874,65.9278593022,ensemble_top4,,,,,,
mmr,7,Argentina,Argentina,Region of the Americas,2003,60.93,60.8175638272,55.4669384144,66.6422256061,ensemble_top4,,,,,,
mmr,7,Argentina,Argentina,Region of the Americas,2004,58.44,60.6108999873,55.4385402914,66.319505503,ensemble_top4,,,,,,
mmr,7,Argentina,Argentina,Region of the Americas,2005,57.46,59.7900906754,54.4061147618,65.9664159437,ensemble_top4,,,,,,
mmr,7,Argentina,Argentina,Region of the Americas,2006,60.04,59.9022207475,54.2495994556,65.4407952008,ensemble_top4,,,,,,
mmr,7,Argentina,Argentina,Region of the Americas,2007,61.74,60.5836966689,54.48363552,66.0893144242,ensemble_top4,,,,,,
mmr,7,Argentina,Argentina,Region of the Americas,2008,59.32,59.7750347526,53.1038433818,65.8254286435,ensemble_top4,,,,,,
mmr,7,Argentina,Argentina,Region of the Americas,2009,62.11,57.5541833842,50.9461726997,63.7234055794,ensemble_top4,,,,,,
mmr,7,Argentina,Argentina,Region of the Americas,2010,54.74,54.6092000086,48.955134514,59.7608774654,ensemble_top4,,,,,,
mmr,7,Argentina,Argentina,Region of the Americas,2011,48.47,51.5481263028,46.2602209573,56.98066832,ensemble_top4,,,,,,
mmr,7,Argentina,Argentina,Region of the Americas,2012,49.27,48.8573955539,43.6893138907,54.1370166463,ensemble_top4,,,,,,
mmr,7,Argentina,Argentina,Region of the Americas,2013,46.73,46.4952778783,41.2913927689,51.8480556292,ensemble_top4,,,,,,
mmr,7,Argentina,Argentina,Region of the Americas,2014,43.45,44.1327094417,39.088427881,49.494375182,ensemble_top4,,,,,,
mmr,7,Argentina,Argentina,Region of the Americas,2015,38.62,42.0529847634,37.0903022698,47.5266674527,ensemble_top4,,,,,,
mmr,7,Argentina,Argentina,Region of the Americas,2016,39.51,40.1344709327,34.9678087507,45.5085688546,ensemble_top4,,,,,,
mmr,7,Argentina,Argentina,Region of the Americas,2017,38.34,38.2467314351,33.1916511889,43.697569529,ensemble_top4,,,,,,
mmr,7,Argentina,Argentina,Region of the Americas,2018,38.48,36.4338391349,31.2834443737,41.8568819101,ensemble_top4,,,,,,
mmr,7,Argentina,Argentina,Region of the Americas,2019,36.41,34.7299732905,29.5120710276,40.3107506313,ensemble_top4,,,,,,
mmr,7,Argentina,Argentina,Region of the Americas,2020,39.68,33.116713144,27.7719545915,38.5252307544,ensemble_top4,6.563286856,1.15476924564,11.9080454085,6.563286856,1.19818654187,0.180809198645
mmr,7,Argentina,Argentina,Region of the Americas,2021,76.49,31.5108449985,26.0633552437,37.0766878066,ensemble_top4,44.9791550015,39.4133121934,50.4266447563,44.9791550015,2.42741824295,0.88682824109
mmr,7,Argentina,Argentina,Region of the Americas,2022,39.32,30.0798323342,24.3801650635,35.6695559329,ensemble_top4,9.24016766575,3.65044406711,14.9398349365,9.24016766575,1.30718813732,0.267878370207
mmr,7,Argentina,Argentina,Region of the Americas,2023,33.23,28.55687977,22.8765763487,34.2089001929,ensemble_top4,4.67312022999,0,10.3534236513,4.67312022999,1.16364253615,0.151555202614
mmr,8,Armenia,Armenia,European Region,2000,39.57,39.57,39.57,39.57,ranked_top1_fallback,,,,,,
mmr,8,Armenia,Armenia,European Region,2001,37.74,37.6311633995,37.2899526213,37.9396093032,ranked_top1_fallback,,,,,,
mmr,8,Armenia,Armenia,European Region,2002,36.14,36.1952593347,35.9080878434,36.4902607672,ranked_top1_fallback,,,,,,
mmr,8,Armenia,Armenia,European Region,2003,34.86,34.837412556,34.5586893505,35.1225192542,ranked_top1_fallback,,,,,,
mmr,8,Armenia,Armenia,European Region,2004,33.69,33.5743754445,33.2916524847,33.8441888792,ranked_top1_fallback,,,,,,
mmr,8,Armenia,Armenia,European Region,2005,32.29,32.4062402935,32.1325313807,32.692711827,ranked_top1_fallback,,,,,,
mmr,8,Armenia,Armenia,European Region,2006,31.04,31.3351568742,31.0519920244,31.6065733736,ranked_top1_fallback,,,,,,
mmr,8,Armenia,Armenia,European Region,2007,30.27,30.3519805326,30.0703794159,30.6245127252,ranked_top1_fallback,,,,,,
mmr,8,Armenia,Armenia,European Region,2008,29.49,29.4513264145,29.1716243174,29.7223390691,ranked_top1_fallback,,,,,,
mmr,8,Armenia,Armenia,European Region,2009,28.73,28.621047813,28.3530539269,28.8942958023,ranked_top1_fallback,,,,,,
mmr,8,Armenia,Armenia,European Region,2010,27.85,27.8658852583,27.5942695748,28.1355560398,ranked_top1_fallback,,,,,,
mmr,8,Armenia,Armenia,European Region,2011,27.25,27.1674649593,26.9022520833,27.4460139084,ranked_top1_fallback,,,,,,
mmr,8,Armenia,Armenia,European Region,2012,26.57,26.5347638534,26.2581466292,26.809005655,ranked_top1_fallback,,,,,,
mmr,8,Armenia,Armenia,European Region,2013,26.02,25.9553943177,25.6801531726,26.2266585125,ranked_top1_fallback,,,,,,
mmr,8,Armenia,Armenia,European Region,2014,25.54,25.4226076858,25.1527448164,25.6952453318,ranked_top1_fallback,,,,,,
mmr,8,Armenia,Armenia,European Region,2015,25.05,24.9318084355,24.6550878524,25.2178954189,ranked_top1_fallback,,,,,,
mmr,8,Armenia,Armenia,European Region,2016,24.59,24.4846923245,24.2108970893,24.7648968063,ranked_top1_fallback,,,,,,
mmr,8,Armenia,Armenia,European Region,2017,23.94,24.0773151018,23.7969710925,24.353923487,ranked_top1_fallback,,,,,,
mmr,8,Armenia,Armenia,European Region,2018,23.59,23.6936668903,23.4106195585,23.9788698456,ranked_top1_fallback,,,,,,
mmr,8,Armenia,Armenia,European Region,2019,23.27,23.3546096987,23.0610209419,23.6463756556,ranked_top1_fallback,,,,,,
mmr,8,Armenia,Armenia,European Region,2020,43.3,23.0333193109,22.732090363,23.3338567468,ranked_top1_fallback,20.2666806891,19.9661432532,20.567909637,20.2666806891,1.87988537021,0.631210801692
mmr,8,Armenia,Armenia,European Region,2021,57.3,22.7464416479,22.443149046,23.0637764163,ranked_top1_fallback,34.5535583521,34.2362235837,34.856850954,34.5535583521,2.51907532998,0.92389190164
mmr,8,Armenia,Armenia,European Region,2022,26.73,22.4779106513,22.1683533746,22.8004827909,ranked_top1_fallback,4.25208934869,3.92951720911,4.56164662536,4.25208934869,1.18916746377,0.173253452002
mmr,8,Armenia,Armenia,European Region,2023,19.48,22.2317083058,21.9241684011,22.5676294373,ranked_top1_fallback,0,0,0,-2.75170830583,0.876225962127,-0.132131273675
mmr,9,Australia,Australia,Western Pacific Region,2000,6.62,6.62,6.62,6.62,ranked_top1_fallback,,,,,,
mmr,9,Australia,Australia,Western Pacific Region,2001,5.81,5.83291575322,5.50131394578,6.16639846526,ranked_top1_fallback,,,,,,
mmr,9,Australia,Australia,Western Pacific Region,2002,5.51,5.52252327996,5.24767357675,5.80592977078,ranked_top1_fallback,,,,,,
mmr,9,Australia,Australia,Western Pacific Region,2003,5.44,5.27407500808,4.99446639163,5.5504381839,ranked_top1_fallback,,,,,,
mmr,9,Australia,Australia,Western Pacific Region,2004,5.13,5.09416330333,4.81769247035,5.36066611657,ranked_top1_fallback,,,,,,
mmr,9,Australia,Australia,Western Pacific Region,2005,4.83,4.99164699409,4.72276113377,5.26671825458,ranked_top1_fallback,,,,,,
mmr,9,Australia,Australia,Western Pacific Region,2006,4.91,4.96869483087,4.69827633291,5.23193824236,ranked_top1_fallback,,,,,,
mmr,9,Australia,Australia,Western Pacific Region,2007,5.05,5.01002436549,4.74044000401,5.27426517658,ranked_top1_fallback,,,,,,
mmr,9,Australia,Australia,Western Pacific Region,2008,4.96,5.11060415683,4.83461630067,5.38075177682,ranked_top1_fallback,,,,,,
mmr,9,Australia,Australia,Western Pacific Region,2009,5.34,5.25666506684,4.99665165559,5.52085611554,ranked_top1_fallback,,,,,,
mmr,9,Australia,Australia,Western Pacific Region,2010,5.4,5.42666431947,5.15937875358,5.69294207845,ranked_top1_fallback,,,,,,
mmr,9,Australia,Australia,Western Pacific Region,2011,5.82,5.61308473574,5.34902306245,5.88741042951,ranked_top1_fallback,,,,,,
mmr,9,Australia,Australia,Western Pacific Region,2012,5.81,5.77447630264,5.50348871152,6.04522831551,ranked_top1_fallback,,,,,,
mmr,9,Australia,Australia,Western Pacific Region,2013,5.9,5.91011191024,5.64103571619,6.18185128569,ranked_top1_fallback,,,,,,
mmr,9,Australia,Australia,Western Pacific Region,2014,5.98,5.98432459683,5.71391680129,6.25495157542,ranked_top1_fallback,,,,,,
mmr,9,Australia,Australia,Western Pacific Region,2015,5.9,5.98178707877,5.7064220646,6.26183626835,ranked_top1_fallback,,,,,,
mmr,9,Australia,Australia,Western Pacific Region,2016,5.93,5.89625624934,5.62748737039,6.17374720732,ranked_top1_fallback,,,,,,
mmr,9,Australia,Australia,Western Pacific Region,2017,5.63,5.72336122086,5.44884958263,5.99039515039,ranked_top1_fallback,,,,,,
mmr,9,Australia,Australia,Western Pacific Region,2018,5.35,5.45772219554,5.18254482219,5.73760844235,ranked_top1_fallback,,,,,,
mmr,9,Australia,Australia,Western Pacific Region,2019,5.29,5.14488369882,4.83363397193,5.44294144552,ranked_top1_fallback,,,,,,
mmr,9,Australia,Australia,Western Pacific Region,2020,5.14,4.76061673528,4.39869571259,5.11073179878,ranked_top1_fallback,0.379383264725,0.0292682012156,0.741304287415,0.379383264725,1.07969204114,0.0766758533824
mmr,9,Australia,Australia,Western Pacific Region,2021,4.33,4.36113789449,3.92686459193,4.76285508277,ranked_top1_fallback,0,0,0.403135408072,-0.0311378944925,0.992860144475,-0.00716546627124
mmr,9,Australia,Australia,Western Pacific Region,2022,3.6,3.93462691941,3.43056600701,4.40545477907,ranked_top1_fallback,0,0,0.169433992986,-0.334626919413,0.914953329435,-0.0888822210898
mmr,9,Australia,Australia,Western Pacific Region,2023,2.33,3.48856066391,2.95036091172,4.04607317677,ranked_top1_fallback,0,0,0,-1.15856066391,0.667897228821,-0.403620966352
mmr,10,Austria,Austria,European Region,2000,6.67,6.67,6.67,6.67,ensemble_top4,,,,,,
mmr,10,Austria,Austria,European Region,2001,6.16,5.78848886857,5.06679959064,6.43666251849,ensemble_top4,,,,,,
mmr,10,Austria,Austria,European Region,2002,6.15,5.82375306389,5.17464013799,6.4676132224,ensemble_top4,,,,,,
mmr,10,Austria,Austria,European Region,2003,6.25,5.85252934565,5.22381049563,6.50261399998,ensemble_top4,,,,,,
mmr,10,Austria,Austria,European Region,2004,5.58,5.86612342848,5.26439179516,6.51780189948,ensemble_top4,,,,,,
mmr,10,Austria,Austria,European Region,2005,5.94,5.89139404799,5.284398859,6.58666676224,ensemble_top4,,,,,,
mmr,10,Austria,Austria,European Region,2006,5.62,5.90307247195,5.30811732604,6.58609562268,ensemble_top4,,,,,,
mmr,10,Austria,Austria,European Region,2007,5.67,5.91429344825,5.30437212142,6.63887001047,ensemble_top4,,,,,,
mmr,10,Austria,Austria,European Region,2008,5.54,5.9854829643,5.35033273793,6.68157026597,ensemble_top4,,,,,,
mmr,10,Austria,Austria,European Region,2009,5.9,6.06294490872,5.41712563027,6.74636596981,ensemble_top4,,,,,,
mmr,10,Austria,Austria,European Region,2010,6.11,6.12956460143,5.4792277461,6.77999390101,ensemble_top4,,,,,,
mmr,10,Austria,Austria,European Region,2011,6.22,6.20526973402,5.59088719973,6.86187406039,ensemble_top4,,,,,,
mmr,10,Austria,Austria,European Region,2012,5.99,6.25449240924,5.61560448493,6.89060439532,ensemble_top4,,,,,,
mmr,10,Austria,Austria,European Region,2013,6.09,6.30365274984,5.6488612763,6.92819141191,ensemble_top4,,,,,,
mmr,10,Austria,Austria,European Region,2014,6.52,6.35503082606,5.70090543801,6.96870421595,ensemble_top4,,,,,,
mmr,10,Austria,Austria,European Region,2015,6.57,6.40712321802,5.7082353698,7.01274807722,ensemble_top4,,,,,,
mmr,10,Austria,Austria,European Region,2016,6.49,6.46302426178,5.77115354041,7.09253718223,ensemble_top4,,,,,,
mmr,10,Austria,Austria,European Region,2017,6.29,6.51819962516,5.79568346518,7.17981399692,ensemble_top4,,,,,,
mmr,10,Austria,Austria,European Region,2018,6.93,6.58595407408,5.76881728992,7.26282240034,ensemble_top4,,,,,,
mmr,10,Austria,Austria,European Region,2019,6.61,6.66279881243,5.84440976972,7.41658369906,ensemble_top4,,,,,,
mmr,10,Austria,Austria,European Region,2020,5.55,6.72008186469,5.83428494941,7.56741725271,ensemble_top4,0,0,0,-1.17008186469,0.825882796036,-0.191302408948
mmr,10,Austria,Austria,European Region,2021,5.96,6.78662603336,5.82993430992,7.81256871435,ensemble_top4,0,0,0.130065690079,-0.826626033359,0.87819779235,-0.129883434693
mmr,10,Austria,Austria,European Region,2022,7.45,6.86235608992,5.85641444287,8.12525253824,ensemble_top4,0.58764391008,0,1.59358555713,0.58764391008,1.08563296663,0.0821631962792
mmr,10,Austria,Austria,European Region,2023,6.1,6.91322653379,5.86656316037,8.50068516089,ensemble_top4,0,0,0.233436839627,-0.813226533785,0.882366572278,-0.125147694491
mmr,11,Azerbaijan,Azerbaijan,European Region,2000,46.17,46.17,46.17,46.17,ensemble_top4,,,,,,
mmr,11,Azerbaijan,Azerbaijan,European Region,2001,45.09,43.9763001459,40.2158647988,47.3910228151,ensemble_top4,,,,,,
mmr,11,Azerbaijan,Azerbaijan,European Region,2002,40.4,42.1881687235,38.3363800008,45.5618296427,ensemble_top4,,,,,,
mmr,11,Azerbaijan,Azerbaijan,European Region,2003,41.31,41.0549458852,37.5938819488,44.6673730781,ensemble_top4,,,,,,
mmr,11,Azerbaijan,Azerbaijan,European Region,2004,39.65,39.1414630717,35.8133988001,42.6273036748,ensemble_top4,,,,,,
mmr,11,Azerbaijan,Azerbaijan,European Region,2005,39.74,37.1127540052,33.947000545,40.3531937101,ensemble_top4,,,,,,
mmr,11,Azerbaijan,Azerbaijan,European Region,2006,33.47,35.1383988705,31.9933773377,38.311560184,ensemble_top4,,,,,,
mmr,11,Azerbaijan,Azerbaijan,European Region,2007,33.15,33.3410860683,30.2103994615,36.4340055582,ensemble_top4,,,,,,
mmr,11,Azerbaijan,Azerbaijan,European Region,2008,30.29,31.6464842344,28.5156860157,34.7715234157,ensemble_top4,,,,,,
mmr,11,Azerbaijan,Azerbaijan,European Region,2009,29.27,30.071421241,26.8248303573,33.305134909,ensemble_top4,,,,,,
mmr,11,Azerbaijan,Azerbaijan,European Region,2010,28.33,28.5803928295,25.4149238087,31.7758451109,ensemble_top4,,,,,,
mmr,11,Azerbaijan,Azerbaijan,European Region,2011,27.5,27.2263674526,24.0869929252,30.4747208127,ensemble_top4,,,,,,
mmr,11,Azerbaijan,Azerbaijan,European Region,2012,28.1,26.0273481336,22.8027398639,29.1723662359,ensemble_top4,,,,,,
mmr,11,Azerbaijan,Azerbaijan,European Region,2013,23.87,24.7452312262,21.6575012647,27.9341755316,ensemble_top4,,,,,,
mmr,11,Azerbaijan,Azerbaijan,European Region,2014,22.72,23.6757921323,20.4851735385,26.8212009323,ensemble_top4,,,,,,
mmr,11,Azerbaijan,Azerbaijan,European Region,2015,21.41,22.7625990958,19.5089731361,25.9343528803,ensemble_top4,,,,,,
mmr,11,Azerbaijan,Azerbaijan,European Region,2016,22.34,22.124689681,18.773245603,25.3946005388,ensemble_top4,,,,,,
mmr,11,Azerbaijan,Azerbaijan,European Region,2017,21.88,21.325673301,17.8989725302,24.6467498472,ensemble_top4,,,,,,
mmr,11,Azerbaijan,Azerbaijan,European Region,2018,20.7,20.5856384134,17.0297329377,24.1732414815,ensemble_top4,,,,,,
mmr,11,Azerbaijan,Azerbaijan,European Region,2019,21.02,19.8711487826,16.2419910675,23.8151870168,ensemble_top4,,,,,,
mmr,11,Azerbaijan,Azerbaijan,European Region,2020,21.09,19.1454679106,15.1965311677,24.2069842111,ensemble_top4,1.94453208943,0,5.89346883229,1.94453208943,1.10156618258,0.0967329695067
mmr,11,Azerbaijan,Azerbaijan,European Region,2021,54.79,18.4279740689,14.3775822907,25.6126806184,ensemble_top4,36.3620259311,29.1773193816,40.4124177093,36.3620259311,2.97319715099,1.08963785564
mmr,11,Azerbaijan,Azerbaijan,European Region,2022,31.72,17.6998485601,13.4968076284,28.0821425103,ensemble_top4,14.0201514399,3.63785748966,18.2231923716,14.0201514399,1.79210572861,0.583391313153
mmr,11,Azerbaijan,Azerbaijan,European Region,2023,17.9,17.0134104672,12.4700079251,31.1574449428,ensemble_top4,0.886589532813,0,5.4299920749,0.886589532813,1.05211121747,0.0507988287589
mmr,12,Bahamas,Bahamas,Region of the Americas,2000,51.27,51.27,50.27,51.27,ensemble_top4,,,,,,
mmr,12,Bahamas,Bahamas,Region of the Americas,2001,48.24,47.5880589745,37.2857265754,59.8404099476,ensemble_top4,,,,,,
mmr,12,Bahamas,Bahamas,Region of the Americas,2002,46.28,54.833221718,44.8539897863,67.6586185619,ensemble_top4,,,,,,
mmr,12,Bahamas,Bahamas,Region of the Americas,2003,57.31,60.8489415154,50.971523049,71.8867169876,ensemble_top4,,,,,,
mmr,12,Bahamas,Bahamas,Region of the Americas,2004,68.85,65.1791642288,55.9990879381,73.7786675762,ensemble_top4,,,,,,
mmr,12,Bahamas,Bahamas,Region of the Americas,2005,69.5,68.6735173807,58.9935344118,77.9293883741,ensemble_top4,,,,,,
mmr,12,Bahamas,Bahamas,Region of the Americas,2006,74.07,72.1585635684,59.5479204332,82.0348522199,ensemble_top4,,,,,,
mmr,12,Bahamas,Bahamas,Region of the Americas,2007,78.24,74.6854993528,60.7529964443,85.889043855,ensemble_top4,,,,,,
mmr,12,Bahamas,Bahamas,Region of the Americas,2008,80.45,76.1260460793,61.5715990664,87.0905733756,ensemble_top4,,,,,,
mmr,12,Bahamas,Bahamas,Region of the Americas,2009,83.77,76.4063548701,63.0599423132,86.4487743925,ensemble_top4,,,,,,
mmr,12,Bahamas,Bahamas,Region of the Americas,2010,79.5,76.0248912913,64.4248168632,86.4080597714,ensemble_top4,,,,,,
mmr,12,Bahamas,Bahamas,Region of the Americas,2011,74.34,76.5384457898,65.7369917682,87.4752239537,ensemble_top4,,,,,,
mmr,12,Bahamas,Bahamas,Region of the Americas,2012,70.75,77.0942161008,66.9181249505,88.7070584792,ensemble_top4,,,,,,
mmr,12,Bahamas,Bahamas,Region of the Americas,2013,74.16,77.617662196,67.7631554853,89.3145640204,ensemble_top4,,,,,,
mmr,12,Bahamas,Bahamas,Region of the Americas,2014,77.7,78.3969887631,69.177954187,90.662519774,ensemble_top4,,,,,,
mmr,12,Bahamas,Bahamas,Region of the Americas,2015,82.83,79.0709967921,69.7923607297,91.6647848919,ensemble_top4,,,,,,
mmr,12,Bahamas,Bahamas,Region of the Americas,2016,77.21,80.0120323514,70.7151786008,92.724703072,ensemble_top4,,,,,,
mmr,12,Bahamas,Bahamas,Region of the Americas,2017,78.98,80.6081970294,71.177712693,93.3682044217,ensemble_top4,,,,,,
mmr,12,Bahamas,Bahamas,Region of the Americas,2018,82.15,81.3208712621,70.8656227911,94.7519284853,ensemble_top4,,,,,,
mmr,12,Bahamas,Bahamas,Region of the Americas,2019,82.14,82.0459920281,70.1778402802,96.7999882845,ensemble_top4,,,,,,
mmr,12,Bahamas,Bahamas,Region of the Americas,2020,84.36,82.5669885805,69.3105406426,98.5590998844,ensemble_top4,1.79301141946,0,15.0494593574,1.79301141946,1.02171583886,0.0214834089552
mmr,12,Bahamas,Bahamas,Region of the Americas,2021,174.3,83.5170238019,67.9354131358,100.728478251,ensemble_top4,90.7829761981,73.5715217491,106.364586864,90.7829761981,2.08699965666,0.735727463583
mmr,12,Bahamas,Bahamas,Region of the Americas,2022,80.07,84.2174758113,66.6242990569,102.815408024,ensemble_top4,0,0,13.4457009431,-4.14747581134,0.950752788879,-0.0505011988315
mmr,12,Bahamas,Bahamas,Region of the Americas,2023,75.95,84.9819551657,64.8333352281,106.043296638,ensemble_top4,0,0,11.1166647719,-9.03195516568,0.893719141339,-0.112363712743
mmr,13,Bahrain,Bahrain,Eastern Mediterranean,2000,25.23,25.23,24.23,25.23,ensemble_top4,,,,,,
mmr,13,Bahrain,Bahrain,Eastern Mediterranean,2001,23.59,23.21400657,21.5855115303,25.0816901587,ensemble_top4,,,,,,
mmr,13,Bahrain,Bahrain,Eastern Mediterranean,2002,22.51,22.6042915711,21.189678924,24.2780698207,ensemble_top4,,,,,,
mmr,13,Bahrain,Bahrain,Eastern Mediterranean,2003,21.71,21.9654296825,20.7799412196,23.5103329244,ensemble_top4,,,,,,
mmr,13,Bahrain,Bahrain,Eastern Mediterranean,2004,21.04,21.3418650482,20.2979446282,22.7419878334,ensemble_top4,,,,,,
mmr,13,Bahrain,Bahrain,Eastern Mediterranean,2005,20.5,20.7522249206,19.8131857963,22.0309919437,ensemble_top4,,,,,,
mmr,13,Bahrain,Bahrain,Eastern Mediterranean,2006,20.05,20.2032170695,19.3201743178,21.3416680701,ensemble_top4,,,,,,
mmr,13,Bahrain,Bahrain,Eastern Mediterranean,2007,19.25,19.6799622522,18.8454037455,20.7845739717,ensemble_top4,,,,,,
mmr,13,Bahrain,Bahrain,Eastern Mediterranean,2008,18.82,19.1643597087,18.3491347144,20.2544504238,ensemble_top4,,,,,,
mmr,13,Bahrain,Bahrain,Eastern Mediterranean,2009,18.34,18.692813095,17.8791766623,19.7798232763,ensemble_top4,,,,,,
mmr,13,Bahrain,Bahrain,Eastern Mediterranean,2010,18.36,18.2469647433,17.456482941,19.3593962302,ensemble_top4,,,,,,
mmr,13,Bahrain,Bahrain,Eastern Mediterranean,2011,18.19,17.9310824024,17.1364760668,18.9796892583,ensemble_top4,,,,,,
mmr,13,Bahrain,Bahrain,Eastern Mediterranean,2012,17.26,17.595701332,16.800198427,18.5627143218,ensemble_top4,,,,,,
mmr,13,Bahrain,Bahrain,Eastern Mediterranean,2013,16.99,17.2996996725,16.4934272399,18.2475457254,ensemble_top4,,,,,,
mmr,13,Bahrain,Bahrain,Eastern Mediterranean,2014,16.46,17.0330405747,16.2351140462,17.9137350868,ensemble_top4,,,,,,
mmr,13,Bahrain,Bahrain,Eastern Mediterranean,2015,16.48,16.8294690015,15.9689378035,17.6613179147,ensemble_top4,,,,,,
mmr,13,Bahrain,Bahrain,Eastern Mediterranean,2016,16.61,16.680240282,15.691700238,17.4656298937,ensemble_top4,,,,,,
mmr,13,Bahrain,Bahrain,Eastern Mediterranean,2017,16.52,16.5697884147,15.33726307,17.3976850673,ensemble_top4,,,,,,
mmr,13,Bahrain,Bahrain,Eastern Mediterranean,2018,16.31,16.495008601,14.9480031418,17.5569998359,ensemble_top4,,,,,,
mmr,13,Bahrain,Bahrain,Eastern Mediterranean,2019,16.69,16.4889420807,14.6477383656,17.9323707681,ensemble_top4,,,,,,
mmr,13,Bahrain,Bahrain,Eastern Mediterranean,2020,6.94,16.4696551237,14.3161772219,18.674541295,ensemble_top4,0,0,0,-9.52965512366,0.421381015443,-0.864217829783
mmr,13,Bahrain,Bahrain,Eastern Mediterranean,2021,9.54,16.496934379,14.0378444838,19.6662927794,ensemble_top4,0,0,0,-6.95693437901,0.578289261558,-0.547681082973
mmr,13,Bahrain,Bahrain,Eastern Mediterranean,2022,4.94,16.5185740291,13.6164816229,21.255245708,ensemble_top4,0,0,0,-11.5785740291,0.29905729098,-1.20712011532
mmr,13,Bahrain,Bahrain,Eastern Mediterranean,2023,16.78,16.581072425,13.3878983381,23.5177189919,ensemble_top4,0.198927575046,0,3.39210166193,0.198927575046,1.01199726833,0.0119258715809
mmr,14,Bangladesh,Bangladesh,Southeast Asia Region,2000,522.7,522.7,522.7,522.7,ensemble_top4,,,,,,
mmr,14,Bangladesh,Bangladesh,Southeast Asia Region,2001,494.8,493.675304637,486.162480117,498.400131226,ensemble_top4,,,,,,
mmr,14,Bangladesh,Bangladesh,Southeast Asia Region,2002,465.3,463.776591122,457.254161409,468.743249562,ensemble_top4,,,,,,
mmr,14,Bangladesh,Bangladesh,Southeast Asia Region,2003,435.7,434.422019986,429.104824395,439.469918736,ensemble_top4,,,,,,
mmr,14,Bangladesh,Bangladesh,Southeast Asia Region,2004,406.1,406.63636518,402.005404103,411.757700446,ensemble_top4,,,,,,
mmr,14,Bangladesh,Bangladesh,Southeast Asia Region,2005,377.5,379.917601931,375.439632052,385.664202892,ensemble_top4,,,,,,
mmr,14,Bangladesh,Bangladesh,Southeast Asia Region,2006,352.3,355.343554342,350.500800075,361.715689014,ensemble_top4,,,,,,
mmr,14,Bangladesh,Bangladesh,Southeast Asia Region,2007,334.1,332.112720487,325.164425983,339.363393347,ensemble_top4,,,,,,
mmr,14,Bangladesh,Bangladesh,Southeast Asia Region,2008,310,311.505266508,304.969564687,318.844581253,ensemble_top4,,,,,,
mmr,14,Bangladesh,Bangladesh,Southeast Asia Region,2009,292.8,293.011960571,288.137339462,299.162028559,ensemble_top4,,,,,,
mmr,14,Bangladesh,Bangladesh,Southeast Asia Region,2010,274.6,274.967484007,269.683690411,280.995461495,ensemble_top4,,,,,,
mmr,14,Bangladesh,Bangladesh,Southeast Asia Region,2011,258.3,258.790237047,253.945477413,263.984721348,ensemble_top4,,,,,,
mmr,14,Bangladesh,Bangladesh,Southeast Asia Region,2012,244.2,243.71636773,238.538733448,248.559989292,ensemble_top4,,,,,,
mmr,14,Bangladesh,Bangladesh,Southeast Asia Region,2013,230.4,229.06504908,223.58343157,233.691573944,ensemble_top4,,,,,,
mmr,14,Bangladesh,Bangladesh,Southeast Asia Region,2014,216.7,215.120923868,209.674417533,219.576790254,ensemble_top4,,,,,,
mmr,14,Bangladesh,Bangladesh,Southeast Asia Region,2015,203.5,202.103749566,196.689504814,206.473598589,ensemble_top4,,,,,,
mmr,14,Bangladesh,Bangladesh,Southeast Asia Region,2016,191,189.805335134,184.430185802,194.171907244,ensemble_top4,,,,,,
mmr,14,Bangladesh,Bangladesh,Southeast Asia Region,2017,179,178.445089373,172.76840653,182.741135401,ensemble_top4,,,,,,
mmr,14,Bangladesh,Bangladesh,Southeast Asia Region,2018,167.9,167.700963494,161.91782008,172.275536871,ensemble_top4,,,,,,
mmr,14,Bangladesh,Bangladesh,Southeast Asia Region,2019,157.2,157.7975437,151.674714766,162.296270176,ensemble_top4,,,,,,
mmr,14,Bangladesh,Bangladesh,Southeast Asia Region,2020,151.8,148.414792641,142.086430632,153.593748199,ensemble_top4,3.38520735921,0,9.71356936767,3.38520735921,1.02280909671,0.0225528583282
mmr,14,Bangladesh,Bangladesh,Southeast Asia Region,2021,193.9,139.606489036,132.828852753,145.693605816,ensemble_top4,54.2935109638,48.206394184,61.0711472466,54.2935109638,1.38890392086,0.328514889934
mmr,14,Bangladesh,Bangladesh,Southeast Asia Region,2022,130.5,131.393420583,124.551754304,138.367374788,ensemble_top4,0,0,5.94824569642,-0.893420582935,0.993200416132,-0.00682280636697
mmr,14,Bangladesh,Bangladesh,Southeast Asia Region,2023,115.1,123.617114012,116.390349036,131.787499821,ensemble_top4,0,0,0,-8.5171140125,0.931100850553,-0.0713876825949
mmr,15,Barbados,Barbados,Region of the Americas,2000,45.66,45.66,45.66,45.66,ensemble_top4,,,,,,
mmr,15,Barbados,Barbados,Region of the Americas,2001,45.84,45.1558359388,42.8734696851,47.5748326698,ensemble_top4,,,,,,
mmr,15,Barbados,Barbados,Region of the Americas,2002,43.19,44.2912777991,41.9478132936,46.4837204617,ensemble_top4,,,,,,
mmr,15,Barbados,Barbados,Region of the Americas,2003,44.65,44.0088802473,41.8717278884,46.0577513333,ensemble_top4,,,,,,
mmr,15,Barbados,Barbados,Region of the Americas,2004,42.72,43.6799225026,41.5911479326,45.6733320582,ensemble_top4,,,,,,
mmr,15,Barbados,Barbados,Region of the Americas,2005,43.72,43.5367150602,41.5290249553,45.5907423087,ensemble_top4,,,,,,
mmr,15,Barbados,Barbados,Region of the Americas,2006,44.62,43.2140273999,41.2005567948,45.1467817496,ensemble_top4,,,,,,
mmr,15,Barbados,Barbados,Region of the Americas,2007,41.9,42.7039203002,40.7805635819,44.6705176612,ensemble_top4,,,,,,
mmr,15,Barbados,Barbados,Region of the Americas,2008,41.5,42.1892012933,40.2268154332,44.0855752699,ensemble_top4,,,,,,
mmr,15,Barbados,Barbados,Region of the Americas,2009,41.77,41.5750977695,39.6197352537,43.5160294083,ensemble_top4,,,,,,
mmr,15,Barbados,Barbados,Region of the Americas,2010,41.71,40.9816305389,39.1353288907,42.8237685191,ensemble_top4,,,,,,
mmr,15,Barbados,Barbados,Region of the Americas,2011,41.18,40.3643753067,38.5847131609,42.2888033192,ensemble_top4,,,,,,
mmr,15,Barbados,Barbados,Region of the Americas,2012,39.53,39.8255727216,37.9262161543,41.6604962842,ensemble_top4,,,,,,
mmr,15,Barbados,Barbados,Region of the Americas,2013,39.66,39.2096495718,37.3045181137,41.0899145949,ensemble_top4,,,,,,
mmr,15,Barbados,Barbados,Region of the Americas,2014,38.55,38.5855521834,36.6546327398,40.4485013126,ensemble_top4,,,,,,
mmr,15,Barbados,Barbados,Region of the Americas,2015,37.02,38.0240844729,36.0943755939,39.9149042077,ensemble_top4,,,,,,
mmr,15,Barbados,Barbados,Region of the Americas,2016,36.26,37.4251871992,35.55436539,39.323766391,ensemble_top4,,,,,,
mmr,15,Barbados,Barbados,Region of the Americas,2017,36.58,36.8157379309,34.9250086627,38.7437397773,ensemble_top4,,,,,,
mmr,15,Barbados,Barbados,Region of the Americas,2018,36.71,36.2275722187,34.3058074042,38.1259144051,ensemble_top4,,,,,,
mmr,15,Barbados,Barbados,Region of the Americas,2019,36.5,35.6571763097,33.7302860882,37.6119848689,ensemble_top4,,,,,,
mmr,15,Barbados,Barbados,Region of the Americas,2020,38.65,35.0616658213,33.1733572859,37.0480722457,ensemble_top4,3.58833417868,1.60192775425,5.47664271406,3.58833417868,1.10234351662,0.097438383226
mmr,15,Barbados,Barbados,Region of the Americas,2021,38.49,34.5128340115,32.5197509812,36.5344590118,ensemble_top4,3.97716598851,1.95554098822,5.97024901881,3.97716598851,1.11523730526,0.1090672121
mmr,15,Barbados,Barbados,Region of the Americas,2022,37.94,33.9322392647,31.9609848332,35.9401556734,ensemble_top4,4.00776073531,1.99984432659,5.97901516683,4.00776073531,1.11811070599,0.111640391287
mmr,15,Barbados,Barbados,Region of the Americas,2023,34.88,33.3932635602,31.4507429879,35.5496835033,ensemble_top4,1.48673643979,0,3.42925701205,1.48673643979,1.0445220467,0.0435594092144
mmr,16,Belarus,Belarus,European Region,2000,20.23,20.23,20.23,20.23,ensemble_top4,,,,,,
mmr,16,Belarus,Belarus,European Region,2001,17.85,17.6656670441,17.2619339049,18.0452381333,ensemble_top4,,,,,,
mmr,16,Belarus,Belarus,European Region,2002,15.67,15.936919297,15.4952758623,16.3600256113,ensemble_top4,,,,,,
mmr,16,Belarus,Belarus,European Region,2003,13.82,13.8012475313,13.3597028145,14.1786068734,ensemble_top4,,,,,,
mmr,16,Belarus,Belarus,European Region,2004,11.58,11.4271376861,11.0835246741,11.7908699653,ensemble_top4,,,,,,
mmr,16,Belarus,Belarus,European Region,2005,9.41,9.20562805619,8.86200657356,9.56893473917,ensemble_top4,,,,,,
mmr,16,Belarus,Belarus,European Region,2006,7.33,7.30084093946,6.96955649521,7.64242925345,ensemble_top4,,,,,,
mmr,16,Belarus,Belarus,European Region,2007,5.57,5.77002961438,5.44163071214,6.09081736317,ensemble_top4,,,,,,
mmr,16,Belarus,Belarus,European Region,2008,4.37,4.57408280414,4.22469794535,4.9048857854,ensemble_top4,,,,,,
mmr,16,Belarus,Belarus,European Region,2009,3.55,3.6582660943,3.3114559352,3.99260326504,ensemble_top4,,,,,,
mmr,16,Belarus,Belarus,European Region,2010,2.98,2.98120727836,2.63420530624,3.32190179998,ensemble_top4,,,,,,
mmr,16,Belarus,Belarus,European Region,2011,2.46,2.47625769104,2.11375501369,2.82166926623,ensemble_top4,,,,,,
mmr,16,Belarus,Belarus,European Region,2012,2.1,2.10063970433,1.75306457459,2.43674365759,ensemble_top4,,,,,,
mmr,16,Belarus,Belarus,European Region,2013,1.81,1.82021099215,1.47818274718,2.1474454338,ensemble_top4,,,,,,
mmr,16,Belarus,Belarus,European Region,2014,1.63,1.61873026289,1.28367949882,1.94202645823,ensemble_top4,,,,,,
mmr,16,Belarus,Belarus,European Region,2015,1.46,1.4649331265,1.13398317573,1.80315595068,ensemble_top4,,,,,,
mmr,16,Belarus,Belarus,European Region,2016,1.3,1.36007151941,1.0237606967,1.68382480935,ensemble_top4,,,,,,
mmr,16,Belarus,Belarus,European Region,2017,1.23,1.27326514765,0.936871301641,1.60904048188,ensemble_top4,,,,,,
mmr,16,Belarus,Belarus,European Region,2018,1.21,1.22006387023,0.893363811159,1.55876498606,ensemble_top4,,,,,,
mmr,16,Belarus,Belarus,European Region,2019,1.2,1.18778645904,0.839337129912,1.52305660482,ensemble_top4,,,,,,
mmr,16,Belarus,Belarus,European Region,2020,1.7,1.15920872313,0.826312478804,1.51215115366,ensemble_top4,0.540791276866,0.187848846344,0.873687521196,0.540791276866,1.4665176047,0.382890613934
mmr,16,Belarus,Belarus,European Region,2021,1.83,1.14863267491,0.795878456602,1.5086107402,ensemble_top4,0.681367325087,0.321389259799,1.0341215434,0.681367325087,1.59319862648,0.46574371021
mmr,16,Belarus,Belarus,European Region,2022,1.09,1.13350351129,0.777540073927,1.51318873082,ensemble_top4,0,0,0.312459926073,-0.0435035112925,0.961620311839,-0.0391355924633
mmr,16,Belarus,Belarus,European Region,2023,1.1,1.13097830831,0.759990206883,1.53145100922,ensemble_top4,0,0,0.340009793117,-0.0309783083082,0.972609281645,-0.0277728379311
mmr,17,Belgium,Belgium,European Region,2000,8.02,8.02,8.02,8.02,ensemble_top4,,,,,,
mmr,17,Belgium,Belgium,European Region,2001,7.64,7.44767149241,6.96576982368,7.88953427459,ensemble_top4,,,,,,
mmr,17,Belgium,Belgium,European Region,2002,7.28,7.3069164429,6.86141532531,7.72608908453,ensemble_top4,,,,,,
mmr,17,Belgium,Belgium,European Region,2003,6.92,7.14241916215,6.73694533497,7.55841879786,ensemble_top4,,,,,,
mmr,17,Belgium,Belgium,European Region,2004,6.64,6.96265459767,6.55052900025,7.36666134389,ensemble_top4,,,,,,
mmr,17,Belgium,Belgium,European Region,2005,6.63,6.78310405999,6.37852558712,7.18601088076,ensemble_top4,,,,,,
mmr,17,Belgium,Belgium,European Region,2006,6.44,6.6048474733,6.20870241069,6.99745938888,ensemble_top4,,,,,,
mmr,17,Belgium,Belgium,European Region,2007,6.74,6.4280626691,6.01817740088,6.82340897243,ensemble_top4,,,,,,
mmr,17,Belgium,Belgium,European Region,2008,6.35,6.25529471825,5.84664854737,6.64264288585,ensemble_top4,,,,,,
mmr,17,Belgium,Belgium,European Region,2009,6.26,6.07146719927,5.67610912444,6.47292771567,ensemble_top4,,,,,,
mmr,17,Belgium,Belgium,European Region,2010,6.15,5.89950077347,5.51026399711,6.29085619815,ensemble_top4,,,,,,
mmr,17,Belgium,Belgium,European Region,2011,5.86,5.7279605503,5.34357164048,6.12339125751,ensemble_top4,,,,,,
mmr,17,Belgium,Belgium,European Region,2012,5.33,5.5628795356,5.15972409227,5.95640286731,ensemble_top4,,,,,,
mmr,17,Belgium,Belgium,European Region,2013,5.52,5.40647469892,5.00919137905,5.79601069259,ensemble_top4,,,,,,
mmr,17,Belgium,Belgium,European Region,2014,5.21,5.24341109721,4.856995056,5.63328432417,ensemble_top4,,,,,,
mmr,17,Belgium,Belgium,European Region,2015,5.07,5.08369006288,4.68021862245,5.49948263646,ensemble_top4,,,,,,
mmr,17,Belgium,Belgium,European Region,2016,4.84,4.93445836717,4.53681623813,5.32943427625,ensemble_top4,,,,,,
mmr,17,Belgium,Belgium,European Region,2017,4.73,4.78715070048,4.38664403555,5.17846133808,ensemble_top4,,,,,,
mmr,17,Belgium,Belgium,European Region,2018,4.68,4.63752765212,4.23399614606,5.03819259331,ensemble_top4,,,,,,
mmr,17,Belgium,Belgium,European Region,2019,4.32,4.50460617385,4.0787272389,4.90305638018,ensemble_top4,,,,,,
mmr,17,Belgium,Belgium,European Region,2020,4.15,4.36411667593,3.93755942501,4.76851234922,ensemble_top4,0,0,0.212440574985,-0.214116675931,0.950936995541,-0.0503074693771
mmr,17,Belgium,Belgium,European Region,2021,7.34,4.23534819511,3.78683693433,4.65462791958,ensemble_top4,3.10465180489,2.68537208042,3.55316306567,3.10465180489,1.73303342768,0.549873299459
mmr,17,Belgium,Belgium,European Region,2022,10.76,4.09969370582,3.63884806509,4.51888446413,ensemble_top4,6.66030629418,6.24111553587,7.12115193491,6.66030629418,2.62458631598,0.964923289711
mmr,17,Belgium,Belgium,European Region,2023,3.84,3.97678789537,3.50352020541,4.38810001355,ensemble_top4,0,0,0.336479794587,-0.136787895375,0.965603421914,-0.0350020653836
mmr,18,Belize,Belize,Region of the Americas,2000,78.13,78.13,77.13,78.13,ensemble_top4,,,,,,
mmr,18,Belize,Belize,Region of the Americas,2001,76.22,75.9631075692,66.7553075032,90.1092667108,ensemble_top4,,,,,,
mmr,18,Belize,Belize,Region of the Americas,2002,68.21,73.5260562127,67.3440337229,90.8221390551,ensemble_top4,,,,,,
mmr,18,Belize,Belize,Region of the Americas,2003,66.77,69.7750192337,63.7165132781,90.0534512613,ensemble_top4,,,,,,
mmr,18,Belize,Belize,Region of the Americas,2004,62.76,64.7276839133,59.060230213,88.6711222733,ensemble_top4,,,,,,
mmr,18,Belize,Belize,Region of the Americas,2005,60.07,59.634266402,54.1835696475,88.0054766204,ensemble_top4,,,,,,
mmr,18,Belize,Belize,Region of the Americas,2006,55.36,54.8161530639,49.2639869915,88.4307278164,ensemble_top4,,,,,,
mmr,18,Belize,Belize,Region of the Americas,2007,51.58,50.6088405401,45.0437557709,90.8083690042,ensemble_top4,,,,,,
mmr,18,Belize,Belize,Region of the Americas,2008,47.79,47.0031045393,41.1688187223,95.319784699,ensemble_top4,,,,,,
mmr,18,Belize,Belize,Region of the Americas,2009,44.53,44.1308442889,38.7045821481,100.942397785,ensemble_top4,,,,,,
mmr,18,Belize,Belize,Region of the Americas,2010,40.89,42.105553542,36.2846592005,109.379722721,ensemble_top4,,,,,,
mmr,18,Belize,Belize,Region of the Americas,2011,39.27,41.2143320535,34.2547311208,118.93217358,ensemble_top4,,,,,,
mmr,18,Belize,Belize,Region of the Americas,2012,40.26,41.9043704121,35.5612281062,130.874601273,ensemble_top4,,,,,,
mmr,18,Belize,Belize,Region of the Americas,2013,41.36,43.3431639265,37.6327184571,146.801301557,ensemble_top4,,,,,,
mmr,18,Belize,Belize,Region of the Americas,2014,43.66,45.6874510611,39.7149783264,164.459230252,ensemble_top4,,,,,,
mmr,18,Belize,Belize,Region of the Americas,2015,47.15,48.5054536665,42.5640802907,186.101505785,ensemble_top4,,,,,,
mmr,18,Belize,Belize,Region of the Americas,2016,51.4,51.7545384666,45.9125102271,209.458984174,ensemble_top4,,,,,,
mmr,18,Belize,Belize,Region of the Americas,2017,55.85,55.4906131137,49.3899494191,238.23628032,ensemble_top4,,,,,,
mmr,18,Belize,Belize,Region of the Americas,2018,59.97,59.7627424969,53.6822181306,272.898452465,ensemble_top4,,,,,,
mmr,18,Belize,Belize,Region of the Americas,2019,61.3,64.3137421221,57.7145014326,310.218893104,ensemble_top4,,,,,,
mmr,18,Belize,Belize,Region of the Americas,2020,88.49,69.3937031319,61.6381088394,351.629600749,ensemble_top4,19.0962968681,0,26.8518911606,19.0962968681,1.27518774768,0.243093420853
mmr,18,Belize,Belize,Region of the Americas,2021,156.6,74.9317418404,65.673661792,401.664427946,ensemble_top4,81.6682581596,0,90.926338208,81.6682581596,2.08990203822,0.737117193215
mmr,18,Belize,Belize,Region of the Americas,2022,109.6,80.8017932479,69.315139111,456.118503235,ensemble_top4,28.7982067521,0,40.284860889,28.7982067521,1.35640553996,0.304838215571
mmr,18,Belize,Belize,Region of the Americas,2023,66.8,86.9898722342,72.6893850113,517.133993306,ensemble_top4,0,0,0,-20.1898722342,0.767905484677,-0.264088620235
mmr,19,Benin,Benin,African Region,2000,529.5,529.5,529.5,529.5,ensemble_top4,,,,,,
mmr,19,Benin,Benin,African Region,2001,532.5,520.833716468,486.393636926,551.001666841,ensemble_top4,,,,,,
mmr,19,Benin,Benin,African Region,2002,534.4,522.487979319,489.70113071,551.827392857,ensemble_top4,,,,,,
mmr,19,Benin,Benin,African Region,2003,532.3,523.449876933,492.390442986,554.171214747,ensemble_top4,,,,,,
mmr,19,Benin,Benin,African Region,2004,530.6,524.137573348,493.020901539,554.111271513,ensemble_top4,,,,,,
mmr,19,Benin,Benin,African Region,2005,514.2,525.587501966,496.936720017,557.397887496,ensemble_top4,,,,,,
mmr,19,Benin,Benin,African Region,2006,509.4,529.324454983,498.495573223,575.50780878,ensemble_top4,,,,,,
mmr,19,Benin,Benin,African Region,2007,500.8,534.907451112,502.582017372,599.895524363,ensemble_top4,,,,,,
mmr,19,Benin,Benin,African Region,2008,563.4,552.729005847,507.948642005,624.959282016,ensemble_top4,,,,,,
mmr,19,Benin,Benin,African Region,2009,598,586.93129691,513.597940158,634.30025561,ensemble_top4,,,,,,
mmr,19,Benin,Benin,African Region,2010,606.7,608.473440537,575.164947837,642.228142486,ensemble_top4,,,,,,
mmr,19,Benin,Benin,African Region,2011,613.4,611.693196498,582.68508421,643.000195096,ensemble_top4,,,,,,
mmr,19,Benin,Benin,African Region,2012,617.9,611.524017869,581.277732347,642.209278031,ensemble_top4,,,,,,
mmr,19,Benin,Benin,African Region,2013,607.2,609.427425118,578.742844333,640.09303859,ensemble_top4,,,,,,
mmr,19,Benin,Benin,African Region,2014,605.2,606.000587623,574.014002806,636.626875105,ensemble_top4,,,,,,
mmr,19,Benin,Benin,African Region,2015,606.4,601.623578068,569.33937519,630.847330086,ensemble_top4,,,,,,
mmr,19,Benin,Benin,African Region,2016,604.2,597.317312632,562.204244615,626.717166641,ensemble_top4,,,,,,
mmr,19,Benin,Benin,African Region,2017,591.6,591.900073102,556.293691061,622.836159861,ensemble_top4,,,,,,
mmr,19,Benin,Benin,African Region,2018,585.5,587.318984451,550.555459648,619.20485888,ensemble_top4,,,,,,
mmr,19,Benin,Benin,African Region,2019,572.1,582.548849035,544.304628536,616.564189979,ensemble_top4,,,,,,
mmr,19,Benin,Benin,African Region,2020,577.7,578.341062441,538.704721846,613.245716979,ensemble_top4,0,0,38.995278154,-0.641062441423,0.998891549497,-0.00110906528835
mmr,19,Benin,Benin,African Region,2021,583.6,574.576523092,533.368168876,610.483813939,ensemble_top4,9.02347690792,0,50.2318311241,9.02347690792,1.01570456944,0.0155825287661
mmr,19,Benin,Benin,African Region,2022,547.1,569.64474376,529.492471144,609.394352677,ensemble_top4,0,0,17.607528856,-22.5447437599,0.960423151435,-0.0403813088921
mmr,19,Benin,Benin,African Region,2023,518.2,566.972531964,525.657398741,607.058974564,ensemble_top4,0,0,0,-48.772531964,0.913977257778,-0.0899495899183
mmr,20,Bhutan,Bhutan,Southeast Asia Region,2000,323.7,323.7,322.7,323.7,ensemble_top4,,,,,,
mmr,20,Bhutan,Bhutan,Southeast Asia Region,2001,285.6,285.178045798,281.029214682,317.813009083,ensemble_top4,,,,,,
mmr,20,Bhutan,Bhutan,Southeast Asia Region,2002,256.6,257.370753068,254.505285139,292.026311443,ensemble_top4,,,,,,
mmr,20,Bhutan,Bhutan,Southeast Asia Region,2003,229.3,231.402164206,228.532070147,264.920297005,ensemble_top4,,,,,,
mmr,20,Bhutan,Bhutan,Southeast Asia Region,2004,207.2,207.581346522,204.797684853,239.243817466,ensemble_top4,,,,,,
mmr,20,Bhutan,Bhutan,Southeast Asia Region,2005,186.5,185.84318479,183.149721017,215.625450985,ensemble_top4,,,,,,
mmr,20,Bhutan,Bhutan,Southeast Asia Region,2006,166.7,166.348396407,163.326909933,194.245321285,ensemble_top4,,,,,,
mmr,20,Bhutan,Bhutan,Southeast Asia Region,2007,149,149.016670717,145.814784057,174.999209994,ensemble_top4,,,,,,
mmr,20,Bhutan,Bhutan,Southeast Asia Region,2008,132.7,133.63299484,130.276496058,157.86073597,ensemble_top4,,,,,,
mmr,20,Bhutan,Bhutan,Southeast Asia Region,2009,121.2,119.903302257,116.71367111,143.086355015,ensemble_top4,,,,,,
mmr,20,Bhutan,Bhutan,Southeast Asia Region,2010,106.6,107.78218868,104.716869588,130.032582519,ensemble_top4,,,,,,
mmr,20,Bhutan,Bhutan,Southeast Asia Region,2011,95.77,97.1304388109,94.2265928837,118.412853092,ensemble_top4,,,,,,
mmr,20,Bhutan,Bhutan,Southeast Asia Region,2012,85.99,87.6742312404,84.8360881664,108.353125321,ensemble_top4,,,,,,
mmr,20,Bhutan,Bhutan,Southeast Asia Region,2013,79.2,79.7680262153,76.2998038695,99.6875626215,ensemble_top4,,,,,,
mmr,20,Bhutan,Bhutan,Southeast Asia Region,2014,73.38,73.3725936395,70.4041635313,92.0874039068,ensemble_top4,,,,,,
mmr,20,Bhutan,Bhutan,Southeast Asia Region,2015,68.35,68.0559006527,65.2317773826,85.5154402717,ensemble_top4,,,,,,
mmr,20,Bhutan,Bhutan,Southeast Asia Region,2016,63.31,63.247012831,60.4153934784,79.9463622567,ensemble_top4,,,,,,
mmr,20,Bhutan,Bhutan,Southeast Asia Region,2017,58.41,59.1165990741,56.2406657659,74.8504980585,ensemble_top4,,,,,,
mmr,20,Bhutan,Bhutan,Southeast Asia Region,2018,55.23,55.5118566441,52.6309792657,70.3845584104,ensemble_top4,,,,,,
mmr,20,Bhutan,Bhutan,Southeast Asia Region,2019,52.34,52.5111786776,49.5349750195,66.6018889431,ensemble_top4,,,,,,
mmr,20,Bhutan,Bhutan,Southeast Asia Region,2020,51.35,50.0138108977,46.6834592898,63.4117004036,ensemble_top4,1.33618910225,0,4.66654071017,1.33618910225,1.02671640249,0.0263657511326
mmr,20,Bhutan,Bhutan,Southeast Asia Region,2021,49.92,48.0038606625,44.0480547101,60.3225246341,ensemble_top4,1.91613933754,0,5.87194528995,1.91613933754,1.03991635904,0.0391402859196
mmr,20,Bhutan,Bhutan,Southeast Asia Region,2022,48.57,46.3902372293,41.6630170561,57.9821435946,ensemble_top4,2.17976277066,0,6.90698294386,2.17976277066,1.04698753231,0.0459170238036
mmr,20,Bhutan,Bhutan,Southeast Asia Region,2023,46.65,45.1961341219,39.6649715692,55.8480685111,ensemble_top4,1.45386587805,0,6.98502843083,1.45386587805,1.03216792556,0.0316613723885
mmr,21,Bolivia,Bolivia (Plurinational State of),Region of the Americas,2000,286.9,286.9,285.9,286.9,ensemble_top4,,,,,,
mmr,21,Bolivia,Bolivia (Plurinational State of),Region of the Americas,2001,275.7,272.709291101,259.191387897,287.819522441,ensemble_top4,,,,,,
mmr,21,Bolivia,Bolivia (Plurinational State of),Region of the Americas,2002,262.3,266.697784264,255.338973429,275.923312303,ensemble_top4,,,,,,
mmr,21,Bolivia,Bolivia (Plurinational State of),Region of the Americas,2003,256.2,259.63958402,246.803835076,273.340889896,ensemble_top4,,,,,,
mmr,21,Bolivia,Bolivia (Plurinational State of),Region of the Americas,2004,250.6,253.036990525,244.459798189,266.919469829,ensemble_top4,,,,,,
mmr,21,Bolivia,Bolivia (Plurinational State of),Region of the Americas,2005,242.2,243.595716096,235.401348585,257.932859285,ensemble_top4,,,,,,
mmr,21,Bolivia,Bolivia (Plurinational State of),Region of the Americas,2006,236.3,233.514632189,225.619666856,247.845300837,ensemble_top4,,,,,,
mmr,21,Bolivia,Bolivia (Plurinational State of),Region of the Americas,2007,224.1,223.841946226,216.249793094,237.487815997,ensemble_top4,,,,,,
mmr,21,Bolivia,Bolivia (Plurinational State of),Region of the Americas,2008,214.3,214.487883895,206.751908359,227.303486822,ensemble_top4,,,,,,
mmr,21,Bolivia,Bolivia (Plurinational State of),Region of the Americas,2009,204.9,205.680407294,197.968746028,217.336877258,ensemble_top4,,,,,,
mmr,21,Bolivia,Bolivia (Plurinational State of),Region of the Americas,2010,195.8,197.407951475,189.59305697,208.42033999,ensemble_top4,,,,,,
mmr,21,Bolivia,Bolivia (Plurinational State of),Region of the Americas,2011,187.1,190.162254985,182.498417078,200.413452762,ensemble_top4,,,,,,
mmr,21,Bolivia,Bolivia (Plurinational State of),Region of the Americas,2012,180.3,184.119089139,176.086119821,193.142365072,ensemble_top4,,,,,,
mmr,21,Bolivia,Bolivia (Plurinational State of),Region of the Americas,2013,175.2,178.36408693,170.382541506,186.69054284,ensemble_top4,,,,,,
mmr,21,Bolivia,Bolivia (Plurinational State of),Region of the Americas,2014,170.7,173.362507304,165.088249152,181.26673295,ensemble_top4,,,,,,
mmr,21,Bolivia,Bolivia (Plurinational State of),Region of the Americas,2015,166.1,168.758272633,160.947318416,176.411319904,ensemble_top4,,,,,,
mmr,21,Bolivia,Bolivia (Plurinational State of),Region of the Americas,2016,162.1,165.111973472,157.341900522,172.344932746,ensemble_top4,,,,,,
mmr,21,Bolivia,Bolivia (Plurinational State of),Region of the Americas,2017,159.8,161.650163964,153.606535666,169.257226154,ensemble_top4,,,,,,
mmr,21,Bolivia,Bolivia (Plurinational State of),Region of the Americas,2018,157.3,158.675313072,150.881115419,166.06031732,ensemble_top4,,,,,,
mmr,21,Bolivia,Bolivia (Plurinational State of),Region of the Americas,2019,156.5,156.22165048,148.01284474,164.451888021,ensemble_top4,,,,,,
mmr,21,Bolivia,Bolivia (Plurinational State of),Region of the Americas,2020,217.8,154.064343653,145.432990106,163.095707297,ensemble_top4,63.7356563473,54.7042927027,72.3670098941,63.7356563473,1.41369504998,0.346206879419
mmr,21,Bolivia,Bolivia (Plurinational State of),Region of the Americas,2021,270,152.377842107,142.788625063,162.91455525,ensemble_top4,117.622157893,107.08544475,127.211374937,117.622157893,1.77191116679,0.572058719316
mmr,21,Bolivia,Bolivia (Plurinational State of),Region of the Americas,2022,164.3,150.820039406,140.684656486,163.517720751,ensemble_top4,13.479960594,0.782279249135,23.615343514,13.479960594,1.08937778194,0.0856066909902
mmr,21,Bolivia,Bolivia (Plurinational State of),Region of the Americas,2023,146.4,149.656929127,139.005084618,164.600659636,ensemble_top4,0,0,7.3949153825,-3.25692912653,0.978237364982,-0.0220029339149
mmr,22,Bosnia,Bosnia and Herzegovina,European Region,2000,11.5,11.5,11.5,11.5,ranked_top1_fallback,,,,,,
mmr,22,Bosnia,Bosnia and Herzegovina,European Region,2001,10.76,10.6310902318,10.3362522751,10.9014726974,ranked_top1_fallback,,,,,,
mmr,22,Bosnia,Bosnia and Herzegovina,European Region,2002,10.16,10.2958099608,10.028441666,10.568179492,ranked_top1_fallback,,,,,,
mmr,22,Bosnia,Bosnia and Herzegovina,European Region,2003,9.88,9.93397854079,9.67292242739,10.2051544164,ranked_top1_fallback,,,,,,
mmr,22,Bosnia,Bosnia and Herzegovina,European Region,2004,9.56,9.56377077486,9.30194160301,9.81803169015,ranked_top1_fallback,,,,,,
mmr,22,Bosnia,Bosnia and Herzegovina,European Region,2005,9.27,9.20206693192,8.94712809711,9.46210782646,ranked_top1_fallback,,,,,,
mmr,22,Bosnia,Bosnia and Herzegovina,European Region,2006,8.84,8.83747064747,8.5778580273,9.09404636097,ranked_top1_fallback,,,,,,
mmr,22,Bosnia,Bosnia and Herzegovina,European Region,2007,8.51,8.50361099041,8.24012299019,8.75451419902,ranked_top1_fallback,,,,,,
mmr,22,Bosnia,Bosnia and Herzegovina,European Region,2008,8.25,8.16013708306,7.89987819628,8.412595941,ranked_top1_fallback,,,,,,
mmr,22,Bosnia,Bosnia and Herzegovina,European Region,2009,7.83,7.83614551442,7.58718822057,8.08917040733,ranked_top1_fallback,,,,,,
mmr,22,Bosnia,Bosnia and Herzegovina,European Region,2010,7.54,7.52191952251,7.27097057661,7.77305062681,ranked_top1_fallback,,,,,,
mmr,22,Bosnia,Bosnia and Herzegovina,European Region,2011,7.07,7.2102138076,6.96548012785,7.46853432602,ranked_top1_fallback,,,,,,
mmr,22,Bosnia,Bosnia and Herzegovina,European Region,2012,6.82,6.92663409542,6.67229859975,7.17709152499,ranked_top1_fallback,,,,,,
mmr,22,Bosnia,Bosnia and Herzegovina,European Region,2013,6.77,6.66674659955,6.40960888584,6.93147350068,ranked_top1_fallback,,,,,,
mmr,22,Bosnia,Bosnia and Herzegovina,European Region,2014,6.75,6.85392061118,6.58630957,7.13264211137,ranked_top1_fallback,,,,,,
mmr,22,Bosnia,Bosnia and Herzegovina,European Region,2015,6.66,6.76286437957,6.48757631601,7.06002299316,ranked_top1_fallback,,,,,,
mmr,22,Bosnia,Bosnia and Herzegovina,European Region,2016,6.53,6.70200780814,6.42338635882,6.98541625042,ranked_top1_fallback,,,,,,
mmr,22,Bosnia,Bosnia and Herzegovina,European Region,2017,6.57,6.66220186718,6.38707768152,6.94258150525,ranked_top1_fallback,,,,,,
mmr,22,Bosnia,Bosnia and Herzegovina,European Region,2018,6.81,6.61962326013,6.32900392522,6.91600994736,ranked_top1_fallback,,,,,,
mmr,22,Bosnia,Bosnia and Herzegovina,European Region,2019,6.4,6.57505945851,6.23573982831,6.89548154989,ranked_top1_fallback,,,,,,
mmr,22,Bosnia,Bosnia and Herzegovina,European Region,2020,7.41,6.48059541771,6.09479861634,6.85416917151,ranked_top1_fallback,0.929404582287,0.555830828493,1.31520138366,0.929404582287,1.14341345546,0.134018047715
mmr,22,Bosnia,Bosnia and Herzegovina,European Region,2021,12.69,6.33175853692,5.90330813013,6.74351880586,ranked_top1_fallback,6.35824146308,5.94648119414,6.78669186987,6.35824146308,2.00418255466,0.695236274212
mmr,22,Bosnia,Bosnia and Herzegovina,European Region,2022,11.79,6.10872890427,5.67642295475,6.56696369082,ranked_top1_fallback,5.68127109573,5.22303630918,6.11357704525,5.68127109573,1.93002508128,0.657532998315
mmr,22,Bosnia,Bosnia and Herzegovina,European Region,2023,6.17,5.8206805865,5.42970158611,6.33621593427,ranked_top1_fallback,0.349319413496,0,0.740298413885,0.349319413496,1.06001349985,0.0582816437489
mmr,23,Botswana,Botswana,African Region,2000,135.7,135.7,134.7,135.7,ensemble_top4,,,,,,
mmr,23,Botswana,Botswana,African Region,2001,137.9,113.496130166,12.1962790601,241.677729945,ensemble_top4,,,,,,
mmr,23,Botswana,Botswana,African Region,2002,139.7,142.973168247,42.4893582223,276.105005794,ensemble_top4,,,,,,
mmr,23,Botswana,Botswana,African Region,2003,142.5,167.863567232,67.6451526754,311.094090154,ensemble_top4,,,,,,
mmr,23,Botswana,Botswana,African Region,2004,151.3,185.492421973,89.1057546069,342.625267594,ensemble_top4,,,,,,
mmr,23,Botswana,Botswana,African Region,2005,166.3,202.445303142,105.045928603,359.669000001,ensemble_top4,,,,,,
mmr,23,Botswana,Botswana,African Region,2006,204.2,219.501445286,115.011318823,355.368657699,ensemble_top4,,,,,,
mmr,23,Botswana,Botswana,African Region,2007,201.2,231.136068357,130.643967803,330.154982364,ensemble_top4,,,,,,
mmr,23,Botswana,Botswana,African Region,2008,198.7,233.891370206,150.723125009,314.940562652,ensemble_top4,,,,,,
mmr,23,Botswana,Botswana,African Region,2009,212.7,228.756718808,146.18378248,316.064860677,ensemble_top4,,,,,,
mmr,23,Botswana,Botswana,African Region,2010,228.4,225.76476393,118.991945892,319.617489964,ensemble_top4,,,,,,
mmr,23,Botswana,Botswana,African Region,2011,269,221.188734541,92.0921086778,322.500665376,ensemble_top4,,,,,,
mmr,23,Botswana,Botswana,African Region,2012,288.1,218.637077939,73.819676143,337.965085873,ensemble_top4,,,,,,
mmr,23,Botswana,Botswana,African Region,2013,221.2,194.072784431,55.233010278,296.027251047,ensemble_top4,,,,,,
mmr,23,Botswana,Botswana,African Region,2014,211.5,163.615338154,42.8987491099,261.262514517,ensemble_top4,,,,,,
mmr,23,Botswana,Botswana,African Region,2015,140.5,138.801934818,28.2069180361,231.889856677,ensemble_top4,,,,,,
mmr,23,Botswana,Botswana,African Region,2016,72.26,115.458267811,23.6951153532,209.873154636,ensemble_top4,,,,,,
mmr,23,Botswana,Botswana,African Region,2017,46.26,95.6171656337,10.4836464699,189.346569724,ensemble_top4,,,,,,
mmr,23,Botswana,Botswana,African Region,2018,99.18,79.1547004098,-0,173.029097067,ensemble_top4,,,,,,
mmr,23,Botswana,Botswana,African Region,2019,100.1,67.7347254931,-0,160.506181067,ensemble_top4,,,,,,
mmr,23,Botswana,Botswana,African Region,2020,97.8,57.1858448372,-0,148.2758111,ensemble_top4,40.6141551628,0,97.8,40.6141551628,1.71021343269,0.536618177162
mmr,23,Botswana,Botswana,African Region,2021,165.4,48.4206051433,-0,133.034418842,ensemble_top4,116.979394857,32.3655811578,165.4,116.979394857,3.41590113363,1.22844133336
mmr,23,Botswana,Botswana,African Region,2022,120.4,40.3452483587,-0,125.195599642,ensemble_top4,80.0547516413,0,120.4,80.0547516413,2.9842423804,1.09334590572
mmr,23,Botswana,Botswana,African Region,2023,155.1,33.8990685494,-0,116.499524909,ensemble_top4,121.200931451,38.6004750907,155.1,121.200931451,4.57534695309,1.52068253259
mmr,24,Brazil,Brazil,Region of the Americas,2000,68.65,68.65,68.65,68.65,ensemble_top4,,,,,,
mmr,24,Brazil,Brazil,Region of the Americas,2001,66.43,63.6971034381,58.0095549134,71.4362862004,ensemble_top4,,,,,,
mmr,24,Brazil,Brazil,Region of the Americas,2002,65.97,65.5977247482,59.2106605793,73.123310456,ensemble_top4,,,,,,
mmr,24,Brazil,Brazil,Region of the Americas,2003,67.04,67.6378845938,61.3375120345,74.424141167,ensemble_top4,,,,,,
mmr,24,Brazil,Brazil,Region of the Americas,2004,69.58,69.772392415,64.1249188289,75.4615304929,ensemble_top4,,,,,,
mmr,24,Brazil,Brazil,Region of the Americas,2005,71.5,71.2638489636,64.7360207765,77.0709483498,ensemble_top4,,,,,,
mmr,24,Brazil,Brazil,Region of the Americas,2006,72.19,71.638683658,64.6779580135,77.4972775054,ensemble_top4,,,,,,
mmr,24,Brazil,Brazil,Region of the Americas,2007,72.51,70.7222465894,64.029748115,76.3467639844,ensemble_top4,,,,,,
mmr,24,Brazil,Brazil,Region of the Americas,2008,71.4,69.1119043392,63.2075744479,74.5460852789,ensemble_top4,,,,,,
mmr,24,Brazil,Brazil,Region of the Americas,2009,69.13,67.4595544452,62.0126953273,73.0048234378,ensemble_top4,,,,,,
mmr,24,Brazil,Brazil,Region of the Americas,2010,65.95,66.0424932158,61.0032611695,71.8884474123,ensemble_top4,,,,,,
mmr,24,Brazil,Brazil,Region of the Americas,2011,61.86,64.8574110929,59.8250291251,70.6767885199,ensemble_top4,,,,,,
mmr,24,Brazil,Brazil,Region of the Americas,2012,59.73,64.0834079779,59.0099370999,69.9782972405,ensemble_top4,,,,,,
mmr,24,Brazil,Brazil,Region of the Americas,2013,61.04,63.4499181117,58.2319875487,69.5922151766,ensemble_top4,,,,,,
mmr,24,Brazil,Brazil,Region of the Americas,2014,63.39,63.0337457948,57.5822845773,68.7288328677,ensemble_top4,,,,,,
mmr,24,Brazil,Brazil,Region of the Americas,2015,62.96,62.6970440803,57.4575876064,68.3496982543,ensemble_top4,,,,,,
mmr,24,Brazil,Brazil,Region of the Americas,2016,63.64,62.5265731289,56.9597819508,67.8714301303,ensemble_top4,,,,,,
mmr,24,Brazil,Brazil,Region of the Americas,2017,61.02,62.4946763008,56.9911290354,67.7400137838,ensemble_top4,,,,,,
mmr,24,Brazil,Brazil,Region of the Americas,2018,62.33,62.5167584911,56.3105367543,67.9021786934,ensemble_top4,,,,,,
mmr,24,Brazil,Brazil,Region of the Americas,2019,64.63,62.6232935597,55.7486712305,69.031131622,ensemble_top4,,,,,,
mmr,24,Brazil,Brazil,Region of the Americas,2020,84.88,62.7552468849,54.9517402381,72.29003226,ensemble_top4,22.1247531151,12.58996774,29.9282597619,22.1247531151,1.35255622778,0.301996304094
mmr,24,Brazil,Brazil,Region of the Americas,2021,128,62.8741037936,53.9666599527,77.9011647108,ensemble_top4,65.1258962064,50.0988352892,74.0333400473,65.1258962064,2.03581430632,0.710895889381
mmr,24,Brazil,Brazil,Region of the Americas,2022,104,62.8314451703,53.2701842633,85.5899054302,ensemble_top4,41.1685548297,18.4100945698,50.7298157367,41.1685548297,1.65522215378,0.503935231713
mmr,24,Brazil,Brazil,Region of the Americas,2023,66.91,62.8666370394,52.1753679604,95.8780823403,ensemble_top4,4.04336296059,0,14.7346320396,4.04336296059,1.06431651431,0.062332822535
mmr,25,Brunei Darussalam,Brunei Darussalam,Western Pacific Region,2000,47.97,47.97,46.97,47.97,ensemble_top4,,,,,,
mmr,25,Brunei Darussalam,Brunei Darussalam,Western Pacific Region,2001,46.27,46.2834776363,44.9730898785,51.6370963563,ensemble_top4,,,,,,
mmr,25,Brunei Darussalam,Brunei Darussalam,Western Pacific Region,2002,45.96,45.8901543603,44.2554559204,50.2142803643,ensemble_top4,,,,,,
mmr,25,Brunei Darussalam,Brunei Darussalam,Western Pacific Region,2003,44.95,44.8427781669,43.5165981609,48.7426524684,ensemble_top4,,,,,,
mmr,25,Brunei Darussalam,Brunei Darussalam,Western Pacific Region,2004,43.53,43.8112701104,42.7455621021,47.2992785354,ensemble_top4,,,,,,
mmr,25,Brunei Darussalam,Brunei Darussalam,Western Pacific Region,2005,42.54,42.9005596647,41.8858986108,45.8751420176,ensemble_top4,,,,,,
mmr,25,Brunei Darussalam,Brunei Darussalam,Western Pacific Region,2006,41.87,42.1077745763,41.0569412752,44.5421245925,ensemble_top4,,,,,,
mmr,25,Brunei Darussalam,Brunei Darussalam,Western Pacific Region,2007,40.91,41.4137520937,40.3653710503,43.4535364018,ensemble_top4,,,,,,
mmr,25,Brunei Darussalam,Brunei Darussalam,Western Pacific Region,2008,40.42,40.7930101984,39.7752964906,42.5099160621,ensemble_top4,,,,,,
mmr,25,Brunei Darussalam,Brunei Darussalam,Western Pacific Region,2009,39.85,40.2597533649,39.1496018641,41.8138540963,ensemble_top4,,,,,,
mmr,25,Brunei Darussalam,Brunei Darussalam,Western Pacific Region,2010,39.51,39.9931957688,38.7831353425,41.284162996,ensemble_top4,,,,,,
mmr,25,Brunei Darussalam,Brunei Darussalam,Western Pacific Region,2011,39.71,39.8021028127,38.2946414485,40.9370283125,ensemble_top4,,,,,,
mmr,25,Brunei Darussalam,Brunei Darussalam,Western Pacific Region,2012,40.04,39.6155247585,37.7494365334,40.6801531532,ensemble_top4,,,,,,
mmr,25,Brunei Darussalam,Brunei Darussalam,Western Pacific Region,2013,39.75,39.5643000811,38.5917826618,40.539687313,ensemble_top4,,,,,,
mmr,25,Brunei Darussalam,Brunei Darussalam,Western Pacific Region,2014,39.62,39.4536374421,38.4886740362,40.4268867272,ensemble_top4,,,,,,
mmr,25,Brunei Darussalam,Brunei Darussalam,Western Pacific Region,2015,39.49,39.3625564336,38.3741271485,40.3050518981,ensemble_top4,,,,,,
mmr,25,Brunei Darussalam,Brunei Darussalam,Western Pacific Region,2016,39.38,39.2913955309,38.1940032018,40.1942211896,ensemble_top4,,,,,,
mmr,25,Brunei Darussalam,Brunei Darussalam,Western Pacific Region,2017,39.33,39.2100081755,38.0701328201,40.1178220777,ensemble_top4,,,,,,
mmr,25,Brunei Darussalam,Brunei Darussalam,Western Pacific Region,2018,39.22,39.1504051216,37.876846596,40.0655326439,ensemble_top4,,,,,,
mmr,25,Brunei Darussalam,Brunei Darussalam,Western Pacific Region,2019,38.48,39.1345201817,37.6234543866,40.0940338577,ensemble_top4,,,,,,
mmr,25,Brunei Darussalam,Brunei Darussalam,Western Pacific Region,2020,38.51,39.1042773683,37.3209436613,40.107315917,ensemble_top4,0,0,1.18905633872,-0.5942773683,0.984802752837,-0.0153139087899
mmr,25,Brunei Darussalam,Brunei Darussalam,Western Pacific Region,2021,43.84,39.1036725987,37.0499370957,40.1101038865,ensemble_top4,4.73632740126,3.72989611347,6.79006290435,4.73632740126,1.12112231631,0.114330251703
mmr,25,Brunei Darussalam,Brunei Darussalam,Western Pacific Region,2022,88.15,39.1050286033,36.6826398822,40.1768049288,ensemble_top4,49.0449713967,47.9731950712,51.4673601178,49.0449713967,2.25418579524,0.812788841343
mmr,25,Brunei Darussalam,Brunei Darussalam,Western Pacific Region,2023,36.35,39.1323560942,36.2991054021,40.2265712576,ensemble_top4,0,0,0.0508945979097,-2.78235609423,0.928898835339,-0.0737554423961
mmr,26,Bulgaria,Bulgaria,European Region,2000,18.91,18.91,18.91,18.91,ensemble_top4,,,,,,
mmr,26,Bulgaria,Bulgaria,European Region,2001,17.14,16.6997240237,16.023264479,17.3720804598,ensemble_top4,,,,,,
mmr,26,Bulgaria,Bulgaria,European Region,2002,15.17,15.5631938234,14.9284801976,16.2097229797,ensemble_top4,,,,,,
mmr,26,Bulgaria,Bulgaria,European Region,2003,14.07,14.4494904115,13.7980724505,15.0863041458,ensemble_top4,,,,,,
mmr,26,Bulgaria,Bulgaria,European Region,2004,13.52,13.4129420131,12.7533757059,14.0237551183,ensemble_top4,,,,,,
mmr,26,Bulgaria,Bulgaria,European Region,2005,12.7,12.44266683,11.8022668788,13.0736785254,ensemble_top4,,,,,,
mmr,26,Bulgaria,Bulgaria,European Region,2006,11.58,11.5453692285,10.8673607785,12.1551664927,ensemble_top4,,,,,,
mmr,26,Bulgaria,Bulgaria,European Region,2007,10.55,10.7281014754,10.0582809177,11.3592744436,ensemble_top4,,,,,,
mmr,26,Bulgaria,Bulgaria,European Region,2008,9.7,9.97291116265,9.25516237499,10.5943619047,ensemble_top4,,,,,,
mmr,26,Bulgaria,Bulgaria,European Region,2009,9.24,9.26983831875,8.61492550949,9.88744811823,ensemble_top4,,,,,,
mmr,26,Bulgaria,Bulgaria,European Region,2010,9.05,8.67869590672,8.06080453425,9.2958005269,ensemble_top4,,,,,,
mmr,26,Bulgaria,Bulgaria,European Region,2011,8.34,8.17207307073,7.5280052618,8.87206816656,ensemble_top4,,,,,,
mmr,26,Bulgaria,Bulgaria,European Region,2012,7.43,7.7007892794,6.99717449999,8.46083177645,ensemble_top4,,,,,,
mmr,26,Bulgaria,Bulgaria,European Region,2013,7.15,7.33674826892,6.56300435043,8.36278842574,ensemble_top4,,,,,,
mmr,26,Bulgaria,Bulgaria,European Region,2014,7.34,7.33515890399,6.61603204805,8.0841688476,ensemble_top4,,,,,,
mmr,26,Bulgaria,Bulgaria,European Region,2015,7.26,7.12719920511,6.40719800105,7.85970952394,ensemble_top4,,,,,,
mmr,26,Bulgaria,Bulgaria,European Region,2016,6.93,6.94685181397,6.22500845926,7.6176665099,ensemble_top4,,,,,,
mmr,26,Bulgaria,Bulgaria,European Region,2017,6.72,6.77144704051,6.10069776639,7.42535285426,ensemble_top4,,,,,,
mmr,26,Bulgaria,Bulgaria,European Region,2018,6.69,6.61073551964,5.9571177781,7.26915760963,ensemble_top4,,,,,,
mmr,26,Bulgaria,Bulgaria,European Region,2019,6.35,6.45590996246,5.77424061062,7.20036313958,ensemble_top4,,,,,,
mmr,26,Bulgaria,Bulgaria,European Region,2020,8.74,6.2966767349,5.49335224303,7.26038925694,ensemble_top4,2.4433232651,1.47961074306,3.24664775697,2.4433232651,1.38803377845,0.327888197846
mmr,26,Bulgaria,Bulgaria,European Region,2021,9.27,6.20263405353,5.13111507555,7.40400033332,ensemble_top4,3.06736594647,1.86599966668,4.13888492445,3.06736594647,1.49452634478,0.401809330406
mmr,26,Bulgaria,Bulgaria,European Region,2022,9.66,6.15018798225,4.70270335167,7.75076579165,ensemble_top4,3.50981201775,1.90923420835,4.95729664833,3.50981201775,1.57068369745,0.451511000653
mmr,26,Bulgaria,Bulgaria,European Region,2023,5.56,6.154087902,4.22340443721,8.12198429686,ensemble_top4,0,0,1.33659556279,-0.594087901996,0.903464508233,-0.101518452253
mmr,27,Burkina Faso,Burkina Faso,African Region,2000,524.3,524.3,523.3,524.3,ensemble_top4,,,,,,
mmr,27,Burkina Faso,Burkina Faso,African Region,2001,512.7,505.649912219,234.348799206,516.562830376,ensemble_top4,,,,,,
mmr,27,Burkina Faso,Burkina Faso,African Region,2002,507.8,504.729824483,492.286573799,514.540469288,ensemble_top4,,,,,,
mmr,27,Burkina Faso,Burkina Faso,African Region,2003,495.4,497.993125315,488.44970212,507.703190663,ensemble_top4,,,,,,
mmr,27,Burkina Faso,Burkina Faso,African Region,2004,481,488.054783969,477.587124392,499.723091483,ensemble_top4,,,,,,
mmr,27,Burkina Faso,Burkina Faso,African Region,2005,466.9,475.779206365,464.824371108,489.017834681,ensemble_top4,,,,,,
mmr,27,Burkina Faso,Burkina Faso,African Region,2006,463.2,462.987797061,453.065684784,476.522836152,ensemble_top4,,,,,,
mmr,27,Burkina Faso,Burkina Faso,African Region,2007,453,448.917027476,438.93035942,462.084864674,ensemble_top4,,,,,,
mmr,27,Burkina Faso,Burkina Faso,African Region,2008,428.6,433.797666444,423.485204172,447.401249591,ensemble_top4,,,,,,
mmr,27,Burkina Faso,Burkina Faso,African Region,2009,419.3,418.269553646,408.547563496,432.089727577,ensemble_top4,,,,,,
mmr,27,Burkina Faso,Burkina Faso,African Region,2010,403.9,403.499655482,394.114165136,416.873668543,ensemble_top4,,,,,,
mmr,27,Burkina Faso,Burkina Faso,African Region,2011,387.6,389.4081709,379.451657036,401.757984346,ensemble_top4,,,,,,
mmr,27,Burkina Faso,Burkina Faso,African Region,2012,376,373.858283121,364.070910012,386.212098935,ensemble_top4,,,,,,
mmr,27,Burkina Faso,Burkina Faso,African Region,2013,361.3,358.849052493,349.278540557,371.062879879,ensemble_top4,,,,,,
mmr,27,Burkina Faso,Burkina Faso,African Region,2014,344.2,344.154550918,334.803651089,355.971232815,ensemble_top4,,,,,,
mmr,27,Burkina Faso,Burkina Faso,African Region,2015,327.8,330.002674033,320.366781262,341.38093118,ensemble_top4,,,,,,
mmr,27,Burkina Faso,Burkina Faso,African Region,2016,313,316.239167533,306.919751521,327.12739519,ensemble_top4,,,,,,
mmr,27,Burkina Faso,Burkina Faso,African Region,2017,298.4,302.722249907,293.337157998,313.271112269,ensemble_top4,,,,,,
mmr,27,Burkina Faso,Burkina Faso,African Region,2018,286.1,289.978481213,280.589456538,300.123595903,ensemble_top4,,,,,,
mmr,27,Burkina Faso,Burkina Faso,African Region,2019,274.2,277.651789163,268.397944318,287.500548595,ensemble_top4,,,,,,
mmr,27,Burkina Faso,Burkina Faso,African Region,2020,334.1,265.497555361,256.303271704,275.045347022,ensemble_top4,68.6024446386,59.054652978,77.7967282962,68.6024446386,1.25839200118,0.229834716401
mmr,27,Burkina Faso,Burkina Faso,African Region,2021,354.1,253.846652288,244.891947439,263.189998678,ensemble_top4,100.253347712,90.9100013222,109.208052561,100.253347712,1.3949366549,0.332849005566
mmr,27,Burkina Faso,Burkina Faso,African Region,2022,316.3,242.763201993,233.773145856,251.893743015,ensemble_top4,73.5367980074,64.4062569853,82.5268541435,73.5367980074,1.30291575249,0.264604639479
mmr,27,Burkina Faso,Burkina Faso,African Region,2023,241.8,231.950988798,223.053641607,241.175301453,ensemble_top4,9.84901120162,0.624698547434,18.7463583928,9.84901120162,1.04246160472,0.0415848440113
mmr,28,Burundi,Burundi,African Region,2000,860.2,860.2,859.2,860.2,ensemble_top4,,,,,,
mmr,28,Burundi,Burundi,African Region,2001,798.9,791.363875576,746.663956148,1254.29873621,ensemble_top4,,,,,,
mmr,28,Burundi,Burundi,African Region,2002,743.5,737.033503101,706.699139857,772.689116224,ensemble_top4,,,,,,
mmr,28,Burundi,Burundi,African Region,2003,704.8,717.679158237,691.569751799,750.656945146,ensemble_top4,,,,,,
mmr,28,Burundi,Burundi,African Region,2004,686.6,698.302043177,669.902837851,730.104381484,ensemble_top4,,,,,,
mmr,28,Burundi,Burundi,African Region,2005,685.1,684.287330211,658.703880569,713.820921672,ensemble_top4,,,,,,
mmr,28,Burundi,Burundi,African Region,2006,670.5,668.918290702,641.25467602,696.670448043,ensemble_top4,,,,,,
mmr,28,Burundi,Burundi,African Region,2007,654.5,651.13722924,624.254491133,678.441289853,ensemble_top4,,,,,,
mmr,28,Burundi,Burundi,African Region,2008,634.6,633.39837024,605.970521265,659.73546737,ensemble_top4,,,,,,
mmr,28,Burundi,Burundi,African Region,2009,612.4,615.755688248,589.137774079,641.190180716,ensemble_top4,,,,,,
mmr,28,Burundi,Burundi,African Region,2010,614.4,597.650928006,571.31604755,622.412416563,ensemble_top4,,,,,,
mmr,28,Burundi,Burundi,African Region,2011,597,580.736727777,554.812145233,606.289408017,ensemble_top4,,,,,,
mmr,28,Burundi,Burundi,African Region,2012,575.1,563.874551208,537.904095054,589.038663736,ensemble_top4,,,,,,
mmr,28,Burundi,Burundi,African Region,2013,555.4,547.661845022,521.285154042,572.463460366,ensemble_top4,,,,,,
mmr,28,Burundi,Burundi,African Region,2014,533.4,531.285942921,505.470039689,556.810252236,ensemble_top4,,,,,,
mmr,28,Burundi,Burundi,African Region,2015,525.2,515.732354344,490.442085388,540.971760234,ensemble_top4,,,,,,
mmr,28,Burundi,Burundi,African Region,2016,500.5,500.632752648,475.641239755,526.771138189,ensemble_top4,,,,,,
mmr,28,Burundi,Burundi,African Region,2017,481.7,485.654958822,460.420754789,511.558013873,ensemble_top4,,,,,,
mmr,28,Burundi,Burundi,African Region,2018,463.5,471.163928029,446.629524385,496.466614304,ensemble_top4,,,,,,
mmr,28,Burundi,Burundi,African Region,2019,449.4,457.783901646,431.840186397,483.723928147,ensemble_top4,,,,,,
mmr,28,Burundi,Burundi,African Region,2020,441,443.917374752,419.062311603,469.998008512,ensemble_top4,0,0,21.9376883972,-2.91737475233,0.993428113162,-0.00659357676779
mmr,28,Burundi,Burundi,African Region,2021,446.8,431.392564181,405.638481662,458.300969662,ensemble_top4,15.4074358195,0,41.1615183383,15.4074358195,1.03571558042,0.0350925698732
mmr,28,Burundi,Burundi,African Region,2022,412.3,418.186045703,392.935414202,444.986475897,ensemble_top4,0,0,19.3645857981,-5.88604570327,0.985924815608,-0.0141751792053
mmr,28,Burundi,Burundi,African Region,2023,392,406.102564212,380.499514391,433.388961636,ensemble_top4,0,0,11.5004856092,-14.1025642123,0.965273392844,-0.0353439091205
mmr,29,Cabo Verde,Cabo Verde,African Region,2000,110.2,110.2,110.2,110.2,ensemble_top4,,,,,,
mmr,29,Cabo Verde,Cabo Verde,African Region,2001,101.3,99.2178030631,92.1593833134,104.789855859,ensemble_top4,,,,,,
mmr,29,Cabo Verde,Cabo Verde,African Region,2002,92.5,92.6836988664,87.4561047949,97.5673580046,ensemble_top4,,,,,,
mmr,29,Cabo Verde,Cabo Verde,African Region,2003,85.9,86.5472261214,81.248279641,91.8479763862,ensemble_top4,,,,,,
mmr,29,Cabo Verde,Cabo Verde,African Region,2004,79.92,82.3902993007,77.7213897324,87.2548042207,ensemble_top4,,,,,,
mmr,29,Cabo Verde,Cabo Verde,African Region,2005,74.91,78.3628201046,73.8126348031,83.006705219,ensemble_top4,,,,,,
mmr,29,Cabo Verde,Cabo Verde,African Region,2006,75.55,74.0542752395,69.4667759826,78.8232462119,ensemble_top4,,,,,,
mmr,29,Cabo Verde,Cabo Verde,African Region,2007,73.02,70.1247210227,65.6114793503,74.8141381652,ensemble_top4,,,,,,
mmr,29,Cabo Verde,Cabo Verde,African Region,2008,68.14,66.2345791045,61.6496464602,71.2428021214,ensemble_top4,,,,,,
mmr,29,Cabo Verde,Cabo Verde,African Region,2009,62.24,62.6454219844,58.0292409452,67.7422011198,ensemble_top4,,,,,,
mmr,29,Cabo Verde,Cabo Verde,African Region,2010,60.75,59.3545873927,54.8396031525,64.4294338248,ensemble_top4,,,,,,
mmr,29,Cabo Verde,Cabo Verde,African Region,2011,54.54,56.3113791043,51.9768743555,61.1923637687,ensemble_top4,,,,,,
mmr,29,Cabo Verde,Cabo Verde,African Region,2012,51,53.5856785224,49.0937030499,58.3415343292,ensemble_top4,,,,,,
mmr,29,Cabo Verde,Cabo Verde,African Region,2013,49.84,50.9970643531,46.5637221063,55.7197978282,ensemble_top4,,,,,,
mmr,29,Cabo Verde,Cabo Verde,African Region,2014,47.9,48.7059145954,44.1719112943,53.3870132452,ensemble_top4,,,,,,
mmr,29,Cabo Verde,Cabo Verde,African Region,2015,46.38,46.5128921463,41.8319841788,51.1900243818,ensemble_top4,,,,,,
mmr,29,Cabo Verde,Cabo Verde,African Region,2016,44.26,44.4880082109,39.8454010044,49.1513831823,ensemble_top4,,,,,,
mmr,29,Cabo Verde,Cabo Verde,African Region,2017,42.9,42.7309716938,37.620450192,47.6341094524,ensemble_top4,,,,,,
mmr,29,Cabo Verde,Cabo Verde,African Region,2018,42.75,41.0798200753,35.481468642,46.331759028,ensemble_top4,,,,,,
mmr,29,Cabo Verde,Cabo Verde,African Region,2019,40.66,39.5870068292,33.6578080091,45.0261228184,ensemble_top4,,,,,,
mmr,29,Cabo Verde,Cabo Verde,African Region,2020,56.01,38.2131614589,31.7531758919,44.1661319224,ensemble_top4,17.7968385411,11.8438680776,24.2568241081,17.7968385411,1.46572536429,0.38235024914
mmr,29,Cabo Verde,Cabo Verde,African Region,2021,55.75,37.1056758543,29.8921248503,43.4434096387,ensemble_top4,18.6443241457,12.3065903613,25.8578751497,18.6443241457,1.50246555861,0.407107464442
mmr,29,Cabo Verde,Cabo Verde,African Region,2022,41.67,36.0565108996,28.0969114004,43.1711496589,ensemble_top4,5.61348910041,0,13.5730885996,5.61348910041,1.15568586534,0.144693990533
mmr,29,Cabo Verde,Cabo Verde,African Region,2023,40.04,35.0428791349,26.6571261286,42.7760296384,ensemble_top4,4.99712086511,0,13.3828738714,4.99712086511,1.14260017979,0.133306524663
mmr,30,Cambodia,Cambodia,Western Pacific Region,2000,476,476,476,476,ensemble_top4,,,,,,
mmr,30,Cambodia,Cambodia,Western Pacific Region,2001,437.2,427.670649687,407.527891072,444.241382165,ensemble_top4,,,,,,
mmr,30,Cambodia,Cambodia,Western Pacific Region,2002,398.7,400.803343422,384.343805089,415.436131718,ensemble_top4,,,,,,
mmr,30,Cambodia,Cambodia,Western Pacific Region,2003,365.5,373.664210845,358.136701871,387.290506989,ensemble_top4,,,,,,
mmr,30,Cambodia,Cambodia,Western Pacific Region,2004,344,348.262357873,330.830499829,362.968833919,ensemble_top4,,,,,,
mmr,30,Cambodia,Cambodia,Western Pacific Region,2005,322.7,326.2311799,311.280556974,341.458187411,ensemble_top4,,,,,,
mmr,30,Cambodia,Cambodia,Western Pacific Region,2006,302.6,304.930619707,291.346364436,320.010039982,ensemble_top4,,,,,,
mmr,30,Cambodia,Cambodia,Western Pacific Region,2007,290,284.624924387,271.40367282,299.59014095,ensemble_top4,,,,,,
mmr,30,Cambodia,Cambodia,Western Pacific Region,2008,271.8,265.917980536,252.387295588,280.852170964,ensemble_top4,,,,,,
mmr,30,Cambodia,Cambodia,Western Pacific Region,2009,251.2,248.025359736,235.029943669,263.363978372,ensemble_top4,,,,,,
mmr,30,Cambodia,Cambodia,Western Pacific Region,2010,234.1,231.549888701,218.820321947,246.516039957,ensemble_top4,,,,,,
mmr,30,Cambodia,Cambodia,Western Pacific Region,2011,214.3,216.230629676,203.338124147,232.769120557,ensemble_top4,,,,,,
mmr,30,Cambodia,Cambodia,Western Pacific Region,2012,196.8,202.199568927,189.361433891,217.452222861,ensemble_top4,,,,,,
mmr,30,Cambodia,Cambodia,Western Pacific Region,2013,181.9,188.918247382,175.524656168,204.578001605,ensemble_top4,,,,,,
mmr,30,Cambodia,Cambodia,Western Pacific Region,2014,171.9,176.750064006,163.511497185,192.792450009,ensemble_top4,,,,,,
mmr,30,Cambodia,Cambodia,Western Pacific Region,2015,165.8,166.283378006,152.153397991,182.623095453,ensemble_top4,,,,,,
mmr,30,Cambodia,Cambodia,Western Pacific Region,2016,159.2,157.605003159,142.603108122,174.814098511,ensemble_top4,,,,,,
mmr,30,Cambodia,Cambodia,Western Pacific Region,2017,154.7,150.537141803,133.460924981,169.064304973,ensemble_top4,,,,,,
mmr,30,Cambodia,Cambodia,Western Pacific Region,2018,151.2,146.109207278,126.284298108,166.003340156,ensemble_top4,,,,,,
mmr,30,Cambodia,Cambodia,Western Pacific Region,2019,148.8,141.363428165,116.891955553,163.000162103,ensemble_top4,,,,,,
mmr,30,Cambodia,Cambodia,Western Pacific Region,2020,164,136.434445416,109.355078273,161.90514866,ensemble_top4,27.5655545838,2.09485134012,54.644921727,27.5655545838,1.20204248641,0.184022181919
mmr,30,Cambodia,Cambodia,Western Pacific Region,2021,188.8,131.423040281,101.339099293,167.655933435,ensemble_top4,57.3769597188,21.144066565,87.4609007068,57.3769597188,1.43658219743,0.362266818426
mmr,30,Cambodia,Cambodia,Western Pacific Region,2022,158.6,127.1246179,93.6904703509,175.651954288,ensemble_top4,31.4753821,0,64.9095296491,31.4753821,1.24759470369,0.22121746054
mmr,30,Cambodia,Cambodia,Western Pacific Region,2023,137.4,122.622537464,86.8774727033,189.758006068,ensemble_top4,14.7774625358,0,50.5225272967,14.7774625358,1.12051179858,0.113785543946
mmr,31,Cameroon,Cameroon,African Region,2000,678,678,677,678,ensemble_top4,,,,,,
mmr,31,Cameroon,Cameroon,African Region,2001,672.4,644.695804284,448.914874443,683.752942748,ensemble_top4,,,,,,
mmr,31,Cameroon,Cameroon,African Region,2002,658.3,658.179916374,509.570802783,695.036630232,ensemble_top4,,,,,,
mmr,31,Cameroon,Cameroon,African Region,2003,644.8,653.681894755,551.047222766,689.63836033,ensemble_top4,,,,,,
mmr,31,Cameroon,Cameroon,African Region,2004,633.3,641.827308789,578.318683041,678.949064315,ensemble_top4,,,,,,
mmr,31,Cameroon,Cameroon,African Region,2005,628.6,624.507242788,592.679929755,662.589875125,ensemble_top4,,,,,,
mmr,31,Cameroon,Cameroon,African Region,2006,615.2,617.429068131,591.960700245,651.288467619,ensemble_top4,,,,,,
mmr,31,Cameroon,Cameroon,African Region,2007,604.8,606.094410339,572.979303178,636.644315147,ensemble_top4,,,,,,
mmr,31,Cameroon,Cameroon,African Region,2008,591.7,590.158923695,553.794548722,617.538258256,ensemble_top4,,,,,,
mmr,31,Cameroon,Cameroon,African Region,2009,579.5,574.566696384,533.883604836,602.739478662,ensemble_top4,,,,,,
mmr,31,Cameroon,Cameroon,African Region,2010,561.8,551.115291341,510.038427638,582.095298123,ensemble_top4,,,,,,
mmr,31,Cameroon,Cameroon,African Region,2011,540.6,524.495053246,487.871750001,558.844132419,ensemble_top4,,,,,,
mmr,31,Cameroon,Cameroon,African Region,2012,499.8,498.229696919,465.17509425,535.023052658,ensemble_top4,,,,,,
mmr,31,Cameroon,Cameroon,African Region,2013,468.8,474.541348011,440.840865615,511.754897185,ensemble_top4,,,,,,
mmr,31,Cameroon,Cameroon,African Region,2014,439.8,451.207502895,418.336428207,484.647573882,ensemble_top4,,,,,,
mmr,31,Cameroon,Cameroon,African Region,2015,417.3,429.680670289,396.831547671,460.010225289,ensemble_top4,,,,,,
mmr,31,Cameroon,Cameroon,African Region,2016,393.3,407.969479748,375.748458722,434.126124684,ensemble_top4,,,,,,
mmr,31,Cameroon,Cameroon,African Region,2017,372.2,385.97336354,354.984448802,411.225006132,ensemble_top4,,,,,,
mmr,31,Cameroon,Cameroon,African Region,2018,354.4,364.581748701,335.041167368,390.556977424,ensemble_top4,,,,,,
mmr,31,Cameroon,Cameroon,African Region,2019,336,343.556321754,317.386577687,372.07223838,ensemble_top4,,,,,,
mmr,31,Cameroon,Cameroon,African Region,2020,315.5,323.92761149,300.184092843,354.885649034,ensemble_top4,0,0,15.3159071573,-8.42761148967,0.973983040683,-0.0263613875206
mmr,31,Cameroon,Cameroon,African Region,2021,342.2,304.578472809,279.97389654,337.572873965,ensemble_top4,37.6215271906,4.62712603539,62.2261034603,37.6215271906,1.12351998105,0.116466597134
mmr,31,Cameroon,Cameroon,African Region,2022,276,287.461125372,262.079333094,322.600435741,ensemble_top4,0,0,13.920666906,-11.4611253721,0.960129825008,-0.0406867692806
mmr,31,Cameroon,Cameroon,African Region,2023,258.2,271.687835124,242.30331865,307.625998142,ensemble_top4,0,0,15.8966813497,-13.4878351244,0.950355395492,-0.0509192638279
mmr,32,Canada,Canada,Region of the Americas,2000,8.99,8.99,8.99,8.99,ensemble_top4,,,,,,
mmr,32,Canada,Canada,Region of the Americas,2001,9.54,9.43060335971,8.42312899171,10.4247578524,ensemble_top4,,,,,,
mmr,32,Canada,Canada,Region of the Americas,2002,9.96,10.0999933212,9.25946885668,10.949451508,ensemble_top4,,,,,,
mmr,32,Canada,Canada,Region of the Americas,2003,10.26,10.5008491425,9.65737073904,11.3275685867,ensemble_top4,,,,,,
mmr,32,Canada,Canada,Region of the Americas,2004,10.34,10.7591661675,9.9164345038,11.5986648265,ensemble_top4,,,,,,
mmr,32,Canada,Canada,Region of the Americas,2005,11.17,10.9430243508,10.1511548691,11.7856848493,ensemble_top4,,,,,,
mmr,32,Canada,Canada,Region of the Americas,2006,11.21,11.0873670758,10.2497724684,11.9069201733,ensemble_top4,,,,,,
mmr,32,Canada,Canada,Region of the Americas,2007,11.4,11.2607654776,10.4555223077,12.1018489442,ensemble_top4,,,,,,
mmr,32,Canada,Canada,Region of the Americas,2008,11.9,11.3672553267,10.5222702168,12.1568663244,ensemble_top4,,,,,,
mmr,32,Canada,Canada,Region of the Americas,2009,12.06,11.4332972645,10.6467415343,12.2144678993,ensemble_top4,,,,,,
mmr,32,Canada,Canada,Region of the Americas,2010,11.38,11.4763902142,10.6669700985,12.2931277851,ensemble_top4,,,,,,
mmr,32,Canada,Canada,Region of the Americas,2011,11.33,11.5272348405,10.697533514,12.3381756049,ensemble_top4,,,,,,
mmr,32,Canada,Canada,Region of the Americas,2012,11.47,11.5955555442,10.766987663,12.3984135229,ensemble_top4,,,,,,
mmr,32,Canada,Canada,Region of the Americas,2013,11.14,11.6456336711,10.8237886265,12.4736517686,ensemble_top4,,,,,,
mmr,32,Canada,Canada,Region of the Americas,2014,11.51,11.7089698232,10.8876517258,12.5276614181,ensemble_top4,,,,,,
mmr,32,Canada,Canada,Region of the Americas,2015,11.31,11.8359111382,10.9847121832,12.7487927111,ensemble_top4,,,,,,
mmr,32,Canada,Canada,Region of the Americas,2016,12,11.9400221012,11.1232700599,12.79630897,ensemble_top4,,,,,,
mmr,32,Canada,Canada,Region of the Americas,2017,12.26,12.0666039379,11.2548768582,12.9227542267,ensemble_top4,,,,,,
mmr,32,Canada,Canada,Region of the Americas,2018,12.58,12.2073103253,11.3403823313,13.0924933014,ensemble_top4,,,,,,
mmr,32,Canada,Canada,Region of the Americas,2019,12.27,12.357293664,11.4115667824,13.3973652651,ensemble_top4,,,,,,
mmr,32,Canada,Canada,Region of the Americas,2020,16.65,12.5165048757,11.4696915731,13.9137427908,ensemble_top4,4.13349512426,2.73625720922,5.18030842689,4.13349512426,1.33024355963,0.285362053008
mmr,32,Canada,Canada,Region of the Americas,2021,13.58,12.6929646057,11.4991355197,14.8016784829,ensemble_top4,0.88703539434,0,2.08086448026,0.88703539434,1.06988402016,0.0675502502213
mmr,32,Canada,Canada,Region of the Americas,2022,14.64,12.8378544836,11.520055015,15.945473376,ensemble_top4,1.8021455164,0,3.11994498497,1.8021455164,1.14037746874,0.131359320527
mmr,32,Canada,Canada,Region of the Americas,2023,11.78,12.9673714088,11.5966387572,17.6485737485,ensemble_top4,0,0,0.183361242803,-1.18737140879,0.908433916839,-0.0960331325484
mmr,33,Central African Republic,Central African Republic,African Region,2000,1490,1490,1490,1490,ensemble_top4,,,,,,
mmr,33,Central African Republic,Central African Republic,African Region,2001,1504,1417.56293902,1037.89960667,1733.29727386,ensemble_top4,,,,,,
mmr,33,Central African Republic,Central African Republic,African Region,2002,1496,1429.24454873,1061.25302757,1735.29920071,ensemble_top4,,,,,,
mmr,33,Central African Republic,Central African Republic,African Region,2003,1487,1422.04980339,1050.2435128,1759.75428286,ensemble_top4,,,,,,
mmr,33,Central African Republic,Central African Republic,African Region,2004,1450,1407.02127254,1054.47675861,1729.79646401,ensemble_top4,,,,,,
mmr,33,Central African Republic,Central African Republic,African Region,2005,1389,1370.69021757,1027.72906392,1699.21629651,ensemble_top4,,,,,,
mmr,33,Central African Republic,Central African Republic,African Region,2006,1337,1337.10949337,1001.2619213,1680.57547959,ensemble_top4,,,,,,
mmr,33,Central African Republic,Central African Republic,African Region,2007,1271,1298.18611004,969.224094556,1616.5758044,ensemble_top4,,,,,,
mmr,33,Central African Republic,Central African Republic,African Region,2008,1234,1256.28422828,937.579939176,1575.20969846,ensemble_top4,,,,,,
mmr,33,Central African Republic,Central African Republic,African Region,2009,1272,1215.59341903,907.867007217,1540.33545642,ensemble_top4,,,,,,
mmr,33,Central African Republic,Central African Republic,African Region,2010,1230,1175.93945129,862.314911346,1492.64357908,ensemble_top4,,,,,,
mmr,33,Central African Republic,Central African Republic,African Region,2011,1131,1133.97786584,814.009245827,1462.10208303,ensemble_top4,,,,,,
mmr,33,Central African Republic,Central African Republic,African Region,2012,1092,1094.21110078,746.423715485,1435.02948518,ensemble_top4,,,,,,
mmr,33,Central African Republic,Central African Republic,African Region,2013,1092,1054.99113243,705.902119605,1424.62222499,ensemble_top4,,,,,,
mmr,33,Central African Republic,Central African Republic,African Region,2014,1034,1023.6831132,684.213942454,1390.75511474,ensemble_top4,,,,,,
mmr,33,Central African Republic,Central African Republic,African Region,2015,980.5,1005.36011077,703.969264723,1371.98166519,ensemble_top4,,,,,,
mmr,33,Central African Republic,Central African Republic,African Region,2016,962.5,1005.56906418,724.631906428,1376.90698501,ensemble_top4,,,,,,
mmr,33,Central African Republic,Central African Republic,African Region,2017,1093,1044.85677691,765.268531738,1842.94618901,ensemble_top4,,,,,,
mmr,33,Central African Republic,Central African Republic,African Region,2018,881.3,1259.67596641,780.520065033,2571.73608004,ensemble_top4,,,,,,
mmr,33,Central African Republic,Central African Republic,African Region,2019,1650,1575.29359978,770.030277948,3371.25506989,ensemble_top4,,,,,,
mmr,33,Central African Republic,Central African Republic,African Region,2020,1296,1959.71692676,760.250101873,4684.800356,ensemble_top4,0,0,535.749898127,-663.71692676,0.661320001018,-0.413517439759
mmr,33,Central African Republic,Central African Republic,African Region,2021,1127,2235.36594761,723.063464995,6252.04289795,ensemble_top4,0,0,403.936535005,-1108.36594761,0.504168009362,-0.684845714552
mmr,33,Central African Republic,Central African Republic,African Region,2022,840.8,2554.01908871,702.963808073,7342.86433648,ensemble_top4,0,0,137.836191927,-1713.21908871,0.329206623285,-1.11106969105
mmr,33,Central African Republic,Central African Republic,African Region,2023,691.7,2878.70018651,669.809329231,9064.62358372,ensemble_top4,0,0,21.8906707687,-2187.00018651,0.2402820562,-1.42594181152
mmr,34,Chad,Chad,African Region,2000,1208,1208,1207,1208,ensemble_top4,,,,,,
mmr,34,Chad,Chad,African Region,2001,1204,1152.59414903,1028.22883809,1549.67655598,ensemble_top4,,,,,,
mmr,34,Chad,Chad,African Region,2002,1199,1208.08697263,1102.74321917,1555.08505318,ensemble_top4,,,,,,
mmr,34,Chad,Chad,African Region,2003,1170,1234.89352096,1137.56350834,1559.87566357,ensemble_top4,,,,,,
mmr,34,Chad,Chad,African Region,2004,1167,1241.26556207,1151.95787158,1557.66301887,ensemble_top4,,,,,,
mmr,34,Chad,Chad,African Region,2005,1189,1237.59094992,1147.89869104,1549.81735511,ensemble_top4,,,,,,
mmr,34,Chad,Chad,African Region,2006,1220,1237.7317108,1142.34186703,1534.67898472,ensemble_top4,,,,,,
mmr,34,Chad,Chad,African Region,2007,1240,1253.81936404,1151.62887433,1513.52278532,ensemble_top4,,,,,,
mmr,34,Chad,Chad,African Region,2008,1264,1285.5066871,1176.76170261,1480.909295,ensemble_top4,,,,,,
mmr,34,Chad,Chad,African Region,2009,1285,1295.05874581,1171.13542231,1440.62009224,ensemble_top4,,,,,,
mmr,34,Chad,Chad,African Region,2010,1284,1294.33984829,1163.26055466,1392.82212475,ensemble_top4,,,,,,
mmr,34,Chad,Chad,African Region,2011,1264,1283.95166459,1148.56853912,1344.69126555,ensemble_top4,,,,,,
mmr,34,Chad,Chad,African Region,2012,1245,1250.68277712,1126.98106705,1313.67734416,ensemble_top4,,,,,,
mmr,34,Chad,Chad,African Region,2013,1216,1205.45572176,1111.84386552,1288.43583312,ensemble_top4,,,,,,
mmr,34,Chad,Chad,African Region,2014,1198,1167.70884097,1085.43116337,1256.72568038,ensemble_top4,,,,,,
mmr,34,Chad,Chad,African Region,2015,1176,1134.65013936,1029.64359518,1225.95758077,ensemble_top4,,,,,,
mmr,34,Chad,Chad,African Region,2016,1133,1097.05518286,965.466639808,1192.15539752,ensemble_top4,,,,,,
mmr,34,Chad,Chad,African Region,2017,1085,1054.86780448,899.505494411,1169.67702251,ensemble_top4,,,,,,
mmr,34,Chad,Chad,African Region,2018,1020,1012.09748287,833.557159989,1146.79969217,ensemble_top4,,,,,,
mmr,34,Chad,Chad,African Region,2019,957.8,967.170381043,770.753884201,1124.9874344,ensemble_top4,,,,,,
mmr,34,Chad,Chad,African Region,2020,877.3,919.95265442,708.825596523,1106.34363644,ensemble_top4,0,0,168.474403477,-42.6526544205,0.953636033099,-0.0474731969981
mmr,34,Chad,Chad,African Region,2021,868.6,873.076040153,651.067682665,1084.36573991,ensemble_top4,0,0,217.532317335,-4.4760401525,0.994873252791,-0.00513993406771
mmr,34,Chad,Chad,African Region,2022,775.5,825.847197145,600.052941882,1065.26171868,ensemble_top4,0,0,175.447058118,-50.3471971451,0.939035698954,-0.0629017824416
mmr,34,Chad,Chad,African Region,2023,747.5,781.493083491,548.132789388,1037.48960984,ensemble_top4,0,0,199.367210612,-33.9930834912,0.956502387277,-0.0444719942584
mmr,35,Chile,Chile,Region of the Americas,2000,32.94,32.94,31.94,32.94,ensemble_top4,,,,,,
mmr,35,Chile,Chile,Region of the Americas,2001,31.58,31.4919772859,29.1400293557,46.7986161101,ensemble_top4,,,,,,
mmr,35,Chile,Chile,Region of the Americas,2002,30.4,30.9761352329,29.3828767702,38.7580056577,ensemble_top4,,,,,,
mmr,35,Chile,Chile,Region of the Americas,2003,29.27,30.17387478,28.4196673533,33.7524560256,ensemble_top4,,,,,,
mmr,35,Chile,Chile,Region of the Americas,2004,28.1,28.9640401539,27.5694026475,30.6460445869,ensemble_top4,,,,,,
mmr,35,Chile,Chile,Region of the Americas,2005,27.49,27.6639800671,26.3766668934,29.0412765454,ensemble_top4,,,,,,
mmr,35,Chile,Chile,Region of the Americas,2006,26.76,26.4956002429,25.2335548277,27.861433486,ensemble_top4,,,,,,
mmr,35,Chile,Chile,Region of the Americas,2007,25.69,25.4231821342,23.9941187966,27.0030500617,ensemble_top4,,,,,,
mmr,35,Chile,Chile,Region of the Americas,2008,24.41,24.0206643894,22.5566403275,25.4012796315,ensemble_top4,,,,,,
mmr,35,Chile,Chile,Region of the Americas,2009,23.91,22.5655227572,21.0934732156,23.8940755795,ensemble_top4,,,,,,
mmr,35,Chile,Chile,Region of the Americas,2010,21.7,21.0776518494,19.6353957536,22.4458152072,ensemble_top4,,,,,,
mmr,35,Chile,Chile,Region of the Americas,2011,19.97,19.6403862658,18.2065576824,21.0096114217,ensemble_top4,,,,,,
mmr,35,Chile,Chile,Region of the Americas,2012,18.38,18.286935001,16.8077898261,19.6403334897,ensemble_top4,,,,,,
mmr,35,Chile,Chile,Region of the Americas,2013,16.95,16.926909048,15.3892385821,18.2629576098,ensemble_top4,,,,,,
mmr,35,Chile,Chile,Region of the Americas,2014,15.75,15.6568326317,14.1309773457,16.9322522335,ensemble_top4,,,,,,
mmr,35,Chile,Chile,Region of the Americas,2015,14.45,14.4427151756,12.8663661867,15.8158384806,ensemble_top4,,,,,,
mmr,35,Chile,Chile,Region of the Americas,2016,13.17,13.2870785781,11.7098866334,14.7463356292,ensemble_top4,,,,,,
mmr,35,Chile,Chile,Region of the Americas,2017,12.1,12.2014659481,10.600712028,13.745624654,ensemble_top4,,,,,,
mmr,35,Chile,Chile,Region of the Americas,2018,11.4,11.1940682313,9.60059400212,12.8605881102,ensemble_top4,,,,,,
mmr,35,Chile,Chile,Region of the Americas,2019,11.1,10.2805297731,8.64515887814,11.9534076882,ensemble_top4,,,,,,
mmr,35,Chile,Chile,Region of the Americas,2020,12.3,9.38453160619,7.76337076864,11.1798625081,ensemble_top4,2.91546839381,1.12013749193,4.53662923136,2.91546839381,1.31066743831,0.270536502355
mmr,35,Chile,Chile,Region of the Americas,2021,14.39,8.57468531815,6.99672453697,10.4603911636,ensemble_top4,5.81531468185,3.92960883639,7.39327546303,5.81531468185,1.67819569653,0.517719226113
mmr,35,Chile,Chile,Region of the Americas,2022,11.71,7.8216672834,6.26421149422,9.79641750182,ensemble_top4,3.8883327166,1.91358249818,5.44578850578,3.8883327166,1.49712325719,0.403545438181
mmr,35,Chile,Chile,Region of the Americas,2023,9.88,7.12490073103,5.53365099835,9.19101573503,ensemble_top4,2.75509926897,0.688984264971,4.34634900165,2.75509926897,1.38668598665,0.32691671819
mmr,36,China,China,Western Pacific Region,2000,55.67,55.67,54.67,55.67,ensemble_top4,,,,,,
mmr,36,China,China,Western Pacific Region,2001,52.39,52.4016733288,50.3742274118,69.4981831503,ensemble_top4,,,,,,
mmr,36,China,China,Western Pacific Region,2002,49.77,50.1685690123,48.233945342,61.7220582916,ensemble_top4,,,,,,
mmr,36,China,China,Western Pacific Region,2003,47.05,47.3361846875,45.6487610662,54.5997881974,ensemble_top4,,,,,,
mmr,36,China,China,Western Pacific Region,2004,44.65,44.8646817812,42.9945362537,48.3691728277,ensemble_top4,,,,,,
mmr,36,China,China,Western Pacific Region,2005,41.97,42.4916183612,40.8251718018,44.3578840887,ensemble_top4,,,,,,
mmr,36,China,China,Western Pacific Region,2006,39.62,40.2357243104,38.7964411858,41.910545485,ensemble_top4,,,,,,
mmr,36,China,China,Western Pacific Region,2007,37.58,38.2756420808,36.808173256,39.9837470905,ensemble_top4,,,,,,
mmr,36,China,China,Western Pacific Region,2008,37.97,36.4909872903,34.9238780505,38.2296766522,ensemble_top4,,,,,,
mmr,36,China,China,Western Pacific Region,2009,34.67,35.2628376815,33.3959458871,36.8760609714,ensemble_top4,,,,,,
mmr,36,China,China,Western Pacific Region,2010,33.66,33.6178481255,31.7693874177,35.114162417,ensemble_top4,,,,,,
mmr,36,China,China,Western Pacific Region,2011,32.51,32.0094720955,30.2433907234,33.5182319822,ensemble_top4,,,,,,
mmr,36,China,China,Western Pacific Region,2012,31.71,30.4391008304,28.6568656242,31.9355753462,ensemble_top4,,,,,,
mmr,36,China,China,Western Pacific Region,2013,29.79,28.9119416593,27.1214652699,30.4729370805,ensemble_top4,,,,,,
mmr,36,China,China,Western Pacific Region,2014,28.11,27.4588836196,25.6400681741,28.9754138743,ensemble_top4,,,,,,
mmr,36,China,China,Western Pacific Region,2015,26.15,26.0658320308,24.2687196777,27.6037465022,ensemble_top4,,,,,,
mmr,36,China,China,Western Pacific Region,2016,24.78,24.7371148405,22.9167255742,26.266089904,ensemble_top4,,,,,,
mmr,36,China,China,Western Pacific Region,2017,23.68,23.4299003768,21.522294532,24.9990209332,ensemble_top4,,,,,,
mmr,36,China,China,Western Pacific Region,2018,21.96,22.1967633717,20.2231199983,23.7992731821,ensemble_top4,,,,,,
mmr,36,China,China,Western Pacific Region,2019,21.08,21.0643495708,18.9577471172,22.6839594313,ensemble_top4,,,,,,
mmr,36,China,China,Western Pacific Region,2020,19.82,19.9474021361,17.814743105,21.6077256897,ensemble_top4,0,0,2.00525689501,-0.1274021361,0.99361309632,-0.006407387213
mmr,36,China,China,Western Pacific Region,2021,20.93,18.8522034939,16.6980072421,20.6646070807,ensemble_top4,2.07779650606,0.265392919315,4.23199275788,2.07779650606,1.11021504763,0.104553733165
mmr,36,China,China,Western Pacific Region,2022,18.3,17.8585868182,15.6155643879,19.6831238399,ensemble_top4,0.441413181825,0,2.68443561211,0.441413181825,1.02471713951,0.0244166130518
mmr,36,China,China,Western Pacific Region,2023,16.25,16.8714345009,14.6343352111,18.8155734196,ensemble_top4,0,0,1.61566478891,-0.621434500883,0.963166469286,-0.0375290168217
mmr,37,Colombia,Colombia,Region of the Americas,2000,95.11,95.11,95.11,95.11,ensemble_top4,,,,,,
mmr,37,Colombia,Colombia,Region of the Americas,2001,93.8,92.3153468551,90.0310704213,94.8587487249,ensemble_top4,,,,,,
mmr,37,Colombia,Colombia,Region of the Americas,2002,91.27,89.9183988246,87.8267991465,91.8217709388,ensemble_top4,,,,,,
mmr,37,Colombia,Colombia,Region of the Americas,2003,86.77,87.4411653615,85.5595292934,89.3042106536,ensemble_top4,,,,,,
mmr,37,Colombia,Colombia,Region of the Americas,2004,84.15,85.0527445041,83.2165563411,86.9661181797,ensemble_top4,,,,,,
mmr,37,Colombia,Colombia,Region of the Americas,2005,81.62,82.8531607431,81.0217721254,84.872305415,ensemble_top4,,,,,,
mmr,37,Colombia,Colombia,Region of the Americas,2006,80.63,81.1519288392,79.3219675246,83.2767638808,ensemble_top4,,,,,,
mmr,37,Colombia,Colombia,Region of the Americas,2007,79.84,79.841376227,77.9159217537,81.9284059738,ensemble_top4,,,,,,
mmr,37,Colombia,Colombia,Region of the Americas,2008,78.16,78.303310672,76.4526362867,80.4051861286,ensemble_top4,,,,,,
mmr,37,Colombia,Colombia,Region of the Americas,2009,76.85,76.9297303449,75.1870861533,78.9882247544,ensemble_top4,,,,,,
mmr,37,Colombia,Colombia,Region of the Americas,2010,76.38,75.6604403533,73.8409097916,77.6241964887,ensemble_top4,,,,,,
mmr,37,Colombia,Colombia,Region of the Americas,2011,75.07,74.4405343003,72.631183942,76.3381262374,ensemble_top4,,,,,,
mmr,37,Colombia,Colombia,Region of the Americas,2012,72.97,73.3033296219,71.4491697374,75.1081255374,ensemble_top4,,,,,,
mmr,37,Colombia,Colombia,Region of the Americas,2013,71.75,72.2106575749,70.2778680735,74.0207285623,ensemble_top4,,,,,,
mmr,37,Colombia,Colombia,Region of the Americas,2014,70.73,71.1418671714,69.1056922515,72.9595826411,ensemble_top4,,,,,,
mmr,37,Colombia,Colombia,Region of the Americas,2015,70.26,70.1031068192,68.0859337658,71.8855919602,ensemble_top4,,,,,,
mmr,37,Colombia,Colombia,Region of the Americas,2016,68.82,69.0978518328,67.1056999014,70.9446469235,ensemble_top4,,,,,,
mmr,37,Colombia,Colombia,Region of the Americas,2017,68.04,68.0855802726,66.1128417394,69.9528365501,ensemble_top4,,,,,,
mmr,37,Colombia,Colombia,Region of the Americas,2018,67.34,67.1169668679,65.1902588563,69.1158125688,ensemble_top4,,,,,,
mmr,37,Colombia,Colombia,Region of the Americas,2019,66.19,66.1563576777,64.1491979141,68.3981979591,ensemble_top4,,,,,,
mmr,37,Colombia,Colombia,Region of the Americas,2020,93.68,65.2058187764,63.0294533796,67.773349595,ensemble_top4,28.4741812236,25.906650405,30.6505466204,28.4741812236,1.43668159925,0.362336009301
mmr,37,Colombia,Colombia,Region of the Americas,2021,146.7,64.3760449715,61.6749421233,67.2756254823,ensemble_top4,82.3239550285,79.4243745177,85.0250578767,82.3239550285,2.27879796072,0.82364809373
mmr,37,Colombia,Colombia,Region of the Americas,2022,74.34,63.5705417633,60.137970429,66.8888662154,ensemble_top4,10.7694582367,7.45113378462,14.202029571,10.7694582367,1.16940957145,0.156498981646
mmr,37,Colombia,Colombia,Region of the Americas,2023,59.38,62.9409405618,58.6266977383,66.5113225311,ensemble_top4,0,0,0.75330226169,-3.56094056183,0.94342409678,-0.058239365974
mmr,38,Comoros,Comoros,African Region,2000,476.3,476.3,476.3,476.3,ensemble_top4,,,,,,
mmr,38,Comoros,Comoros,African Region,2001,440.3,441.461580936,430.30223108,450.502319471,ensemble_top4,,,,,,
mmr,38,Comoros,Comoros,African Region,2002,427.7,423.693727016,414.938345949,432.290310898,ensemble_top4,,,,,,
mmr,38,Comoros,Comoros,African Region,2003,399.9,405.511428142,397.167920888,414.677437561,ensemble_top4,,,,,,
mmr,38,Comoros,Comoros,African Region,2004,385.1,387.910255902,378.310874717,398.152617414,ensemble_top4,,,,,,
mmr,38,Comoros,Comoros,African Region,2005,372.9,372.908224665,363.386661618,384.031628822,ensemble_top4,,,,,,
mmr,38,Comoros,Comoros,African Region,2006,360,357.880958949,347.982384888,368.619572272,ensemble_top4,,,,,,
mmr,38,Comoros,Comoros,African Region,2007,351.6,346.2833135,336.700958579,355.018197422,ensemble_top4,,,,,,
mmr,38,Comoros,Comoros,African Region,2008,334.2,332.96948408,322.873250186,345.8176568,ensemble_top4,,,,,,
mmr,38,Comoros,Comoros,African Region,2009,320.4,317.729943593,308.708159589,326.611441205,ensemble_top4,,,,,,
mmr,38,Comoros,Comoros,African Region,2010,305.2,302.711722001,294.127189493,310.826963432,ensemble_top4,,,,,,
mmr,38,Comoros,Comoros,African Region,2011,290.8,288.617474627,280.478150472,297.014360317,ensemble_top4,,,,,,
mmr,38,Comoros,Comoros,African Region,2012,274.4,275.569227232,267.426684701,283.776616111,ensemble_top4,,,,,,
mmr,38,Comoros,Comoros,African Region,2013,259.6,262.958508256,254.970654516,271.013919425,ensemble_top4,,,,,,
mmr,38,Comoros,Comoros,African Region,2014,247,251.030521473,242.890294707,259.147685521,ensemble_top4,,,,,,
mmr,38,Comoros,Comoros,African Region,2015,236.6,239.746593254,231.827755074,247.715532353,ensemble_top4,,,,,,
mmr,38,Comoros,Comoros,African Region,2016,225.5,228.979064616,221.286240702,237.015653195,ensemble_top4,,,,,,
mmr,38,Comoros,Comoros,African Region,2017,218.7,218.616291364,210.693977537,226.948598117,ensemble_top4,,,,,,
mmr,38,Comoros,Comoros,African Region,2018,209.5,208.869762608,200.618519024,217.038369018,ensemble_top4,,,,,,
mmr,38,Comoros,Comoros,African Region,2019,202.4,199.515608929,191.125233175,207.720996755,ensemble_top4,,,,,,
mmr,38,Comoros,Comoros,African Region,2020,198.5,190.447761093,182.238612182,198.710078111,ensemble_top4,8.05223890716,0,16.2613878184,8.05223890716,1.04228056482,0.0414111631508
mmr,38,Comoros,Comoros,African Region,2021,214.8,182.098334593,173.689189287,190.65111805,ensemble_top4,32.7016654071,24.14888195,41.1108107129,32.7016654071,1.17958245187,0.165160521506
mmr,38,Comoros,Comoros,African Region,2022,186.2,174.04817943,165.572686791,182.34504893,ensemble_top4,12.1518205701,3.85495106978,20.6273132089,12.1518205701,1.06981871692,0.0674892106807
mmr,38,Comoros,Comoros,African Region,2023,178.9,166.175520549,157.355763888,174.911383623,ensemble_top4,12.7244794508,3.98861637705,21.544236112,12.7244794508,1.0765725265,0.0737824080556
mmr,39,Congo,Congo,African Region,2000,509.5,509.5,509.5,509.5,ensemble_top4,,,,,,
mmr,39,Congo,Congo,African Region,2001,489,479.178881042,418.043541856,528.734821334,ensemble_top4,,,,,,
mmr,39,Congo,Congo,African Region,2002,464.4,460.559585711,410.457138199,507.939754144,ensemble_top4,,,,,,
mmr,39,Congo,Congo,African Region,2003,435.5,440.45955751,392.041923061,490.760244264,ensemble_top4,,,,,,
mmr,39,Congo,Congo,African Region,2004,399.9,432.716242539,382.387784389,499.238910932,ensemble_top4,,,,,,
mmr,39,Congo,Congo,African Region,2005,385,415.60030352,364.548627923,491.665580658,ensemble_top4,,,,,,
mmr,39,Congo,Congo,African Region,2006,393.7,401.967424188,345.745387241,473.977263502,ensemble_top4,,,,,,
mmr,39,Congo,Congo,African Region,2007,370.4,390.859751829,335.745952498,455.23634732,ensemble_top4,,,,,,
mmr,39,Congo,Congo,African Region,2008,394.6,391.327226306,324.533077337,445.623905776,ensemble_top4,,,,,,
mmr,39,Congo,Congo,African Region,2009,414.2,382.787879951,330.666330253,430.166812669,ensemble_top4,,,,,,
mmr,39,Congo,Congo,African Region,2010,382.5,368.016725359,316.679297854,413.598568392,ensemble_top4,,,,,,
mmr,39,Congo,Congo,African Region,2011,378.1,352.298947971,304.189456789,398.130865727,ensemble_top4,,,,,,
mmr,39,Congo,Congo,African Region,2012,374.2,338.567271859,289.827645209,383.64943339,ensemble_top4,,,,,,
mmr,39,Congo,Congo,African Region,2013,320.3,324.892942118,277.15032013,370.248154927,ensemble_top4,,,,,,
mmr,39,Congo,Congo,African Region,2014,302.3,310.696557092,263.108389973,357.496865179,ensemble_top4,,,,,,
mmr,39,Congo,Congo,African Region,2015,284.1,299.000371891,252.07018348,344.146216971,ensemble_top4,,,,,,
mmr,39,Congo,Congo,African Region,2016,262.7,286.663616893,239.595020501,333.012986821,ensemble_top4,,,,,,
mmr,39,Congo,Congo,African Region,2017,262.1,275.617384589,227.945003236,322.375978557,ensemble_top4,,,,,,
mmr,39,Congo,Congo,African Region,2018,259,264.435393339,218.614407357,312.397353394,ensemble_top4,,,,,,
mmr,39,Congo,Congo,African Region,2019,245.3,254.044394838,207.205874805,303.652751282,ensemble_top4,,,,,,
mmr,39,Congo,Congo,African Region,2020,247.2,244.353336516,199.365545656,293.063520234,ensemble_top4,2.84666348418,0,47.8344543442,2.84666348418,1.01164978357,0.011582447302
mmr,39,Congo,Congo,African Region,2021,301.4,235.996533976,189.623804198,284.954487175,ensemble_top4,65.4034660236,16.4455128249,111.776195802,65.4034660236,1.2771374008,0.244621167815
mmr,39,Congo,Congo,African Region,2022,240.8,226.917746057,180.591504336,274.376472234,ensemble_top4,13.8822539426,0,60.2084956643,13.8822539426,1.0611774715,0.0593791137886
mmr,39,Congo,Congo,African Region,2023,241.1,217.988849921,172.52029249,267.175891771,ensemble_top4,23.1111500789,0,68.5797075097,23.1111500789,1.10601987252,0.100767870857
mmr,40,Cook Islands,Cook Islands,Western Pacific Region,2000,0.33,0.33,-0,0.33,ensemble_top4,,,,,,
mmr,40,Cook Islands,Cook Islands,Western Pacific Region,2001,0.28,0.179171923577,0.0954565653713,0.255684138166,ensemble_top4,,,,,,
mmr,40,Cook Islands,Cook Islands,Western Pacific Region,2002,0.23,0.178297088225,0.0959558595478,0.258433059113,ensemble_top4,,,,,,
mmr,40,Cook Islands,Cook Islands,Western Pacific Region,2003,0.18,0.177444647339,0.097663059716,0.255766203273,ensemble_top4,,,,,,
mmr,40,Cook Islands,Cook Islands,Western Pacific Region,2004,0.14,0.17714730282,0.0988985678637,0.254501006646,ensemble_top4,,,,,,
mmr,40,Cook Islands,Cook Islands,Western Pacific Region,2005,0.14,0.175153865355,0.0963447925175,0.251475983569,ensemble_top4,,,,,,
mmr,40,Cook Islands,Cook Islands,Western Pacific Region,2006,0.18,0.175350678461,0.0959090136874,0.251366012316,ensemble_top4,,,,,,
mmr,40,Cook Islands,Cook Islands,Western Pacific Region,2007,0.18,0.17455029278,0.0944113225771,0.250860110092,ensemble_top4,,,,,,
mmr,40,Cook Islands,Cook Islands,Western Pacific Region,2008,0.18,0.173811266136,0.0956996750463,0.24811134698,ensemble_top4,,,,,,
mmr,40,Cook Islands,Cook Islands,Western Pacific Region,2009,0.18,0.172315023828,0.0936575405491,0.24598641743,ensemble_top4,,,,,,
mmr,40,Cook Islands,Cook Islands,Western Pacific Region,2010,0.14,0.170800558275,0.0951645054444,0.246367719561,ensemble_top4,,,,,,
mmr,40,Cook Islands,Cook Islands,Western Pacific Region,2011,0.14,0.169758532824,0.0952984912978,0.247877022881,ensemble_top4,,,,,,
mmr,40,Cook Islands,Cook Islands,Western Pacific Region,2012,0.14,0.169615618108,0.0931560759181,0.245826932479,ensemble_top4,,,,,,
mmr,40,Cook Islands,Cook Islands,Western Pacific Region,2013,0.15,0.168179069017,0.093255732262,0.24410323394,ensemble_top4,,,,,,
mmr,40,Cook Islands,Cook Islands,Western Pacific Region,2014,0.15,0.167742318515,0.0905739530957,0.240790356752,ensemble_top4,,,,,,
mmr,40,Cook Islands,Cook Islands,Western Pacific Region,2015,0.15,0.166466656311,0.0897986082294,0.244061734664,ensemble_top4,,,,,,
mmr,40,Cook Islands,Cook Islands,Western Pacific Region,2016,0.15,0.165248811636,0.088534910048,0.242964351192,ensemble_top4,,,,,,
mmr,40,Cook Islands,Cook Islands,Western Pacific Region,2017,0.16,0.164515420334,0.0897154919013,0.246812709199,ensemble_top4,,,,,,
mmr,40,Cook Islands,Cook Islands,Western Pacific Region,2018,0.17,0.164728178622,0.0901962456188,0.25077450933,ensemble_top4,,,,,,
mmr,40,Cook Islands,Cook Islands,Western Pacific Region,2019,0.17,0.167289755301,0.089362483032,0.253151160021,ensemble_top4,,,,,,
mmr,40,Cook Islands,Cook Islands,Western Pacific Region,2020,0.14,0.165166172811,0.0881698650572,0.254980553549,ensemble_top4,0,0,0.0518301349428,-0.0251661728108,0.847631192377,-0.165309652443
mmr,40,Cook Islands,Cook Islands,Western Pacific Region,2021,0.12,0.165855672811,0.0872768699827,0.260315279957,ensemble_top4,0,0,0.0327231300173,-0.045855672811,0.723520624687,-0.323626226494
mmr,40,Cook Islands,Cook Islands,Western Pacific Region,2022,0.33,0.163126961899,0.0854985080955,0.260034703051,ensemble_top4,0.166873038101,0.0699652969494,0.244501491905,0.166873038101,2.02296417563,0.70456384949
mmr,40,Cook Islands,Cook Islands,Western Pacific Region,2023,0.11,0.162225205614,0.0851035439502,0.261146222012,ensemble_top4,0,0,0.0248964560498,-0.0522252056138,0.678069721557,-0.388505162174
mmr,41,Costa Rica,Costa Rica,Region of the Americas,2000,35.52,35.52,34.52,35.52,ensemble_top4,,,,,,
mmr,41,Costa Rica,Costa Rica,Region of the Americas,2001,35.31,34.8396975759,31.9137381124,42.6796078073,ensemble_top4,,,,,,
mmr,41,Costa Rica,Costa Rica,Region of the Americas,2002,33.99,34.4853638532,31.5961803214,41.1123562951,ensemble_top4,,,,,,
mmr,41,Costa Rica,Costa Rica,Region of the Americas,2003,33.22,33.7666793427,31.0421712731,39.7140467892,ensemble_top4,,,,,,
mmr,41,Costa Rica,Costa Rica,Region of the Americas,2004,32.86,32.9719323698,30.5989643666,38.366467497,ensemble_top4,,,,,,
mmr,41,Costa Rica,Costa Rica,Region of the Americas,2005,31.2,32.1802700047,29.825659098,36.9589913518,ensemble_top4,,,,,,
mmr,41,Costa Rica,Costa Rica,Region of the Americas,2006,30.1,31.4462497658,29.1415090638,35.7323310974,ensemble_top4,,,,,,
mmr,41,Costa Rica,Costa Rica,Region of the Americas,2007,30.32,30.723917433,28.3619353314,34.6451387892,ensemble_top4,,,,,,
mmr,41,Costa Rica,Costa Rica,Region of the Americas,2008,29.95,30.0959864614,27.7418867763,33.7165277112,ensemble_top4,,,,,,
mmr,41,Costa Rica,Costa Rica,Region of the Americas,2009,28.98,29.5072359175,27.1441162952,32.8834967328,ensemble_top4,,,,,,
mmr,41,Costa Rica,Costa Rica,Region of the Americas,2010,28.84,28.9830997662,26.6749251933,32.0410007344,ensemble_top4,,,,,,
mmr,41,Costa Rica,Costa Rica,Region of the Americas,2011,28.44,28.502256613,26.2072136791,31.4766603918,ensemble_top4,,,,,,
mmr,41,Costa Rica,Costa Rica,Region of the Americas,2012,27.47,28.1252561235,25.7665640643,31.0532416232,ensemble_top4,,,,,,
mmr,41,Costa Rica,Costa Rica,Region of the Americas,2013,26.58,27.7774965597,25.5519921069,30.5926663142,ensemble_top4,,,,,,
mmr,41,Costa Rica,Costa Rica,Region of the Americas,2014,26.57,27.5163997741,25.2630033585,30.2945763923,ensemble_top4,,,,,,
mmr,41,Costa Rica,Costa Rica,Region of the Americas,2015,25.54,27.2758160861,24.995427136,30.0512085108,ensemble_top4,,,,,,
mmr,41,Costa Rica,Costa Rica,Region of the Americas,2016,27.03,27.0609095054,24.8191976033,29.8851239624,ensemble_top4,,,,,,
mmr,41,Costa Rica,Costa Rica,Region of the Americas,2017,27,26.8747773902,24.3790600993,29.7645560581,ensemble_top4,,,,,,
mmr,41,Costa Rica,Costa Rica,Region of the Americas,2018,28.37,26.7518455417,23.9722914055,29.6396976685,ensemble_top4,,,,,,
mmr,41,Costa Rica,Costa Rica,Region of the Americas,2019,25.73,26.5524407953,23.6346767666,29.6482366808,ensemble_top4,,,,,,
mmr,41,Costa Rica,Costa Rica,Region of the Americas,2020,34.09,26.3365449718,23.0979030934,29.6839323035,ensemble_top4,7.75345502822,4.40606769649,10.9920969066,7.75345502822,1.29439909588,0.258046568834
mmr,41,Costa Rica,Costa Rica,Region of the Americas,2021,43.95,26.0725000996,22.693515323,29.7010839171,ensemble_top4,17.8774999004,14.2489160829,21.256484677,17.8774999004,1.68568414353,0.522171501299
mmr,41,Costa Rica,Costa Rica,Region of the Americas,2022,27.42,25.7330724357,22.102547603,30.0340597882,ensemble_top4,1.68692756425,0,5.31745239699,1.68692756425,1.06555484459,0.0634956443301
mmr,41,Costa Rica,Costa Rica,Region of the Americas,2023,24.12,25.3667789893,21.5743046224,30.1725315465,ensemble_top4,0,0,2.54569537756,-1.24677898934,0.950849928961,-0.0503990322944
mmr,42,Cote d'Ivoire,Cote d'Ivoire,African Region,2000,377.7,377.7,376.7,377.7,ensemble_top4,,,,,,
mmr,42,Cote d'Ivoire,Cote d'Ivoire,African Region,2001,404.5,414.752993408,383.464393212,535.75107014,ensemble_top4,,,,,,
mmr,42,Cote d'Ivoire,Cote d'Ivoire,African Region,2002,426.7,424.317147439,393.670456279,566.61504183,ensemble_top4,,,,,,
mmr,42,Cote d'Ivoire,Cote d'Ivoire,African Region,2003,451,442.120463132,403.965395001,590.272583863,ensemble_top4,,,,,,
mmr,42,Cote d'Ivoire,Cote d'Ivoire,African Region,2004,456.2,471.212812668,427.685954351,600.349800347,ensemble_top4,,,,,,
mmr,42,Cote d'Ivoire,Cote d'Ivoire,African Region,2005,492.5,505.993336569,469.429194818,600.305589012,ensemble_top4,,,,,,
mmr,42,Cote d'Ivoire,Cote d'Ivoire,African Region,2006,544.5,540.141159898,507.803682841,588.901447486,ensemble_top4,,,,,,
mmr,42,Cote d'Ivoire,Cote d'Ivoire,African Region,2007,567.5,560.412394326,534.571174979,590.897452318,ensemble_top4,,,,,,
mmr,42,Cote d'Ivoire,Cote d'Ivoire,African Region,2008,562.2,576.572483847,516.875291659,609.44607299,ensemble_top4,,,,,,
mmr,42,Cote d'Ivoire,Cote d'Ivoire,African Region,2009,587.5,584.399111626,495.276129991,616.449027014,ensemble_top4,,,,,,
mmr,42,Cote d'Ivoire,Cote d'Ivoire,African Region,2010,591.6,581.36629431,476.596809399,611.968101185,ensemble_top4,,,,,,
mmr,42,Cote d'Ivoire,Cote d'Ivoire,African Region,2011,569.4,569.561473169,460.278527962,599.896329307,ensemble_top4,,,,,,
mmr,42,Cote d'Ivoire,Cote d'Ivoire,African Region,2012,566.3,551.908067101,447.813490939,580.860833986,ensemble_top4,,,,,,
mmr,42,Cote d'Ivoire,Cote d'Ivoire,African Region,2013,544,532.568475748,438.349298109,562.065721315,ensemble_top4,,,,,,
mmr,42,Cote d'Ivoire,Cote d'Ivoire,African Region,2014,522,512.297207178,430.322346964,540.954150402,ensemble_top4,,,,,,
mmr,42,Cote d'Ivoire,Cote d'Ivoire,African Region,2015,505.1,492.944218418,425.204070952,523.157277488,ensemble_top4,,,,,,
mmr,42,Cote d'Ivoire,Cote d'Ivoire,African Region,2016,487.7,476.260803748,421.052234286,507.083833403,ensemble_top4,,,,,,
mmr,42,Cote d'Ivoire,Cote d'Ivoire,African Region,2017,465.2,461.951437736,416.862637045,494.121748403,ensemble_top4,,,,,,
mmr,42,Cote d'Ivoire,Cote d'Ivoire,African Region,2018,449.1,450.814289358,414.821472479,484.842394764,ensemble_top4,,,,,,
mmr,42,Cote d'Ivoire,Cote d'Ivoire,African Region,2019,429.5,441.524782519,411.561658666,474.776701996,ensemble_top4,,,,,,
mmr,42,Cote d'Ivoire,Cote d'Ivoire,African Region,2020,447.3,434.737847767,408.535495841,468.208305541,ensemble_top4,12.5621522332,0,38.7645041589,12.5621522332,1.02889592498,0.0284863098279
mmr,42,Cote d'Ivoire,Cote d'Ivoire,African Region,2021,459,430.070317128,404.460325926,464.816214188,ensemble_top4,28.9296828716,0,54.539674074,28.9296828716,1.06726733215,0.0651014865367
mmr,42,Cote d'Ivoire,Cote d'Ivoire,African Region,2022,409.3,426.492736691,401.107522718,459.7816518,ensemble_top4,0,0,8.19247728246,-17.1927366911,0.959688090296,-0.0411469532558
mmr,42,Cote d'Ivoire,Cote d'Ivoire,African Region,2023,359,423.860959999,396.989167079,457.315298951,ensemble_top4,0,0,0,-64.8609599988,0.846975857368,-0.166083088434
mmr,43,Croatia,Croatia,European Region,2000,7.56,7.56,7.56,7.56,ranked_top1_fallback,,,,,,
mmr,43,Croatia,Croatia,European Region,2001,7.45,7.46861084693,7.08197452259,7.85861396759,ranked_top1_fallback,,,,,,
mmr,43,Croatia,Croatia,European Region,2002,7.34,7.49924693369,7.16184672329,7.82830574067,ranked_top1_fallback,,,,,,
mmr,43,Croatia,Croatia,European Region,2003,7.69,7.36881953188,7.04477617382,7.69672666807,ranked_top1_fallback,,,,,,
mmr,43,Croatia,Croatia,European Region,2004,7.08,7.16080284992,6.84158958877,7.47836781187,ranked_top1_fallback,,,,,,
mmr,43,Croatia,Croatia,European Region,2005,6.84,6.90472742481,6.58676101959,7.21956249241,ranked_top1_fallback,,,,,,
mmr,43,Croatia,Croatia,European Region,2006,6.45,6.63172722796,6.31457496949,6.94576158184,ranked_top1_fallback,,,,,,
mmr,43,Croatia,Croatia,European Region,2007,6.26,6.34263327989,6.01757165526,6.65628348472,ranked_top1_fallback,,,,,,
mmr,43,Croatia,Croatia,European Region,2008,6.1,6.05022852322,5.73034203933,6.36085946038,ranked_top1_fallback,,,,,,
mmr,43,Croatia,Croatia,European Region,2009,5.86,5.75152038851,5.43765071025,6.06555956534,ranked_top1_fallback,,,,,,
mmr,43,Croatia,Croatia,European Region,2010,5.55,5.45536363611,5.14918513935,5.76615746644,ranked_top1_fallback,,,,,,
mmr,43,Croatia,Croatia,European Region,2011,5.22,5.16855970269,4.86805276324,5.47597742155,ranked_top1_fallback,,,,,,
mmr,43,Croatia,Croatia,European Region,2012,4.97,4.88996842553,4.57493203877,5.19869110197,ranked_top1_fallback,,,,,,
mmr,43,Croatia,Croatia,European Region,2013,4.57,4.622601213,4.31265250742,4.92233255331,ranked_top1_fallback,,,,,,
mmr,43,Croatia,Croatia,European Region,2014,4.39,4.36303455481,4.06098100604,4.66532802587,ranked_top1_fallback,,,,,,
mmr,43,Croatia,Croatia,European Region,2015,3.94,4.10742353981,3.79512293682,4.43342068543,ranked_top1_fallback,,,,,,
mmr,43,Croatia,Croatia,European Region,2016,3.72,3.87222401921,3.56211783149,4.17926374061,ranked_top1_fallback,,,,,,
mmr,43,Croatia,Croatia,European Region,2017,3.58,3.64603926029,3.33409047636,3.95320977274,ranked_top1_fallback,,,,,,
mmr,43,Croatia,Croatia,European Region,2018,3.32,3.42270145596,3.11227963724,3.74034568223,ranked_top1_fallback,,,,,,
mmr,43,Croatia,Croatia,European Region,2019,3.51,3.22646152443,2.90639806187,3.547376331,ranked_top1_fallback,,,,,,
mmr,43,Croatia,Croatia,European Region,2020,5.2,3.02534566163,2.70151698383,3.34087449478,ranked_top1_fallback,2.17465433837,1.85912550522,2.49848301617,2.17465433837,1.71881185874,0.541633272325
mmr,43,Croatia,Croatia,European Region,2021,12.32,2.84337224988,2.52309298105,3.17223880432,ranked_top1_fallback,9.47662775012,9.14776119568,9.79690701895,9.47662775012,4.33288325175,1.46623319842
mmr,43,Croatia,Croatia,European Region,2022,5.54,2.66693508784,2.33649316841,3.00191252886,ranked_top1_fallback,2.87306491216,2.53808747114,3.20350683159,2.87306491216,2.07729090418,0.731064594873
mmr,43,Croatia,Croatia,European Region,2023,3.05,2.50184200989,2.19055130128,2.83568999969,ranked_top1_fallback,0.548157990113,0.214310000305,0.859448698723,0.548157990113,1.219101761,0.198114326097
mmr,44,Cuba,Cuba,Region of the Americas,2000,48.2,48.2,48.2,48.2,ensemble_top4,,,,,,
mmr,44,Cuba,Cuba,Region of the Americas,2001,46.23,45.7746588305,43.5801811468,46.9570680934,ensemble_top4,,,,,,
mmr,44,Cuba,Cuba,Region of the Americas,2002,45.36,45.1891948214,43.5041544642,46.4666959616,ensemble_top4,,,,,,
mmr,44,Cuba,Cuba,Region of the Americas,2003,44.37,44.5565607125,43.2218933925,46.1384377311,ensemble_top4,,,,,,
mmr,44,Cuba,Cuba,Region of the Americas,2004,44.13,43.8763794598,42.6666724658,45.8232488529,ensemble_top4,,,,,,
mmr,44,Cuba,Cuba,Region of the Americas,2005,42.95,43.2196501074,42.1035896692,45.5921528544,ensemble_top4,,,,,,
mmr,44,Cuba,Cuba,Region of the Americas,2006,41.99,42.5492338899,41.4111926407,45.2211714309,ensemble_top4,,,,,,
mmr,44,Cuba,Cuba,Region of the Americas,2007,41.89,41.968884027,40.8584242095,45.1179970753,ensemble_top4,,,,,,
mmr,44,Cuba,Cuba,Region of the Americas,2008,43.63,43.3596054747,41.1464340164,45.240233986,ensemble_top4,,,,,,
mmr,44,Cuba,Cuba,Region of the Americas,2009,44.99,44.230477787,41.7784812184,45.4718262397,ensemble_top4,,,,,,
mmr,44,Cuba,Cuba,Region of the Americas,2010,43.88,43.8082193974,41.4259495156,44.9728029131,ensemble_top4,,,,,,
mmr,44,Cuba,Cuba,Region of the Americas,2011,43.59,43.3131259145,41.1536555903,44.4914820731,ensemble_top4,,,,,,
mmr,44,Cuba,Cuba,Region of the Americas,2012,42.49,42.7869039249,40.785818369,43.917136874,ensemble_top4,,,,,,
mmr,44,Cuba,Cuba,Region of the Americas,2013,42.28,42.2721509858,40.4786488845,43.4694431327,ensemble_top4,,,,,,
mmr,44,Cuba,Cuba,Region of the Americas,2014,42.15,41.7172592049,40.1074472863,42.9260855892,ensemble_top4,,,,,,
mmr,44,Cuba,Cuba,Region of the Americas,2015,41.48,41.187442279,39.7849188642,42.5615769489,ensemble_top4,,,,,,
mmr,44,Cuba,Cuba,Region of the Americas,2016,40.46,40.6521964046,39.2382782496,42.1351542215,ensemble_top4,,,,,,
mmr,44,Cuba,Cuba,Region of the Americas,2017,39.26,40.1268449951,38.8174680384,41.8808969715,ensemble_top4,,,,,,
mmr,44,Cuba,Cuba,Region of the Americas,2018,39.18,39.5749461077,38.4284355835,41.4255905851,ensemble_top4,,,,,,
mmr,44,Cuba,Cuba,Region of the Americas,2019,39.72,39.0516310013,37.8387640459,40.9882354146,ensemble_top4,,,,,,
mmr,44,Cuba,Cuba,Region of the Americas,2020,39.95,38.5230582789,37.3214162215,40.6531773898,ensemble_top4,1.42694172114,0,2.62858377845,1.42694172114,1.03704123673,0.0363716938632
mmr,44,Cuba,Cuba,Region of the Americas,2021,171.7,37.9953495638,36.8073052606,40.3386953643,ensemble_top4,133.704650436,131.361304636,134.892694739,133.704650436,4.51897408423,1.50828499557
mmr,44,Cuba,Cuba,Region of the Americas,2022,40.95,37.5004419653,36.2947739061,39.971880766,ensemble_top4,3.44955803472,0.97811923402,4.65522609392,3.44955803472,1.09198713012,0.0879990916514
mmr,44,Cuba,Cuba,Region of the Americas,2023,34.79,36.9708342608,35.7293361689,39.5573655735,ensemble_top4,0,0,0,-2.18083426084,0.941012035448,-0.0607993494169
mmr,45,Cyprus,Cyprus,European Region,2000,11.81,11.81,10.81,11.81,ensemble_top4,,,,,,
mmr,45,Cyprus,Cyprus,European Region,2001,11.11,11.1345768104,10.6463270138,12.7109873671,ensemble_top4,,,,,,
mmr,45,Cyprus,Cyprus,European Region,2002,10.63,10.8696125312,10.4263501705,12.7233093854,ensemble_top4,,,,,,
mmr,45,Cyprus,Cyprus,European Region,2003,10.45,10.6302032734,10.1754808618,12.7205691179,ensemble_top4,,,,,,
mmr,45,Cyprus,Cyprus,European Region,2004,10.37,10.3629439129,9.95360344745,12.7203398932,ensemble_top4,,,,,,
mmr,45,Cyprus,Cyprus,European Region,2005,10.3,10.1332255632,9.74832879112,12.7333147617,ensemble_top4,,,,,,
mmr,45,Cyprus,Cyprus,European Region,2006,9.82,9.940303624,9.54686399527,12.8104843137,ensemble_top4,,,,,,
mmr,45,Cyprus,Cyprus,European Region,2007,9.59,9.80805883467,9.39853191297,12.9623082727,ensemble_top4,,,,,,
mmr,45,Cyprus,Cyprus,European Region,2008,9.75,9.72951419933,9.31555345025,13.1846175231,ensemble_top4,,,,,,
mmr,45,Cyprus,Cyprus,European Region,2009,9.52,9.72054604515,9.33086819668,13.502112693,ensemble_top4,,,,,,
mmr,45,Cyprus,Cyprus,European Region,2010,9.69,9.7830655333,9.39112335515,13.887823063,ensemble_top4,,,,,,
mmr,45,Cyprus,Cyprus,European Region,2011,9.93,9.91828554893,9.53870220581,14.354745536,ensemble_top4,,,,,,
mmr,45,Cyprus,Cyprus,European Region,2012,9.96,10.1271717838,9.7460245826,14.860211782,ensemble_top4,,,,,,
mmr,45,Cyprus,Cyprus,European Region,2013,10.17,10.4137568546,10.0216601394,15.4616831899,ensemble_top4,,,,,,
mmr,45,Cyprus,Cyprus,European Region,2014,10.81,10.7650211403,10.3719855166,16.0884396071,ensemble_top4,,,,,,
mmr,45,Cyprus,Cyprus,European Region,2015,11.24,11.1864298891,10.7787672626,16.7337300501,ensemble_top4,,,,,,
mmr,45,Cyprus,Cyprus,European Region,2016,11.57,11.645987013,11.2323284366,17.4345414578,ensemble_top4,,,,,,
mmr,45,Cyprus,Cyprus,European Region,2017,11.98,12.1357811393,11.7199167799,18.1624242865,ensemble_top4,,,,,,
mmr,45,Cyprus,Cyprus,European Region,2018,12.5,12.6550314226,12.238281341,18.8410386911,ensemble_top4,,,,,,
mmr,45,Cyprus,Cyprus,European Region,2019,13.14,13.179735712,12.6827469017,19.5134027984,ensemble_top4,,,,,,
mmr,45,Cyprus,Cyprus,European Region,2020,86.96,13.6952753919,13.00671123,20.1077427458,ensemble_top4,73.2647246081,66.8522572542,73.95328877,73.2647246081,6.34963500271,1.84839733137
mmr,45,Cyprus,Cyprus,European Region,2021,97.68,14.1638108828,13.2303709464,20.5919963969,ensemble_top4,83.5161891172,77.0880036031,84.4496290536,83.5161891172,6.89644904244,1.93100664761
mmr,45,Cyprus,Cyprus,European Region,2022,53,14.5400599816,13.2713153417,21.0215351723,ensemble_top4,38.4599400184,31.9784648277,39.7286846583,38.4599400184,3.64510188178,1.29338431618
mmr,45,Cyprus,Cyprus,European Region,2023,13.62,14.8111053209,13.1692320879,21.3687497897,ensemble_top4,0,0,0.450767912056,-1.19110532091,0.919580254471,-0.0838379581904
mmr,46,Czechia,Czechia,European Region,2000,6.53,6.53,6.53,6.53,ensemble_top4,,,,,,
mmr,46,Czechia,Czechia,European Region,2001,6.21,6.06525003381,5.67255492244,6.36959024514,ensemble_top4,,,,,,
mmr,46,Czechia,Czechia,European Region,2002,5.73,5.78602917165,5.47106471759,6.06015519428,ensemble_top4,,,,,,
mmr,46,Czechia,Czechia,European Region,2003,5.54,5.50423099734,5.20866814265,5.78694692656,ensemble_top4,,,,,,
mmr,46,Czechia,Czechia,European Region,2004,5.12,5.24510597981,4.95452104254,5.52721607572,ensemble_top4,,,,,,
mmr,46,Czechia,Czechia,European Region,2005,5.07,5.00855324807,4.73933986216,5.29812241896,ensemble_top4,,,,,,
mmr,46,Czechia,Czechia,European Region,2006,4.68,4.7650249603,4.4943919181,5.04916008348,ensemble_top4,,,,,,
mmr,46,Czechia,Czechia,European Region,2007,4.38,4.53585518123,4.27385458872,4.84011249049,ensemble_top4,,,,,,
mmr,46,Czechia,Czechia,European Region,2008,4.34,4.32167754533,4.05759874513,4.62507994018,ensemble_top4,,,,,,
mmr,46,Czechia,Czechia,European Region,2009,4.25,4.11641246857,3.85871325973,4.4423283276,ensemble_top4,,,,,,
mmr,46,Czechia,Czechia,European Region,2010,3.91,3.9258206426,3.66582826768,4.25509207755,ensemble_top4,,,,,,
mmr,46,Czechia,Czechia,European Region,2011,3.81,3.7519268626,3.49911596863,4.07032487775,ensemble_top4,,,,,,
mmr,46,Czechia,Czechia,European Region,2012,3.65,3.58913753381,3.32722113765,3.90820189647,ensemble_top4,,,,,,
mmr,46,Czechia,Czechia,European Region,2013,3.41,3.44417974035,3.17027876287,3.74254171609,ensemble_top4,,,,,,
mmr,46,Czechia,Czechia,European Region,2014,3.23,3.3388928656,3.0599061035,3.62833386426,ensemble_top4,,,,,,
mmr,46,Czechia,Czechia,European Region,2015,3.13,3.2452379837,2.94457956054,3.53236399358,ensemble_top4,,,,,,
mmr,46,Czechia,Czechia,European Region,2016,3.22,3.14887649752,2.8558544604,3.41827150693,ensemble_top4,,,,,,
mmr,46,Czechia,Czechia,European Region,2017,2.94,3.06269646881,2.72523770224,3.34425046627,ensemble_top4,,,,,,
mmr,46,Czechia,Czechia,European Region,2018,3,2.98537450782,2.60602581339,3.28003773488,ensemble_top4,,,,,,
mmr,46,Czechia,Czechia,European Region,2019,3.12,2.92563828579,2.48787005279,3.24933702649,ensemble_top4,,,,,,
mmr,46,Czechia,Czechia,European Region,2020,3.24,2.88052616674,2.3592606743,3.24992654768,ensemble_top4,0.359473833264,0,0.880739325698,0.359473833264,1.12479450366,0.11760035556
mmr,46,Czechia,Czechia,European Region,2021,4.39,2.8520319217,2.25437798184,3.27522678635,ensemble_top4,1.5379680783,1.11477321365,2.13562201816,1.5379680783,1.53925345877,0.431297531855
mmr,46,Czechia,Czechia,European Region,2022,3.04,2.84125175759,2.14843482799,3.38229587372,ensemble_top4,0.198748242415,0,0.891565172007,0.198748242415,1.06995094394,0.0676128006379
mmr,46,Czechia,Czechia,European Region,2023,2.7,2.850190816,2.02990620563,3.51219669233,ensemble_top4,0,0,0.67009379437,-0.150190816002,0.947304996157,-0.0541341720123
mmr,47,North Korea,Democratic People's Republic of Korea,Southeast Asia Region,2000,128.9,128.9,127.9,128.9,ensemble_top4,,,,,,
mmr,47,North Korea,Democratic People's Republic of Korea,Southeast Asia Region,2001,129.6,129.249356584,112.658585048,146.828768731,ensemble_top4,,,,,,
mmr,47,North Korea,Democratic People's Republic of Korea,Southeast Asia Region,2002,131.4,128.410304639,67.833066636,145.597241903,ensemble_top4,,,,,,
mmr,47,North Korea,Democratic People's Republic of Korea,Southeast Asia Region,2003,76.13,76.2504447332,64.7538711438,97.2253495218,ensemble_top4,,,,,,
mmr,47,North Korea,Democratic People's Republic of Korea,Southeast Asia Region,2004,77.44,74.3275343706,63.9246418307,85.1639829717,ensemble_top4,,,,,,
mmr,47,North Korea,Democratic People's Republic of Korea,Southeast Asia Region,2005,78.11,73.9906361706,62.9937929257,84.7326923527,ensemble_top4,,,,,,
mmr,47,North Korea,Democratic People's Republic of Korea,Southeast Asia Region,2006,79.78,74.1539870211,62.6307520233,84.5193293869,ensemble_top4,,,,,,
mmr,47,North Korea,Democratic People's Republic of Korea,Southeast Asia Region,2007,80.36,74.3116545999,62.726594347,84.831953944,ensemble_top4,,,,,,
mmr,47,North Korea,Democratic People's Republic of Korea,Southeast Asia Region,2008,79.44,74.5009846357,63.5844565627,84.7324934149,ensemble_top4,,,,,,
mmr,47,North Korea,Democratic People's Republic of Korea,Southeast Asia Region,2009,78.24,74.6545832809,63.4437262027,85.1356969697,ensemble_top4,,,,,,
mmr,47,North Korea,Democratic People's Republic of Korea,Southeast Asia Region,2010,77.14,74.7097083813,63.1996459806,85.0104804364,ensemble_top4,,,,,,
mmr,47,North Korea,Democratic People's Republic of Korea,Southeast Asia Region,2011,76.34,74.7484324825,63.9650463422,85.1124131771,ensemble_top4,,,,,,
mmr,47,North Korea,Democratic People's Republic of Korea,Southeast Asia Region,2012,75.64,74.8171667361,63.3117138943,85.3684089724,ensemble_top4,,,,,,
mmr,47,North Korea,Democratic People's Republic of Korea,Southeast Asia Region,2013,74.68,75.0003093554,63.871978803,85.395347945,ensemble_top4,,,,,,
mmr,47,North Korea,Democratic People's Republic of Korea,Southeast Asia Region,2014,72.97,75.1676868419,63.887635346,85.4687367485,ensemble_top4,,,,,,
mmr,47,North Korea,Democratic People's Republic of Korea,Southeast Asia Region,2015,71.85,75.1356306495,64.1405946569,85.7091104267,ensemble_top4,,,,,,
mmr,47,North Korea,Democratic People's Republic of Korea,Southeast Asia Region,2016,71.31,75.1418527753,64.3649785024,85.7447197868,ensemble_top4,,,,,,
mmr,47,North Korea,Democratic People's Republic of Korea,Southeast Asia Region,2017,70.08,75.1826189047,64.3109566346,85.9734239391,ensemble_top4,,,,,,
mmr,47,North Korea,Democratic People's Republic of Korea,Southeast Asia Region,2018,68.99,75.300826478,64.6112669289,86.3383510025,ensemble_top4,,,,,,
mmr,47,North Korea,Democratic People's Republic of Korea,Southeast Asia Region,2019,66.46,75.621045033,64.415426743,86.2489221558,ensemble_top4,,,,,,
mmr,47,North Korea,Democratic People's Republic of Korea,Southeast Asia Region,2020,66.27,75.5431093936,64.3342621191,86.308064088,ensemble_top4,0,0,1.93573788093,-9.27310939361,0.877247448933,-0.130966172551
mmr,47,North Korea,Democratic People's Republic of Korea,Southeast Asia Region,2021,71.72,75.7137856055,64.531920485,86.4732399828,ensemble_top4,0,0,7.18807951504,-3.9937856055,0.947251539815,-0.0541906035217
mmr,47,North Korea,Democratic People's Republic of Korea,Southeast Asia Region,2022,66.71,75.602653081,64.83834251,86.5604417038,ensemble_top4,0,0,1.87165749002,-8.89265308103,0.882376441585,-0.125136509513
mmr,47,North Korea,Democratic People's Republic of Korea,Southeast Asia Region,2023,66.9,75.6157284374,64.8756333696,86.239941026,ensemble_top4,0,0,2.02436663044,-8.71572843737,0.884736567147,-0.122465342526
mmr,48,DR Congo,Democratic Republic of the Congo,African Region,2000,585.4,585.4,584.4,585.4,ensemble_top4,,,,,,
mmr,48,DR Congo,Democratic Republic of the Congo,African Region,2001,588.4,578.576745631,528.708635842,591.264770299,ensemble_top4,,,,,,
mmr,48,DR Congo,Democratic Republic of the Congo,African Region,2002,601.4,599.414496701,553.377336255,613.09764715,ensemble_top4,,,,,,
mmr,48,DR Congo,Democratic Republic of the Congo,African Region,2003,604.7,609.09330865,573.610530403,625.863697325,ensemble_top4,,,,,,
mmr,48,DR Congo,Democratic Republic of the Congo,African Region,2004,606.7,611.611607472,590.761079741,632.408666477,ensemble_top4,,,,,,
mmr,48,DR Congo,Democratic Republic of the Congo,African Region,2005,612.5,612.565301713,601.026404153,634.345551106,ensemble_top4,,,,,,
mmr,48,DR Congo,Democratic Republic of the Congo,African Region,2006,618.8,620.084154075,605.909482498,635.386756493,ensemble_top4,,,,,,
mmr,48,DR Congo,Democratic Republic of the Congo,African Region,2007,630.5,624.085493113,606.598646169,635.442509869,ensemble_top4,,,,,,
mmr,48,DR Congo,Democratic Republic of the Congo,African Region,2008,619.6,618.32725232,601.082106767,631.263532328,ensemble_top4,,,,,,
mmr,48,DR Congo,Democratic Republic of the Congo,African Region,2009,608.4,610.075151355,593.44779926,627.870916921,ensemble_top4,,,,,,
mmr,48,DR Congo,Democratic Republic of the Congo,African Region,2010,600.7,600.73801079,585.065731176,622.599902956,ensemble_top4,,,,,,
mmr,48,DR Congo,Democratic Republic of the Congo,African Region,2011,589.3,590.493154724,575.341087469,614.165180997,ensemble_top4,,,,,,
mmr,48,DR Congo,Democratic Republic of the Congo,African Region,2012,578.1,579.877530416,566.011601097,605.580383856,ensemble_top4,,,,,,
mmr,48,DR Congo,Democratic Republic of the Congo,African Region,2013,566.6,568.562397382,554.546374284,594.977838528,ensemble_top4,,,,,,
mmr,48,DR Congo,Democratic Republic of the Congo,African Region,2014,558,557.092214798,544.221290836,584.272028951,ensemble_top4,,,,,,
mmr,48,DR Congo,Democratic Republic of the Congo,African Region,2015,545.4,545.489729033,532.217264972,572.849517533,ensemble_top4,,,,,,
mmr,48,DR Congo,Democratic Republic of the Congo,African Region,2016,526.5,533.770747037,521.299900788,560.70855424,ensemble_top4,,,,,,
mmr,48,DR Congo,Democratic Republic of the Congo,African Region,2017,519.1,521.932197295,509.151754945,548.55436627,ensemble_top4,,,,,,
mmr,48,DR Congo,Democratic Republic of the Congo,African Region,2018,508.1,510.145566706,497.286374538,537.553215341,ensemble_top4,,,,,,
mmr,48,DR Congo,Democratic Republic of the Congo,African Region,2019,492.9,498.236976578,485.763460765,526.494404873,ensemble_top4,,,,,,
mmr,48,DR Congo,Democratic Republic of the Congo,African Region,2020,489.5,486.276754855,473.723537227,515.121123742,ensemble_top4,3.22324514503,0,15.7764627727,3.22324514503,1.00662841707,0.00660654571362
mmr,48,DR Congo,Democratic Republic of the Congo,African Region,2021,507,474.712110775,461.675531524,505.377097144,ensemble_top4,32.2878892253,1.62290285609,45.3244684762,32.2878892253,1.06801572678,0.0658024658784
mmr,48,DR Congo,Democratic Republic of the Congo,African Region,2022,455.8,463.144008657,450.023877731,495.589497197,ensemble_top4,0,0,5.77612226894,-7.34400865686,0.984143142263,-0.0159839227298
mmr,48,DR Congo,Democratic Republic of the Congo,African Region,2023,427,451.656390075,438.399721942,486.888020925,ensemble_top4,0,0,0,-24.6563900748,0.945408964388,-0.0561376785564
mmr,49,Denmark,Denmark,European Region,2000,8.81,8.81,8.81,8.81,ensemble_top4,,,,,,
mmr,49,Denmark,Denmark,European Region,2001,8.77,8.69350647745,8.15170239768,9.24887358179,ensemble_top4,,,,,,
mmr,49,Denmark,Denmark,European Region,2002,8.68,8.60363535364,8.08633587611,9.10802530161,ensemble_top4,,,,,,
mmr,49,Denmark,Denmark,European Region,2003,8.3,8.37327435474,7.90608503066,8.86549276318,ensemble_top4,,,,,,
mmr,49,Denmark,Denmark,European Region,2004,8.08,8.09461325004,7.61713583196,8.57647831124,ensemble_top4,,,,,,
mmr,49,Denmark,Denmark,European Region,2005,7.5,7.77999641509,7.21344640958,8.30330960204,ensemble_top4,,,,,,
mmr,49,Denmark,Denmark,European Region,2006,7.22,7.48973876172,6.66046926164,8.00767099102,ensemble_top4,,,,,,
mmr,49,Denmark,Denmark,European Region,2007,7.49,7.26428316774,6.77758782477,7.72828575369,ensemble_top4,,,,,,
mmr,49,Denmark,Denmark,European Region,2008,7.32,7.05508103451,6.54862074162,7.51854644805,ensemble_top4,,,,,,
mmr,49,Denmark,Denmark,European Region,2009,7.01,6.75442384574,6.26864252202,7.21199536509,ensemble_top4,,,,,,
mmr,49,Denmark,Denmark,European Region,2010,6.66,6.45721581338,5.98963273988,6.91302238099,ensemble_top4,,,,,,
mmr,49,Denmark,Denmark,European Region,2011,6.25,6.18045487601,5.71436186515,6.63426631363,ensemble_top4,,,,,,
mmr,49,Denmark,Denmark,European Region,2012,5.78,5.90595319274,5.4500979872,6.36394502471,ensemble_top4,,,,,,
mmr,49,Denmark,Denmark,European Region,2013,5.36,5.65378487437,5.18286984019,6.12149353256,ensemble_top4,,,,,,
mmr,49,Denmark,Denmark,European Region,2014,5.41,5.40070947286,4.95403105196,5.86330080563,ensemble_top4,,,,,,
mmr,49,Denmark,Denmark,European Region,2015,5.01,5.16878979191,4.69583239011,5.65458455938,ensemble_top4,,,,,,
mmr,49,Denmark,Denmark,European Region,2016,5.17,4.94872803158,4.49004831587,5.41816305371,ensemble_top4,,,,,,
mmr,49,Denmark,Denmark,European Region,2017,4.65,4.73623785829,4.28756475056,5.20123595116,ensemble_top4,,,,,,
mmr,49,Denmark,Denmark,European Region,2018,4.68,4.52678587382,4.07303288266,5.00553681461,ensemble_top4,,,,,,
mmr,49,Denmark,Denmark,European Region,2019,4.23,4.3506959748,3.87786709096,4.80999189439,ensemble_top4,,,,,,
mmr,49,Denmark,Denmark,European Region,2020,4.08,4.16088790066,3.68579608367,4.64579970173,ensemble_top4,0,0,0.394203916326,-0.0808879006624,0.98055994235,-0.0196315007417
mmr,49,Denmark,Denmark,European Region,2021,7.65,3.99789377897,3.5045371291,4.51095401243,ensemble_top4,3.65210622103,3.13904598757,4.1454628709,3.65210622103,1.91350756747,0.648937980655
mmr,49,Denmark,Denmark,European Region,2022,5.56,3.83211664485,3.31374848512,4.39307993143,ensemble_top4,1.72788335515,1.16692006857,2.24625151488,1.72788335515,1.45089529241,0.372180808937
mmr,49,Denmark,Denmark,European Region,2023,3.67,3.66891277256,3.16998833016,4.30408245645,ensemble_top4,0.00108722743785,0,0.500011669835,0.00108722743785,1.00029633505,0.000296291148157
mmr,50,Djibouti,Djibouti,Eastern Mediterranean,2000,501,501,500,501,ensemble_top4,,,,,,
mmr,50,Djibouti,Djibouti,Eastern Mediterranean,2001,441.4,444.083939293,425.162017512,477.07723468,ensemble_top4,,,,,,
mmr,50,Djibouti,Djibouti,Eastern Mediterranean,2002,403.6,414.218308994,397.345211093,449.781503665,ensemble_top4,,,,,,
mmr,50,Djibouti,Djibouti,Eastern Mediterranean,2003,390.7,384.020685077,366.951299053,419.839607381,ensemble_top4,,,,,,
mmr,50,Djibouti,Djibouti,Eastern Mediterranean,2004,363.5,355.612444308,338.627040065,389.165289206,ensemble_top4,,,,,,
mmr,50,Djibouti,Djibouti,Eastern Mediterranean,2005,315.4,328.938227548,311.77699319,360.762385491,ensemble_top4,,,,,,
mmr,50,Djibouti,Djibouti,Eastern Mediterranean,2006,297.9,307.983333903,291.492139783,335.49983799,ensemble_top4,,,,,,
mmr,50,Djibouti,Djibouti,Eastern Mediterranean,2007,284.9,289.159758138,272.977847671,312.181992883,ensemble_top4,,,,,,
mmr,50,Djibouti,Djibouti,Eastern Mediterranean,2008,272.6,272.961646221,256.057835344,292.939725987,ensemble_top4,,,,,,
mmr,50,Djibouti,Djibouti,Eastern Mediterranean,2009,262.6,258.4243269,242.529699191,276.616400229,ensemble_top4,,,,,,
mmr,50,Djibouti,Djibouti,Eastern Mediterranean,2010,242.8,245.991236384,229.756070547,263.288787849,ensemble_top4,,,,,,
mmr,50,Djibouti,Djibouti,Eastern Mediterranean,2011,229.5,235.267522601,220.135075816,252.967277175,ensemble_top4,,,,,,
mmr,50,Djibouti,Djibouti,Eastern Mediterranean,2012,221.4,226.306263802,211.40102593,243.086033204,ensemble_top4,,,,,,
mmr,50,Djibouti,Djibouti,Eastern Mediterranean,2013,218.9,219.05196647,204.081164417,235.326037206,ensemble_top4,,,,,,
mmr,50,Djibouti,Djibouti,Eastern Mediterranean,2014,211.5,212.90422602,198.080676476,228.922890766,ensemble_top4,,,,,,
mmr,50,Djibouti,Djibouti,Eastern Mediterranean,2015,210.1,208.240818364,193.064650606,224.189887021,ensemble_top4,,,,,,
mmr,50,Djibouti,Djibouti,Eastern Mediterranean,2016,204.5,204.348409166,188.986646491,220.593391099,ensemble_top4,,,,,,
mmr,50,Djibouti,Djibouti,Eastern Mediterranean,2017,201.1,200.975512216,185.806544426,217.647033734,ensemble_top4,,,,,,
mmr,50,Djibouti,Djibouti,Eastern Mediterranean,2018,199,198.747678689,183.376176706,215.771285923,ensemble_top4,,,,,,
mmr,50,Djibouti,Djibouti,Eastern Mediterranean,2019,194,197.097390386,181.087430145,214.40887989,ensemble_top4,,,,,,
mmr,50,Djibouti,Djibouti,Eastern Mediterranean,2020,191.6,196.053140223,180.050596496,214.885183456,ensemble_top4,0,0,11.5494035038,-4.45314022311,0.977286055107,-0.0229758805337
mmr,50,Djibouti,Djibouti,Eastern Mediterranean,2021,221.3,195.658737771,178.018710349,216.518242,ensemble_top4,25.6412622286,4.78175799952,43.2812896514,25.6412622286,1.1310509437,0.123147239181
mmr,50,Djibouti,Djibouti,Eastern Mediterranean,2022,174.4,195.409313886,177.416503101,219.907481728,ensemble_top4,0,0,0,-21.0093138857,0.892485606403,-0.113744892738
mmr,50,Djibouti,Djibouti,Eastern Mediterranean,2023,161.9,195.567949726,176.128792568,222.768041205,ensemble_top4,0,0,0,-33.6679497263,0.827845259034,-0.188929027286
mmr,51,Dominica,Dominica,Region of the Americas,2000,61.06,61.06,61.06,61.06,ensemble_top4,,,,,,
mmr,51,Dominica,Dominica,Region of the Americas,2001,58.22,57.6618309714,49.4927779619,64.2111489261,ensemble_top4,,,,,,
mmr,51,Dominica,Dominica,Region of the Americas,2002,56.36,57.0876759243,49.7823966191,63.7107989338,ensemble_top4,,,,,,
mmr,51,Dominica,Dominica,Region of the Americas,2003,55.23,56.3223896371,49.5741033493,62.6218155446,ensemble_top4,,,,,,
mmr,51,Dominica,Dominica,Region of the Americas,2004,54.47,55.4929031806,48.8471010341,61.9922147945,ensemble_top4,,,,,,
mmr,51,Dominica,Dominica,Region of the Americas,2005,53.83,54.5467969523,48.4059744559,61.1139093705,ensemble_top4,,,,,,
mmr,51,Dominica,Dominica,Region of the Americas,2006,53.76,53.5980995427,47.6508977397,60.2724186854,ensemble_top4,,,,,,
mmr,51,Dominica,Dominica,Region of the Americas,2007,53.11,52.7633331707,46.9068673078,59.5391649013,ensemble_top4,,,,,,
mmr,51,Dominica,Dominica,Region of the Americas,2008,52.52,51.8673159962,46.141926387,58.7821163514,ensemble_top4,,,,,,
mmr,51,Dominica,Dominica,Region of the Americas,2009,49.94,51.0223062148,45.3684398245,57.9799352945,ensemble_top4,,,,,,
mmr,51,Dominica,Dominica,Region of the Americas,2010,49.9,50.0227927477,44.6241773601,57.058692255,ensemble_top4,,,,,,
mmr,51,Dominica,Dominica,Region of the Americas,2011,49.29,49.1547747026,43.947097318,56.8002209904,ensemble_top4,,,,,,
mmr,51,Dominica,Dominica,Region of the Americas,2012,51.43,48.3394793799,43.0115254123,55.7912122562,ensemble_top4,,,,,,
mmr,51,Dominica,Dominica,Region of the Americas,2013,49.85,48.6043934917,42.1711611657,64.8237882721,ensemble_top4,,,,,,
mmr,51,Dominica,Dominica,Region of the Americas,2014,52.84,50.5456964064,41.9363693787,71.4801491293,ensemble_top4,,,,,,
mmr,51,Dominica,Dominica,Region of the Americas,2015,62.77,48.0901593427,40.8060128939,68.5447592006,ensemble_top4,,,,,,
mmr,51,Dominica,Dominica,Region of the Americas,2016,47.79,46.0315912673,40.0424810926,66.1567048251,ensemble_top4,,,,,,
mmr,51,Dominica,Dominica,Region of the Americas,2017,43.59,44.1753876919,38.8874935766,53.1746827991,ensemble_top4,,,,,,
mmr,51,Dominica,Dominica,Region of the Americas,2018,42.63,43.2934390758,38.0628075084,52.2434583322,ensemble_top4,,,,,,
mmr,51,Dominica,Dominica,Region of the Americas,2019,40.82,42.5051801616,37.1722825125,51.417278635,ensemble_top4,,,,,,
mmr,51,Dominica,Dominica,Region of the Americas,2020,46.64,41.7028043941,36.4733014908,50.8086377146,ensemble_top4,4.93719560592,0,10.1666985092,4.93719560592,1.11839001424,0.111890163842
mmr,51,Dominica,Dominica,Region of the Americas,2021,110.2,41.0284127818,35.6875740818,50.0705727215,ensemble_top4,69.1715872182,60.1294272785,74.5124259182,69.1715872182,2.68594353348,0.988032075347
mmr,51,Dominica,Dominica,Region of the Americas,2022,43.89,40.1859182253,34.8301903737,49.5453707285,ensemble_top4,3.70408177475,0,9.05980962631,3.70408177475,1.09217362545,0.0881698623462
mmr,51,Dominica,Dominica,Region of the Americas,2023,35.55,39.4865479612,34.0666309859,49.0003617437,ensemble_top4,0,0,1.48336901408,-3.93654796122,0.900306606567,-0.105019899711
mmr,52,Dominican Republic,Dominican Republic,Region of the Americas,2000,75.6,75.6,74.6,75.6,ensemble_top4,,,,,,
mmr,52,Dominican Republic,Dominican Republic,Region of the Americas,2001,68.09,63.6767395229,53.7299210546,74.5263848999,ensemble_top4,,,,,,
mmr,52,Dominican Republic,Dominican Republic,Region of the Americas,2002,68.24,72.1395603405,61.3812986876,85.7043527064,ensemble_top4,,,,,,
mmr,52,Dominican Republic,Dominican Republic,Region of the Americas,2003,71.36,77.886583391,66.8389091865,96.1787250328,ensemble_top4,,,,,,
mmr,52,Dominican Republic,Dominican Republic,Region of the Americas,2004,77.85,81.8684416515,71.0524923058,105.80324463,ensemble_top4,,,,,,
mmr,52,Dominican Republic,Dominican Republic,Region of the Americas,2005,83.46,85.0423929402,74.3213697978,115.669640003,ensemble_top4,,,,,,
mmr,52,Dominican Republic,Dominican Republic,Region of the Americas,2006,86.64,87.3985784594,76.8013527387,125.039009134,ensemble_top4,,,,,,
mmr,52,Dominican Republic,Dominican Republic,Region of the Americas,2007,90.01,89.7038632019,79.3645191263,135.699842626,ensemble_top4,,,,,,
mmr,52,Dominican Republic,Dominican Republic,Region of the Americas,2008,93.62,91.5612610636,81.1263688588,147.201958407,ensemble_top4,,,,,,
mmr,52,Dominican Republic,Dominican Republic,Region of the Americas,2009,95.73,92.8439404572,82.5889606753,159.757074673,ensemble_top4,,,,,,
mmr,52,Dominican Republic,Dominican Republic,Region of the Americas,2010,91.66,94.3405339033,83.9795608266,174.27475184,ensemble_top4,,,,,,
mmr,52,Dominican Republic,Dominican Republic,Region of the Americas,2011,90.67,95.6113646665,85.1917926284,189.433322518,ensemble_top4,,,,,,
mmr,52,Dominican Republic,Dominican Republic,Region of the Americas,2012,88.52,96.9375219303,86.0940608864,206.926350428,ensemble_top4,,,,,,
mmr,52,Dominican Republic,Dominican Republic,Region of the Americas,2013,90.96,98.3190227994,87.4072560332,225.116516466,ensemble_top4,,,,,,
mmr,52,Dominican Republic,Dominican Republic,Region of the Americas,2014,95.3,99.8048268029,89.0577304691,243.733969721,ensemble_top4,,,,,,
mmr,52,Dominican Republic,Dominican Republic,Region of the Americas,2015,102.3,101.458145357,90.7194562079,262.053020743,ensemble_top4,,,,,,
mmr,52,Dominican Republic,Dominican Republic,Region of the Americas,2016,105.7,103.791746136,93.1810676735,280.018589579,ensemble_top4,,,,,,
mmr,52,Dominican Republic,Dominican Republic,Region of the Americas,2017,103.8,106.859911862,96.1198673831,296.093271865,ensemble_top4,,,,,,
mmr,52,Dominican Republic,Dominican Republic,Region of the Americas,2018,106.7,110.986836103,98.0815866406,308.904082395,ensemble_top4,,,,,,
mmr,52,Dominican Republic,Dominican Republic,Region of the Americas,2019,118.1,116.889203888,99.7400878226,317.258242043,ensemble_top4,,,,,,
mmr,52,Dominican Republic,Dominican Republic,Region of the Americas,2020,121.5,124.982811886,100.721825355,321.415727833,ensemble_top4,0,0,20.7781746452,-3.48281188617,0.972133673154,-0.0282619601564
mmr,52,Dominican Republic,Dominican Republic,Region of the Americas,2021,152.5,135.942244334,101.74367068,319.923230892,ensemble_top4,16.5577556658,0,50.7563293199,16.5577556658,1.12179992869,0.114934474524
mmr,52,Dominican Republic,Dominican Republic,Region of the Americas,2022,124.1,149.128379791,102.757491558,312.585733303,ensemble_top4,0,0,21.3425084425,-25.0283797905,0.832168901548,-0.183719852095
mmr,52,Dominican Republic,Dominican Republic,Region of the Americas,2023,124.5,164.668660978,104.017220126,302.233235467,ensemble_top4,0,0,20.4827798744,-40.1686609783,0.756063717652,-0.279629623746
mmr,53,Ecuador,Ecuador,Region of the Americas,2000,122.7,122.7,122.7,122.7,ensemble_top4,,,,,,
mmr,53,Ecuador,Ecuador,Region of the Americas,2001,116.2,114.37540258,110.040494989,118.307068651,ensemble_top4,,,,,,
mmr,53,Ecuador,Ecuador,Region of the Americas,2002,109.3,108.83590138,104.834438438,112.665819745,ensemble_top4,,,,,,
mmr,53,Ecuador,Ecuador,Region of the Americas,2003,101.8,103.33308575,99.4591095828,107.276728547,ensemble_top4,,,,,,
mmr,53,Ecuador,Ecuador,Region of the Americas,2004,96.85,98.3454858544,94.477676985,102.329872658,ensemble_top4,,,,,,
mmr,53,Ecuador,Ecuador,Region of the Americas,2005,93.51,94.453744789,90.6716132666,98.2796387868,ensemble_top4,,,,,,
mmr,53,Ecuador,Ecuador,Region of the Americas,2006,90.03,90.3804108522,86.4602014023,94.3260312679,ensemble_top4,,,,,,
mmr,53,Ecuador,Ecuador,Region of the Americas,2007,85.85,86.8535576354,83.1210268858,90.6972093754,ensemble_top4,,,,,,
mmr,53,Ecuador,Ecuador,Region of the Americas,2008,83.24,83.5012722655,79.6221412168,87.4752302164,ensemble_top4,,,,,,
mmr,53,Ecuador,Ecuador,Region of the Americas,2009,81.53,80.19248858,76.3692808811,84.384956701,ensemble_top4,,,,,,
mmr,53,Ecuador,Ecuador,Region of the Americas,2010,79.71,77.2453064541,73.5330909778,81.2609532141,ensemble_top4,,,,,,
mmr,53,Ecuador,Ecuador,Region of the Americas,2011,76.63,74.5548711514,70.8455785949,78.6705561111,ensemble_top4,,,,,,
mmr,53,Ecuador,Ecuador,Region of the Americas,2012,72.44,72.0411055425,68.2448101253,75.9744051883,ensemble_top4,,,,,,
mmr,53,Ecuador,Ecuador,Region of the Americas,2013,68.13,69.7061222732,65.8554182399,73.8791489047,ensemble_top4,,,,,,
mmr,53,Ecuador,Ecuador,Region of the Americas,2014,64.88,67.679308508,63.8482478706,71.7734246204,ensemble_top4,,,,,,
mmr,53,Ecuador,Ecuador,Region of the Americas,2015,64.23,65.7276323107,61.9353935525,69.7997338304,ensemble_top4,,,,,,
mmr,53,Ecuador,Ecuador,Region of the Americas,2016,64.71,64.0100533476,60.1738094716,67.9938566146,ensemble_top4,,,,,,
mmr,53,Ecuador,Ecuador,Region of the Americas,2017,61.51,62.3993778019,58.4447340198,66.4803054849,ensemble_top4,,,,,,
mmr,53,Ecuador,Ecuador,Region of the Americas,2018,60.93,60.9860712578,56.9746254186,65.2360177322,ensemble_top4,,,,,,
mmr,53,Ecuador,Ecuador,Region of the Americas,2019,61.53,59.7911238476,55.6410205142,64.1010012432,ensemble_top4,,,,,,
mmr,53,Ecuador,Ecuador,Region of the Americas,2020,91.5,58.6628619781,54.1993993181,63.3188810035,ensemble_top4,32.8371380219,28.1811189965,37.3006006819,32.8371380219,1.55976024549,0.444532120661
mmr,53,Ecuador,Ecuador,Region of the Americas,2021,93.37,57.6775658143,52.8963314308,62.7170553382,ensemble_top4,35.6924341857,30.6529446618,40.4736685692,35.6924341857,1.61882698553,0.481701803964
mmr,53,Ecuador,Ecuador,Region of the Americas,2022,68.73,56.8337152823,51.7639971126,62.5895040001,ensemble_top4,11.8962847177,6.14049599985,16.9660028874,11.8962847177,1.20931738597,0.19005605659
mmr,53,Ecuador,Ecuador,Region of the Americas,2023,55.37,56.0791261527,50.5429822714,62.4001930479,ensemble_top4,0,0,4.82701772863,-0.709126152695,0.987354900097,-0.0127257296141
mmr,54,Egypt,Egypt,Eastern Mediterranean,2000,52.81,52.81,51.81,52.81,ensemble_top4,,,,,,
mmr,54,Egypt,Egypt,Eastern Mediterranean,2001,49.91,49.6834174269,48.6575346187,64.9588328026,ensemble_top4,,,,,,
mmr,54,Egypt,Egypt,Eastern Mediterranean,2002,47.56,47.7840581728,46.7226312271,59.4939420157,ensemble_top4,,,,,,
mmr,54,Egypt,Egypt,Eastern Mediterranean,2003,45.46,45.962858172,45.1841687853,54.4547570475,ensemble_top4,,,,,,
mmr,54,Egypt,Egypt,Eastern Mediterranean,2004,43.4,43.9659227047,43.220350583,49.9496116483,ensemble_top4,,,,,,
mmr,54,Egypt,Egypt,Eastern Mediterranean,2005,41.47,41.8913594028,41.1400221751,46.0206018494,ensemble_top4,,,,,,
mmr,54,Egypt,Egypt,Eastern Mediterranean,2006,39.68,39.8646863955,39.0584230944,42.6220749568,ensemble_top4,,,,,,
mmr,54,Egypt,Egypt,Eastern Mediterranean,2007,37.87,37.839859793,36.9812323928,39.6218403238,ensemble_top4,,,,,,
mmr,54,Egypt,Egypt,Eastern Mediterranean,2008,36.07,35.9491184696,35.1703531452,36.9262471491,ensemble_top4,,,,,,
mmr,54,Egypt,Egypt,Eastern Mediterranean,2009,34.19,34.0505380229,33.3778337525,34.7082941811,ensemble_top4,,,,,,
mmr,54,Egypt,Egypt,Eastern Mediterranean,2010,32.49,32.1466111007,31.4497778383,32.8790726478,ensemble_top4,,,,,,
mmr,54,Egypt,Egypt,Eastern Mediterranean,2011,30.69,30.3742918131,29.3380641027,31.1218935993,ensemble_top4,,,,,,
mmr,54,Egypt,Egypt,Eastern Mediterranean,2012,28.96,28.7099126191,27.3461324142,29.4325669334,ensemble_top4,,,,,,
mmr,54,Egypt,Egypt,Eastern Mediterranean,2013,27.45,27.1122844872,25.4410793691,27.8424352431,ensemble_top4,,,,,,
mmr,54,Egypt,Egypt,Eastern Mediterranean,2014,25.74,25.5934035518,23.6746271953,26.3054558583,ensemble_top4,,,,,,
mmr,54,Egypt,Egypt,Eastern Mediterranean,2015,24.29,24.1364025586,22.0105047877,24.87953311,ensemble_top4,,,,,,
mmr,54,Egypt,Egypt,Eastern Mediterranean,2016,22.6,22.7818895906,20.4248967465,23.4965538464,ensemble_top4,,,,,,
mmr,54,Egypt,Egypt,Eastern Mediterranean,2017,21.35,21.4806149992,18.9208943915,22.2131203829,ensemble_top4,,,,,,
mmr,54,Egypt,Egypt,Eastern Mediterranean,2018,20.04,20.2495665293,17.5107582877,20.9775017667,ensemble_top4,,,,,,
mmr,54,Egypt,Egypt,Eastern Mediterranean,2019,19.13,19.0900881044,16.1607587901,19.8293533253,ensemble_top4,,,,,,
mmr,54,Egypt,Egypt,Eastern Mediterranean,2020,31.23,17.9905188574,14.9356413563,18.7467421191,ensemble_top4,13.2394811426,12.4832578809,16.2943586437,13.2394811426,1.73591435842,0.551534282316
mmr,54,Egypt,Egypt,Eastern Mediterranean,2021,41.69,16.9387458312,13.7426348423,17.7398249674,ensemble_top4,24.7512541688,23.9501750326,27.9473651577,24.7512541688,2.46122117986,0.900657641348
mmr,54,Egypt,Egypt,Eastern Mediterranean,2022,24.03,15.9581488773,12.652720292,16.7323780768,ensemble_top4,8.07185112269,7.29762192324,11.377279708,8.07185112269,1.50581374975,0.409333449584
mmr,54,Egypt,Egypt,Eastern Mediterranean,2023,16.95,15.0371542352,11.6186938291,15.8591293146,ensemble_top4,1.91284576477,1.09087068542,5.33130617088,1.91284576477,1.12720796335,0.119743746291
mmr,55,El Salvador,El Salvador,Region of the Americas,2000,47.7,47.7,47.7,47.7,ensemble_top4,,,,,,
mmr,55,El Salvador,El Salvador,Region of the Americas,2001,45.28,42.6842533928,33.3722963373,50.2791982005,ensemble_top4,,,,,,
mmr,55,El Salvador,El Salvador,Region of the Americas,2002,39.87,39.36898043,32.8421450305,44.9119128099,ensemble_top4,,,,,,
mmr,55,El Salvador,El Salvador,Region of the Americas,2003,37.75,36.8134767876,31.3999927692,42.4895647579,ensemble_top4,,,,,,
mmr,55,El Salvador,El Salvador,Region of the Americas,2004,34.62,36.1352241014,30.3275281982,41.9314217231,ensemble_top4,,,,,,
mmr,55,El Salvador,El Salvador,Region of the Americas,2005,33.78,34.5678980647,29.5577575969,41.4858927437,ensemble_top4,,,,,,
mmr,55,El Salvador,El Salvador,Region of the Americas,2006,33.13,33.9701175484,29.0071531326,40.8671950601,ensemble_top4,,,,,,
mmr,55,El Salvador,El Salvador,Region of the Americas,2007,33.19,34.0118209143,28.8465214525,40.3792136772,ensemble_top4,,,,,,
mmr,55,El Salvador,El Salvador,Region of the Americas,2008,33.2,34.248119066,29.2647195376,39.9459717995,ensemble_top4,,,,,,
mmr,55,El Salvador,El Salvador,Region of the Americas,2009,34.55,34.702577361,29.4802658601,40.0329534951,ensemble_top4,,,,,,
mmr,55,El Salvador,El Salvador,Region of the Americas,2010,34.33,35.4333888238,29.3573236848,40.7859365327,ensemble_top4,,,,,,
mmr,55,El Salvador,El Salvador,Region of the Americas,2011,35.43,36.532600268,30.2044747583,42.1037449034,ensemble_top4,,,,,,
mmr,55,El Salvador,El Salvador,Region of the Americas,2012,36.24,37.5493127175,29.8501349157,42.9645718062,ensemble_top4,,,,,,
mmr,55,El Salvador,El Salvador,Region of the Americas,2013,38.73,38.6462788816,29.986925649,45.166585505,ensemble_top4,,,,,,
mmr,55,El Salvador,El Salvador,Region of the Americas,2014,40.75,39.9735084128,33.7008851504,46.0659898437,ensemble_top4,,,,,,
mmr,55,El Salvador,El Salvador,Region of the Americas,2015,42.95,41.0424162538,35.8083083431,47.0681464755,ensemble_top4,,,,,,
mmr,55,El Salvador,El Salvador,Region of the Americas,2016,43.4,41.7673797923,36.3638641232,47.3812106307,ensemble_top4,,,,,,
mmr,55,El Salvador,El Salvador,Region of the Americas,2017,43.87,42.4370948817,36.993812509,47.833114477,ensemble_top4,,,,,,
mmr,55,El Salvador,El Salvador,Region of the Americas,2018,42.82,43.0928521268,37.1294993039,48.3187505214,ensemble_top4,,,,,,
mmr,55,El Salvador,El Salvador,Region of the Americas,2019,40.29,43.6463303871,37.4486089392,49.2319120316,ensemble_top4,,,,,,
mmr,55,El Salvador,El Salvador,Region of the Americas,2020,48.02,44.3058356959,37.6496566584,50.2561738914,ensemble_top4,3.71416430414,0,10.3703433416,3.71416430414,1.08383013763,0.0805011911343
mmr,55,El Salvador,El Salvador,Region of the Americas,2021,58.48,44.8358023655,37.1451231342,50.9443879272,ensemble_top4,13.6441976345,7.53561207276,21.3348768658,13.6441976345,1.30431478672,0.265677835234
mmr,55,El Salvador,El Salvador,Region of the Americas,2022,38.76,45.3407275141,37.1528629471,52.0146999581,ensemble_top4,0,0,1.60713705294,-6.58072751412,0.854860566318,-0.156816903674
mmr,55,El Salvador,El Salvador,Region of the Americas,2023,39.11,45.9468774725,36.7450144207,52.6250632002,ensemble_top4,0,0,2.36498557928,-6.83687747251,0.85120038948,-0.161107702829
mmr,56,Equatorial Guinea,Equatorial Guinea,African Region,2000,405.6,405.6,405.6,405.6,ensemble_top4,,,,,,
mmr,56,Equatorial Guinea,Equatorial Guinea,African Region,2001,388,385.626197044,379.860557621,391.306011538,ensemble_top4,,,,,,
mmr,56,Equatorial Guinea,Equatorial Guinea,African Region,2002,364.4,364.646107734,359.546857288,370.730988947,ensemble_top4,,,,,,
mmr,56,Equatorial Guinea,Equatorial Guinea,African Region,2003,342.9,343.941722074,338.807305009,350.23576204,ensemble_top4,,,,,,
mmr,56,Equatorial Guinea,Equatorial Guinea,African Region,2004,322.8,324.799627688,319.680100198,331.11533107,ensemble_top4,,,,,,
mmr,56,Equatorial Guinea,Equatorial Guinea,African Region,2005,312.1,310.61823527,302.093830822,316.977027525,ensemble_top4,,,,,,
mmr,56,Equatorial Guinea,Equatorial Guinea,African Region,2006,298.9,298.222856517,288.786965291,304.999035894,ensemble_top4,,,,,,
mmr,56,Equatorial Guinea,Equatorial Guinea,African Region,2007,288.9,288.309309033,281.511665016,293.819079858,ensemble_top4,,,,,,
mmr,56,Equatorial Guinea,Equatorial Guinea,African Region,2008,275.8,277.969437243,271.921316618,283.360618208,ensemble_top4,,,,,,
mmr,56,Equatorial Guinea,Equatorial Guinea,African Region,2009,266.9,268.100983264,262.407423447,273.532697931,ensemble_top4,,,,,,
mmr,56,Equatorial Guinea,Equatorial Guinea,African Region,2010,259.4,258.793548854,253.220406976,264.119625457,ensemble_top4,,,,,,
mmr,56,Equatorial Guinea,Equatorial Guinea,African Region,2011,253.8,249.992505841,244.500957576,255.483969208,ensemble_top4,,,,,,
mmr,56,Equatorial Guinea,Equatorial Guinea,African Region,2012,244.7,241.900720555,236.645389116,247.120268689,ensemble_top4,,,,,,
mmr,56,Equatorial Guinea,Equatorial Guinea,African Region,2013,235.7,234.330589666,228.847012377,239.797620853,ensemble_top4,,,,,,
mmr,56,Equatorial Guinea,Equatorial Guinea,African Region,2014,227.1,227.331162391,221.722267484,232.456667387,ensemble_top4,,,,,,
mmr,56,Equatorial Guinea,Equatorial Guinea,African Region,2015,222.2,220.87501477,215.44095143,226.121825862,ensemble_top4,,,,,,
mmr,56,Equatorial Guinea,Equatorial Guinea,African Region,2016,216.3,215.04093079,209.410092562,220.158068053,ensemble_top4,,,,,,
mmr,56,Equatorial Guinea,Equatorial Guinea,African Region,2017,211.6,209.50023522,203.656847538,214.763811691,ensemble_top4,,,,,,
mmr,56,Equatorial Guinea,Equatorial Guinea,African Region,2018,204,204.598541351,198.626374662,209.999682187,ensemble_top4,,,,,,
mmr,56,Equatorial Guinea,Equatorial Guinea,African Region,2019,198,200.070924043,193.820018413,205.634785544,ensemble_top4,,,,,,
mmr,56,Equatorial Guinea,Equatorial Guinea,African Region,2020,195.6,195.99405458,189.489110982,201.731084444,ensemble_top4,0,0,6.11088901793,-0.394054580168,0.997989456461,-0.00201256739507
mmr,56,Equatorial Guinea,Equatorial Guinea,African Region,2021,201.7,192.260684784,185.244761696,198.172748549,ensemble_top4,9.43931521572,3.52725145101,16.4552383039,9.43931521572,1.04909644021,0.0479292605673
mmr,56,Equatorial Guinea,Equatorial Guinea,African Region,2022,183.1,188.873253592,181.592380319,195.29777264,ensemble_top4,0,0,1.50761968103,-5.7732535917,0.969433186108,-0.0310437224988
mmr,56,Equatorial Guinea,Equatorial Guinea,African Region,2023,173.7,186.012924267,178.182594223,192.535582864,ensemble_top4,0,0,0,-12.3129242666,0.933806081942,-0.0684864833565
mmr,57,Eritrea,Eritrea,African Region,2000,741.4,741.4,741.4,741.4,ensemble_top4,,,,,,
mmr,57,Eritrea,Eritrea,African Region,2001,650.9,648.778196369,625.258532088,668.937122137,ensemble_top4,,,,,,
mmr,57,Eritrea,Eritrea,African Region,2002,636.3,627.53191504,608.754137149,647.142844661,ensemble_top4,,,,,,
mmr,57,Eritrea,Eritrea,African Region,2003,587.6,607.041264255,589.20798964,627.513285597,ensemble_top4,,,,,,
mmr,57,Eritrea,Eritrea,African Region,2004,588.2,589.75068772,572.872923633,608.220553889,ensemble_top4,,,,,,
mmr,57,Eritrea,Eritrea,African Region,2005,566.6,571.962763089,554.719289845,590.544571416,ensemble_top4,,,,,,
mmr,57,Eritrea,Eritrea,African Region,2006,554.6,554.634541294,534.58917759,572.697480041,ensemble_top4,,,,,,
mmr,57,Eritrea,Eritrea,African Region,2007,541.4,538.329798944,516.949042499,555.924746074,ensemble_top4,,,,,,
mmr,57,Eritrea,Eritrea,African Region,2008,529.9,524.43647116,506.674786299,541.213822731,ensemble_top4,,,,,,
mmr,57,Eritrea,Eritrea,African Region,2009,514.5,507.797013784,490.066666717,524.064162426,ensemble_top4,,,,,,
mmr,57,Eritrea,Eritrea,African Region,2010,498.2,491.403767582,473.657074292,507.891590511,ensemble_top4,,,,,,
mmr,57,Eritrea,Eritrea,African Region,2011,477.5,475.041421333,457.186217098,491.507449277,ensemble_top4,,,,,,
mmr,57,Eritrea,Eritrea,African Region,2012,457.8,459.215386833,440.62042505,475.677538971,ensemble_top4,,,,,,
mmr,57,Eritrea,Eritrea,African Region,2013,443.5,443.589701712,425.316316836,459.789741489,ensemble_top4,,,,,,
mmr,57,Eritrea,Eritrea,African Region,2014,429.7,427.801796318,410.727757361,443.755392397,ensemble_top4,,,,,,
mmr,57,Eritrea,Eritrea,African Region,2015,412.8,412.373846128,394.8486593,428.499549044,ensemble_top4,,,,,,
mmr,57,Eritrea,Eritrea,African Region,2016,394.6,397.439080014,380.932378984,414.242550312,ensemble_top4,,,,,,
mmr,57,Eritrea,Eritrea,African Region,2017,379.1,382.626796111,366.659940247,400.748373434,ensemble_top4,,,,,,
mmr,57,Eritrea,Eritrea,African Region,2018,363.3,368.318088811,351.383436147,387.28310188,ensemble_top4,,,,,,
mmr,57,Eritrea,Eritrea,African Region,2019,350.7,354.604257943,335.585549879,374.2426435,ensemble_top4,,,,,,
mmr,57,Eritrea,Eritrea,African Region,2020,333.7,341.27074931,320.393734833,361.596012679,ensemble_top4,0,0,13.3062651667,-7.5707493097,0.97781600291,-0.0224337627313
mmr,57,Eritrea,Eritrea,African Region,2021,338.5,328.928331325,303.677573372,349.941310016,ensemble_top4,9.57166867525,0,34.8224266284,9.57166867525,1.02909955684,0.0286842032358
mmr,57,Eritrea,Eritrea,African Region,2022,301.4,317.122356996,287.908656977,338.642598702,ensemble_top4,0,0,13.4913430233,-15.7223569963,0.950421795722,-0.0508493974277
mmr,57,Eritrea,Eritrea,African Region,2023,291.4,305.725255314,272.787082813,327.023942039,ensemble_top4,0,0,18.6129171872,-14.3252553135,0.95314336953,-0.0479899464224
mmr,58,Estonia,Estonia,European Region,2000,27.2,27.2,26.2,27.2,ensemble_top4,,,,,,
mmr,58,Estonia,Estonia,European Region,2001,24.86,25.1583801097,23.063134554,28.259090048,ensemble_top4,,,,,,
mmr,58,Estonia,Estonia,European Region,2002,22.2,21.9311204488,20.0854451801,24.6832926777,ensemble_top4,,,,,,
mmr,58,Estonia,Estonia,European Region,2003,18,19.0850752861,17.3374161047,21.6559154266,ensemble_top4,,,,,,
mmr,58,Estonia,Estonia,European Region,2004,15.49,16.6212546893,14.8929156929,19.0258278327,ensemble_top4,,,,,,
mmr,58,Estonia,Estonia,European Region,2005,14.78,14.6355769053,12.9004227969,16.8360135817,ensemble_top4,,,,,,
mmr,58,Estonia,Estonia,European Region,2006,12.68,13.1047371356,11.2878533139,15.0500090917,ensemble_top4,,,,,,
mmr,58,Estonia,Estonia,European Region,2007,12.76,11.9158860173,10.2503586785,13.624688352,ensemble_top4,,,,,,
mmr,58,Estonia,Estonia,European Region,2008,10.6,10.7801506995,9.16932502129,12.3658931126,ensemble_top4,,,,,,
mmr,58,Estonia,Estonia,European Region,2009,9.83,9.78001366885,8.1707344336,11.4085256437,ensemble_top4,,,,,,
mmr,58,Estonia,Estonia,European Region,2010,7.86,8.93541114535,7.39928642729,10.5099613977,ensemble_top4,,,,,,
mmr,58,Estonia,Estonia,European Region,2011,8.85,8.23889478908,6.66933360256,9.83589082202,ensemble_top4,,,,,,
mmr,58,Estonia,Estonia,European Region,2012,7.77,7.6689385135,6.10160493427,9.25679746462,ensemble_top4,,,,,,
mmr,58,Estonia,Estonia,European Region,2013,6.46,7.1915268087,5.62292355637,8.78982480224,ensemble_top4,,,,,,
mmr,58,Estonia,Estonia,European Region,2014,6.81,6.78597933828,5.22995353466,8.38961044984,ensemble_top4,,,,,,
mmr,58,Estonia,Estonia,European Region,2015,6.4,6.4693673388,4.93367589002,8.03160411396,ensemble_top4,,,,,,
mmr,58,Estonia,Estonia,European Region,2016,7.16,6.20699012932,4.56057238212,7.75087727742,ensemble_top4,,,,,,
mmr,58,Estonia,Estonia,European Region,2017,5.32,5.99255977514,4.4415453151,7.60884940983,ensemble_top4,,,,,,
mmr,58,Estonia,Estonia,European Region,2018,5.35,5.83510668756,4.21879568971,7.46311422173,ensemble_top4,,,,,,
mmr,58,Estonia,Estonia,European Region,2019,6.01,5.70598018063,4.05298356633,7.33002351553,ensemble_top4,,,,,,
mmr,58,Estonia,Estonia,European Region,2020,5.89,5.55192093265,3.92976707572,7.28117234816,ensemble_top4,0.338079067346,0,1.96023292428,0.338079067346,1.06089407098,0.059112015797
mmr,58,Estonia,Estonia,European Region,2021,8.46,5.49939195564,3.75746367391,7.32884241511,ensemble_top4,2.96060804436,1.13115758489,4.70253632609,2.96060804436,1.5383518884,0.43071164101
mmr,58,Estonia,Estonia,European Region,2022,7.24,5.40070362384,3.67915312312,7.34334820123,ensemble_top4,1.83929637616,0,3.56084687688,1.83929637616,1.34056606403,0.293091960605
mmr,58,Estonia,Estonia,European Region,2023,4.96,5.36006099479,3.60065431343,7.42049926441,ensemble_top4,0,0,1.35934568657,-0.400060994795,0.925362604048,-0.077569613907
mmr,59,Eswatini,Eswatini,African Region,2000,360.7,360.7,359.7,360.7,ensemble_top4,,,,,,
mmr,59,Eswatini,Eswatini,African Region,2001,306.6,255.805240522,-0,426.108417239,ensemble_top4,,,,,,
mmr,59,Eswatini,Eswatini,African Region,2002,331.3,318.283142141,95.6152009671,459.253714011,ensemble_top4,,,,,,
mmr,59,Eswatini,Eswatini,African Region,2003,392.2,386.468202737,177.651521254,556.565831956,ensemble_top4,,,,,,
mmr,59,Eswatini,Eswatini,African Region,2004,450.9,441.16431643,266.981520946,651.333108128,ensemble_top4,,,,,,
mmr,59,Eswatini,Eswatini,African Region,2005,528.8,518.083512027,364.317666885,745.271719485,ensemble_top4,,,,,,
mmr,59,Eswatini,Eswatini,African Region,2006,511.3,603.181747707,447.354687955,818.269530957,ensemble_top4,,,,,,
mmr,59,Eswatini,Eswatini,African Region,2007,646.8,684.423192546,525.844504365,869.194892369,ensemble_top4,,,,,,
mmr,59,Eswatini,Eswatini,African Region,2008,766.1,747.517982034,570.618481327,898.374534595,ensemble_top4,,,,,,
mmr,59,Eswatini,Eswatini,African Region,2009,855.2,768.575648861,572.778142204,902.408689337,ensemble_top4,,,,,,
mmr,59,Eswatini,Eswatini,African Region,2010,752.1,742.983791814,536.487326785,882.869374256,ensemble_top4,,,,,,
mmr,59,Eswatini,Eswatini,African Region,2011,765.1,685.874998655,483.362481567,827.847639765,ensemble_top4,,,,,,
mmr,59,Eswatini,Eswatini,African Region,2012,612.7,600.690478612,423.728494977,770.11238165,ensemble_top4,,,,,,
mmr,59,Eswatini,Eswatini,African Region,2013,491.4,501.31055847,339.131602657,708.02501091,ensemble_top4,,,,,,
mmr,59,Eswatini,Eswatini,African Region,2014,368.8,412.34894099,270.605171171,632.632513948,ensemble_top4,,,,,,
mmr,59,Eswatini,Eswatini,African Region,2015,283,335.008513725,197.093035701,554.993522959,ensemble_top4,,,,,,
mmr,59,Eswatini,Eswatini,African Region,2016,212.9,268.742155702,135.32818517,477.644007122,ensemble_top4,,,,,,
mmr,59,Eswatini,Eswatini,African Region,2017,151.4,215.413714022,85.6298941942,416.931227329,ensemble_top4,,,,,,
mmr,59,Eswatini,Eswatini,African Region,2018,132.6,166.930507326,35.4672721107,366.073067127,ensemble_top4,,,,,,
mmr,59,Eswatini,Eswatini,African Region,2019,96.24,133.715096517,3.90941941796,322.680586899,ensemble_top4,,,,,,
mmr,59,Eswatini,Eswatini,African Region,2020,102.3,104.252900972,-0,286.119136603,ensemble_top4,0,0,102.3,-1.95290097227,0.981267658223,-0.0189100144063
mmr,59,Eswatini,Eswatini,African Region,2021,219.3,83.6727498097,-0,256.305172819,ensemble_top4,135.62725019,0,219.3,135.62725019,2.62092497855,0.963527300714
mmr,59,Eswatini,Eswatini,African Region,2022,111.5,66.760124312,-0,239.029965475,ensemble_top4,44.739875688,0,111.5,44.739875688,1.67015866356,0.512918630035
mmr,59,Eswatini,Eswatini,African Region,2023,117.9,52.9887406988,-0,219.195159491,ensemble_top4,64.9112593012,0,117.9,64.9112593012,2.22500098031,0.799757356206
mmr,60,Ethiopia,Ethiopia,African Region,2000,870.5,870.5,869.5,870.5,ensemble_top4,,,,,,
mmr,60,Ethiopia,Ethiopia,African Region,2001,856.5,837.711385602,765.688189801,1121.18498154,ensemble_top4,,,,,,
mmr,60,Ethiopia,Ethiopia,African Region,2002,825.9,853.96152809,789.12591963,1099.49792331,ensemble_top4,,,,,,
mmr,60,Ethiopia,Ethiopia,African Region,2003,797.1,842.013161845,778.549889569,1053.57368329,ensemble_top4,,,,,,
mmr,60,Ethiopia,Ethiopia,African Region,2004,763.9,814.24939473,754.58714168,995.722877062,ensemble_top4,,,,,,
mmr,60,Ethiopia,Ethiopia,African Region,2005,753.8,781.000358316,718.644858013,930.857254954,ensemble_top4,,,,,,
mmr,60,Ethiopia,Ethiopia,African Region,2006,728.8,742.407148176,679.216726145,863.027029269,ensemble_top4,,,,,,
mmr,60,Ethiopia,Ethiopia,African Region,2007,704.2,705.722069787,642.287607191,794.984112396,ensemble_top4,,,,,,
mmr,60,Ethiopia,Ethiopia,African Region,2008,677.7,695.282789361,623.386168335,732.597019275,ensemble_top4,,,,,,
mmr,60,Ethiopia,Ethiopia,African Region,2009,649.1,648.917776497,587.065705616,706.748809838,ensemble_top4,,,,,,
mmr,60,Ethiopia,Ethiopia,African Region,2010,618.5,592.188955171,548.390607081,652.309704152,ensemble_top4,,,,,,
mmr,60,Ethiopia,Ethiopia,African Region,2011,587.7,543.849004596,505.210044869,605.976740202,ensemble_top4,,,,,,
mmr,60,Ethiopia,Ethiopia,African Region,2012,545.4,502.516076636,451.254273152,561.573940668,ensemble_top4,,,,,,
mmr,60,Ethiopia,Ethiopia,African Region,2013,494.1,462.565188263,397.320754369,523.610439554,ensemble_top4,,,,,,
mmr,60,Ethiopia,Ethiopia,African Region,2014,444.4,425.230777675,347.539865115,485.032234719,ensemble_top4,,,,,,
mmr,60,Ethiopia,Ethiopia,African Region,2015,400.7,390.715995754,302.029317806,451.823423455,ensemble_top4,,,,,,
mmr,60,Ethiopia,Ethiopia,African Region,2016,364,358.519604547,262.186658249,419.620211571,ensemble_top4,,,,,,
mmr,60,Ethiopia,Ethiopia,African Region,2017,327.1,326.269971455,225.960167995,392.089676396,ensemble_top4,,,,,,
mmr,60,Ethiopia,Ethiopia,African Region,2018,296.6,298.61656929,193.516004431,362.960093044,ensemble_top4,,,,,,
mmr,60,Ethiopia,Ethiopia,African Region,2019,268.8,273.83996089,166.166688001,338.838679485,ensemble_top4,,,,,,
mmr,60,Ethiopia,Ethiopia,African Region,2020,243.9,249.857799241,141.045044527,316.15483114,ensemble_top4,0,0,102.854955473,-5.95779924067,0.976155240065,-0.0241336477732
mmr,60,Ethiopia,Ethiopia,African Region,2021,249.6,227.433860081,120.069165941,294.437931996,ensemble_top4,22.1661399188,0,129.530834059,22.1661399188,1.09746191667,0.0930001652907
mmr,60,Ethiopia,Ethiopia,African Region,2022,207.5,207.040840778,101.352800053,272.547327672,ensemble_top4,0.459159221642,0,106.147199947,0.459159221642,1.00221772294,0.00221526741999
mmr,60,Ethiopia,Ethiopia,African Region,2023,194.9,188.994274172,85.2444852543,256.002967929,ensemble_top4,5.90572582751,0,109.655514746,5.90572582751,1.03124817328,0.0307698872964
mmr,61,Fiji,Fiji,Western Pacific Region,2000,47.05,47.05,46.05,47.05,ensemble_top4,,,,,,
mmr,61,Fiji,Fiji,Western Pacific Region,2001,45.88,46.8866256288,43.4818644597,59.0591413236,ensemble_top4,,,,,,
mmr,61,Fiji,Fiji,Western Pacific Region,2002,48.08,47.6670130521,44.5794552649,61.4222813654,ensemble_top4,,,,,,
mmr,61,Fiji,Fiji,Western Pacific Region,2003,47.14,47.3899609214,44.3022448478,60.7703742145,ensemble_top4,,,,,,
mmr,61,Fiji,Fiji,Western Pacific Region,2004,45.95,46.4568966282,43.6185231421,58.5521499399,ensemble_top4,,,,,,
mmr,61,Fiji,Fiji,Western Pacific Region,2005,44.47,45.484714137,42.7231259929,55.8557297937,ensemble_top4,,,,,,
mmr,61,Fiji,Fiji,Western Pacific Region,2006,43.34,44.4673504175,41.7230877695,53.2705580784,ensemble_top4,,,,,,
mmr,61,Fiji,Fiji,Western Pacific Region,2007,42.95,43.517891001,40.7204768853,50.8569977228,ensemble_top4,,,,,,
mmr,61,Fiji,Fiji,Western Pacific Region,2008,42.25,42.5098030945,39.7061946358,48.8562341953,ensemble_top4,,,,,,
mmr,61,Fiji,Fiji,Western Pacific Region,2009,41.31,41.6422306785,38.3399431861,46.910796943,ensemble_top4,,,,,,
mmr,61,Fiji,Fiji,Western Pacific Region,2010,39.73,40.9118633983,37.2313818808,45.3239173819,ensemble_top4,,,,,,
mmr,61,Fiji,Fiji,Western Pacific Region,2011,38.82,40.6673630193,38.0974348322,43.7791397486,ensemble_top4,,,,,,
mmr,61,Fiji,Fiji,Western Pacific Region,2012,41.64,39.9148683031,37.4500393936,42.4259531324,ensemble_top4,,,,,,
mmr,61,Fiji,Fiji,Western Pacific Region,2013,39.88,39.0558440449,36.7152787482,41.4859512736,ensemble_top4,,,,,,
mmr,61,Fiji,Fiji,Western Pacific Region,2014,37.6,38.1249687324,35.8246734743,40.4895593856,ensemble_top4,,,,,,
mmr,61,Fiji,Fiji,Western Pacific Region,2015,37.08,37.1544911181,34.7166104815,39.5273906545,ensemble_top4,,,,,,
mmr,61,Fiji,Fiji,Western Pacific Region,2016,37.56,36.1646233806,33.4818771971,38.6410483949,ensemble_top4,,,,,,
mmr,61,Fiji,Fiji,Western Pacific Region,2017,34.19,35.2164761874,32.072889997,37.7816943972,ensemble_top4,,,,,,
mmr,61,Fiji,Fiji,Western Pacific Region,2018,34.53,34.2571130002,30.5694413678,36.9453173118,ensemble_top4,,,,,,
mmr,61,Fiji,Fiji,Western Pacific Region,2019,33.91,33.2761612629,29.0326715279,36.0967466129,ensemble_top4,,,,,,
mmr,61,Fiji,Fiji,Western Pacific Region,2020,33.51,32.241974418,27.4658324603,35.4445225066,ensemble_top4,1.26802558196,0,6.04416753972,1.26802558196,1.03932840978,0.0385747447317
mmr,61,Fiji,Fiji,Western Pacific Region,2021,67.88,31.255578711,26.0313731394,34.8240625734,ensemble_top4,36.624421289,33.0559374266,41.8486268606,36.624421289,2.17177229792,0.775543561363
mmr,61,Fiji,Fiji,Western Pacific Region,2022,31.69,30.2101992248,24.5205570756,34.0212977447,ensemble_top4,1.47980077518,0,7.16944292441,1.47980077518,1.04898348284,0.0478215836614
mmr,61,Fiji,Fiji,Western Pacific Region,2023,30.24,29.0883456649,23.0132618023,33.404762932,ensemble_top4,1.15165433513,0,7.22673819771,1.15165433513,1.03959160649,0.0388279499687
mmr,62,Finland,Finland,European Region,2000,7.18,7.18,7.18,7.18,ensemble_top4,,,,,,
mmr,62,Finland,Finland,European Region,2001,6.95,6.97591781523,6.15968022047,7.77010087684,ensemble_top4,,,,,,
mmr,62,Finland,Finland,European Region,2002,7.05,7.08285674178,6.31921196395,7.82524925419,ensemble_top4,,,,,,
mmr,62,Finland,Finland,European Region,2003,6.8,7.16994326097,6.40675007624,7.90630621276,ensemble_top4,,,,,,
mmr,62,Finland,Finland,European Region,2004,7.36,7.21780816022,6.48234302808,7.94640902914,ensemble_top4,,,,,,
mmr,62,Finland,Finland,European Region,2005,7.77,7.26648432786,6.56386345309,7.99613059323,ensemble_top4,,,,,,
mmr,62,Finland,Finland,European Region,2006,6.98,7.30897529887,6.58181936484,8.01794868601,ensemble_top4,,,,,,
mmr,62,Finland,Finland,European Region,2007,7.34,7.35228160297,6.61454682107,8.07328052632,ensemble_top4,,,,,,
mmr,62,Finland,Finland,European Region,2008,7.28,7.38206066478,6.66834385515,8.11646082103,ensemble_top4,,,,,,
mmr,62,Finland,Finland,European Region,2009,7.83,7.41718706577,6.66502160077,8.15231035033,ensemble_top4,,,,,,
mmr,62,Finland,Finland,European Region,2010,7.63,7.41924701784,6.69010222536,8.16605740121,ensemble_top4,,,,,,
mmr,62,Finland,Finland,European Region,2011,7.22,7.44648374149,6.74604144037,8.2042373602,ensemble_top4,,,,,,
mmr,62,Finland,Finland,European Region,2012,7.72,7.47416561825,6.74252838324,8.22517740286,ensemble_top4,,,,,,
mmr,62,Finland,Finland,European Region,2013,7.75,7.4976283728,6.75116807964,8.24740228603,ensemble_top4,,,,,,
mmr,62,Finland,Finland,European Region,2014,6.89,7.515145345,6.80176995364,8.27964324788,ensemble_top4,,,,,,
mmr,62,Finland,Finland,European Region,2015,7.16,7.54850655371,6.8017460875,8.34211117554,ensemble_top4,,,,,,
mmr,62,Finland,Finland,European Region,2016,7.44,7.66435799555,6.86454614571,8.5106208471,ensemble_top4,,,,,,
mmr,62,Finland,Finland,European Region,2017,7.85,7.80080358856,6.96488191946,8.75826220103,ensemble_top4,,,,,,
mmr,62,Finland,Finland,European Region,2018,7.93,7.99256914291,7.04945133073,9.10083763814,ensemble_top4,,,,,,
mmr,62,Finland,Finland,European Region,2019,8.41,8.135547716,7.12133151195,9.68482833604,ensemble_top4,,,,,,
mmr,62,Finland,Finland,European Region,2020,8.55,8.22228767294,7.16907828695,10.7960849446,ensemble_top4,0.327712327064,0,1.38092171305,0.327712327064,1.03985658738,0.0390828068904
mmr,62,Finland,Finland,European Region,2021,8.46,8.31740539345,7.18637819961,12.555808599,ensemble_top4,0.142594606546,0,1.27362180039,0.142594606546,1.01714412125,0.0169988191692
mmr,62,Finland,Finland,European Region,2022,8.35,8.37322831509,7.19069465763,15.2487735565,ensemble_top4,0,0,1.15930534237,-0.0232283150877,0.997225882991,-0.00277797200254
mmr,62,Finland,Finland,European Region,2023,7.88,8.41426325657,7.22637026687,19.3963255559,ensemble_top4,0,0,0.653629733133,-0.534263256569,0.93650504622,-0.0656003687303
mmr,63,France,France,European Region,2000,9.43,9.43,8.43,9.43,ensemble_top4,,,,,,
mmr,63,France,France,European Region,2001,9.3,9.04921766237,8.33408137127,9.56145451981,ensemble_top4,,,,,,
mmr,63,France,France,European Region,2002,9.28,9.21972837875,8.50706378858,9.68594624798,ensemble_top4,,,,,,
mmr,63,France,France,European Region,2003,9.24,9.31697902013,8.61789367409,9.78601556952,ensemble_top4,,,,,,
mmr,63,France,France,European Region,2004,9.08,9.35409944314,8.75313982332,9.82435292226,ensemble_top4,,,,,,
mmr,63,France,France,European Region,2005,9.17,9.36905687416,8.84131875198,9.83927404805,ensemble_top4,,,,,,
mmr,63,France,France,European Region,2006,9.31,9.4005216143,8.94412329941,9.84008974753,ensemble_top4,,,,,,
mmr,63,France,France,European Region,2007,9.3,9.39160407397,8.94685920347,9.82734221735,ensemble_top4,,,,,,
mmr,63,France,France,European Region,2008,9.6,9.35821973807,8.9346123635,9.77937326144,ensemble_top4,,,,,,
mmr,63,France,France,European Region,2009,9.73,9.30851965568,8.88819276934,9.73942450016,ensemble_top4,,,,,,
mmr,63,France,France,European Region,2010,9.43,9.25238676437,8.82692145337,9.70690955785,ensemble_top4,,,,,,
mmr,63,France,France,European Region,2011,9.27,9.187296155,8.75512288555,9.67450696664,ensemble_top4,,,,,,
mmr,63,France,France,European Region,2012,9.08,9.11183844977,8.67157486847,9.62944170614,ensemble_top4,,,,,,
mmr,63,France,France,European Region,2013,8.88,9.03424974267,8.59285846118,9.5675567491,ensemble_top4,,,,,,
mmr,63,France,France,European Region,2014,8.82,8.94972037424,8.51407368673,9.50226209129,ensemble_top4,,,,,,
mmr,63,France,France,European Region,2015,8.78,8.8590904306,8.41279627462,9.41618771116,ensemble_top4,,,,,,
mmr,63,France,France,European Region,2016,8.76,8.77292927971,8.32553305425,9.32056654158,ensemble_top4,,,,,,
mmr,63,France,France,European Region,2017,8.45,8.68331074593,8.22719163685,9.20848738943,ensemble_top4,,,,,,
mmr,63,France,France,European Region,2018,8.59,8.59125573039,8.12417331096,9.1099308741,ensemble_top4,,,,,,
mmr,63,France,France,European Region,2019,8.36,8.50071546553,8.02286637521,9.01906295139,ensemble_top4,,,,,,
mmr,63,France,France,European Region,2020,8.89,8.3998024038,7.91876055528,8.90994716298,ensemble_top4,0.490197596198,0,0.971239444723,0.490197596198,1.05835822947,0.0567188673102
mmr,63,France,France,European Region,2021,8.79,8.31106875231,7.80158315798,8.83306641331,ensemble_top4,0.47893124769,0,0.988416842023,0.47893124769,1.0576257112,0.0560265007131
mmr,63,France,France,European Region,2022,8.7,8.20842163169,7.71175791767,8.73785312696,ensemble_top4,0.49157836831,0,0.98824208233,0.49157836831,1.05988707578,0.0581623701682
mmr,63,France,France,European Region,2023,7.3,8.11242923045,7.61135692003,8.63964753349,ensemble_top4,0,0,0,-0.812429230452,0.899853766687,-0.105523010319
mmr,64,Gabon,Gabon,African Region,2000,178.1,178.1,178.1,178.1,ensemble_top4,,,,,,
mmr,64,Gabon,Gabon,African Region,2001,159.5,151.222574553,116.977273625,186.903638735,ensemble_top4,,,,,,
mmr,64,Gabon,Gabon,African Region,2002,150.8,152.685863827,117.860696149,188.443352825,ensemble_top4,,,,,,
mmr,64,Gabon,Gabon,African Region,2003,133.8,152.603066892,118.485268621,188.557225988,ensemble_top4,,,,,,
mmr,64,Gabon,Gabon,African Region,2004,142.5,153.672823273,119.859709465,189.289746085,ensemble_top4,,,,,,
mmr,64,Gabon,Gabon,African Region,2005,175.2,153.598686562,120.654605531,189.887529646,ensemble_top4,,,,,,
mmr,64,Gabon,Gabon,African Region,2006,185.8,154.055152797,119.829846695,189.328237684,ensemble_top4,,,,,,
mmr,64,Gabon,Gabon,African Region,2007,172.9,154.218247683,119.674126275,189.024892572,ensemble_top4,,,,,,
mmr,64,Gabon,Gabon,African Region,2008,157.7,155.418292906,120.67071335,189.36928386,ensemble_top4,,,,,,
mmr,64,Gabon,Gabon,African Region,2009,157.9,155.848656889,120.947921144,193.432740484,ensemble_top4,,,,,,
mmr,64,Gabon,Gabon,African Region,2010,144.2,159.959110456,121.857064219,205.654920431,ensemble_top4,,,,,,
mmr,64,Gabon,Gabon,African Region,2011,148.5,165.372798357,124.823355747,247.6010431,ensemble_top4,,,,,,
mmr,64,Gabon,Gabon,African Region,2012,172.6,196.177345046,138.123970467,289.660939323,ensemble_top4,,,,,,
mmr,64,Gabon,Gabon,African Region,2013,234.6,238.401563163,165.803542419,304.418896855,ensemble_top4,,,,,,
mmr,64,Gabon,Gabon,African Region,2014,273.2,239.796347303,183.171766698,295.1999891,ensemble_top4,,,,,,
mmr,64,Gabon,Gabon,African Region,2015,239.1,232.236225851,157.254508888,294.875549795,ensemble_top4,,,,,,
mmr,64,Gabon,Gabon,African Region,2016,214.8,204.995024415,144.298795305,272.736815942,ensemble_top4,,,,,,
mmr,64,Gabon,Gabon,African Region,2017,184.1,184.156061544,137.537925164,234.130669564,ensemble_top4,,,,,,
mmr,64,Gabon,Gabon,African Region,2018,175.8,171.016641499,132.160764301,210.938123682,ensemble_top4,,,,,,
mmr,64,Gabon,Gabon,African Region,2019,179.4,165.062640063,127.321963207,199.873913111,ensemble_top4,,,,,,
mmr,64,Gabon,Gabon,African Region,2020,193.8,161.495005743,125.764282412,196.699772318,ensemble_top4,32.3049942574,0,68.0357175884,32.3049942574,1.20003711018,0.182352481467
mmr,64,Gabon,Gabon,African Region,2021,249.5,159.375115133,125.117271453,192.488390584,ensemble_top4,90.1248848671,57.0116094155,124.382728547,90.1248848671,1.56548906517,0.448198276877
mmr,64,Gabon,Gabon,African Region,2022,215.8,158.203916962,123.058854217,193.79716418,ensemble_top4,57.5960830377,22.0028358204,92.7411457827,57.5960830377,1.36406230733,0.310467238238
mmr,64,Gabon,Gabon,African Region,2023,232.7,157.480862687,121.289517414,191.711544261,ensemble_top4,75.2191373134,40.988455739,111.410482586,75.2191373134,1.47763986068,0.390446126177
mmr,65,Gambia,Gambia,African Region,2000,810.4,810.4,809.4,810.4,ensemble_top4,,,,,,
mmr,65,Gambia,Gambia,African Region,2001,793.7,792.502470711,723.868533181,1146.54221999,ensemble_top4,,,,,,
mmr,65,Gambia,Gambia,African Region,2002,772.2,782.022398826,726.986694819,1028.54248518,ensemble_top4,,,,,,
mmr,65,Gambia,Gambia,African Region,2003,748.8,765.036257639,711.316426559,915.620171709,ensemble_top4,,,,,,
mmr,65,Gambia,Gambia,African Region,2004,718.7,742.742457096,690.887804828,828.30889253,ensemble_top4,,,,,,
mmr,65,Gambia,Gambia,African Region,2005,707.3,717.471263447,668.221157144,775.138106144,ensemble_top4,,,,,,
mmr,65,Gambia,Gambia,African Region,2006,682.3,690.159536094,639.620346576,745.243035419,ensemble_top4,,,,,,
mmr,65,Gambia,Gambia,African Region,2007,674.6,669.82391162,616.733581072,723.089706682,ensemble_top4,,,,,,
mmr,65,Gambia,Gambia,African Region,2008,652.9,655.323447159,598.122653487,702.734726927,ensemble_top4,,,,,,
mmr,65,Gambia,Gambia,African Region,2009,634.1,644.829818467,598.450891674,687.257516942,ensemble_top4,,,,,,
mmr,65,Gambia,Gambia,African Region,2010,631.7,628.39625267,580.989514339,672.129046353,ensemble_top4,,,,,,
mmr,65,Gambia,Gambia,African Region,2011,634.4,608.916084656,561.31689261,654.691700977,ensemble_top4,,,,,,
mmr,65,Gambia,Gambia,African Region,2012,628,587.887876874,539.971497334,635.975415773,ensemble_top4,,,,,,
mmr,65,Gambia,Gambia,African Region,2013,606.3,566.465493275,517.460679055,614.290368357,ensemble_top4,,,,,,
mmr,65,Gambia,Gambia,African Region,2014,560.7,544.499425672,494.651057769,592.329121752,ensemble_top4,,,,,,
mmr,65,Gambia,Gambia,African Region,2015,526.7,522.574090909,471.609107365,570.27769495,ensemble_top4,,,,,,
mmr,65,Gambia,Gambia,African Region,2016,489.5,499.530539765,449.372515895,547.905674472,ensemble_top4,,,,,,
mmr,65,Gambia,Gambia,African Region,2017,468.6,475.913172,423.255029803,531.105178833,ensemble_top4,,,,,,
mmr,65,Gambia,Gambia,African Region,2018,450.4,451.134156255,400.288456225,513.345495834,ensemble_top4,,,,,,
mmr,65,Gambia,Gambia,African Region,2019,422.1,428.119501699,376.902284482,498.220128832,ensemble_top4,,,,,,
mmr,65,Gambia,Gambia,African Region,2020,400.1,405.00916237,351.555591694,480.483122617,ensemble_top4,0,0,48.5444083064,-4.90916237024,0.987878885649,-0.0121951741238
mmr,65,Gambia,Gambia,African Region,2021,420.1,382.485464693,328.939345573,462.253582738,ensemble_top4,37.614535307,0,91.1606544266,37.614535307,1.09834239149,0.0938021264333
mmr,65,Gambia,Gambia,African Region,2022,365,360.421425478,305.264870454,451.368711018,ensemble_top4,4.57857452172,0,59.7351295459,4.57857452172,1.01270339164,0.0126233804525
mmr,65,Gambia,Gambia,African Region,2023,354.4,340.63257413,283.22167512,435.993078139,ensemble_top4,13.7674258704,0,71.1783248797,13.7674258704,1.04041723228,0.0396218175839
mmr,66,Georgia,Georgia,European Region,2000,42.58,42.58,42.58,42.58,ensemble_top4,,,,,,
mmr,66,Georgia,Georgia,European Region,2001,44.62,40.1498372209,29.7078175013,50.563661621,ensemble_top4,,,,,,
mmr,66,Georgia,Georgia,European Region,2002,45.85,44.8236908598,34.7338508965,54.9296573374,ensemble_top4,,,,,,
mmr,66,Georgia,Georgia,European Region,2003,41.69,47.106148461,37.4084973011,57.4145798934,ensemble_top4,,,,,,
mmr,66,Georgia,Georgia,European Region,2004,42.77,47.915653961,37.6076415297,58.0699101754,ensemble_top4,,,,,,
mmr,66,Georgia,Georgia,European Region,2005,53.46,49.2817346297,38.6973488566,60.2880577819,ensemble_top4,,,,,,
mmr,66,Georgia,Georgia,European Region,2006,44.95,50.3194088453,38.3261603643,62.1251228226,ensemble_top4,,,,,,
mmr,66,Georgia,Georgia,European Region,2007,51.55,50.8221770735,39.5739919165,61.4707063718,ensemble_top4,,,,,,
mmr,66,Georgia,Georgia,European Region,2008,54.01,49.470420784,39.0979917242,59.753680734,ensemble_top4,,,,,,
mmr,66,Georgia,Georgia,European Region,2009,55.82,46.4278252536,36.4477070294,56.5560739089,ensemble_top4,,,,,,
mmr,66,Georgia,Georgia,European Region,2010,40.55,43.3599640586,33.661580525,52.7807978672,ensemble_top4,,,,,,
mmr,66,Georgia,Georgia,European Region,2011,37.04,40.2081128651,30.8150423367,49.7325310971,ensemble_top4,,,,,,
mmr,66,Georgia,Georgia,European Region,2012,34.88,37.4658377281,27.654031072,46.9121838671,ensemble_top4,,,,,,
mmr,66,Georgia,Georgia,European Region,2013,33.73,34.7060490388,25.5218046748,44.1036896534,ensemble_top4,,,,,,
mmr,66,Georgia,Georgia,European Region,2014,31.82,32.3112684789,22.8313191869,41.7604402605,ensemble_top4,,,,,,
mmr,66,Georgia,Georgia,European Region,2015,29.6,29.9577923096,20.4532192426,39.6057146136,ensemble_top4,,,,,,
mmr,66,Georgia,Georgia,European Region,2016,27.94,27.7770693602,18.419415556,37.5482506637,ensemble_top4,,,,,,
mmr,66,Georgia,Georgia,European Region,2017,26.86,25.7829172265,16.5562637805,35.6181985125,ensemble_top4,,,,,,
mmr,66,Georgia,Georgia,European Region,2018,24.35,24.0338138022,14.733494929,34.0244171825,ensemble_top4,,,,,,
mmr,66,Georgia,Georgia,European Region,2019,22.26,22.1994336923,12.7804285618,32.1706761122,ensemble_top4,,,,,,
mmr,66,Georgia,Georgia,European Region,2020,29.72,20.8175701444,11.1532915788,30.7836871682,ensemble_top4,8.90242985556,0,18.5667084212,8.90242985556,1.42764019978,0.356022871234
mmr,66,Georgia,Georgia,European Region,2021,59.88,19.3783000302,9.64642286064,30.0032902928,ensemble_top4,40.5016999698,29.8767097072,50.2335771394,40.5016999698,3.09005433432,1.12818867468
mmr,66,Georgia,Georgia,European Region,2022,21.93,18.0616092147,8.38859713103,29.0176987427,ensemble_top4,3.86839078528,0,13.541402869,3.86839078528,1.21417752645,0.194066914605
mmr,66,Georgia,Georgia,European Region,2023,19.69,17.0451995776,7.16926255167,27.8528644395,ensemble_top4,2.64480042243,0,12.5207374483,2.64480042243,1.15516394574,0.144242278267
mmr,67,Germany,Germany,European Region,2000,6.73,6.73,6.73,6.73,ensemble_top4,,,,,,
mmr,67,Germany,Germany,European Region,2001,6.32,6.17008849449,5.8776304928,6.4634103487,ensemble_top4,,,,,,
mmr,67,Germany,Germany,European Region,2002,6.21,6.10770403551,5.8297277109,6.37121685894,ensemble_top4,,,,,,
mmr,67,Germany,Germany,European Region,2003,5.98,6.0095568483,5.73044486008,6.26983386771,ensemble_top4,,,,,,
mmr,67,Germany,Germany,European Region,2004,5.78,5.89675057734,5.62528031513,6.1601533791,ensemble_top4,,,,,,
mmr,67,Germany,Germany,European Region,2005,5.67,5.78806611822,5.52005829885,6.07181133734,ensemble_top4,,,,,,
mmr,67,Germany,Germany,European Region,2006,5.6,5.6901358697,5.39641870159,5.9738314329,ensemble_top4,,,,,,
mmr,67,Germany,Germany,European Region,2007,5.5,5.56765002819,5.27456292348,5.85492254878,ensemble_top4,,,,,,
mmr,67,Germany,Germany,European Region,2008,5.53,5.46807854173,5.1964754509,5.73243460872,ensemble_top4,,,,,,
mmr,67,Germany,Germany,European Region,2009,5.51,5.34697794494,5.08831465816,5.6017688448,ensemble_top4,,,,,,
mmr,67,Germany,Germany,European Region,2010,5.39,5.21888251671,4.95615919331,5.48096572271,ensemble_top4,,,,,,
mmr,67,Germany,Germany,European Region,2011,5.21,5.0819086489,4.82053487022,5.3414342856,ensemble_top4,,,,,,
mmr,67,Germany,Germany,European Region,2012,4.94,4.94996686433,4.68269155292,5.20343537834,ensemble_top4,,,,,,
mmr,67,Germany,Germany,European Region,2013,4.88,4.81537586193,4.55749235247,5.0739205114,ensemble_top4,,,,,,
mmr,67,Germany,Germany,European Region,2014,4.53,4.68451652002,4.41600596696,4.95082880197,ensemble_top4,,,,,,
mmr,67,Germany,Germany,European Region,2015,4.53,4.55291574039,4.2949965323,4.82227878547,ensemble_top4,,,,,,
mmr,67,Germany,Germany,European Region,2016,4.44,4.43113716376,4.16492946342,4.69588583753,ensemble_top4,,,,,,
mmr,67,Germany,Germany,European Region,2017,4.21,4.30245094712,4.03821846155,4.56947629305,ensemble_top4,,,,,,
mmr,67,Germany,Germany,European Region,2018,4.21,4.18742477241,3.92941819487,4.45644721848,ensemble_top4,,,,,,
mmr,67,Germany,Germany,European Region,2019,3.97,4.06417466849,3.79218264849,4.34205742559,ensemble_top4,,,,,,
mmr,67,Germany,Germany,European Region,2020,4.23,3.95068080238,3.68088908293,4.22952290309,ensemble_top4,0.279319197624,0.00047709691147,0.549110917068,0.279319197624,1.07070153515,0.0683140739647
mmr,67,Germany,Germany,European Region,2021,4.46,3.83045431083,3.56120306771,4.11795240987,ensemble_top4,0.629545689174,0.342047590126,0.89879693229,0.629545689174,1.16435274724,0.15216535086
mmr,67,Germany,Germany,European Region,2022,4.03,3.72265580873,3.46179597279,4.02129547235,ensemble_top4,0.307344191268,0.00870452765023,0.568204027206,0.307344191268,1.0825604641,0.0793290353197
mmr,67,Germany,Germany,European Region,2023,3.62,3.61808195455,3.33912850689,3.92126309239,ensemble_top4,0.0019180454543,0,0.280871493112,0.0019180454543,1.0005301277,0.000529987229004
mmr,68,Ghana,Ghana,African Region,2000,472.5,472.5,472.5,472.5,ensemble_top4,,,,,,
mmr,68,Ghana,Ghana,African Region,2001,460,448.257857411,423.76425304,466.650446121,ensemble_top4,,,,,,
mmr,68,Ghana,Ghana,African Region,2002,434.2,433.849181096,415.250769305,453.501563948,ensemble_top4,,,,,,
mmr,68,Ghana,Ghana,African Region,2003,409.6,420.356070633,402.139252948,442.262537391,ensemble_top4,,,,,,
mmr,68,Ghana,Ghana,African Region,2004,402.6,407.750871552,390.252672767,430.717363045,ensemble_top4,,,,,,
mmr,68,Ghana,Ghana,African Region,2005,389.5,399.030219313,380.971972725,429.160549017,ensemble_top4,,,,,,
mmr,68,Ghana,Ghana,African Region,2006,384.5,388.999984038,369.008659148,420.748990273,ensemble_top4,,,,,,
mmr,68,Ghana,Ghana,African Region,2007,377.2,380.567612395,358.082632025,409.737960862,ensemble_top4,,,,,,
mmr,68,Ghana,Ghana,African Region,2008,380.1,375.889989489,355.928317077,398.949007455,ensemble_top4,,,,,,
mmr,68,Ghana,Ghana,African Region,2009,369,368.748563935,346.571435707,388.565465937,ensemble_top4,,,,,,
mmr,68,Ghana,Ghana,African Region,2010,363.1,359.983831174,337.235611063,377.843345225,ensemble_top4,,,,,,
mmr,68,Ghana,Ghana,African Region,2011,356.4,350.787868267,327.298157339,367.990602442,ensemble_top4,,,,,,
mmr,68,Ghana,Ghana,African Region,2012,350.7,341.4278883,318.447494039,358.701398384,ensemble_top4,,,,,,
mmr,68,Ghana,Ghana,African Region,2013,338.4,331.440363703,308.305983067,348.909694819,ensemble_top4,,,,,,
mmr,68,Ghana,Ghana,African Region,2014,316.8,321.566851191,299.678994222,338.550113906,ensemble_top4,,,,,,
mmr,68,Ghana,Ghana,African Region,2015,310.3,311.060454091,289.938853464,328.2089262,ensemble_top4,,,,,,
mmr,68,Ghana,Ghana,African Region,2016,296.1,300.260091442,280.981238292,318.385236839,ensemble_top4,,,,,,
mmr,68,Ghana,Ghana,African Region,2017,286.9,289.328771741,272.005514433,310.619204871,ensemble_top4,,,,,,
mmr,68,Ghana,Ghana,African Region,2018,275.6,278.631587265,260.68090321,301.629300145,ensemble_top4,,,,,,
mmr,68,Ghana,Ghana,African Region,2019,259.7,269.346362788,246.543953322,294.179329635,ensemble_top4,,,,,,
mmr,68,Ghana,Ghana,African Region,2020,252.8,261.346476666,230.739865618,286.616793177,ensemble_top4,0,0,22.0601343817,-8.54647666598,0.96729829009,-0.0332483615096
mmr,68,Ghana,Ghana,African Region,2021,263.9,253.074201555,215.530183909,279.483380367,ensemble_top4,10.8257984451,0,48.3698160915,10.8257984451,1.0427771712,0.0418875110038
mmr,68,Ghana,Ghana,African Region,2022,239.1,245.376350986,200.381828835,272.106205517,ensemble_top4,0,0,38.7181711646,-6.27635098606,0.974421532634,-0.0259112839188
mmr,68,Ghana,Ghana,African Region,2023,234.3,238.335757116,186.203310659,264.480435678,ensemble_top4,0,0,48.0966893406,-4.0357571156,0.983066925566,-0.0170780781762
mmr,69,Greece,Greece,European Region,2000,3.55,2.55,2.55,2.55,ranked_top1_fallback,,,,,,
mmr,69,Greece,Greece,European Region,2001,3.29,3.48345018979,3.13392188631,3.84650736981,ranked_top1_fallback,,,,,,
mmr,69,Greece,Greece,European Region,2002,3.21,3.47423005382,3.20580574445,3.768884329,ranked_top1_fallback,,,,,,
mmr,69,Greece,Greece,European Region,2003,3.19,3.47769112999,3.2269120351,3.74048596387,ranked_top1_fallback,,,,,,
mmr,69,Greece,Greece,European Region,2004,3.08,3.49366711608,3.24548290483,3.74512053063,ranked_top1_fallback,,,,,,
mmr,69,Greece,Greece,European Region,2005,2.98,3.54273932408,3.30273420702,3.79405830054,ranked_top1_fallback,,,,,,
mmr,69,Greece,Greece,European Region,2006,3.09,3.62818436844,3.38477056726,3.86788238151,ranked_top1_fallback,,,,,,
mmr,69,Greece,Greece,European Region,2007,3.23,3.74537464314,3.49799198491,3.98654451201,ranked_top1_fallback,,,,,,
mmr,69,Greece,Greece,European Region,2008,3.24,3.90102120403,3.64559705733,4.14285240664,ranked_top1_fallback,,,,,,
mmr,69,Greece,Greece,European Region,2009,3.3,4.0825082249,3.82062739147,4.33024827507,ranked_top1_fallback,,,,,,
mmr,69,Greece,Greece,European Region,2010,3.51,4.29349040618,4.02279636312,4.54806306571,ranked_top1_fallback,,,,,,
mmr,69,Greece,Greece,European Region,2011,3.63,4.51770380191,4.22946665625,4.7873030639,ranked_top1_fallback,,,,,,
mmr,69,Greece,Greece,European Region,2012,3.99,4.75489008238,4.4460803637,5.01337679296,ranked_top1_fallback,,,,,,
mmr,69,Greece,Greece,European Region,2013,3.95,4.97714777185,4.65479072436,5.23848998423,ranked_top1_fallback,,,,,,
mmr,69,Greece,Greece,European Region,2014,4.25,5.18528885726,4.86646278671,5.44835257876,ranked_top1_fallback,,,,,,
mmr,69,Greece,Greece,European Region,2015,4.77,5.34261134222,5.03728302365,5.60932115468,ranked_top1_fallback,,,,,,
mmr,69,Greece,Greece,European Region,2016,4.92,5.43812139009,5.13547625413,5.71752741766,ranked_top1_fallback,,,,,,
mmr,69,Greece,Greece,European Region,2017,5.24,5.45330842944,5.14576252161,5.78666603609,ranked_top1_fallback,,,,,,
mmr,69,Greece,Greece,European Region,2018,5.06,5.38682275409,5.01185451486,5.81414860184,ranked_top1_fallback,,,,,,
mmr,69,Greece,Greece,European Region,2019,5.22,5.24111239663,4.77181395901,5.84606010313,ranked_top1_fallback,,,,,,
mmr,69,Greece,Greece,European Region,2020,7.2,5.00907743315,4.45610026282,5.83554471596,ranked_top1_fallback,2.19092256685,1.36445528404,2.74389973718,2.19092256685,1.43739043688,0.362829272963
mmr,69,Greece,Greece,European Region,2021,8.66,4.71809373293,4.06579991277,5.81919835446,ranked_top1_fallback,3.94190626707,2.84080164554,4.59420008723,3.94190626707,1.83548706113,0.607309874697
mmr,69,Greece,Greece,European Region,2022,9.89,4.36264377943,3.64204056617,5.7846034467,ranked_top1_fallback,5.52735622057,4.1053965533,6.24795943383,5.52735622057,2.26697399559,0.818445900613
mmr,69,Greece,Greece,European Region,2023,4.79,3.97467286463,3.19793171812,5.68149278092,ranked_top1_fallback,0.81532713537,0,1.59206828188,0.81532713537,1.20513062663,0.18658796491
mmr,70,Grenada,Grenada,Region of the Americas,2000,45.53,45.53,45.53,45.53,ensemble_top4,,,,,,
mmr,70,Grenada,Grenada,Region of the Americas,2001,44.97,43.6969374269,37.1814931781,48.9167106539,ensemble_top4,,,,,,
mmr,70,Grenada,Grenada,Region of the Americas,2002,42.32,44.3709001803,37.98472816,50.061963724,ensemble_top4,,,,,,
mmr,70,Grenada,Grenada,Region of the Americas,2003,42.13,43.8107826932,38.1010078954,49.3019196413,ensemble_top4,,,,,,
mmr,70,Grenada,Grenada,Region of the Americas,2004,48.47,44.0129583936,38.2207902087,51.5769280144,ensemble_top4,,,,,,
mmr,70,Grenada,Grenada,Region of the Americas,2005,40.35,42.504419339,37.5429287184,47.6910892644,ensemble_top4,,,,,,
mmr,70,Grenada,Grenada,Region of the Americas,2006,38.86,41.4950708818,36.2264400353,47.3039784038,ensemble_top4,,,,,,
mmr,70,Grenada,Grenada,Region of the Americas,2007,39.84,41.0395275847,35.7682634838,47.4052809021,ensemble_top4,,,,,,
mmr,70,Grenada,Grenada,Region of the Americas,2008,41.27,41.1076206036,35.7817552154,47.8181307558,ensemble_top4,,,,,,
mmr,70,Grenada,Grenada,Region of the Americas,2009,40.8,42.0529061371,36.1045038721,48.4608732825,ensemble_top4,,,,,,
mmr,70,Grenada,Grenada,Region of the Americas,2010,43.01,42.9812131501,37.212466065,48.7869181038,ensemble_top4,,,,,,
mmr,70,Grenada,Grenada,Region of the Americas,2011,43.93,43.7720936899,38.4520079047,49.2585311517,ensemble_top4,,,,,,
mmr,70,Grenada,Grenada,Region of the Americas,2012,43.65,44.4184338693,39.3256727216,49.6974680595,ensemble_top4,,,,,,
mmr,70,Grenada,Grenada,Region of the Americas,2013,44.35,44.8887260523,39.7056764903,49.9723584711,ensemble_top4,,,,,,
mmr,70,Grenada,Grenada,Region of the Americas,2014,44.88,45.2897609318,40.0662959643,50.5598677799,ensemble_top4,,,,,,
mmr,70,Grenada,Grenada,Region of the Americas,2015,46.21,45.7155791099,40.2889391751,51.0220935216,ensemble_top4,,,,,,
mmr,70,Grenada,Grenada,Region of the Americas,2016,44.04,46.1279693315,40.4269554038,51.358950587,ensemble_top4,,,,,,
mmr,70,Grenada,Grenada,Region of the Americas,2017,44.93,46.4074675726,40.6427867965,51.796656743,ensemble_top4,,,,,,
mmr,70,Grenada,Grenada,Region of the Americas,2018,46.42,46.8185183864,40.6692572638,52.3777831865,ensemble_top4,,,,,,
mmr,70,Grenada,Grenada,Region of the Americas,2019,48.4,47.0742531773,40.6879585788,52.9847734841,ensemble_top4,,,,,,
mmr,70,Grenada,Grenada,Region of the Americas,2020,50.56,47.2224446738,40.5226258531,53.5689010237,ensemble_top4,3.33755532617,0,10.0373741469,3.33755532617,1.07067730926,0.0682914475216
mmr,70,Grenada,Grenada,Region of the Americas,2021,52.01,47.6167678926,40.5816162358,54.2637415938,ensemble_top4,4.39323210745,0,11.4283837642,4.39323210745,1.09226229124,0.0882510419287
mmr,70,Grenada,Grenada,Region of the Americas,2022,49.94,47.8516867096,40.4627434262,54.964117611,ensemble_top4,2.08831329044,0,9.47725657383,2.08831329044,1.04364137263,0.0427159176354
mmr,70,Grenada,Grenada,Region of the Americas,2023,48.25,48.0405359844,40.5067879141,55.6629302225,ensemble_top4,0.20946401559,0,7.74321208588,0.20946401559,1.00436015151,0.00435067359111
mmr,71,Guatemala,Guatemala,Region of the Americas,2000,165.8,165.8,165.8,165.8,ensemble_top4,,,,,,
mmr,71,Guatemala,Guatemala,Region of the Americas,2001,162.1,158.853201292,149.926635007,167.247174032,ensemble_top4,,,,,,
mmr,71,Guatemala,Guatemala,Region of the Americas,2002,153.4,156.338907452,148.245700303,164.207719512,ensemble_top4,,,,,,
mmr,71,Guatemala,Guatemala,Region of the Americas,2003,149.6,153.134637256,145.016579312,160.936497478,ensemble_top4,,,,,,
mmr,71,Guatemala,Guatemala,Region of the Americas,2004,148,149.456538066,141.430825203,157.105864696,ensemble_top4,,,,,,
mmr,71,Guatemala,Guatemala,Region of the Americas,2005,152.9,145.063986294,137.366139764,152.917380349,ensemble_top4,,,,,,
mmr,71,Guatemala,Guatemala,Region of the Americas,2006,141.7,140.938104825,133.438829441,148.432750094,ensemble_top4,,,,,,
mmr,71,Guatemala,Guatemala,Region of the Americas,2007,135,136.709158294,129.242895541,144.134919527,ensemble_top4,,,,,,
mmr,71,Guatemala,Guatemala,Region of the Americas,2008,133.4,132.568623028,124.80855143,140.595261413,ensemble_top4,,,,,,
mmr,71,Guatemala,Guatemala,Region of the Americas,2009,130.5,128.637305327,121.062647232,136.41067991,ensemble_top4,,,,,,
mmr,71,Guatemala,Guatemala,Region of the Americas,2010,127,125.078468983,117.586731848,133.045302233,ensemble_top4,,,,,,
mmr,71,Guatemala,Guatemala,Region of the Americas,2011,120,121.570582579,113.984053217,129.955529467,ensemble_top4,,,,,,
mmr,71,Guatemala,Guatemala,Region of the Americas,2012,114.7,118.602854949,111.080640802,126.653208275,ensemble_top4,,,,,,
mmr,71,Guatemala,Guatemala,Region of the Americas,2013,111.2,115.755648393,108.189554851,123.995832762,ensemble_top4,,,,,,
mmr,71,Guatemala,Guatemala,Region of the Americas,2014,110.6,113.250137155,105.758807724,120.945786531,ensemble_top4,,,,,,
mmr,71,Guatemala,Guatemala,Region of the Americas,2015,112,110.930492999,103.266951667,118.530905048,ensemble_top4,,,,,,
mmr,71,Guatemala,Guatemala,Region of the Americas,2016,110.1,108.844891391,101.065118144,116.693258289,ensemble_top4,,,,,,
mmr,71,Guatemala,Guatemala,Region of the Americas,2017,106.9,106.934415803,99.0724995408,114.62468486,ensemble_top4,,,,,,
mmr,71,Guatemala,Guatemala,Region of the Americas,2018,107.1,105.449736945,97.0117134322,113.4599345,ensemble_top4,,,,,,
mmr,71,Guatemala,Guatemala,Region of the Americas,2019,106.2,104.165171601,94.5904648368,113.033866205,ensemble_top4,,,,,,
mmr,71,Guatemala,Guatemala,Region of the Americas,2020,102.5,103.152403214,91.6445607372,112.261330848,ensemble_top4,0,0,10.8554392628,-0.652403213826,0.993675346444,-0.00634473891099
mmr,71,Guatemala,Guatemala,Region of the Americas,2021,125.3,102.349250022,89.3512396235,112.649481346,ensemble_top4,22.9507499779,12.650518654,35.9487603765,22.9507499779,1.22423955205,0.202319877402
mmr,71,Guatemala,Guatemala,Region of the Americas,2022,96.57,102.016751354,86.7034196396,113.292362339,ensemble_top4,0,0,9.86658036042,-5.44675135397,0.94660924523,-0.0548688947819
mmr,71,Guatemala,Guatemala,Region of the Americas,2023,93.72,101.536619847,84.1667178641,114.393808285,ensemble_top4,0,0,9.55328213589,-7.81661984733,0.923016741555,-0.0801079064475
mmr,72,Guinea,Guinea,African Region,2000,951.4,951.4,950.4,951.4,ensemble_top4,,,,,,
mmr,72,Guinea,Guinea,African Region,2001,945.6,927.337478989,451.454448526,962.441098113,ensemble_top4,,,,,,
mmr,72,Guinea,Guinea,African Region,2002,916.1,918.442898368,894.685331504,941.328934474,ensemble_top4,,,,,,
mmr,72,Guinea,Guinea,African Region,2003,892.3,898.657542296,877.9620135,920.753714119,ensemble_top4,,,,,,
mmr,72,Guinea,Guinea,African Region,2004,868.7,876.528658592,854.884009735,899.905608853,ensemble_top4,,,,,,
mmr,72,Guinea,Guinea,African Region,2005,842.9,852.7045607,829.888629117,878.828632467,ensemble_top4,,,,,,
mmr,72,Guinea,Guinea,African Region,2006,824.9,827.424400264,802.115167278,856.337413297,ensemble_top4,,,,,,
mmr,72,Guinea,Guinea,African Region,2007,801.8,803.1354867,775.915378501,833.382209912,ensemble_top4,,,,,,
mmr,72,Guinea,Guinea,African Region,2008,772.4,783.461732904,751.908438595,811.345782336,ensemble_top4,,,,,,
mmr,72,Guinea,Guinea,African Region,2009,766.3,764.91193812,740.132210586,790.499255,ensemble_top4,,,,,,
mmr,72,Guinea,Guinea,African Region,2010,749.5,745.552348021,722.729706607,767.969215965,ensemble_top4,,,,,,
mmr,72,Guinea,Guinea,African Region,2011,727.6,722.675362006,700.83033648,745.200673353,ensemble_top4,,,,,,
mmr,72,Guinea,Guinea,African Region,2012,703,700.241285654,677.572985359,722.416741576,ensemble_top4,,,,,,
mmr,72,Guinea,Guinea,African Region,2013,682.4,677.784416347,656.455462798,700.273655435,ensemble_top4,,,,,,
mmr,72,Guinea,Guinea,African Region,2014,663.9,656.240852527,634.684411125,677.799644604,ensemble_top4,,,,,,
mmr,72,Guinea,Guinea,African Region,2015,641.7,634.637191005,613.128210094,657.226296159,ensemble_top4,,,,,,
mmr,72,Guinea,Guinea,African Region,2016,606,613.744147125,591.709990405,637.233535244,ensemble_top4,,,,,,
mmr,72,Guinea,Guinea,African Region,2017,582.1,593.650179376,571.559015104,616.737108155,ensemble_top4,,,,,,
mmr,72,Guinea,Guinea,African Region,2018,560.4,573.906370274,550.609979798,597.039560751,ensemble_top4,,,,,,
mmr,72,Guinea,Guinea,African Region,2019,548.1,555.333165239,530.022524398,579.858746863,ensemble_top4,,,,,,
mmr,72,Guinea,Guinea,African Region,2020,528.2,536.708822114,510.069223445,559.898925368,ensemble_top4,0,0,18.1307765549,-8.50882211381,0.984146297278,-0.0159807168851
mmr,72,Guinea,Guinea,African Region,2021,533.3,518.920644805,491.256188516,542.749723504,ensemble_top4,14.3793551948,0,42.0438114837,14.3793551948,1.02771012358,0.0273331463138
mmr,72,Guinea,Guinea,African Region,2022,500.4,501.458882967,472.44573443,525.471453956,ensemble_top4,0,0,27.9542655701,-1.05888296676,0.997888395235,-0.00211383734586
mmr,72,Guinea,Guinea,African Region,2023,494.1,484.997954715,454.279561107,508.878455083,ensemble_top4,9.1020452847,0,39.8204388931,9.1020452847,1.01876718282,0.018593252005
mmr,73,Guinea-Bissau,Guinea-Bissau,African Region,2000,1295,1295,1294,1295,ensemble_top4,,,,,,
mmr,73,Guinea-Bissau,Guinea-Bissau,African Region,2001,1222,1196.74553344,1008.05905987,1273.25815778,ensemble_top4,,,,,,
mmr,73,Guinea-Bissau,Guinea-Bissau,African Region,2002,1141,1126.73098359,940.446083027,1196.97061821,ensemble_top4,,,,,,
mmr,73,Guinea-Bissau,Guinea-Bissau,African Region,2003,1069,1053.60650531,873.952721353,1122.06516829,ensemble_top4,,,,,,
mmr,73,Guinea-Bissau,Guinea-Bissau,African Region,2004,979.5,982.458610478,823.270268278,1050.47845548,ensemble_top4,,,,,,
mmr,73,Guinea-Bissau,Guinea-Bissau,African Region,2005,956.3,916.91864337,779.817508456,987.723513988,ensemble_top4,,,,,,
mmr,73,Guinea-Bissau,Guinea-Bissau,African Region,2006,831.5,857.41210242,754.774935306,929.384471323,ensemble_top4,,,,,,
mmr,73,Guinea-Bissau,Guinea-Bissau,African Region,2007,791.6,809.034765757,729.615983884,878.567652652,ensemble_top4,,,,,,
mmr,73,Guinea-Bissau,Guinea-Bissau,African Region,2008,802,775.082150672,709.461270361,833.264499648,ensemble_top4,,,,,,
mmr,73,Guinea-Bissau,Guinea-Bissau,African Region,2009,752.9,744.72283572,683.819327427,803.482818414,ensemble_top4,,,,,,
mmr,73,Guinea-Bissau,Guinea-Bissau,African Region,2010,698.2,718.515879388,653.128394717,778.367320298,ensemble_top4,,,,,,
mmr,73,Guinea-Bissau,Guinea-Bissau,African Region,2011,678.3,700.670614241,641.234375873,761.755041573,ensemble_top4,,,,,,
mmr,73,Guinea-Bissau,Guinea-Bissau,African Region,2012,703.7,685.612210257,628.210511437,743.966638851,ensemble_top4,,,,,,
mmr,73,Guinea-Bissau,Guinea-Bissau,African Region,2013,707.2,670.237031834,611.230740732,727.335880918,ensemble_top4,,,,,,
mmr,73,Guinea-Bissau,Guinea-Bissau,African Region,2014,662.4,654.881529916,598.588305461,714.205161336,ensemble_top4,,,,,,
mmr,73,Guinea-Bissau,Guinea-Bissau,African Region,2015,631.2,640.184874992,582.437863675,699.872349849,ensemble_top4,,,,,,
mmr,73,Guinea-Bissau,Guinea-Bissau,African Region,2016,616.9,627.054641207,571.211834931,686.425561097,ensemble_top4,,,,,,
mmr,73,Guinea-Bissau,Guinea-Bissau,African Region,2017,596.9,613.431894771,558.356031427,672.716546434,ensemble_top4,,,,,,
mmr,73,Guinea-Bissau,Guinea-Bissau,African Region,2018,584.7,600.682522741,543.355242506,656.764252633,ensemble_top4,,,,,,
mmr,73,Guinea-Bissau,Guinea-Bissau,African Region,2019,597.5,589.045796866,526.97355658,646.911434599,ensemble_top4,,,,,,
mmr,73,Guinea-Bissau,Guinea-Bissau,African Region,2020,602.8,577.035071308,508.887342171,637.355046124,ensemble_top4,25.7649286916,0,93.9126578286,25.7649286916,1.04465054201,0.0436824199278
mmr,73,Guinea-Bissau,Guinea-Bissau,African Region,2021,617.2,565.760924685,488.409248606,630.702374181,ensemble_top4,51.4390753151,0,128.790751394,51.4390753151,1.09092016269,0.0870215260692
mmr,73,Guinea-Bissau,Guinea-Bissau,African Region,2022,539.2,555.147923694,467.308573198,629.745787794,ensemble_top4,0,0,71.8914268017,-15.9479236941,0.971272659028,-0.0291480478142
mmr,73,Guinea-Bissau,Guinea-Bissau,African Region,2023,505.4,544.248130351,443.31664069,626.152976917,ensemble_top4,0,0,62.08335931,-38.8481303507,0.928620553413,-0.074055069878
mmr,74,Guyana,Guyana,Region of the Americas,2000,170.6,170.6,170.6,170.6,ensemble_top4,,,,,,
mmr,74,Guyana,Guyana,Region of the Americas,2001,162.8,162.020178391,154.717096809,171.061776722,ensemble_top4,,,,,,
mmr,74,Guyana,Guyana,Region of the Americas,2002,164.3,164.545651566,158.531312615,170.778451056,ensemble_top4,,,,,,
mmr,74,Guyana,Guyana,Region of the Americas,2003,163.7,164.372100536,155.043307013,171.624470839,ensemble_top4,,,,,,
mmr,74,Guyana,Guyana,Region of the Americas,2004,162.3,164.544638691,158.228244315,172.018584796,ensemble_top4,,,,,,
mmr,74,Guyana,Guyana,Region of the Americas,2005,166.4,165.750035845,158.621684911,171.94929459,ensemble_top4,,,,,,
mmr,74,Guyana,Guyana,Region of the Americas,2006,166.5,162.435705888,155.318565283,168.684307185,ensemble_top4,,,,,,
mmr,74,Guyana,Guyana,Region of the Americas,2007,157.5,157.426642248,151.443503203,162.905610002,ensemble_top4,,,,,,
mmr,74,Guyana,Guyana,Region of the Americas,2008,152.9,152.170654271,146.913246837,157.678019811,ensemble_top4,,,,,,
mmr,74,Guyana,Guyana,Region of the Americas,2009,146.3,147.042208284,141.806806303,152.622452199,ensemble_top4,,,,,,
mmr,74,Guyana,Guyana,Region of the Americas,2010,141,141.938351202,136.878558685,147.642181579,ensemble_top4,,,,,,
mmr,74,Guyana,Guyana,Region of the Americas,2011,135.2,136.92781902,131.662561255,142.776701671,ensemble_top4,,,,,,
mmr,74,Guyana,Guyana,Region of the Americas,2012,133,132.058737809,126.686586383,137.722806188,ensemble_top4,,,,,,
mmr,74,Guyana,Guyana,Region of the Americas,2013,128.2,127.350762711,121.98235492,133.179271657,ensemble_top4,,,,,,
mmr,74,Guyana,Guyana,Region of the Americas,2014,120.6,122.790193057,117.394866391,128.362857589,ensemble_top4,,,,,,
mmr,74,Guyana,Guyana,Region of the Americas,2015,117.2,118.454649254,113.104702116,123.984520505,ensemble_top4,,,,,,
mmr,74,Guyana,Guyana,Region of the Americas,2016,114.1,114.307903521,108.964053355,119.88728463,ensemble_top4,,,,,,
mmr,74,Guyana,Guyana,Region of the Americas,2017,109.9,110.225200627,104.906860905,115.701032249,ensemble_top4,,,,,,
mmr,74,Guyana,Guyana,Region of the Americas,2018,105.1,106.270176874,100.75867538,112.06448496,ensemble_top4,,,,,,
mmr,74,Guyana,Guyana,Region of the Americas,2019,106.9,102.546444127,96.694045711,108.882556055,ensemble_top4,,,,,,
mmr,74,Guyana,Guyana,Region of the Americas,2020,108.6,98.9709435318,92.476794261,106.607818418,ensemble_top4,9.62905646816,1.99218158219,16.123205739,9.62905646816,1.09729175175,0.092845100123
mmr,74,Guyana,Guyana,Region of the Americas,2021,189,95.6088442428,88.6922845182,104.124736565,ensemble_top4,93.3911557572,84.8752634351,100.307715482,93.3911557572,1.97680456758,0.681481686281
mmr,74,Guyana,Guyana,Region of the Americas,2022,82.96,92.0810197078,84.6440627286,102.374532018,ensemble_top4,0,0,0,-9.12101970785,0.900945713495,-0.104310274582
mmr,74,Guyana,Guyana,Region of the Americas,2023,74.73,88.758135926,81.0294185361,100.750284986,ensemble_top4,0,0,0,-14.028135926,0.841950985342,-0.172033478618
mmr,75,Haiti,Haiti,Region of the Americas,2000,439.6,439.6,439.6,439.6,ensemble_top4,,,,,,
mmr,75,Haiti,Haiti,Region of the Americas,2001,428.2,414.059504927,363.9283551,463.071609853,ensemble_top4,,,,,,
mmr,75,Haiti,Haiti,Region of the Americas,2002,410.4,407.47160407,366.365203322,445.961797408,ensemble_top4,,,,,,
mmr,75,Haiti,Haiti,Region of the Americas,2003,384.7,400.355242312,359.694134454,439.092436562,ensemble_top4,,,,,,
mmr,75,Haiti,Haiti,Region of the Americas,2004,427.3,394.578599413,355.19292464,434.63329147,ensemble_top4,,,,,,
mmr,75,Haiti,Haiti,Region of the Americas,2005,355.1,388.216047058,349.743223602,431.548362928,ensemble_top4,,,,,,
mmr,75,Haiti,Haiti,Region of the Americas,2006,367.6,382.974560921,342.035087157,427.980203092,ensemble_top4,,,,,,
mmr,75,Haiti,Haiti,Region of the Americas,2007,382.6,384.854293114,339.699760256,429.585186729,ensemble_top4,,,,,,
mmr,75,Haiti,Haiti,Region of the Americas,2008,394.1,393.648690208,352.391425733,431.685161322,ensemble_top4,,,,,,
mmr,75,Haiti,Haiti,Region of the Americas,2009,396.7,392.167873705,351.843019737,430.237955998,ensemble_top4,,,,,,
mmr,75,Haiti,Haiti,Region of the Americas,2010,396.4,389.778532567,350.688595262,427.424569695,ensemble_top4,,,,,,
mmr,75,Haiti,Haiti,Region of the Americas,2011,409.3,386.407018917,347.263859446,423.515873542,ensemble_top4,,,,,,
mmr,75,Haiti,Haiti,Region of the Americas,2012,385.3,382.174646144,344.165311621,419.189398144,ensemble_top4,,,,,,
mmr,75,Haiti,Haiti,Region of the Americas,2013,380.4,377.993942768,340.367445193,415.0212813,ensemble_top4,,,,,,
mmr,75,Haiti,Haiti,Region of the Americas,2014,372.7,373.256617237,335.629661622,409.700541577,ensemble_top4,,,,,,
mmr,75,Haiti,Haiti,Region of the Americas,2015,363.7,368.785878794,330.885745314,406.141184924,ensemble_top4,,,,,,
mmr,75,Haiti,Haiti,Region of the Americas,2016,356.1,363.726892342,327.78889976,402.380101057,ensemble_top4,,,,,,
mmr,75,Haiti,Haiti,Region of the Americas,2017,350.6,359.486846113,321.055331963,397.934414075,ensemble_top4,,,,,,
mmr,75,Haiti,Haiti,Region of the Americas,2018,358.5,353.978346606,315.568793148,394.594626118,ensemble_top4,,,,,,
mmr,75,Haiti,Haiti,Region of the Americas,2019,350.6,349.87495782,310.744223507,390.843238817,ensemble_top4,,,,,,
mmr,75,Haiti,Haiti,Region of the Americas,2020,346.3,344.457710183,306.130912877,386.815738621,ensemble_top4,1.84228981695,0,40.1690871232,1.84228981695,1.00534837736,0.00533412557833
mmr,75,Haiti,Haiti,Region of the Americas,2021,384.7,339.209496507,299.148532563,383.474499759,ensemble_top4,45.4905034931,1.22550024121,85.5514674368,45.4905034931,1.13410739959,0.125845909455
mmr,75,Haiti,Haiti,Region of the Americas,2022,330.8,333.406235484,293.685288183,380.722886591,ensemble_top4,0,0,37.114711817,-2.60623548448,0.992183003174,-0.00784770970515
mmr,75,Haiti,Haiti,Region of the Americas,2023,327.6,329.339553499,289.195236774,376.324391701,ensemble_top4,0,0,38.404763226,-1.73955349913,0.994718054723,-0.00529594406561
mmr,76,Honduras,Honduras,Region of the Americas,2000,81.66,81.66,81.66,81.66,ensemble_top4,,,,,,
mmr,76,Honduras,Honduras,Region of the Americas,2001,77.72,75.9628387495,72.117859026,79.8645920384,ensemble_top4,,,,,,
mmr,76,Honduras,Honduras,Region of the Americas,2002,75.37,76.7122958936,73.3054077958,80.3589481493,ensemble_top4,,,,,,
mmr,76,Honduras,Honduras,Region of the Americas,2003,75.23,76.3194609177,73.0690188055,79.9409656708,ensemble_top4,,,,,,
mmr,76,Honduras,Honduras,Region of the Americas,2004,74.29,75.2899059746,72.0548595149,78.8789581811,ensemble_top4,,,,,,
mmr,76,Honduras,Honduras,Region of the Americas,2005,73.48,73.9897204648,70.726164094,77.7592518212,ensemble_top4,,,,,,
mmr,76,Honduras,Honduras,Region of the Americas,2006,72.25,72.5919268058,68.9236915442,76.5224170963,ensemble_top4,,,,,,
mmr,76,Honduras,Honduras,Region of the Americas,2007,72.11,72.0672382288,67.5214922469,75.6992216658,ensemble_top4,,,,,,
mmr,76,Honduras,Honduras,Region of the Americas,2008,71.75,71.5967565427,67.7270222113,74.8293720633,ensemble_top4,,,,,,
mmr,76,Honduras,Honduras,Region of the Americas,2009,70.89,70.3719651141,66.6091850668,73.7480797523,ensemble_top4,,,,,,
mmr,76,Honduras,Honduras,Region of the Americas,2010,71.62,68.5044977713,64.6996025678,71.792060843,ensemble_top4,,,,,,
mmr,76,Honduras,Honduras,Region of the Americas,2011,67.54,66.5278367354,62.9259589315,69.8643897577,ensemble_top4,,,,,,
mmr,76,Honduras,Honduras,Region of the Americas,2012,64.36,64.4756078422,60.8058940787,67.6494458199,ensemble_top4,,,,,,
mmr,76,Honduras,Honduras,Region of the Americas,2013,61.86,62.2769564117,58.9295090969,65.4524745815,ensemble_top4,,,,,,
mmr,76,Honduras,Honduras,Region of the Americas,2014,59.71,60.0928568299,56.8247336827,63.2448559672,ensemble_top4,,,,,,
mmr,76,Honduras,Honduras,Region of the Americas,2015,57.1,57.9137850583,54.6414699881,61.0978666047,ensemble_top4,,,,,,
mmr,76,Honduras,Honduras,Region of the Americas,2016,54.65,55.7544561439,52.4373488873,59.1408269812,ensemble_top4,,,,,,
mmr,76,Honduras,Honduras,Region of the Americas,2017,52.96,53.7812200038,50.3983610324,57.3514606596,ensemble_top4,,,,,,
mmr,76,Honduras,Honduras,Region of the Americas,2018,51.75,51.8416258913,48.4242524557,55.5649492754,ensemble_top4,,,,,,
mmr,76,Honduras,Honduras,Region of the Americas,2019,51.12,50.0043765287,46.5059183296,53.7183177006,ensemble_top4,,,,,,
mmr,76,Honduras,Honduras,Region of the Americas,2020,57.16,48.2081778328,44.6297224935,52.0147609099,ensemble_top4,8.95182216721,5.14523909012,12.5302775065,8.95182216721,1.18569094643,0.170325681816
mmr,76,Honduras,Honduras,Region of the Americas,2021,88.25,46.535353374,42.9899450682,50.4962788066,ensemble_top4,41.714646626,37.7537211934,45.2600549318,41.714646626,1.89640764712,0.63996138448
mmr,76,Honduras,Honduras,Region of the Americas,2022,48.09,44.868694257,41.3264633529,48.7247548776,ensemble_top4,3.221305743,0,6.76353664707,3.221305743,1.07179406034,0.0693339363046
mmr,76,Honduras,Honduras,Region of the Americas,2023,46.75,43.2398194442,39.5917859207,47.2215880573,ensemble_top4,3.51018055583,0,7.15821407927,3.51018055583,1.08117935276,0.0780524386391
mmr,77,Hungary,Hungary,European Region,2000,13.82,13.82,13.82,13.82,ensemble_top4,,,,,,
mmr,77,Hungary,Hungary,European Region,2001,12.99,12.6253153339,11.8880710346,13.3273979981,ensemble_top4,,,,,,
mmr,77,Hungary,Hungary,European Region,2002,13.09,12.6869563462,12.0089528419,13.3804429296,ensemble_top4,,,,,,
mmr,77,Hungary,Hungary,European Region,2003,12.71,12.7524349149,12.0773051989,13.440967093,ensemble_top4,,,,,,
mmr,77,Hungary,Hungary,European Region,2004,12.29,12.79123305,12.1079602753,13.4979251356,ensemble_top4,,,,,,
mmr,77,Hungary,Hungary,European Region,2005,12.69,12.8469289806,12.1405263753,13.5812891597,ensemble_top4,,,,,,
mmr,77,Hungary,Hungary,European Region,2006,12.42,12.9371102395,12.2204887301,13.681326623,ensemble_top4,,,,,,
mmr,77,Hungary,Hungary,European Region,2007,13.43,13.0337139329,12.2698970089,13.766822435,ensemble_top4,,,,,,
mmr,77,Hungary,Hungary,European Region,2008,13.13,13.180122793,12.4807574522,13.846855298,ensemble_top4,,,,,,
mmr,77,Hungary,Hungary,European Region,2009,13.29,13.229701247,12.5403679252,13.9079180769,ensemble_top4,,,,,,
mmr,77,Hungary,Hungary,European Region,2010,12.83,13.2561434734,12.5961320871,13.9128417675,ensemble_top4,,,,,,
mmr,77,Hungary,Hungary,European Region,2011,13.51,13.2818938503,12.6131071538,13.9615877437,ensemble_top4,,,,,,
mmr,77,Hungary,Hungary,European Region,2012,13.22,13.3177052085,12.6225302113,13.9586388747,ensemble_top4,,,,,,
mmr,77,Hungary,Hungary,European Region,2013,13.24,13.3295895194,12.665128832,13.9895276408,ensemble_top4,,,,,,
mmr,77,Hungary,Hungary,European Region,2014,13.43,13.3469314376,12.6891254376,14.00805075,ensemble_top4,,,,,,
mmr,77,Hungary,Hungary,European Region,2015,13.49,13.3718454696,12.6903783205,14.0431632188,ensemble_top4,,,,,,
mmr,77,Hungary,Hungary,European Region,2016,13.31,13.3868211152,12.7180617596,14.0707429751,ensemble_top4,,,,,,
mmr,77,Hungary,Hungary,European Region,2017,13.7,13.4102108329,12.7331567646,14.073970663,ensemble_top4,,,,,,
mmr,77,Hungary,Hungary,European Region,2018,13.7,13.4205635601,12.7235931556,14.1347900258,ensemble_top4,,,,,,
mmr,77,Hungary,Hungary,European Region,2019,13.11,13.4412035496,12.7624939723,14.1291090203,ensemble_top4,,,,,,
mmr,77,Hungary,Hungary,European Region,2020,18.5,13.4588911358,12.7656376842,14.1743380576,ensemble_top4,5.04110886418,4.32566194244,5.73436231578,5.04110886418,1.37455603239,0.318130793444
mmr,77,Hungary,Hungary,European Region,2021,29.67,13.4740943543,12.7580196943,14.2233271865,ensemble_top4,16.1959056457,15.4466728135,16.9119803057,16.1959056457,2.20200328273,0.789367529092
mmr,77,Hungary,Hungary,European Region,2022,13.52,13.4860326718,12.7803347645,14.2435436989,ensemble_top4,0.033967328187,0,0.739665235461,0.033967328187,1.00251870428,0.00251553765869
mmr,77,Hungary,Hungary,European Region,2023,11.65,13.4946243673,12.7789114138,14.2783454988,ensemble_top4,0,0,0,-1.84462436728,0.863306727399,-0.146985231116
mmr,78,Iceland,Iceland,European Region,2000,6.53,6.53,6.53,6.53,ensemble_top4,,,,,,
mmr,78,Iceland,Iceland,European Region,2001,6.4,6.54178708887,5.28135838956,7.71839749956,ensemble_top4,,,,,,
mmr,78,Iceland,Iceland,European Region,2002,7.18,6.3126287074,5.1901091612,7.37850189124,ensemble_top4,,,,,,
mmr,78,Iceland,Iceland,European Region,2003,5.54,5.97545011005,4.94610369015,6.98476803046,ensemble_top4,,,,,,
mmr,78,Iceland,Iceland,European Region,2004,5.85,5.63809852376,4.65764115321,6.64305198335,ensemble_top4,,,,,,
mmr,78,Iceland,Iceland,European Region,2005,5.09,5.31650793472,4.36071310512,6.37599616985,ensemble_top4,,,,,,
mmr,78,Iceland,Iceland,European Region,2006,4.75,5.06104936317,4.0495428195,6.06431250828,ensemble_top4,,,,,,
mmr,78,Iceland,Iceland,European Region,2007,4.58,4.82430369347,3.80623131426,5.8414365983,ensemble_top4,,,,,,
mmr,78,Iceland,Iceland,European Region,2008,4.47,4.63582456555,3.62119898491,5.68918502886,ensemble_top4,,,,,,
mmr,78,Iceland,Iceland,European Region,2009,4.73,4.48931832034,3.49469432021,5.51050872893,ensemble_top4,,,,,,
mmr,78,Iceland,Iceland,European Region,2010,4.61,4.34871322098,3.34872072278,5.36738457843,ensemble_top4,,,,,,
mmr,78,Iceland,Iceland,European Region,2011,3.81,4.21507541005,3.29255614883,5.21615750838,ensemble_top4,,,,,,
mmr,78,Iceland,Iceland,European Region,2012,3.86,4.1006282345,3.13799696431,5.07327631354,ensemble_top4,,,,,,
mmr,78,Iceland,Iceland,European Region,2013,4.15,4.00843276219,3.03645407848,5.00139282249,ensemble_top4,,,,,,
mmr,78,Iceland,Iceland,European Region,2014,4.2,3.90342298507,2.9335317161,4.83743793425,ensemble_top4,,,,,,
mmr,78,Iceland,Iceland,European Region,2015,3.98,3.80914145872,2.82496070102,4.82356858952,ensemble_top4,,,,,,
mmr,78,Iceland,Iceland,European Region,2016,3.35,3.73136271316,2.74335406148,4.72059460199,ensemble_top4,,,,,,
mmr,78,Iceland,Iceland,European Region,2017,3.11,3.63689473578,2.61757986344,4.60551098615,ensemble_top4,,,,,,
mmr,78,Iceland,Iceland,European Region,2018,3.96,3.55257057771,2.52327043019,4.54148118558,ensemble_top4,,,,,,
mmr,78,Iceland,Iceland,European Region,2019,4.03,3.48607902433,2.36079715487,4.5867254443,ensemble_top4,,,,,,
mmr,78,Iceland,Iceland,European Region,2020,11.75,3.38796090309,2.23086418393,4.58698514521,ensemble_top4,8.36203909691,7.16301485479,9.51913581607,8.36203909691,3.46816280828,1.24362500369
mmr,78,Iceland,Iceland,European Region,2021,5.34,3.33677480753,2.07977616804,4.66069232806,ensemble_top4,2.00322519247,0.679307671944,3.26022383196,2.00322519247,1.60034773337,0.470220938989
mmr,78,Iceland,Iceland,European Region,2022,5.13,3.25225279164,1.91856940574,4.8292524698,ensemble_top4,1.87774720836,0.300747530196,3.21143059426,1.87774720836,1.57736815944,0.455757736311
mmr,78,Iceland,Iceland,European Region,2023,3.02,3.14879164773,1.74792964859,5.10054252309,ensemble_top4,0,0,1.27207035141,-0.128791647732,0.959098072486,-0.0417619439612
mmr,79,India,India,Southeast Asia Region,2000,362.3,362.3,362.3,362.3,ensemble_top4,,,,,,
mmr,79,India,India,Southeast Asia Region,2001,349.1,346.520526956,341.121273984,351.713643586,ensemble_top4,,,,,,
mmr,79,India,India,Southeast Asia Region,2002,330.1,332.813312323,328.458883006,337.328527869,ensemble_top4,,,,,,
mmr,79,India,India,Southeast Asia Region,2003,313,315.240737307,310.846447581,319.660096616,ensemble_top4,,,,,,
mmr,79,India,India,Southeast Asia Region,2004,296.4,295.869798289,291.44124526,300.338704359,ensemble_top4,,,,,,
mmr,79,India,India,Southeast Asia Region,2005,276.5,276.290301793,272.076266016,280.795170704,ensemble_top4,,,,,,
mmr,79,India,India,Southeast Asia Region,2006,258.3,257.049018453,252.920472485,261.082290267,ensemble_top4,,,,,,
mmr,79,India,India,Southeast Asia Region,2007,240.3,238.614679443,234.657180624,242.482400327,ensemble_top4,,,,,,
mmr,79,India,India,Southeast Asia Region,2008,222.7,221.162580854,217.10332163,224.926866291,ensemble_top4,,,,,,
mmr,79,India,India,Southeast Asia Region,2009,205,204.301352521,200.312942264,208.25675236,ensemble_top4,,,,,,
mmr,79,India,India,Southeast Asia Region,2010,188.3,188.958342475,184.928237583,192.943151856,ensemble_top4,,,,,,
mmr,79,India,India,Southeast Asia Region,2011,173.4,174.370611159,169.996417024,178.47893527,ensemble_top4,,,,,,
mmr,79,India,India,Southeast Asia Region,2012,160.1,161.445134989,157.322395958,165.445743838,ensemble_top4,,,,,,
mmr,79,India,India,Southeast Asia Region,2013,148.1,149.560575685,145.629299516,153.82272705,ensemble_top4,,,,,,
mmr,79,India,India,Southeast Asia Region,2014,136.9,139.023672837,134.789472512,143.359194376,ensemble_top4,,,,,,
mmr,79,India,India,Southeast Asia Region,2015,128.5,129.928443747,124.766462387,134.611795677,ensemble_top4,,,,,,
mmr,79,India,India,Southeast Asia Region,2016,120.8,121.964267896,116.924232438,126.67389934,ensemble_top4,,,,,,
mmr,79,India,India,Southeast Asia Region,2017,113,115.08309757,109.821144473,119.978010417,ensemble_top4,,,,,,
mmr,79,India,India,Southeast Asia Region,2018,107,108.344574865,103.019946374,113.631413913,ensemble_top4,,,,,,
mmr,79,India,India,Southeast Asia Region,2019,101.1,102.320761773,96.4752842858,108.537985619,ensemble_top4,,,,,,
mmr,79,India,India,Southeast Asia Region,2020,100.5,96.774171856,90.4614987184,104.461723564,ensemble_top4,3.72582814403,0,10.0385012816,3.72582814403,1.03850023278,0.037777588489
mmr,79,India,India,Southeast Asia Region,2021,154.8,91.8701202414,84.4750666659,101.306734429,ensemble_top4,62.9298797586,53.4932655707,70.3249333341,62.9298797586,1.68498745395,0.521758118052
mmr,79,India,India,Southeast Asia Region,2022,89.65,87.4694791568,78.5993659523,98.7025890654,ensemble_top4,2.18052084323,0,11.0506340477,2.18052084323,1.02492893366,0.0246232771727
mmr,79,India,India,Southeast Asia Region,2023,80.48,83.7226299508,73.201096633,96.6889459344,ensemble_top4,0,0,7.27890336697,-3.24262995085,0.961269373015,-0.0395006043838
mmr,80,Indonesia,Indonesia,Southeast Asia Region,2000,311.2,311.2,311.2,311.2,ensemble_top4,,,,,,
mmr,80,Indonesia,Indonesia,Southeast Asia Region,2001,300.2,295.638409988,280.536153547,310.877579844,ensemble_top4,,,,,,
mmr,80,Indonesia,Indonesia,Southeast Asia Region,2002,283.5,288.218283242,277.149015479,300.146609388,ensemble_top4,,,,,,
mmr,80,Indonesia,Indonesia,Southeast Asia Region,2003,278.9,282.378947671,269.201430836,294.197874017,ensemble_top4,,,,,,
mmr,80,Indonesia,Indonesia,Southeast Asia Region,2004,283.3,278.223961669,265.727147793,288.991656795,ensemble_top4,,,,,,
mmr,80,Indonesia,Indonesia,Southeast Asia Region,2005,268.1,273.179750802,263.083339308,283.464025894,ensemble_top4,,,,,,
mmr,80,Indonesia,Indonesia,Southeast Asia Region,2006,264.2,266.710381461,256.599044999,276.606517744,ensemble_top4,,,,,,
mmr,80,Indonesia,Indonesia,Southeast Asia Region,2007,256.7,259.504116136,249.452865347,269.508735961,ensemble_top4,,,,,,
mmr,80,Indonesia,Indonesia,Southeast Asia Region,2008,250.9,251.688918557,241.647921827,261.464841104,ensemble_top4,,,,,,
mmr,80,Indonesia,Indonesia,Southeast Asia Region,2009,245.6,243.411093341,232.859283391,253.19091964,ensemble_top4,,,,,,
mmr,80,Indonesia,Indonesia,Southeast Asia Region,2010,241.9,234.902357261,224.614848517,244.876786448,ensemble_top4,,,,,,
mmr,80,Indonesia,Indonesia,Southeast Asia Region,2011,230.5,226.521412341,216.739128533,236.457002405,ensemble_top4,,,,,,
mmr,80,Indonesia,Indonesia,Southeast Asia Region,2012,220.3,217.850780313,207.859705021,227.613133534,ensemble_top4,,,,,,
mmr,80,Indonesia,Indonesia,Southeast Asia Region,2013,208.5,209.386980184,199.559948729,219.169132298,ensemble_top4,,,,,,
mmr,80,Indonesia,Indonesia,Southeast Asia Region,2014,198.4,200.729583322,191.29731469,210.375041747,ensemble_top4,,,,,,
mmr,80,Indonesia,Indonesia,Southeast Asia Region,2015,190.2,192.312176425,182.589250266,202.002700962,ensemble_top4,,,,,,
mmr,80,Indonesia,Indonesia,Southeast Asia Region,2016,181.8,183.886701475,174.115361082,193.573179603,ensemble_top4,,,,,,
mmr,80,Indonesia,Indonesia,Southeast Asia Region,2017,173.1,175.720012827,166.096853057,185.60315824,ensemble_top4,,,,,,
mmr,80,Indonesia,Indonesia,Southeast Asia Region,2018,168.1,167.583934506,157.611068797,178.269610995,ensemble_top4,,,,,,
mmr,80,Indonesia,Indonesia,Southeast Asia Region,2019,161.2,159.726972519,148.85933916,170.044480785,ensemble_top4,,,,,,
mmr,80,Indonesia,Indonesia,Southeast Asia Region,2020,184.4,152.255647831,140.581672398,163.301256607,ensemble_top4,32.1443521695,21.0987433934,43.818327602,32.1443521695,1.21112091819,0.191546309454
mmr,80,Indonesia,Indonesia,Southeast Asia Region,2021,226.5,144.720415807,131.987769764,157.3016536,ensemble_top4,81.779584193,69.1983463996,94.5122302364,81.779584193,1.56508671383,0.447941230658
mmr,80,Indonesia,Indonesia,Southeast Asia Region,2022,148.2,137.62122307,124.306303121,150.858372694,ensemble_top4,10.5787769299,0,23.8936968792,10.5787769299,1.07686879025,0.0740575618283
mmr,80,Indonesia,Indonesia,Southeast Asia Region,2023,140.5,130.691083926,115.750355848,144.375886738,ensemble_top4,9.80891607383,0,24.7496441516,9.80891607383,1.07505421012,0.072371088327
mmr,81,Iran,Iran (Islamic Republic of),Eastern Mediterranean,2000,43.02,43.02,42.02,43.02,ensemble_top4,,,,,,
mmr,81,Iran,Iran (Islamic Republic of),Eastern Mediterranean,2001,40.24,40.0972628072,39.0045796066,53.1516968584,ensemble_top4,,,,,,
mmr,81,Iran,Iran (Islamic Republic of),Eastern Mediterranean,2002,38.37,38.7007991784,37.577734834,46.9064854548,ensemble_top4,,,,,,
mmr,81,Iran,Iran (Islamic Republic of),Eastern Mediterranean,2003,37.13,36.7671645385,35.9532068709,42.0352137249,ensemble_top4,,,,,,
mmr,81,Iran,Iran (Islamic Republic of),Eastern Mediterranean,2004,34.31,35.0761249741,34.2441753979,38.1827886849,ensemble_top4,,,,,,
mmr,81,Iran,Iran (Islamic Republic of),Eastern Mediterranean,2005,33.02,33.5730506094,32.6440932456,35.3325377437,ensemble_top4,,,,,,
mmr,81,Iran,Iran (Islamic Republic of),Eastern Mediterranean,2006,31.69,32.1028177911,31.2654935174,33.0707379794,ensemble_top4,,,,,,
mmr,81,Iran,Iran (Islamic Republic of),Eastern Mediterranean,2007,30.68,30.679206035,29.9954667616,31.50162474,ensemble_top4,,,,,,
mmr,81,Iran,Iran (Islamic Republic of),Eastern Mediterranean,2008,29.54,29.3745534999,28.7107580206,30.1572104095,ensemble_top4,,,,,,
mmr,81,Iran,Iran (Islamic Republic of),Eastern Mediterranean,2009,28.37,28.1431784692,27.4148117378,28.9018661488,ensemble_top4,,,,,,
mmr,81,Iran,Iran (Islamic Republic of),Eastern Mediterranean,2010,27.24,27.1044441571,26.2752999671,27.8453384354,ensemble_top4,,,,,,
mmr,81,Iran,Iran (Islamic Republic of),Eastern Mediterranean,2011,26.19,26.0245258185,25.1254471827,26.7797224255,ensemble_top4,,,,,,
mmr,81,Iran,Iran (Islamic Republic of),Eastern Mediterranean,2012,25.15,24.9810698332,24.0018982011,25.7380633791,ensemble_top4,,,,,,
mmr,81,Iran,Iran (Islamic Republic of),Eastern Mediterranean,2013,24.1,23.9374222002,22.9348632162,24.7195898169,ensemble_top4,,,,,,
mmr,81,Iran,Iran (Islamic Republic of),Eastern Mediterranean,2014,23.16,22.9361590612,21.9127184536,23.7216121905,ensemble_top4,,,,,,
mmr,81,Iran,Iran (Islamic Republic of),Eastern Mediterranean,2015,22.2,21.9931333325,20.8840723003,22.7323851317,ensemble_top4,,,,,,
mmr,81,Iran,Iran (Islamic Republic of),Eastern Mediterranean,2016,21.3,21.0518569721,19.8993470424,21.8062195312,ensemble_top4,,,,,,
mmr,81,Iran,Iran (Islamic Republic of),Eastern Mediterranean,2017,20.48,20.1211686877,18.9321815925,20.8819789466,ensemble_top4,,,,,,
mmr,81,Iran,Iran (Islamic Republic of),Eastern Mediterranean,2018,19.43,19.238372144,17.9521152363,20.0165638502,ensemble_top4,,,,,,
mmr,81,Iran,Iran (Islamic Republic of),Eastern Mediterranean,2019,18.5,18.3733456162,17.0146866827,19.2160969646,ensemble_top4,,,,,,
mmr,81,Iran,Iran (Islamic Republic of),Eastern Mediterranean,2020,34.34,17.5370293355,16.1289119492,18.4405084758,ensemble_top4,16.8029706645,15.8994915242,18.2110880508,16.8029706645,1.95814235941,0.671996248006
mmr,81,Iran,Iran (Islamic Republic of),Eastern Mediterranean,2021,50.8,16.7108708076,15.2595035158,17.7089025928,ensemble_top4,34.0891291924,33.0910974072,35.5404964842,34.0891291924,3.03993733092,1.11183690038
mmr,81,Iran,Iran (Islamic Republic of),Eastern Mediterranean,2022,21.22,15.9233522847,14.4267886536,16.9788951054,ensemble_top4,5.29664771534,4.2411048946,6.79321134645,5.29664771534,1.33263395927,0.287157404292
mmr,81,Iran,Iran (Islamic Republic of),Eastern Mediterranean,2023,15.84,15.1633819133,13.6187340514,16.3185547284,ensemble_top4,0.676618086688,0,2.22126594858,0.676618086688,1.04462184561,0.043654949698
mmr,82,Iraq,Iraq,Eastern Mediterranean,2000,145.6,145.6,145.6,145.6,ensemble_top4,,,,,,
mmr,82,Iraq,Iraq,Eastern Mediterranean,2001,137.4,134.19992731,126.437396407,144.839418442,ensemble_top4,,,,,,
mmr,82,Iraq,Iraq,Eastern Mediterranean,2002,127.8,129.155523527,119.162830179,135.968894816,ensemble_top4,,,,,,
mmr,82,Iraq,Iraq,Eastern Mediterranean,2003,125.2,126.445233997,119.774608101,132.951655274,ensemble_top4,,,,,,
mmr,82,Iraq,Iraq,Eastern Mediterranean,2004,121.6,123.349569467,117.293827017,129.523922897,ensemble_top4,,,,,,
mmr,82,Iraq,Iraq,Eastern Mediterranean,2005,117.7,119.941231919,113.918602175,126.467445807,ensemble_top4,,,,,,
mmr,82,Iraq,Iraq,Eastern Mediterranean,2006,120,118.91443058,112.570600409,125.059676016,ensemble_top4,,,,,,
mmr,82,Iraq,Iraq,Eastern Mediterranean,2007,117.2,115.957007097,109.792887392,121.867965583,ensemble_top4,,,,,,
mmr,82,Iraq,Iraq,Eastern Mediterranean,2008,109,112.473050043,106.354539155,118.254290154,ensemble_top4,,,,,,
mmr,82,Iraq,Iraq,Eastern Mediterranean,2009,107,108.89003218,102.771210721,114.557245539,ensemble_top4,,,,,,
mmr,82,Iraq,Iraq,Eastern Mediterranean,2010,107.1,105.126615168,99.2495904597,111.100814366,ensemble_top4,,,,,,
mmr,82,Iraq,Iraq,Eastern Mediterranean,2011,105,101.52299343,95.6236179015,107.180309136,ensemble_top4,,,,,,
mmr,82,Iraq,Iraq,Eastern Mediterranean,2012,99.94,97.9888460092,92.1793701962,103.78247726,ensemble_top4,,,,,,
mmr,82,Iraq,Iraq,Eastern Mediterranean,2013,95.83,94.4988370481,88.7090313806,100.1987989,ensemble_top4,,,,,,
mmr,82,Iraq,Iraq,Eastern Mediterranean,2014,89.51,91.0108431914,85.329142111,96.890388256,ensemble_top4,,,,,,
mmr,82,Iraq,Iraq,Eastern Mediterranean,2015,85.91,87.6874891951,81.8702268957,93.657126629,ensemble_top4,,,,,,
mmr,82,Iraq,Iraq,Eastern Mediterranean,2016,87.09,84.4650315435,78.7127780135,90.345231492,ensemble_top4,,,,,,
mmr,82,Iraq,Iraq,Eastern Mediterranean,2017,81.35,81.22135078,75.7194718703,87.0808823285,ensemble_top4,,,,,,
mmr,82,Iraq,Iraq,Eastern Mediterranean,2018,75.58,78.1479272784,72.3334109402,84.3915283849,ensemble_top4,,,,,,
mmr,82,Iraq,Iraq,Eastern Mediterranean,2019,74.27,75.3110233474,69.2829102256,81.3125334302,ensemble_top4,,,,,,
mmr,82,Iraq,Iraq,Eastern Mediterranean,2020,63.02,72.39333628,66.4705787168,78.3292706014,ensemble_top4,0,0,0,-9.37333628002,0.870522112094,-0.138662118495
mmr,82,Iraq,Iraq,Eastern Mediterranean,2021,76.62,69.6450571533,63.5537686725,76.0160986789,ensemble_top4,6.97494284668,0.603901321135,13.0662313275,6.97494284668,1.10014986177,0.095446408495
mmr,82,Iraq,Iraq,Eastern Mediterranean,2022,58.92,66.9743342412,60.7221975619,73.5757047614,ensemble_top4,0,0,0,-8.05433424117,0.879739987976,-0.128128883379
mmr,82,Iraq,Iraq,Eastern Mediterranean,2023,65.99,64.3247761659,57.7928870582,70.8695520822,ensemble_top4,1.6652238341,0,8.19711294177,1.6652238341,1.02588775171,0.0255583369708
mmr,83,Ireland,Ireland,European Region,2000,8.04,8.04,8.04,8.04,ensemble_top4,,,,,,
mmr,83,Ireland,Ireland,European Region,2001,7.37,6.98357712411,5.97806416095,7.9423198209,ensemble_top4,,,,,,
mmr,83,Ireland,Ireland,European Region,2002,6.76,6.82614070831,5.92758296239,7.72374062136,ensemble_top4,,,,,,
mmr,83,Ireland,Ireland,European Region,2003,5.96,6.64760601435,5.73989062911,7.5296740509,ensemble_top4,,,,,,
mmr,83,Ireland,Ireland,European Region,2004,6.2,6.44461513003,5.53409058259,7.29885591699,ensemble_top4,,,,,,
mmr,83,Ireland,Ireland,European Region,2005,6.33,6.25731239011,5.36914952768,7.18428645257,ensemble_top4,,,,,,
mmr,83,Ireland,Ireland,European Region,2006,5.98,6.07524923704,5.10545385197,7.02387969557,ensemble_top4,,,,,,
mmr,83,Ireland,Ireland,European Region,2007,5.64,5.97305236041,4.94621463927,6.89121168092,ensemble_top4,,,,,,
mmr,83,Ireland,Ireland,European Region,2008,6.34,5.99575581626,5.11238093366,6.89212268838,ensemble_top4,,,,,,
mmr,83,Ireland,Ireland,European Region,2009,6.06,5.89126565482,5.00597155349,6.78008504033,ensemble_top4,,,,,,
mmr,83,Ireland,Ireland,European Region,2010,5.51,5.71145984156,4.83550596368,6.5732939485,ensemble_top4,,,,,,
mmr,83,Ireland,Ireland,European Region,2011,6.22,5.53320723887,4.67353294601,6.40188071038,ensemble_top4,,,,,,
mmr,83,Ireland,Ireland,European Region,2012,5.71,5.37177951091,4.51894967965,6.22461455723,ensemble_top4,,,,,,
mmr,83,Ireland,Ireland,European Region,2013,5.02,5.19033622097,4.33608694212,6.06170937334,ensemble_top4,,,,,,
mmr,83,Ireland,Ireland,European Region,2014,4.74,5.0143561806,4.18181059625,5.86954921478,ensemble_top4,,,,,,
mmr,83,Ireland,Ireland,European Region,2015,4.72,4.86656132008,4.02450256497,5.74184215775,ensemble_top4,,,,,,
mmr,83,Ireland,Ireland,European Region,2016,4.36,4.70755866735,3.85906946955,5.57781055478,ensemble_top4,,,,,,
mmr,83,Ireland,Ireland,European Region,2017,4.24,4.55668293838,3.72118109216,5.4375477111,ensemble_top4,,,,,,
mmr,83,Ireland,Ireland,European Region,2018,4.71,4.41613271523,3.55802068709,5.30273151626,ensemble_top4,,,,,,
mmr,83,Ireland,Ireland,European Region,2019,4.28,4.28795809078,3.38186610664,5.19684609468,ensemble_top4,,,,,,
mmr,83,Ireland,Ireland,European Region,2020,5.59,4.14232485618,3.21159557809,5.07661195588,ensemble_top4,1.44767514382,0.51338804412,2.37840442191,1.44767514382,1.34948373053,0.299722097481
mmr,83,Ireland,Ireland,European Region,2021,5.75,4.00420155186,3.07337781894,4.99407470682,ensemble_top4,1.74579844814,0.755925293183,2.67662218106,1.74579844814,1.43599165165,0.361855656995
mmr,83,Ireland,Ireland,European Region,2022,6.8,3.88059698689,2.9399494539,4.88016676026,ensemble_top4,2.91940301311,1.91983323974,3.8600505461,2.91940301311,1.75230770497,0.560933607783
mmr,83,Ireland,Ireland,European Region,2023,3.79,3.748714413,2.80309045547,4.80835186599,ensemble_top4,0.0412855869976,0,0.986909544526,0.0412855869976,1.01101326547,0.0109530610887
mmr,84,Israel,Israel,European Region,2000,8.66,8.66,7.66,8.66,ensemble_top4,,,,,,
mmr,84,Israel,Israel,European Region,2001,7.33,7.31411671051,6.79194373029,9.32123076696,ensemble_top4,,,,,,
mmr,84,Israel,Israel,European Region,2002,6.5,6.60792253034,6.05457777098,7.98498962501,ensemble_top4,,,,,,
mmr,84,Israel,Israel,European Region,2003,5.3,5.67106052318,5.23223250285,7.0774108965,ensemble_top4,,,,,,
mmr,84,Israel,Israel,European Region,2004,4.65,4.93229258058,4.31367541846,6.39908280644,ensemble_top4,,,,,,
mmr,84,Israel,Israel,European Region,2005,4.48,4.64485744431,4.08952261323,5.87324545321,ensemble_top4,,,,,,
mmr,84,Israel,Israel,European Region,2006,4.29,4.21227601621,3.74934793296,5.4363042714,ensemble_top4,,,,,,
mmr,84,Israel,Israel,European Region,2007,3.77,3.90954517532,3.47797058794,5.07044785869,ensemble_top4,,,,,,
mmr,84,Israel,Israel,European Region,2008,3.64,3.71258982401,3.28069233827,4.7731294494,ensemble_top4,,,,,,
mmr,84,Israel,Israel,European Region,2009,3.63,3.56526312388,3.13557824376,4.49894211229,ensemble_top4,,,,,,
mmr,84,Israel,Israel,European Region,2010,3.37,3.47026996795,3.02387862933,4.24240765373,ensemble_top4,,,,,,
mmr,84,Israel,Israel,European Region,2011,3.38,3.39472947352,2.97681536948,4.01052648354,ensemble_top4,,,,,,
mmr,84,Israel,Israel,European Region,2012,3.31,3.32276209554,2.89798220297,3.80599932078,ensemble_top4,,,,,,
mmr,84,Israel,Israel,European Region,2013,3.11,3.24443644231,2.85407981595,3.61653456896,ensemble_top4,,,,,,
mmr,84,Israel,Israel,European Region,2014,3.26,3.15014355116,2.78416688471,3.52059166714,ensemble_top4,,,,,,
mmr,84,Israel,Israel,European Region,2015,2.91,3.05830813699,2.66519767049,3.43476837803,ensemble_top4,,,,,,
mmr,84,Israel,Israel,European Region,2016,3.13,2.96800957425,2.49373232066,3.36832729114,ensemble_top4,,,,,,
mmr,84,Israel,Israel,European Region,2017,2.98,2.87925317085,2.27477337744,3.29732947699,ensemble_top4,,,,,,
mmr,84,Israel,Israel,European Region,2018,2.74,2.77995534896,2.05622262043,3.2388504379,ensemble_top4,,,,,,
mmr,84,Israel,Israel,European Region,2019,2.76,2.67294031693,1.84157914963,3.1994503267,ensemble_top4,,,,,,
mmr,84,Israel,Israel,European Region,2020,3.19,2.5458986208,1.62139785321,3.18974578256,ensemble_top4,0.644101379195,0.00025421744352,1.56860214679,0.644101379195,1.25299569037,0.225537236463
mmr,84,Israel,Israel,European Region,2021,3.32,2.41675778155,1.4532940512,3.18886235637,ensemble_top4,0.90324221845,0.131137643626,1.8667059488,0.90324221845,1.37374130968,0.31753790073
mmr,84,Israel,Israel,European Region,2022,3.15,2.28046653703,1.24853752409,3.20043794208,ensemble_top4,0.869533462967,0,1.90146247591,0.869533462967,1.38129630444,0.323022409298
mmr,84,Israel,Israel,European Region,2023,2.49,2.14482581723,1.09680871684,3.17970977295,ensemble_top4,0.345174182767,0,1.39319128316,0.345174182767,1.16093343338,0.149224365481
mmr,85,Italy,Italy,European Region,2000,10.62,10.62,9.62,10.62,ensemble_top4,,,,,,
mmr,85,Italy,Italy,European Region,2001,10.12,10.0723673187,8.97485718939,12.6524249254,ensemble_top4,,,,,,
mmr,85,Italy,Italy,European Region,2002,9.7,9.42381940287,8.48321761695,11.4079867148,ensemble_top4,,,,,,
mmr,85,Italy,Italy,European Region,2003,8.04,8.78993387153,7.93303214693,10.6411058995,ensemble_top4,,,,,,
mmr,85,Italy,Italy,European Region,2004,8.3,8.26256722837,7.47518037975,9.73043221851,ensemble_top4,,,,,,
mmr,85,Italy,Italy,European Region,2005,7.97,7.84377875641,6.97483543209,8.94044474036,ensemble_top4,,,,,,
mmr,85,Italy,Italy,European Region,2006,7.47,7.60107138817,6.59435229724,8.50676021936,ensemble_top4,,,,,,
mmr,85,Italy,Italy,European Region,2007,7.35,7.49003130004,6.43509565965,8.31207023942,ensemble_top4,,,,,,
mmr,85,Italy,Italy,European Region,2008,7.34,7.48070111994,6.47602830536,8.21666487228,ensemble_top4,,,,,,
mmr,85,Italy,Italy,European Region,2009,7.74,7.52561171155,6.59255461317,8.26264794641,ensemble_top4,,,,,,
mmr,85,Italy,Italy,European Region,2010,7.75,7.64622857644,6.79383043729,8.33645907651,ensemble_top4,,,,,,
mmr,85,Italy,Italy,European Region,2011,8.05,7.76535525007,6.96400049446,8.46846121037,ensemble_top4,,,,,,
mmr,85,Italy,Italy,European Region,2012,8.16,7.87908116781,7.07794878209,8.60264324844,ensemble_top4,,,,,,
mmr,85,Italy,Italy,European Region,2013,8.1,7.963385738,7.13392179922,8.73080076182,ensemble_top4,,,,,,
mmr,85,Italy,Italy,European Region,2014,7.77,8.00884992623,7.17996822604,8.75028043105,ensemble_top4,,,,,,
mmr,85,Italy,Italy,European Region,2015,7.86,7.97510118865,7.23369835951,8.75696083093,ensemble_top4,,,,,,
mmr,85,Italy,Italy,European Region,2016,7.7,7.89669932772,7.11896105246,8.65187557768,ensemble_top4,,,,,,
mmr,85,Italy,Italy,European Region,2017,7.8,7.74761861535,7.02102251899,8.4982002551,ensemble_top4,,,,,,
mmr,85,Italy,Italy,European Region,2018,7.48,7.53004250211,6.75324911685,8.47383693496,ensemble_top4,,,,,,
mmr,85,Italy,Italy,European Region,2019,7.25,7.23191694746,6.35899089692,8.42580245841,ensemble_top4,,,,,,
mmr,85,Italy,Italy,European Region,2020,7.64,6.85835898455,5.89261077364,8.47437121587,ensemble_top4,0.781641015449,0,1.74738922636,0.781641015449,1.11396910211,0.107929405137
mmr,85,Italy,Italy,European Region,2021,7.36,6.45171700632,5.31155444091,8.51669133905,ensemble_top4,0.908282993677,0,2.04844555909,0.908282993677,1.14078159237,0.131713634828
mmr,85,Italy,Italy,European Region,2022,9.79,5.99711889107,4.77047427851,8.52226495111,ensemble_top4,3.79288110893,1.26773504889,5.01952572149,3.79288110893,1.63245054464,0.490082287462
mmr,85,Italy,Italy,European Region,2023,6.48,5.55667388963,4.16186431438,8.56569048496,ensemble_top4,0.923326110368,0,2.31813568562,0.923326110368,1.16616525078,0.153720802397
mmr,86,Jamaica,Jamaica,Region of the Americas,2000,81.86,81.86,81.86,81.86,ensemble_top4,,,,,,
mmr,86,Jamaica,Jamaica,Region of the Americas,2001,82.33,77.5040123175,68.99728934,85.9331029089,ensemble_top4,,,,,,
mmr,86,Jamaica,Jamaica,Region of the Americas,2002,80.84,80.2172697623,72.3338151731,88.3536870451,ensemble_top4,,,,,,
mmr,86,Jamaica,Jamaica,Region of the Americas,2003,78.85,82.1150479143,74.3591986492,90.1952687956,ensemble_top4,,,,,,
mmr,86,Jamaica,Jamaica,Region of the Americas,2004,77.07,83.6720585176,75.8172583109,91.6796948728,ensemble_top4,,,,,,
mmr,86,Jamaica,Jamaica,Region of the Americas,2005,80.64,84.8128814607,76.9375099821,92.871801942,ensemble_top4,,,,,,
mmr,86,Jamaica,Jamaica,Region of the Americas,2006,88.85,86.026181961,78.0851375648,93.81229554,ensemble_top4,,,,,,
mmr,86,Jamaica,Jamaica,Region of the Americas,2007,88.55,87.0924124885,79.2811433389,94.9749738543,ensemble_top4,,,,,,
mmr,86,Jamaica,Jamaica,Region of the Americas,2008,90.95,88.2741994147,80.2786097676,95.9895020796,ensemble_top4,,,,,,
mmr,86,Jamaica,Jamaica,Region of the Americas,2009,92.73,89.2046246106,81.1056586861,97.2137238853,ensemble_top4,,,,,,
mmr,86,Jamaica,Jamaica,Region of the Americas,2010,94.21,90.3630251678,82.5189895463,98.0882388065,ensemble_top4,,,,,,
mmr,86,Jamaica,Jamaica,Region of the Americas,2011,89.42,91.479486191,83.5985659811,99.5345388018,ensemble_top4,,,,,,
mmr,86,Jamaica,Jamaica,Region of the Americas,2012,88.92,92.7563996029,84.6538968277,100.616933371,ensemble_top4,,,,,,
mmr,86,Jamaica,Jamaica,Region of the Americas,2013,93.9,94.4193785708,86.0852607224,102.61458711,ensemble_top4,,,,,,
mmr,86,Jamaica,Jamaica,Region of the Americas,2014,99.82,96.5801129361,88.2485813321,104.928882587,ensemble_top4,,,,,,
mmr,86,Jamaica,Jamaica,Region of the Americas,2015,100.3,99.2969982167,90.9086088467,107.844456355,ensemble_top4,,,,,,
mmr,86,Jamaica,Jamaica,Region of the Americas,2016,102.1,102.611572646,94.1269325477,111.368268171,ensemble_top4,,,,,,
mmr,86,Jamaica,Jamaica,Region of the Americas,2017,105.6,106.535689967,97.6147180495,115.629162787,ensemble_top4,,,,,,
mmr,86,Jamaica,Jamaica,Region of the Americas,2018,112.2,111.544181873,102.348690367,121.398655983,ensemble_top4,,,,,,
mmr,86,Jamaica,Jamaica,Region of the Americas,2019,120.1,117.818786251,107.470090141,129.324054783,ensemble_top4,,,,,,
mmr,86,Jamaica,Jamaica,Region of the Americas,2020,126.2,125.207527985,112.85640054,141.328859444,ensemble_top4,0.992472015191,0,13.3435994604,0.992472015191,1.00792661616,0.00789536557452
mmr,86,Jamaica,Jamaica,Region of the Americas,2021,186.3,134.878824559,116.956565158,159.657474304,ensemble_top4,51.4211754407,26.6425256964,69.3434348417,51.4211754407,1.38123979512,0.322981498107
mmr,86,Jamaica,Jamaica,Region of the Americas,2022,137.6,146.497040434,121.371013535,185.205116205,ensemble_top4,0,0,16.2289864649,-8.89704043386,0.93926812168,-0.0626543009372
mmr,86,Jamaica,Jamaica,Region of the Americas,2023,130.1,160.430800757,125.359845969,221.645590538,ensemble_top4,0,0,4.74015403127,-30.3308007569,0.810941536078,-0.209559316148
mmr,87,Japan,Japan,Western Pacific Region,2000,8.81,8.81,8.81,8.81,ensemble_top4,,,,,,
mmr,87,Japan,Japan,Western Pacific Region,2001,8.26,8.14279840545,7.90582357841,8.32379915291,ensemble_top4,,,,,,
mmr,87,Japan,Japan,Western Pacific Region,2002,7.8,7.87052577639,7.66965205086,8.03632138561,ensemble_top4,,,,,,
mmr,87,Japan,Japan,Western Pacific Region,2003,7.57,7.59780329141,7.42497240233,7.75242001801,ensemble_top4,,,,,,
mmr,87,Japan,Japan,Western Pacific Region,2004,7.37,7.32965509091,7.16854646297,7.49448916077,ensemble_top4,,,,,,
mmr,87,Japan,Japan,Western Pacific Region,2005,7.16,7.07057687272,6.90926423769,7.25250945443,ensemble_top4,,,,,,
mmr,87,Japan,Japan,Western Pacific Region,2006,6.81,6.82102842592,6.65884681811,7.01511288452,ensemble_top4,,,,,,
mmr,87,Japan,Japan,Western Pacific Region,2007,6.48,6.58319446147,6.40231363837,6.7817398295,ensemble_top4,,,,,,
mmr,87,Japan,Japan,Western Pacific Region,2008,6.39,6.37864020887,6.22171517797,6.56170642226,ensemble_top4,,,,,,
mmr,87,Japan,Japan,Western Pacific Region,2009,6.17,6.16334326565,6.00938527639,6.34950697821,ensemble_top4,,,,,,
mmr,87,Japan,Japan,Western Pacific Region,2010,5.95,5.95731747045,5.80553757511,6.13884905259,ensemble_top4,,,,,,
mmr,87,Japan,Japan,Western Pacific Region,2011,5.71,5.75879837701,5.60468983525,5.94322831198,ensemble_top4,,,,,,
mmr,87,Japan,Japan,Western Pacific Region,2012,5.51,5.56885680166,5.41837751741,5.74903718258,ensemble_top4,,,,,,
mmr,87,Japan,Japan,Western Pacific Region,2013,5.37,5.39105258367,5.24163310148,5.56518664262,ensemble_top4,,,,,,
mmr,87,Japan,Japan,Western Pacific Region,2014,5.25,5.21958347645,5.06238351433,5.38627829984,ensemble_top4,,,,,,
mmr,87,Japan,Japan,Western Pacific Region,2015,5.04,5.05751073893,4.90212040931,5.22766575953,ensemble_top4,,,,,,
mmr,87,Japan,Japan,Western Pacific Region,2016,4.92,4.90520171623,4.73318308682,5.07480898495,ensemble_top4,,,,,,
mmr,87,Japan,Japan,Western Pacific Region,2017,4.76,4.78594314021,4.59714319198,4.96258256521,ensemble_top4,,,,,,
mmr,87,Japan,Japan,Western Pacific Region,2018,4.73,4.68236152463,4.45629356232,4.87846297822,ensemble_top4,,,,,,
mmr,87,Japan,Japan,Western Pacific Region,2019,4.64,4.55761707216,4.29842570472,4.75439909042,ensemble_top4,,,,,,
mmr,87,Japan,Japan,Western Pacific Region,2020,4.29,4.44417758268,4.15140244051,4.65920756985,ensemble_top4,0,0,0.138597559488,-0.154177582684,0.965307960851,-0.0353080981391
mmr,87,Japan,Japan,Western Pacific Region,2021,4.11,4.33036312124,4.00638000116,4.59865622108,ensemble_top4,0,0,0.103619998838,-0.220363121235,0.949112091742,-0.0522283717072
mmr,87,Japan,Japan,Western Pacific Region,2022,5.34,4.23047641483,3.87270035306,4.54326166382,ensemble_top4,1.10952358517,0.796738336181,1.46729964694,1.10952358517,1.26226918115,0.232911038637
mmr,87,Japan,Japan,Western Pacific Region,2023,3.08,4.12210540867,3.72588325169,4.53491754547,ensemble_top4,0,0,0,-1.04210540867,0.747190984859,-0.291434457372
mmr,88,Jordan,Jordan,Eastern Mediterranean,2000,61.37,61.37,60.37,61.37,ensemble_top4,,,,,,
mmr,88,Jordan,Jordan,Eastern Mediterranean,2001,59.57,59.4815162538,56.1249359555,80.9442202597,ensemble_top4,,,,,,
mmr,88,Jordan,Jordan,Eastern Mediterranean,2002,57.83,58.4508498909,55.1809433081,77.256810568,ensemble_top4,,,,,,
mmr,88,Jordan,Jordan,Eastern Mediterranean,2003,56.1,56.4967628207,53.7835554875,71.599022278,ensemble_top4,,,,,,
mmr,88,Jordan,Jordan,Eastern Mediterranean,2004,54.35,54.7999269989,52.0280540119,65.5334582603,ensemble_top4,,,,,,
mmr,88,Jordan,Jordan,Eastern Mediterranean,2005,52.77,53.3136594473,50.4783046226,60.868404895,ensemble_top4,,,,,,
mmr,88,Jordan,Jordan,Eastern Mediterranean,2006,48.79,51.9520704683,49.2614055918,57.4206755893,ensemble_top4,,,,,,
mmr,88,Jordan,Jordan,Eastern Mediterranean,2007,50.47,50.8596996967,48.2039474896,54.7663774288,ensemble_top4,,,,,,
mmr,88,Jordan,Jordan,Eastern Mediterranean,2008,49.78,49.9925193663,47.0744779545,52.859810303,ensemble_top4,,,,,,
mmr,88,Jordan,Jordan,Eastern Mediterranean,2009,48.86,48.9269402787,45.8169446858,51.3140279332,ensemble_top4,,,,,,
mmr,88,Jordan,Jordan,Eastern Mediterranean,2010,48.33,47.9064556442,45.0725978026,50.2393007766,ensemble_top4,,,,,,
mmr,88,Jordan,Jordan,Eastern Mediterranean,2011,47.43,46.6675539288,43.8775391135,49.1853525463,ensemble_top4,,,,,,
mmr,88,Jordan,Jordan,Eastern Mediterranean,2012,47.13,45.316011635,42.4319129156,47.8373328131,ensemble_top4,,,,,,
mmr,88,Jordan,Jordan,Eastern Mediterranean,2013,43.94,43.9314299948,41.0297593257,46.6516681485,ensemble_top4,,,,,,
mmr,88,Jordan,Jordan,Eastern Mediterranean,2014,42.76,42.3780346349,39.3436064804,45.0376428677,ensemble_top4,,,,,,
mmr,88,Jordan,Jordan,Eastern Mediterranean,2015,41.21,40.8314759435,37.4600625267,43.5256401891,ensemble_top4,,,,,,
mmr,88,Jordan,Jordan,Eastern Mediterranean,2016,40.38,39.2944730161,35.62262251,42.0210263002,ensemble_top4,,,,,,
mmr,88,Jordan,Jordan,Eastern Mediterranean,2017,38.24,37.7027446213,33.6328373159,40.8075732532,ensemble_top4,,,,,,
mmr,88,Jordan,Jordan,Eastern Mediterranean,2018,36.22,36.1832747238,31.6826115777,39.7644915131,ensemble_top4,,,,,,
mmr,88,Jordan,Jordan,Eastern Mediterranean,2019,34.74,34.6841467026,29.7747879753,38.6430929955,ensemble_top4,,,,,,
mmr,88,Jordan,Jordan,Eastern Mediterranean,2020,40.85,33.1580586024,27.8688142729,37.5096331752,ensemble_top4,7.69194139763,3.34036682484,12.9811857271,7.69194139763,1.23197803858,0.208621039123
mmr,88,Jordan,Jordan,Eastern Mediterranean,2021,78.51,31.7104384263,25.9937775303,36.7133029886,ensemble_top4,46.7995615737,41.7966970114,52.5162224697,46.7995615737,2.47584088698,0.906580090633
mmr,88,Jordan,Jordan,Eastern Mediterranean,2022,35.1,30.3490521911,24.262399303,35.620476336,ensemble_top4,4.75094780891,0,10.837600697,4.75094780891,1.15654353154,0.145435842743
mmr,88,Jordan,Jordan,Eastern Mediterranean,2023,30.78,29.1930456629,22.4647396727,34.7982886309,ensemble_top4,1.58695433708,0,8.31526032734,1.58695433708,1.05436069793,0.0529346097304
mmr,89,Kazakhstan,Kazakhstan,European Region,2000,57.91,57.91,57.91,57.91,ensemble_top4,,,,,,
mmr,89,Kazakhstan,Kazakhstan,European Region,2001,52.92,52.0153345064,49.8340060042,54.7189481112,ensemble_top4,,,,,,
mmr,89,Kazakhstan,Kazakhstan,European Region,2002,48.35,49.2610424715,47.0764916569,51.346238688,ensemble_top4,,,,,,
mmr,89,Kazakhstan,Kazakhstan,European Region,2003,44.51,45.4353233468,43.1385301314,47.4694251068,ensemble_top4,,,,,,
mmr,89,Kazakhstan,Kazakhstan,European Region,2004,41.22,41.2146142015,38.8749541106,43.2932685423,ensemble_top4,,,,,,
mmr,89,Kazakhstan,Kazakhstan,European Region,2005,37.87,37.6595609283,35.4990047949,39.763144954,ensemble_top4,,,,,,
mmr,89,Kazakhstan,Kazakhstan,European Region,2006,34.82,34.1930651286,31.9741099375,36.578023584,ensemble_top4,,,,,,
mmr,89,Kazakhstan,Kazakhstan,European Region,2007,31.79,30.7246178219,28.6520077506,32.779027558,ensemble_top4,,,,,,
mmr,89,Kazakhstan,Kazakhstan,European Region,2008,28.49,27.438898824,25.5176774509,29.4357676641,ensemble_top4,,,,,,
mmr,89,Kazakhstan,Kazakhstan,European Region,2009,24.81,24.4440298709,22.5782464612,26.6469547769,ensemble_top4,,,,,,
mmr,89,Kazakhstan,Kazakhstan,European Region,2010,21.6,21.8839845263,19.9732691328,24.051650521,ensemble_top4,,,,,,
mmr,89,Kazakhstan,Kazakhstan,European Region,2011,18.81,19.482398046,17.6464611221,21.8965864472,ensemble_top4,,,,,,
mmr,89,Kazakhstan,Kazakhstan,European Region,2012,16.53,17.4597562794,15.6444562696,19.8079637881,ensemble_top4,,,,,,
mmr,89,Kazakhstan,Kazakhstan,European Region,2013,14.87,15.667075272,13.8345600638,17.9902918472,ensemble_top4,,,,,,
mmr,89,Kazakhstan,Kazakhstan,European Region,2014,13.7,14.4745531003,12.509076759,16.5549576746,ensemble_top4,,,,,,
mmr,89,Kazakhstan,Kazakhstan,European Region,2015,12.77,13.330570306,11.2108697882,15.4430611083,ensemble_top4,,,,,,
mmr,89,Kazakhstan,Kazakhstan,European Region,2016,12.18,12.3755868474,10.0661232022,14.5357161749,ensemble_top4,,,,,,
mmr,89,Kazakhstan,Kazakhstan,European Region,2017,11.65,11.5260814975,9.09311494698,13.9016322971,ensemble_top4,,,,,,
mmr,89,Kazakhstan,Kazakhstan,European Region,2018,11.34,10.9209610498,8.03790607214,13.6292239891,ensemble_top4,,,,,,
mmr,89,Kazakhstan,Kazakhstan,European Region,2019,10.93,10.437560252,7.20037022661,13.6739750748,ensemble_top4,,,,,,
mmr,89,Kazakhstan,Kazakhstan,European Region,2020,17.91,10.0847884438,6.32946971971,14.0134012941,ensemble_top4,7.82521155616,3.8965987059,11.5805302803,7.82521155616,1.77594206361,0.574331022196
mmr,89,Kazakhstan,Kazakhstan,European Region,2021,22.68,9.8127284081,5.56677660821,15.2049935286,ensemble_top4,12.8672715919,7.4750064714,17.1132233918,12.8672715919,2.31128377927,0.837803118763
mmr,89,Kazakhstan,Kazakhstan,European Region,2022,14.05,9.59183503148,4.80035312627,17.4206647466,ensemble_top4,4.45816496852,0,9.24964687373,4.45816496852,1.46478749414,0.381710176756
mmr,89,Kazakhstan,Kazakhstan,European Region,2023,9.58,9.34554995387,4.1338434864,21.2056823246,ensemble_top4,0.234450046126,0,5.4461565136,0.234450046126,1.02508681108,0.0247773027401
mmr,90,Kenya,Kenya,African Region,2000,445.1,445.1,445.1,445.1,ensemble_top4,,,,,,
mmr,90,Kenya,Kenya,African Region,2001,433.4,424.238666615,402.874233969,445.966593815,ensemble_top4,,,,,,
mmr,90,Kenya,Kenya,African Region,2002,436.4,429.074394643,405.20814875,466.705247533,ensemble_top4,,,,,,
mmr,90,Kenya,Kenya,African Region,2003,428.8,425.321084068,404.875362659,446.598986096,ensemble_top4,,,,,,
mmr,90,Kenya,Kenya,African Region,2004,426,424.691923766,401.205188487,446.920352278,ensemble_top4,,,,,,
mmr,90,Kenya,Kenya,African Region,2005,433.6,430.328483431,408.246566309,453.901207722,ensemble_top4,,,,,,
mmr,90,Kenya,Kenya,African Region,2006,449.6,445.474870687,419.978243698,470.835294257,ensemble_top4,,,,,,
mmr,90,Kenya,Kenya,African Region,2007,474.9,466.53183483,442.894299278,489.995116078,ensemble_top4,,,,,,
mmr,90,Kenya,Kenya,African Region,2008,484,485.442126572,462.651814215,508.133134486,ensemble_top4,,,,,,
mmr,90,Kenya,Kenya,African Region,2009,498.3,497.843882902,475.739145905,521.119699491,ensemble_top4,,,,,,
mmr,90,Kenya,Kenya,African Region,2010,498.4,502.65017331,480.090469032,524.051723412,ensemble_top4,,,,,,
mmr,90,Kenya,Kenya,African Region,2011,494.8,499.311063701,475.940881859,520.669875068,ensemble_top4,,,,,,
mmr,90,Kenya,Kenya,African Region,2012,496.6,490.552595448,467.569710546,511.945238196,ensemble_top4,,,,,,
mmr,90,Kenya,Kenya,African Region,2013,485.1,479.090886715,455.207204562,501.167069131,ensemble_top4,,,,,,
mmr,90,Kenya,Kenya,African Region,2014,471.9,467.637405111,444.33697777,490.681666584,ensemble_top4,,,,,,
mmr,90,Kenya,Kenya,African Region,2015,453.4,456.826082961,435.027750953,478.95324787,ensemble_top4,,,,,,
mmr,90,Kenya,Kenya,African Region,2016,440.9,447.53324948,427.217054752,467.766095283,ensemble_top4,,,,,,
mmr,90,Kenya,Kenya,African Region,2017,427.6,439.082350639,418.664170677,460.919837081,ensemble_top4,,,,,,
mmr,90,Kenya,Kenya,African Region,2018,428,432.430211897,404.838330762,455.679209036,ensemble_top4,,,,,,
mmr,90,Kenya,Kenya,African Region,2019,414.9,429.173333094,388.229100481,452.862677555,ensemble_top4,,,,,,
mmr,90,Kenya,Kenya,African Region,2020,421.2,426.936952735,370.849387266,451.224995972,ensemble_top4,0,0,50.3506127338,-5.73695273522,0.986562529436,-0.0135285703933
mmr,90,Kenya,Kenya,African Region,2021,420.9,425.569141857,352.57957712,449.135573788,ensemble_top4,0,0,68.3204228796,-4.66914185731,0.989028476461,-0.0110321545878
mmr,90,Kenya,Kenya,African Region,2022,388.4,424.423807696,335.562629474,449.107568615,ensemble_top4,0,0,52.837370526,-36.0238076958,0.915123027873,-0.0886967660532
mmr,90,Kenya,Kenya,African Region,2023,378.8,423.801966459,318.006127399,447.682989397,ensemble_top4,0,0,60.7938726011,-45.001966459,0.893813691251,-0.112257924575
mmr,91,Kiribati,Kiribati,Western Pacific Region,2000,118.5,118.5,118.5,118.5,ensemble_top4,,,,,,
mmr,91,Kiribati,Kiribati,Western Pacific Region,2001,113.3,111.576491269,106.429147144,116.314623458,ensemble_top4,,,,,,
mmr,91,Kiribati,Kiribati,Western Pacific Region,2002,109.4,109.680100213,105.289800817,113.985095539,ensemble_top4,,,,,,
mmr,91,Kiribati,Kiribati,Western Pacific Region,2003,105.5,107.764829573,103.44607185,112.083034426,ensemble_top4,,,,,,
mmr,91,Kiribati,Kiribati,Western Pacific Region,2004,105.6,105.760789588,101.24448165,110.213116747,ensemble_top4,,,,,,
mmr,91,Kiribati,Kiribati,Western Pacific Region,2005,103.6,103.867491637,98.9944741018,108.453783408,ensemble_top4,,,,,,
mmr,91,Kiribati,Kiribati,Western Pacific Region,2006,102.3,102.677267204,98.109247501,106.903122725,ensemble_top4,,,,,,
mmr,91,Kiribati,Kiribati,Western Pacific Region,2007,100.7,101.557489778,96.8303593542,106.167419752,ensemble_top4,,,,,,
mmr,91,Kiribati,Kiribati,Western Pacific Region,2008,100.4,100.31683422,95.3669311883,105.008802548,ensemble_top4,,,,,,
mmr,91,Kiribati,Kiribati,Western Pacific Region,2009,99.09,99.602199975,95.2376083812,104.212693515,ensemble_top4,,,,,,
mmr,91,Kiribati,Kiribati,Western Pacific Region,2010,101.9,98.4261185427,94.0601440375,102.821052247,ensemble_top4,,,,,,
mmr,91,Kiribati,Kiribati,Western Pacific Region,2011,98.48,97.0765285976,92.8177175779,101.380642017,ensemble_top4,,,,,,
mmr,91,Kiribati,Kiribati,Western Pacific Region,2012,97.65,95.8126239098,91.5684819077,99.8912049135,ensemble_top4,,,,,,
mmr,91,Kiribati,Kiribati,Western Pacific Region,2013,92.91,94.4464841386,90.2843987848,98.6212914207,ensemble_top4,,,,,,
mmr,91,Kiribati,Kiribati,Western Pacific Region,2014,91.4,93.1307026197,89.0410838269,97.3409759507,ensemble_top4,,,,,,
mmr,91,Kiribati,Kiribati,Western Pacific Region,2015,90.39,91.7209867009,87.633558336,95.9228602676,ensemble_top4,,,,,,
mmr,91,Kiribati,Kiribati,Western Pacific Region,2016,88.1,90.3546958864,86.1638632667,94.6824406557,ensemble_top4,,,,,,
mmr,91,Kiribati,Kiribati,Western Pacific Region,2017,89.64,89.0560131341,84.8663682981,93.303170803,ensemble_top4,,,,,,
mmr,91,Kiribati,Kiribati,Western Pacific Region,2018,86.88,87.7241946029,83.3664757742,92.0019234456,ensemble_top4,,,,,,
mmr,91,Kiribati,Kiribati,Western Pacific Region,2019,89.15,86.3824642856,81.8140931781,90.6286144598,ensemble_top4,,,,,,
mmr,91,Kiribati,Kiribati,Western Pacific Region,2020,88.97,84.9587597209,80.1868248864,89.5626654559,ensemble_top4,4.01124027912,0,8.7831751136,4.01124027912,1.04721396937,0.0461332752586
mmr,91,Kiribati,Kiribati,Western Pacific Region,2021,121.7,83.6277886284,78.5191388706,88.5293839813,ensemble_top4,38.0722113716,33.1706160187,43.1808611294,38.0722113716,1.45525789927,0.375183135275
mmr,91,Kiribati,Kiribati,Western Pacific Region,2022,86.02,82.2383604023,76.4259179313,87.2679195127,ensemble_top4,3.78163959771,0,9.59408206875,3.78163959771,1.04598388853,0.0449579625901
mmr,91,Kiribati,Kiribati,Western Pacific Region,2023,79.76,80.8810217878,74.4556054591,86.1062607307,ensemble_top4,0,0,5.30439454092,-1.12102178782,0.986139866151,-0.0139570823594
mmr,92,Kuwait,Kuwait,Eastern Mediterranean,2000,11.24,11.24,11.24,11.24,ranked_top1_fallback,,,,,,
mmr,92,Kuwait,Kuwait,Eastern Mediterranean,2001,11.18,11.1389750334,10.9305851126,11.3544417054,ranked_top1_fallback,,,,,,
mmr,92,Kuwait,Kuwait,Eastern Mediterranean,2002,10.99,11.0915593531,10.924167737,11.2642123198,ranked_top1_fallback,,,,,,
mmr,92,Kuwait,Kuwait,Eastern Mediterranean,2003,10.83,10.8424960175,10.6734966499,11.0104480369,ranked_top1_fallback,,,,,,
mmr,92,Kuwait,Kuwait,Eastern Mediterranean,2004,10.67,10.5272923811,10.3579996653,10.685499663,ranked_top1_fallback,,,,,,
mmr,92,Kuwait,Kuwait,Eastern Mediterranean,2005,10.2,10.1977028108,10.0373139393,10.3633795376,ranked_top1_fallback,,,,,,
mmr,92,Kuwait,Kuwait,Eastern Mediterranean,2006,9.83,9.87831135369,9.71732878664,10.0369976044,ranked_top1_fallback,,,,,,
mmr,92,Kuwait,Kuwait,Eastern Mediterranean,2007,9.51,9.56807904755,9.40739454467,9.72655664287,ranked_top1_fallback,,,,,,
mmr,92,Kuwait,Kuwait,Eastern Mediterranean,2008,9.29,9.28089409607,9.1196999425,9.4384434651,ranked_top1_fallback,,,,,,
mmr,92,Kuwait,Kuwait,Eastern Mediterranean,2009,9.08,9.0092701533,8.85464766226,9.1704174118,ranked_top1_fallback,,,,,,
mmr,92,Kuwait,Kuwait,Eastern Mediterranean,2010,8.79,8.76602837855,8.60707838105,8.92617396663,ranked_top1_fallback,,,,,,
mmr,92,Kuwait,Kuwait,Eastern Mediterranean,2011,8.47,8.54525162137,8.38563829202,8.7122235129,ranked_top1_fallback,,,,,,
mmr,92,Kuwait,Kuwait,Eastern Mediterranean,2012,8.38,8.34846578191,8.18621464042,8.50717357682,ranked_top1_fallback,,,,,,
mmr,92,Kuwait,Kuwait,Eastern Mediterranean,2013,8.1,8.17581015077,8.01691269809,8.33484135986,ranked_top1_fallback,,,,,,
mmr,92,Kuwait,Kuwait,Eastern Mediterranean,2014,8.07,8.02023539144,7.86429605909,8.17845727384,ranked_top1_fallback,,,,,,
mmr,92,Kuwait,Kuwait,Eastern Mediterranean,2015,7.86,7.88214690649,7.72187624142,8.04681876509,ranked_top1_fallback,,,,,,
mmr,92,Kuwait,Kuwait,Eastern Mediterranean,2016,7.78,7.76390183234,7.60392345886,7.9253955879,ranked_top1_fallback,,,,,,
mmr,92,Kuwait,Kuwait,Eastern Mediterranean,2017,7.75,7.66034415347,7.49637427002,7.8204583533,ranked_top1_fallback,,,,,,
mmr,92,Kuwait,Kuwait,Eastern Mediterranean,2018,7.51,7.56574651001,7.40066429888,7.72924603215,ranked_top1_fallback,,,,,,
mmr,92,Kuwait,Kuwait,Eastern Mediterranean,2019,7.48,7.48892953922,7.31280031236,7.65662405858,ranked_top1_fallback,,,,,,
mmr,92,Kuwait,Kuwait,Eastern Mediterranean,2020,32.92,7.4165252462,7.23567063232,7.59616100518,ranked_top1_fallback,25.5034747538,25.3238389948,25.6843293677,25.5034747538,4.4387363229,1.49036972397
mmr,92,Kuwait,Kuwait,Eastern Mediterranean,2021,74.76,7.36025213409,7.17612572837,7.54503931524,ranked_top1_fallback,67.3997478659,67.2149606848,67.5838742716,67.3997478659,10.1572607348,2.31818879308
mmr,92,Kuwait,Kuwait,Eastern Mediterranean,2022,7.73,7.30516271906,7.11542332732,7.50038209537,ranked_top1_fallback,0.424837280939,0.229617904626,0.614576672675,0.424837280939,1.05815575878,0.0565275426193
mmr,92,Kuwait,Kuwait,Eastern Mediterranean,2023,7.75,7.26050865052,7.06398598908,7.46079170539,ranked_top1_fallback,0.489491349484,0.289208294612,0.686014010925,0.489491349484,1.06741832743,0.0652429549282
mmr,93,Kyrgyzstan,Kyrgyzstan,European Region,2000,71.99,71.99,71.99,71.99,ensemble_top4,,,,,,
mmr,93,Kyrgyzstan,Kyrgyzstan,European Region,2001,72.2,69.5444136255,63.9773816778,75.2397486432,ensemble_top4,,,,,,
mmr,93,Kyrgyzstan,Kyrgyzstan,European Region,2002,73.59,74.0351072253,69.3359696074,78.7935387024,ensemble_top4,,,,,,
mmr,93,Kyrgyzstan,Kyrgyzstan,European Region,2003,74.68,76.0971759201,71.4496987008,80.894389523,ensemble_top4,,,,,,
mmr,93,Kyrgyzstan,Kyrgyzstan,European Region,2004,74.27,76.6562458378,71.4010593436,81.354033277,ensemble_top4,,,,,,
mmr,93,Kyrgyzstan,Kyrgyzstan,European Region,2005,74.46,76.1831554013,70.2593133834,81.2824039307,ensemble_top4,,,,,,
mmr,93,Kyrgyzstan,Kyrgyzstan,European Region,2006,76.25,76.191754966,71.2436336982,81.1929260731,ensemble_top4,,,,,,
mmr,93,Kyrgyzstan,Kyrgyzstan,European Region,2007,75.11,74.9413744535,69.7012195821,79.8105768773,ensemble_top4,,,,,,
mmr,93,Kyrgyzstan,Kyrgyzstan,European Region,2008,73.33,73.2831649716,68.5153811571,77.8740037107,ensemble_top4,,,,,,
mmr,93,Kyrgyzstan,Kyrgyzstan,European Region,2009,70.75,71.7987470832,66.8843531165,76.7316815927,ensemble_top4,,,,,,
mmr,93,Kyrgyzstan,Kyrgyzstan,European Region,2010,70.9,69.7443379922,65.3089588904,74.4871270404,ensemble_top4,,,,,,
mmr,93,Kyrgyzstan,Kyrgyzstan,European Region,2011,69.82,67.5128381408,63.1488305566,72.1181198837,ensemble_top4,,,,,,
mmr,93,Kyrgyzstan,Kyrgyzstan,European Region,2012,67.21,64.9988525383,60.463125284,69.348279489,ensemble_top4,,,,,,
mmr,93,Kyrgyzstan,Kyrgyzstan,European Region,2013,63.7,62.435772064,57.9831436658,66.8700878331,ensemble_top4,,,,,,
mmr,93,Kyrgyzstan,Kyrgyzstan,European Region,2014,61.89,59.8536168722,55.3786922263,64.156965891,ensemble_top4,,,,,,
mmr,93,Kyrgyzstan,Kyrgyzstan,European Region,2015,57.72,57.2977069296,52.698231693,61.6910618317,ensemble_top4,,,,,,
mmr,93,Kyrgyzstan,Kyrgyzstan,European Region,2016,53.16,54.8015633123,50.3299185496,59.2734330414,ensemble_top4,,,,,,
mmr,93,Kyrgyzstan,Kyrgyzstan,European Region,2017,48.66,52.2598918008,48.0420804341,56.7409944701,ensemble_top4,,,,,,
mmr,93,Kyrgyzstan,Kyrgyzstan,European Region,2018,49.33,49.8990449912,45.3638305602,54.6241729912,ensemble_top4,,,,,,
mmr,93,Kyrgyzstan,Kyrgyzstan,European Region,2019,46.98,47.5941716387,42.9838487102,52.1260286128,ensemble_top4,,,,,,
mmr,93,Kyrgyzstan,Kyrgyzstan,European Region,2020,55.14,45.2446182088,40.6565911478,50.0215841764,ensemble_top4,9.89538179121,5.11841582356,14.4834088522,9.89538179121,1.21870848253,0.197791677135
mmr,93,Kyrgyzstan,Kyrgyzstan,European Region,2021,70.22,43.1574193004,38.4867160835,48.0468661368,ensemble_top4,27.0625806996,22.1731338632,31.7332839165,27.0625806996,1.6270667046,0.486778825919
mmr,93,Kyrgyzstan,Kyrgyzstan,European Region,2022,43.72,41.0231447144,36.0162736618,46.1541499952,ensemble_top4,2.69685528563,0,7.70372633816,2.69685528563,1.0657398477,0.0636692506487
mmr,93,Kyrgyzstan,Kyrgyzstan,European Region,2023,41.9,38.9487142766,33.9815669612,44.3381722499,ensemble_top4,2.9512857234,0,7.91843303878,2.9512857234,1.07577363665,0.0730400647427
mmr,94,Laos,Lao People's Democratic Republic,Western Pacific Region,2000,609.1,609.1,609.1,609.1,ensemble_top4,,,,,,
mmr,94,Laos,Lao People's Democratic Republic,Western Pacific Region,2001,573.6,569.854904318,551.438661346,588.118576251,ensemble_top4,,,,,,
mmr,94,Laos,Lao People's Democratic Republic,Western Pacific Region,2002,550.4,554.60061208,537.490306117,570.995319533,ensemble_top4,,,,,,
mmr,94,Laos,Lao People's Democratic Republic,Western Pacific Region,2003,524.3,527.444992349,510.950336177,544.431297996,ensemble_top4,,,,,,
mmr,94,Laos,Lao People's Democratic Republic,Western Pacific Region,2004,492.5,494.893468062,478.347941825,512.271487053,ensemble_top4,,,,,,
mmr,94,Laos,Lao People's Democratic Republic,Western Pacific Region,2005,458.4,462.497773606,445.960493457,478.954504044,ensemble_top4,,,,,,
mmr,94,Laos,Lao People's Democratic Republic,Western Pacific Region,2006,431.8,429.312448367,411.860125115,446.749121189,ensemble_top4,,,,,,
mmr,94,Laos,Lao People's Democratic Republic,Western Pacific Region,2007,401.9,395.366710782,379.211082321,411.463670526,ensemble_top4,,,,,,
mmr,94,Laos,Lao People's Democratic Republic,Western Pacific Region,2008,374.4,361.657155849,346.371414992,378.800717281,ensemble_top4,,,,,,
mmr,94,Laos,Lao People's Democratic Republic,Western Pacific Region,2009,336.4,332.640087594,315.456705686,364.078974545,ensemble_top4,,,,,,
mmr,94,Laos,Lao People's Democratic Republic,Western Pacific Region,2010,304.6,300.847480579,285.253631343,317.082086392,ensemble_top4,,,,,,
mmr,94,Laos,Lao People's Democratic Republic,Western Pacific Region,2011,267.3,272.140265875,257.38787222,288.101262068,ensemble_top4,,,,,,
mmr,94,Laos,Lao People's Democratic Republic,Western Pacific Region,2012,240.8,247.326652814,232.016200896,262.717418154,ensemble_top4,,,,,,
mmr,94,Laos,Lao People's Democratic Republic,Western Pacific Region,2013,215.4,223.701648637,207.675549543,240.048227706,ensemble_top4,,,,,,
mmr,94,Laos,Lao People's Democratic Republic,Western Pacific Region,2014,192.8,203.61710509,188.054275344,218.976654913,ensemble_top4,,,,,,
mmr,94,Laos,Lao People's Democratic Republic,Western Pacific Region,2015,179.6,185.611422866,169.775768981,201.161123331,ensemble_top4,,,,,,
mmr,94,Laos,Lao People's Democratic Republic,Western Pacific Region,2016,164.8,168.772030313,152.919481076,184.901548032,ensemble_top4,,,,,,
mmr,94,Laos,Lao People's Democratic Republic,Western Pacific Region,2017,153.7,153.673315303,137.818266756,170.398186877,ensemble_top4,,,,,,
mmr,94,Laos,Lao People's Democratic Republic,Western Pacific Region,2018,144.8,140.146222513,123.171923266,158.510396749,ensemble_top4,,,,,,
mmr,94,Laos,Lao People's Democratic Republic,Western Pacific Region,2019,136.5,127.876132562,110.666864695,148.121306213,ensemble_top4,,,,,,
mmr,94,Laos,Lao People's Democratic Republic,Western Pacific Region,2020,132,116.380826931,98.3754928991,140.144389683,ensemble_top4,15.6191730688,0,33.6245071009,15.6191730688,1.1342074419,0.125934117942
mmr,94,Laos,Lao People's Democratic Republic,Western Pacific Region,2021,138.9,106.081490154,88.2156402075,133.352020944,ensemble_top4,32.8185098458,5.54797905567,50.6843597925,32.8185098458,1.30937074694,0.269546675964
mmr,94,Laos,Lao People's Democratic Republic,Western Pacific Region,2022,119.9,96.9539547663,77.9904830672,127.156035789,ensemble_top4,22.9460452337,0,41.9095169328,22.9460452337,1.23666951275,0.212421889363
mmr,94,Laos,Lao People's Democratic Republic,Western Pacific Region,2023,112.2,88.4799725526,69.0394034734,122.536702221,ensemble_top4,23.7200274474,0,43.1605965266,23.7200274474,1.26808357601,0.237506765525
mmr,95,Latvia,Latvia,European Region,2000,33.64,33.64,33.64,33.64,ensemble_top4,,,,,,
mmr,95,Latvia,Latvia,European Region,2001,32.42,30.9835042188,27.1860097263,34.1591835728,ensemble_top4,,,,,,
mmr,95,Latvia,Latvia,European Region,2002,29.31,30.1516645008,26.6791647555,33.162924524,ensemble_top4,,,,,,
mmr,95,Latvia,Latvia,European Region,2003,30.26,29.2983162437,26.0340813278,32.2582066914,ensemble_top4,,,,,,
mmr,95,Latvia,Latvia,European Region,2004,28.03,28.4094695377,25.3558548866,31.3075016472,ensemble_top4,,,,,,
mmr,95,Latvia,Latvia,European Region,2005,26.69,27.5393879754,24.5984464172,30.52363382,ensemble_top4,,,,,,
mmr,95,Latvia,Latvia,European Region,2006,27.6,26.749017927,23.8656681523,29.7669364718,ensemble_top4,,,,,,
mmr,95,Latvia,Latvia,European Region,2007,27.41,25.9379030383,23.094152455,29.199782964,ensemble_top4,,,,,,
mmr,95,Latvia,Latvia,European Region,2008,24.65,25.2410194644,22.2933859144,28.4335392679,ensemble_top4,,,,,,
mmr,95,Latvia,Latvia,European Region,2009,23.99,24.5236971945,21.7605914179,27.9348272029,ensemble_top4,,,,,,
mmr,95,Latvia,Latvia,European Region,2010,22.23,23.8740901858,21.0477763045,27.2951789659,ensemble_top4,,,,,,
mmr,95,Latvia,Latvia,European Region,2011,22.37,23.3317750892,20.6123064012,26.9726926981,ensemble_top4,,,,,,
mmr,95,Latvia,Latvia,European Region,2012,20.47,23.092611433,20.1861560686,26.3402369588,ensemble_top4,,,,,,
mmr,95,Latvia,Latvia,European Region,2013,24.16,22.9452101181,19.8883275144,26.1883724597,ensemble_top4,,,,,,
mmr,95,Latvia,Latvia,European Region,2014,22.24,22.7182053002,19.6983435432,25.8520228865,ensemble_top4,,,,,,
mmr,95,Latvia,Latvia,European Region,2015,22.06,22.5455110607,19.4022042402,25.6730581566,ensemble_top4,,,,,,
mmr,95,Latvia,Latvia,European Region,2016,23.27,22.4265090997,19.1869351941,25.4013956158,ensemble_top4,,,,,,
mmr,95,Latvia,Latvia,European Region,2017,23.11,22.3832706048,18.9201199083,25.4976102282,ensemble_top4,,,,,,
mmr,95,Latvia,Latvia,European Region,2018,23.14,22.4251536057,18.5026135305,25.6705732267,ensemble_top4,,,,,,
mmr,95,Latvia,Latvia,European Region,2019,22.09,22.5227540176,18.0672066989,26.1686069928,ensemble_top4,,,,,,
mmr,95,Latvia,Latvia,European Region,2020,21.1,22.6872008426,17.5459831623,26.9700158595,ensemble_top4,0,0,3.55401683773,-1.58720084265,0.930039811713,-0.072527885457
mmr,95,Latvia,Latvia,European Region,2021,41.68,22.8480372206,17.0729524063,28.6744394532,ensemble_top4,18.8319627794,13.0055605468,24.6070475937,18.8319627794,1.82422672011,0.601156182235
mmr,95,Latvia,Latvia,European Region,2022,29.29,22.9928618289,16.7095904757,31.0807005619,ensemble_top4,6.29713817106,0,12.5804095243,6.29713817106,1.27387361425,0.242062348344
mmr,95,Latvia,Latvia,European Region,2023,18.72,23.1618276375,16.1718189852,34.2253489958,ensemble_top4,0,0,2.54818101484,-4.4418276375,0.808226375439,-0.212913092078
mmr,96,Lebanon,Lebanon,Eastern Mediterranean,2000,23.62,23.62,22.62,23.62,ensemble_top4,,,,,,
mmr,96,Lebanon,Lebanon,Eastern Mediterranean,2001,22.06,21.7593109788,20.074207748,24.9724239503,ensemble_top4,,,,,,
mmr,96,Lebanon,Lebanon,Eastern Mediterranean,2002,20.6,20.9589407533,19.5308229289,23.6344659339,ensemble_top4,,,,,,
mmr,96,Lebanon,Lebanon,Eastern Mediterranean,2003,19.28,19.82374796,18.5130037873,22.1817745033,ensemble_top4,,,,,,
mmr,96,Lebanon,Lebanon,Eastern Mediterranean,2004,18.21,18.691946021,17.4711278119,20.7755284298,ensemble_top4,,,,,,
mmr,96,Lebanon,Lebanon,Eastern Mediterranean,2005,17.28,17.8531178688,16.5386154891,19.4942054097,ensemble_top4,,,,,,
mmr,96,Lebanon,Lebanon,Eastern Mediterranean,2006,17.21,16.9745866469,15.6870278328,18.4470392502,ensemble_top4,,,,,,
mmr,96,Lebanon,Lebanon,Eastern Mediterranean,2007,15.88,16.2888401912,14.9034420991,17.674973573,ensemble_top4,,,,,,
mmr,96,Lebanon,Lebanon,Eastern Mediterranean,2008,15.48,15.7211442058,14.3613270396,17.1033229822,ensemble_top4,,,,,,
mmr,96,Lebanon,Lebanon,Eastern Mediterranean,2009,15.03,15.2959507191,13.9245810677,16.6572043844,ensemble_top4,,,,,,
mmr,96,Lebanon,Lebanon,Eastern Mediterranean,2010,14.79,14.9778353958,13.6595723814,16.3384390802,ensemble_top4,,,,,,
mmr,96,Lebanon,Lebanon,Eastern Mediterranean,2011,14.54,14.7737316604,13.5087237507,16.1043536037,ensemble_top4,,,,,,
mmr,96,Lebanon,Lebanon,Eastern Mediterranean,2012,14.26,14.6555195142,13.438723902,15.9385975259,ensemble_top4,,,,,,
mmr,96,Lebanon,Lebanon,Eastern Mediterranean,2013,13.47,14.5960930744,13.4644671705,15.9397467463,ensemble_top4,,,,,,
mmr,96,Lebanon,Lebanon,Eastern Mediterranean,2014,14.15,14.5987016495,13.5224982609,15.9474027987,ensemble_top4,,,,,,
mmr,96,Lebanon,Lebanon,Eastern Mediterranean,2015,14.87,14.6533470427,13.5068155011,16.1197497584,ensemble_top4,,,,,,
mmr,96,Lebanon,Lebanon,Eastern Mediterranean,2016,14.81,14.6769309566,13.5913772808,16.3582715882,ensemble_top4,,,,,,
mmr,96,Lebanon,Lebanon,Eastern Mediterranean,2017,14.89,14.7340110579,13.6442636924,16.7289624095,ensemble_top4,,,,,,
mmr,96,Lebanon,Lebanon,Eastern Mediterranean,2018,14.71,14.788781795,13.6255851768,17.2949957769,ensemble_top4,,,,,,
mmr,96,Lebanon,Lebanon,Eastern Mediterranean,2019,14.64,14.8479190901,13.5346998563,18.0495651631,ensemble_top4,,,,,,
mmr,96,Lebanon,Lebanon,Eastern Mediterranean,2020,26.99,14.8845041476,13.3221681138,18.8311002659,ensemble_top4,12.1054958524,8.1588997341,13.6678318862,12.1054958524,1.81329520503,0.595145745341
mmr,96,Lebanon,Lebanon,Eastern Mediterranean,2021,53.6,14.9582348124,12.926333236,19.953677046,ensemble_top4,38.6417651876,33.646322954,40.673666764,38.6417651876,3.58331050903,1.27628709631
mmr,96,Lebanon,Lebanon,Eastern Mediterranean,2022,15.11,15.0378448538,12.423635725,21.2632674783,ensemble_top4,0.0721551462356,0,2.68636427502,0.0721551462356,1.00479823718,0.00478676232814
mmr,96,Lebanon,Lebanon,Eastern Mediterranean,2023,14.98,15.1319498245,11.8173289083,22.7751766755,ensemble_top4,0,0,3.16267109168,-0.151949824467,0.989958344679,-0.0100924128202
mmr,97,Lesotho,Lesotho,African Region,2000,412.6,412.6,411.6,412.6,ensemble_top4,,,,,,
mmr,97,Lesotho,Lesotho,African Region,2001,464.8,406.264010928,260.911342874,704.966946059,ensemble_top4,,,,,,
mmr,97,Lesotho,Lesotho,African Region,2002,484.1,445.638593989,299.291004248,874.26675591,ensemble_top4,,,,,,
mmr,97,Lesotho,Lesotho,African Region,2003,508.2,488.686977587,332.520161701,1075.11659003,ensemble_top4,,,,,,
mmr,97,Lesotho,Lesotho,African Region,2004,498.6,545.086627235,388.236951421,1268.24008406,ensemble_top4,,,,,,
mmr,97,Lesotho,Lesotho,African Region,2005,549.5,625.066622641,476.364462489,1379.0117219,ensemble_top4,,,,,,
mmr,97,Lesotho,Lesotho,African Region,2006,696.2,756.032293444,531.524544973,1372.73350339,ensemble_top4,,,,,,
mmr,97,Lesotho,Lesotho,African Region,2007,891.4,974.631728214,766.006279511,1294.54755199,ensemble_top4,,,,,,
mmr,97,Lesotho,Lesotho,African Region,2008,1205,1173.0182611,945.71889768,1379.40205278,ensemble_top4,,,,,,
mmr,97,Lesotho,Lesotho,African Region,2009,1387,1294.61946523,779.268341237,1464.55320108,ensemble_top4,,,,,,
mmr,97,Lesotho,Lesotho,African Region,2010,1311,1277.03675978,628.353587104,1430.31628779,ensemble_top4,,,,,,
mmr,97,Lesotho,Lesotho,African Region,2011,1210,1152.08235257,526.438877268,1311.68344483,ensemble_top4,,,,,,
mmr,97,Lesotho,Lesotho,African Region,2012,1000,988.452075955,448.356441195,1141.00016168,ensemble_top4,,,,,,
mmr,97,Lesotho,Lesotho,African Region,2013,854.9,826.896313382,401.613528512,979.264493578,ensemble_top4,,,,,,
mmr,97,Lesotho,Lesotho,African Region,2014,707.1,693.926838426,370.125107593,847.706146239,ensemble_top4,,,,,,
mmr,97,Lesotho,Lesotho,African Region,2015,593.9,594.599130008,344.497392351,745.6179539,ensemble_top4,,,,,,
mmr,97,Lesotho,Lesotho,African Region,2016,517.5,529.408147432,331.322737022,667.647489059,ensemble_top4,,,,,,
mmr,97,Lesotho,Lesotho,African Region,2017,468.3,483.529516659,319.120809927,620.058532966,ensemble_top4,,,,,,
mmr,97,Lesotho,Lesotho,African Region,2018,491.1,453.066563457,306.926726138,588.35512298,ensemble_top4,,,,,,
mmr,97,Lesotho,Lesotho,African Region,2019,467,431.539088437,282.59076709,569.174487552,ensemble_top4,,,,,,
mmr,97,Lesotho,Lesotho,African Region,2020,528.7,416.752653704,258.742654624,561.84305901,ensemble_top4,111.947346296,0,269.957345376,111.947346296,1.26861819667,0.237928274016
mmr,97,Lesotho,Lesotho,African Region,2021,576.9,405.629999095,227.545975229,563.305756765,ensemble_top4,171.270000905,13.5942432348,349.354024771,171.270000905,1.4222320866,0.352227529456
mmr,97,Lesotho,Lesotho,African Region,2022,476.9,401.695272059,205.24580976,555.078659805,ensemble_top4,75.2047279412,0,271.65419024,75.2047279412,1.18721835474,0.171613053839
mmr,97,Lesotho,Lesotho,African Region,2023,478,399.631264271,176.837930519,554.499191831,ensemble_top4,78.368735729,0,301.162069481,78.368735729,1.19610261442,0.179068449861
mmr,98,Liberia,Liberia,African Region,2000,785.8,785.8,785.8,785.8,ensemble_top4,,,,,,
mmr,98,Liberia,Liberia,African Region,2001,720,679.963633718,581.515119486,770.971097526,ensemble_top4,,,,,,
mmr,98,Liberia,Liberia,African Region,2002,700,683.468240582,591.963769914,775.278032883,ensemble_top4,,,,,,
mmr,98,Liberia,Liberia,African Region,2003,758.6,685.45827979,592.160495128,775.357468346,ensemble_top4,,,,,,
mmr,98,Liberia,Liberia,African Region,2004,644.8,686.884409818,595.827183303,779.120298713,ensemble_top4,,,,,,
mmr,98,Liberia,Liberia,African Region,2005,618.6,686.835002179,599.671830508,779.193964266,ensemble_top4,,,,,,
mmr,98,Liberia,Liberia,African Region,2006,646.7,689.014361123,598.675579999,778.280720549,ensemble_top4,,,,,,
mmr,98,Liberia,Liberia,African Region,2007,659.1,690.525445217,600.715080785,783.498703645,ensemble_top4,,,,,,
mmr,98,Liberia,Liberia,African Region,2008,662.9,691.377531186,597.897408311,784.540506102,ensemble_top4,,,,,,
mmr,98,Liberia,Liberia,African Region,2009,673.9,691.873624732,601.377067195,786.40919004,ensemble_top4,,,,,,
mmr,98,Liberia,Liberia,African Region,2010,712.2,694.281610461,606.262243965,789.213820292,ensemble_top4,,,,,,
mmr,98,Liberia,Liberia,African Region,2011,725.9,699.551111832,612.154647726,798.768576867,ensemble_top4,,,,,,
mmr,98,Liberia,Liberia,African Region,2012,728.2,706.638494023,613.046795795,818.961137984,ensemble_top4,,,,,,
mmr,98,Liberia,Liberia,African Region,2013,725,732.600607549,628.943329713,861.893657925,ensemble_top4,,,,,,
mmr,98,Liberia,Liberia,African Region,2014,801.2,765.743828738,635.602765684,897.362679898,ensemble_top4,,,,,,
mmr,98,Liberia,Liberia,African Region,2015,784.2,736.091571671,633.001652362,861.368102167,ensemble_top4,,,,,,
mmr,98,Liberia,Liberia,African Region,2016,690.1,713.778743554,621.739014193,814.701674273,ensemble_top4,,,,,,
mmr,98,Liberia,Liberia,African Region,2017,703.2,706.239220937,615.364449381,800.88570801,ensemble_top4,,,,,,
mmr,98,Liberia,Liberia,African Region,2018,707,703.633042096,613.748284725,796.574527778,ensemble_top4,,,,,,
mmr,98,Liberia,Liberia,African Region,2019,689.4,701.287909982,610.899170543,794.887407566,ensemble_top4,,,,,,
mmr,98,Liberia,Liberia,African Region,2020,664.1,700.197388731,611.619471214,792.350654665,ensemble_top4,0,0,52.4805287857,-36.0973887312,0.948446838974,-0.0529295386484
mmr,98,Liberia,Liberia,African Region,2021,667.4,698.691513106,608.837523004,800.438995895,ensemble_top4,0,0,58.5624769956,-31.2915131056,0.955214121657,-0.0458197524743
mmr,98,Liberia,Liberia,African Region,2022,633.7,698.388344143,610.141372231,795.581886468,ensemble_top4,0,0,23.558627769,-64.6883441435,0.907374822782,-0.0971996586859
mmr,98,Liberia,Liberia,African Region,2023,627.7,698.039524931,606.982469293,796.326168658,ensemble_top4,0,0,20.7175307068,-70.3395249306,0.899232747691,-0.106213381811
mmr,99,Libya,Libya,Eastern Mediterranean,2000,70.99,70.99,70.99,70.99,ensemble_top4,,,,,,
mmr,99,Libya,Libya,Eastern Mediterranean,2001,70.67,67.5519241437,60.8316073259,74.6937721743,ensemble_top4,,,,,,
mmr,99,Libya,Libya,Eastern Mediterranean,2002,69.47,67.4341095775,60.9667839521,73.5168820552,ensemble_top4,,,,,,
mmr,99,Libya,Libya,Eastern Mediterranean,2003,68.1,67.1014113395,61.1265791217,72.8467717162,ensemble_top4,,,,,,
mmr,99,Libya,Libya,Eastern Mediterranean,2004,66.79,66.8636741211,61.0482413072,72.756298955,ensemble_top4,,,,,,
mmr,99,Libya,Libya,Eastern Mediterranean,2005,66.18,66.790513671,61.1301386664,73.0159809464,ensemble_top4,,,,,,
mmr,99,Libya,Libya,Eastern Mediterranean,2006,66.33,67.2562130813,61.4491238146,73.4183467444,ensemble_top4,,,,,,
mmr,99,Libya,Libya,Eastern Mediterranean,2007,67.06,68.1231666761,62.1884286026,74.2860742273,ensemble_top4,,,,,,
mmr,99,Libya,Libya,Eastern Mediterranean,2008,67.87,69.3199567724,63.0219547668,76.1612481921,ensemble_top4,,,,,,
mmr,99,Libya,Libya,Eastern Mediterranean,2009,69.85,71.1518367457,64.8851138624,78.3278475342,ensemble_top4,,,,,,
mmr,99,Libya,Libya,Eastern Mediterranean,2010,70.57,72.9420659022,66.4129010968,80.4233551471,ensemble_top4,,,,,,
mmr,99,Libya,Libya,Eastern Mediterranean,2011,80.62,74.820706561,68.008728571,81.9767402715,ensemble_top4,,,,,,
mmr,99,Libya,Libya,Eastern Mediterranean,2012,74.03,76.1073126067,69.8726307938,82.6818272594,ensemble_top4,,,,,,
mmr,99,Libya,Libya,Eastern Mediterranean,2013,74.57,76.3816015764,69.755495837,83.0593451018,ensemble_top4,,,,,,
mmr,99,Libya,Libya,Eastern Mediterranean,2014,77.26,75.6199013143,68.4076287004,82.0967517032,ensemble_top4,,,,,,
mmr,99,Libya,Libya,Eastern Mediterranean,2015,76.12,74.2569278415,66.6477516792,80.646844194,ensemble_top4,,,,,,
mmr,99,Libya,Libya,Eastern Mediterranean,2016,74.04,72.349959528,65.2865399722,78.3985038325,ensemble_top4,,,,,,
mmr,99,Libya,Libya,Eastern Mediterranean,2017,69.2,70.3388128777,63.9547510759,76.5369666137,ensemble_top4,,,,,,
mmr,99,Libya,Libya,Eastern Mediterranean,2018,66.42,68.6800196573,62.7676864297,75.2871397262,ensemble_top4,,,,,,
mmr,99,Libya,Libya,Eastern Mediterranean,2019,64.67,67.2951072821,59.7090682616,74.5633256382,ensemble_top4,,,,,,
mmr,99,Libya,Libya,Eastern Mediterranean,2020,70.84,66.7154651323,55.2223465548,74.1219498818,ensemble_top4,4.12453486769,0,15.6176534452,4.12453486769,1.06182277017,0.0599870258146
mmr,99,Libya,Libya,Eastern Mediterranean,2021,98.3,66.316211837,50.3436818704,73.9495198596,ensemble_top4,31.983788163,24.3504801404,47.9563181296,31.983788163,1.48229214663,0.393589637424
mmr,99,Libya,Libya,Eastern Mediterranean,2022,60.23,66.2861109871,45.2697297195,73.7344176124,ensemble_top4,0,0,14.9602702805,-6.05611098712,0.908636803443,-0.095809820817
mmr,99,Libya,Libya,Eastern Mediterranean,2023,59.5,66.0759767604,40.4222259575,73.6160407676,ensemble_top4,0,0,19.0777740425,-6.57597676041,0.900478553889,-0.104828930431
mmr,100,Lithuania,Lithuania,European Region,2000,15.93,15.93,15.93,15.93,ensemble_top4,,,,,,
mmr,100,Lithuania,Lithuania,European Region,2001,15.8,14.8489405381,12.8425965118,16.7928183141,ensemble_top4,,,,,,
mmr,100,Lithuania,Lithuania,European Region,2002,13.7,14.5404788945,12.7083505639,16.3861534466,ensemble_top4,,,,,,
mmr,100,Lithuania,Lithuania,European Region,2003,14.03,14.1493773028,12.3500603539,15.9936962678,ensemble_top4,,,,,,
mmr,100,Lithuania,Lithuania,European Region,2004,12.35,13.70460068,11.9543272946,15.5104143451,ensemble_top4,,,,,,
mmr,100,Lithuania,Lithuania,European Region,2005,13.22,13.2342878051,11.5429118243,14.9910319174,ensemble_top4,,,,,,
mmr,100,Lithuania,Lithuania,European Region,2006,13.8,12.8006523919,11.0365246809,14.5260278196,ensemble_top4,,,,,,
mmr,100,Lithuania,Lithuania,European Region,2007,13.7,12.3726600364,10.5828329582,14.0580842374,ensemble_top4,,,,,,
mmr,100,Lithuania,Lithuania,European Region,2008,12.63,11.9267813596,10.147607405,13.6367233821,ensemble_top4,,,,,,
mmr,100,Lithuania,Lithuania,European Region,2009,10.75,11.5085364194,9.76622817009,13.2921786383,ensemble_top4,,,,,,
mmr,100,Lithuania,Lithuania,European Region,2010,10.3,11.1246307581,9.31393599321,12.828598245,ensemble_top4,,,,,,
mmr,100,Lithuania,Lithuania,European Region,2011,10.46,10.7767925772,8.9896449132,12.5162096777,ensemble_top4,,,,,,
mmr,100,Lithuania,Lithuania,European Region,2012,10.04,10.424089163,8.61852624941,12.1212076516,ensemble_top4,,,,,,
mmr,100,Lithuania,Lithuania,European Region,2013,10.04,10.1126033044,8.35679977717,11.7947325892,ensemble_top4,,,,,,
mmr,100,Lithuania,Lithuania,European Region,2014,9.12,9.77988936834,8.07707143261,11.4556134438,ensemble_top4,,,,,,
mmr,100,Lithuania,Lithuania,European Region,2015,9.88,9.51370612071,7.75088834834,11.2289936239,ensemble_top4,,,,,,
mmr,100,Lithuania,Lithuania,European Region,2016,9.27,9.29722095221,7.58825015338,11.0681819017,ensemble_top4,,,,,,
mmr,100,Lithuania,Lithuania,European Region,2017,9.71,9.17081971113,7.3819234875,11.0750130206,ensemble_top4,,,,,,
mmr,100,Lithuania,Lithuania,European Region,2018,9.01,8.9679521073,7.14128136638,10.8865140576,ensemble_top4,,,,,,
mmr,100,Lithuania,Lithuania,European Region,2019,8.9,8.78494725571,6.87717240058,10.8376861704,ensemble_top4,,,,,,
mmr,100,Lithuania,Lithuania,European Region,2020,8.11,8.61388387857,6.66888033237,10.9388504224,ensemble_top4,0,0,1.44111966763,-0.503883878566,0.941503288683,-0.0602774378665
mmr,100,Lithuania,Lithuania,European Region,2021,9.31,8.42304203252,6.40622246462,11.1549731755,ensemble_top4,0.886957967482,0,2.90377753538,0.886957967482,1.1053013821,0.100118041761
mmr,100,Lithuania,Lithuania,European Region,2022,9.41,8.26167109898,6.17614827283,11.81342109,ensemble_top4,1.14832890102,0,3.23385172717,1.14832890102,1.13899474904,0.130146074302
mmr,100,Lithuania,Lithuania,European Region,2023,7.67,8.12546176007,5.95229989651,12.9699234557,ensemble_top4,0,0,1.71770010349,-0.455461760072,0.943946353633,-0.0576859432306
mmr,101,Luxembourg,Luxembourg,European Region,2000,17.58,17.58,16.58,17.58,ensemble_top4,,,,,,
mmr,101,Luxembourg,Luxembourg,European Region,2001,18.73,18.0233083162,13.4525328096,24.5187365746,ensemble_top4,,,,,,
mmr,101,Luxembourg,Luxembourg,European Region,2002,17.12,17.8012747801,13.6395858092,23.5927204572,ensemble_top4,,,,,,
mmr,101,Luxembourg,Luxembourg,European Region,2003,14.53,17.3093870581,13.0764193479,23.2526202676,ensemble_top4,,,,,,
mmr,101,Luxembourg,Luxembourg,European Region,2004,16.68,16.8492421157,12.7351086944,22.9377786345,ensemble_top4,,,,,,
mmr,101,Luxembourg,Luxembourg,European Region,2005,16.66,16.3856991169,12.1565986815,22.7107594371,ensemble_top4,,,,,,
mmr,101,Luxembourg,Luxembourg,European Region,2006,16.23,16.1010535387,11.895262853,22.2464468279,ensemble_top4,,,,,,
mmr,101,Luxembourg,Luxembourg,European Region,2007,13.57,15.7774172075,11.6562379168,21.9022706884,ensemble_top4,,,,,,
mmr,101,Luxembourg,Luxembourg,European Region,2008,13.12,15.5892013592,11.3459656328,21.4725484185,ensemble_top4,,,,,,
mmr,101,Luxembourg,Luxembourg,European Region,2009,15.45,15.2503126718,11.4031649002,20.6128281624,ensemble_top4,,,,,,
mmr,101,Luxembourg,Luxembourg,European Region,2010,16.82,15.1066321296,11.1867028548,19.9842486434,ensemble_top4,,,,,,
mmr,101,Luxembourg,Luxembourg,European Region,2011,13.46,14.8260615298,11.1070222968,19.107053192,ensemble_top4,,,,,,
mmr,101,Luxembourg,Luxembourg,European Region,2012,13.24,14.6943343955,10.7786121957,18.7143300427,ensemble_top4,,,,,,
mmr,101,Luxembourg,Luxembourg,European Region,2013,15.56,14.2799052143,10.5628787651,18.166751906,ensemble_top4,,,,,,
mmr,101,Luxembourg,Luxembourg,European Region,2014,13.11,13.8700104495,10.0820469409,17.625264988,ensemble_top4,,,,,,
mmr,101,Luxembourg,Luxembourg,European Region,2015,13.02,13.4469394642,9.47286729884,17.3065150278,ensemble_top4,,,,,,
mmr,101,Luxembourg,Luxembourg,European Region,2016,13.38,13.009801838,8.55801921137,16.8418300087,ensemble_top4,,,,,,
mmr,101,Luxembourg,Luxembourg,European Region,2017,15.36,12.5256167464,7.56070321767,16.4088054259,ensemble_top4,,,,,,
mmr,101,Luxembourg,Luxembourg,European Region,2018,9.52,11.932260424,6.64757555472,16.1007916006,ensemble_top4,,,,,,
mmr,101,Luxembourg,Luxembourg,European Region,2019,12.64,11.4679020185,5.46306936745,15.5939967856,ensemble_top4,,,,,,
mmr,101,Luxembourg,Luxembourg,European Region,2020,6.02,10.8945546412,4.53557482167,15.2134290351,ensemble_top4,0,0,1.48442517833,-4.87455464121,0.552569627512,-0.593175830884
mmr,101,Luxembourg,Luxembourg,European Region,2021,6.04,10.3216119762,3.8690041402,14.9163545404,ensemble_top4,0,0,2.1709958598,-4.28161197625,0.585179913167,-0.535835935158
mmr,101,Luxembourg,Luxembourg,European Region,2022,6.11,9.73786691533,3.10259859742,14.6149950239,ensemble_top4,0,0,3.00740140258,-3.62786691533,0.627447474188,-0.466095317954
mmr,101,Luxembourg,Luxembourg,European Region,2023,11.69,9.21730573203,2.41483153383,14.4170505078,ensemble_top4,2.47269426797,0,9.27516846617,2.47269426797,1.2682664913,0.237651000574
mmr,102,Madagascar,Madagascar,African Region,2000,638.3,638.3,637.3,638.3,ensemble_top4,,,,,,
mmr,102,Madagascar,Madagascar,African Region,2001,610.7,612.725093193,596.033577962,655.694578557,ensemble_top4,,,,,,
mmr,102,Madagascar,Madagascar,African Region,2002,592.6,590.698428995,578.988818105,630.000474152,ensemble_top4,,,,,,
mmr,102,Madagascar,Madagascar,African Region,2003,570.9,573.333902038,562.300635676,607.49031678,ensemble_top4,,,,,,
mmr,102,Madagascar,Madagascar,African Region,2004,554.8,558.658894221,549.974583852,587.473774064,ensemble_top4,,,,,,
mmr,102,Madagascar,Madagascar,African Region,2005,540.2,545.491476254,537.675827022,570.14609267,ensemble_top4,,,,,,
mmr,102,Madagascar,Madagascar,African Region,2006,527.7,533.608924658,525.648512191,554.731050659,ensemble_top4,,,,,,
mmr,102,Madagascar,Madagascar,African Region,2007,521.7,523.249739386,515.178093124,541.599669699,ensemble_top4,,,,,,
mmr,102,Madagascar,Madagascar,African Region,2008,510.3,513.740410821,505.740420349,530.223489027,ensemble_top4,,,,,,
mmr,102,Madagascar,Madagascar,African Region,2009,507,505.35979402,496.938446023,520.277375865,ensemble_top4,,,,,,
mmr,102,Madagascar,Madagascar,African Region,2010,499.6,498.143856869,488.79133723,511.67216014,ensemble_top4,,,,,,
mmr,102,Madagascar,Madagascar,African Region,2011,491.5,491.824018526,482.606109128,504.331983151,ensemble_top4,,,,,,
mmr,102,Madagascar,Madagascar,African Region,2012,486.9,486.564826341,476.924281777,497.64730558,ensemble_top4,,,,,,
mmr,102,Madagascar,Madagascar,African Region,2013,481.2,481.921511978,471.957126633,492.26005323,ensemble_top4,,,,,,
mmr,102,Madagascar,Madagascar,African Region,2014,477.2,477.9283144,467.87225022,487.244972474,ensemble_top4,,,,,,
mmr,102,Madagascar,Madagascar,African Region,2015,473.9,474.570882074,464.809182974,483.149792869,ensemble_top4,,,,,,
mmr,102,Madagascar,Madagascar,African Region,2016,469.9,472.060161264,462.617491586,479.699052107,ensemble_top4,,,,,,
mmr,102,Madagascar,Madagascar,African Region,2017,468.7,469.592049572,460.635250042,476.96646247,ensemble_top4,,,,,,
mmr,102,Madagascar,Madagascar,African Region,2018,465.7,467.735268675,459.57659003,475.388399299,ensemble_top4,,,,,,
mmr,102,Madagascar,Madagascar,African Region,2019,462.1,466.228575369,458.82844421,474.250930707,ensemble_top4,,,,,,
mmr,102,Madagascar,Madagascar,African Region,2020,447.4,464.965520567,458.234902476,474.934905949,ensemble_top4,0,0,0,-17.5655205667,0.962221885732,-0.0385102044632
mmr,102,Madagascar,Madagascar,African Region,2021,466.7,463.99278623,457.460856102,476.107261736,ensemble_top4,2.70721377021,0,9.23914389801,2.70721377021,1.00583460315,0.00581764776893
mmr,102,Madagascar,Madagascar,African Region,2022,438.7,463.243747566,456.699331157,477.872798513,ensemble_top4,0,0,0,-24.5437475655,0.947017638782,-0.0544375600118
mmr,102,Madagascar,Madagascar,African Region,2023,445.4,462.603534875,455.628817051,480.856466879,ensemble_top4,0,0,0,-17.203534875,0.962811492827,-0.0378976362657
mmr,103,Malawi,Malawi,African Region,2000,506.4,506.4,506.4,506.4,ensemble_top4,,,,,,
mmr,103,Malawi,Malawi,African Region,2001,446.8,350.618778233,193.547147033,539.809274186,ensemble_top4,,,,,,
mmr,103,Malawi,Malawi,African Region,2002,404,354.536522333,212.796836154,478.927891378,ensemble_top4,,,,,,
mmr,103,Malawi,Malawi,African Region,2003,345.7,345.522265934,233.675535995,481.670792836,ensemble_top4,,,,,,
mmr,103,Malawi,Malawi,African Region,2004,303.7,343.50980466,221.855748697,499.428487728,ensemble_top4,,,,,,
mmr,103,Malawi,Malawi,African Region,2005,283.5,344.731936463,229.727111438,516.481254409,ensemble_top4,,,,,,
mmr,103,Malawi,Malawi,African Region,2006,285.8,352.504028961,245.179573257,520.098462173,ensemble_top4,,,,,,
mmr,103,Malawi,Malawi,African Region,2007,333,364.310655294,247.163867541,526.556936567,ensemble_top4,,,,,,
mmr,103,Malawi,Malawi,African Region,2008,429.6,416.430211932,284.778328144,547.202675326,ensemble_top4,,,,,,
mmr,103,Malawi,Malawi,African Region,2009,511.7,466.654595865,301.617948049,611.911981211,ensemble_top4,,,,,,
mmr,103,Malawi,Malawi,African Region,2010,517,479.06613375,289.585475473,605.965122069,ensemble_top4,,,,,,
mmr,103,Malawi,Malawi,African Region,2011,486.1,471.841743879,286.925362719,588.437926356,ensemble_top4,,,,,,
mmr,103,Malawi,Malawi,African Region,2012,446.8,449.752753892,277.071230695,560.759865284,ensemble_top4,,,,,,
mmr,103,Malawi,Malawi,African Region,2013,410.1,421.120560526,269.056021509,533.356527086,ensemble_top4,,,,,,
mmr,103,Malawi,Malawi,African Region,2014,367.3,387.809302109,250.919436928,502.465238972,ensemble_top4,,,,,,
mmr,103,Malawi,Malawi,African Region,2015,353.8,353.423171376,228.231853405,478.60660581,ensemble_top4,,,,,,
mmr,103,Malawi,Malawi,African Region,2016,311.8,321.735075992,207.799211624,454.586410244,ensemble_top4,,,,,,
mmr,103,Malawi,Malawi,African Region,2017,283.9,289.761547343,180.152208362,442.960151134,ensemble_top4,,,,,,
mmr,103,Malawi,Malawi,African Region,2018,267.4,262.136513964,153.791181623,432.250219798,ensemble_top4,,,,,,
mmr,103,Malawi,Malawi,African Region,2019,259.6,237.652904417,126.064763915,415.436925336,ensemble_top4,,,,,,
mmr,103,Malawi,Malawi,African Region,2020,256.4,216.110845063,96.8247937674,412.184370947,ensemble_top4,40.2891549371,0,159.575206233,40.2891549371,1.1864281958,0.170947277402
mmr,103,Malawi,Malawi,African Region,2021,285.7,197.657019726,72.1368461224,400.007924669,ensemble_top4,88.0429802737,0,213.563153878,88.0429802737,1.44543310627,0.368409004181
mmr,103,Malawi,Malawi,African Region,2022,239,181.979495134,49.9232757709,386.786877779,ensemble_top4,57.0205048663,0,189.076724229,57.0205048663,1.31333477887,0.272569535302
mmr,103,Malawi,Malawi,African Region,2023,225,167.16193712,30.5876077615,379.281157511,ensemble_top4,57.8380628805,0,194.412392238,57.8380628805,1.34600019524,0.297137376276
mmr,104,Malaysia,Malaysia,Western Pacific Region,2000,37.27,37.27,36.27,37.27,ensemble_top4,,,,,,
mmr,104,Malaysia,Malaysia,Western Pacific Region,2001,35.86,34.4290612237,28.9876059594,36.4358867658,ensemble_top4,,,,,,
mmr,104,Malaysia,Malaysia,Western Pacific Region,2002,34.43,33.8516050801,29.1485639542,35.8092002252,ensemble_top4,,,,,,
mmr,104,Malaysia,Malaysia,Western Pacific Region,2003,33.56,33.0559472386,29.0557163207,34.6631110981,ensemble_top4,,,,,,
mmr,104,Malaysia,Malaysia,Western Pacific Region,2004,32.6,32.1090819827,28.9618390324,33.9720485721,ensemble_top4,,,,,,
mmr,104,Malaysia,Malaysia,Western Pacific Region,2005,31.36,31.1881963606,28.8022955002,33.6848325576,ensemble_top4,,,,,,
mmr,104,Malaysia,Malaysia,Western Pacific Region,2006,30.41,30.47814376,28.6929066717,33.3240323329,ensemble_top4,,,,,,
mmr,104,Malaysia,Malaysia,Western Pacific Region,2007,29.79,30.0171613276,28.6443066832,32.8519245762,ensemble_top4,,,,,,
mmr,104,Malaysia,Malaysia,Western Pacific Region,2008,29.46,29.6948348747,28.4826337872,32.6076519989,ensemble_top4,,,,,,
mmr,104,Malaysia,Malaysia,Western Pacific Region,2009,29.25,29.4407369071,28.3005996022,32.2897602279,ensemble_top4,,,,,,
mmr,104,Malaysia,Malaysia,Western Pacific Region,2010,28.94,29.2774896692,28.1192199815,32.0874321179,ensemble_top4,,,,,,
mmr,104,Malaysia,Malaysia,Western Pacific Region,2011,28.85,29.1821911733,27.9920025011,31.6141708666,ensemble_top4,,,,,,
mmr,104,Malaysia,Malaysia,Western Pacific Region,2012,28.75,29.1242647791,27.8468563679,31.354386663,ensemble_top4,,,,,,
mmr,104,Malaysia,Malaysia,Western Pacific Region,2013,29.01,29.0784088804,27.7851192906,31.0497847123,ensemble_top4,,,,,,
mmr,104,Malaysia,Malaysia,Western Pacific Region,2014,29.62,29.0981309597,27.5325652161,30.9326349558,ensemble_top4,,,,,,
mmr,104,Malaysia,Malaysia,Western Pacific Region,2015,29.82,29.0718842863,27.2643669714,30.5720369409,ensemble_top4,,,,,,
mmr,104,Malaysia,Malaysia,Western Pacific Region,2016,29.59,29.0609378906,27.0453396435,30.3985946412,ensemble_top4,,,,,,
mmr,104,Malaysia,Malaysia,Western Pacific Region,2017,29.32,28.9855632908,26.7176341958,30.2442056715,ensemble_top4,,,,,,
mmr,104,Malaysia,Malaysia,Western Pacific Region,2018,28.93,28.8641013669,26.4836831873,30.1211754494,ensemble_top4,,,,,,
mmr,104,Malaysia,Malaysia,Western Pacific Region,2019,28.48,28.6884894714,26.1431357879,30.0536103294,ensemble_top4,,,,,,
mmr,104,Malaysia,Malaysia,Western Pacific Region,2020,28.68,28.4299249607,25.8833779736,30.0242309479,ensemble_top4,0.250075039279,0,2.79662202637,0.250075039279,1.00879619062,0.00875772951199
mmr,104,Malaysia,Malaysia,Western Pacific Region,2021,52.15,28.2503612205,25.1465355422,30.0128398908,ensemble_top4,23.8996387795,22.1371601092,27.0034644578,23.8996387795,1.84599409519,0.613017937371
mmr,104,Malaysia,Malaysia,Western Pacific Region,2022,37.59,28.0817833801,23.975370565,30.0453880145,ensemble_top4,9.50821661991,7.54461198554,13.614629435,9.50821661991,1.33859019889,0.291616969748
mmr,104,Malaysia,Malaysia,Western Pacific Region,2023,26.38,27.8881766424,22.5465077398,30.0011754438,ensemble_top4,0,0,3.8334922602,-1.5081766424,0.945920571942,-0.0555966754616
mmr,105,Maldives,Maldives,Southeast Asia Region,2000,93.64,93.64,92.64,93.64,ensemble_top4,,,,,,
mmr,105,Maldives,Maldives,Southeast Asia Region,2001,80.91,82.5931127267,76.3692788359,106.295239765,ensemble_top4,,,,,,
mmr,105,Maldives,Maldives,Southeast Asia Region,2002,76.36,77.4338386958,71.9880571084,101.948383111,ensemble_top4,,,,,,
mmr,105,Maldives,Maldives,Southeast Asia Region,2003,70.28,70.7293559957,65.7542687736,91.7738599585,ensemble_top4,,,,,,
mmr,105,Maldives,Maldives,Southeast Asia Region,2004,64.85,64.6583323337,58.8430198944,79.9136085654,ensemble_top4,,,,,,
mmr,105,Maldives,Maldives,Southeast Asia Region,2005,54.31,59.565330908,53.7989832509,70.4298146654,ensemble_top4,,,,,,
mmr,105,Maldives,Maldives,Southeast Asia Region,2006,52.42,55.3190632828,50.1365946573,63.5417709934,ensemble_top4,,,,,,
mmr,105,Maldives,Maldives,Southeast Asia Region,2007,50.57,52.194711294,46.9438632446,58.9023810096,ensemble_top4,,,,,,
mmr,105,Maldives,Maldives,Southeast Asia Region,2008,53,51.821995841,46.8254761236,56.0595714746,ensemble_top4,,,,,,
mmr,105,Maldives,Maldives,Southeast Asia Region,2009,52.26,50.8232554657,46.0857039197,55.6241713739,ensemble_top4,,,,,,
mmr,105,Maldives,Maldives,Southeast Asia Region,2010,49.16,49.4183077,44.9724297303,54.1134994588,ensemble_top4,,,,,,
mmr,105,Maldives,Maldives,Southeast Asia Region,2011,48.24,48.0205525971,43.5905133856,52.7059071782,ensemble_top4,,,,,,
mmr,105,Maldives,Maldives,Southeast Asia Region,2012,47.29,46.5967146309,41.9556550422,51.2477824748,ensemble_top4,,,,,,
mmr,105,Maldives,Maldives,Southeast Asia Region,2013,47.44,45.1678867465,40.5945831435,49.8542684013,ensemble_top4,,,,,,
mmr,105,Maldives,Maldives,Southeast Asia Region,2014,42.67,43.7528936634,39.3476868065,48.4227680538,ensemble_top4,,,,,,
mmr,105,Maldives,Maldives,Southeast Asia Region,2015,40.88,42.4360832759,37.736336685,47.1058927894,ensemble_top4,,,,,,
mmr,105,Maldives,Maldives,Southeast Asia Region,2016,40.97,41.1318192264,36.0867255584,45.6826082192,ensemble_top4,,,,,,
mmr,105,Maldives,Maldives,Southeast Asia Region,2017,41.15,39.8160307375,34.7029553949,44.6393017003,ensemble_top4,,,,,,
mmr,105,Maldives,Maldives,Southeast Asia Region,2018,39.52,38.5448803279,32.9559404016,43.3732264793,ensemble_top4,,,,,,
mmr,105,Maldives,Maldives,Southeast Asia Region,2019,39.42,37.419950266,31.6802455688,42.1673819252,ensemble_top4,,,,,,
mmr,105,Maldives,Maldives,Southeast Asia Region,2020,47.58,36.1612773662,29.9368428199,41.2826200529,ensemble_top4,11.4187226338,6.29737994711,17.6431571801,11.4187226338,1.31577210391,0.274423644583
mmr,105,Maldives,Maldives,Southeast Asia Region,2021,60.06,35.0694577318,28.2650900137,40.7426213242,ensemble_top4,24.9905422682,19.3173786758,31.7949099863,24.9905422682,1.71260133132,0.538013460975
mmr,105,Maldives,Maldives,Southeast Asia Region,2022,34.33,34.0352419936,26.7128497785,39.9985738339,ensemble_top4,0.294758006357,0,7.6171502215,0.294758006357,1.00866037639,0.00862309045415
mmr,105,Maldives,Maldives,Southeast Asia Region,2023,31.82,32.9166658307,25.2370981423,39.5776662484,ensemble_top4,0,0,6.58290185773,-1.09666583071,0.966683568854,-0.0338840668072
mmr,106,Mali,Mali,African Region,2000,741.2,741.2,741.2,741.2,ensemble_top4,,,,,,
mmr,106,Mali,Mali,African Region,2001,693.6,675.903360308,624.517814454,715.636007136,ensemble_top4,,,,,,
mmr,106,Mali,Mali,African Region,2002,649.2,652.790505445,610.135417527,689.272055497,ensemble_top4,,,,,,
mmr,106,Mali,Mali,African Region,2003,615.7,628.852969053,587.943191928,668.017207415,ensemble_top4,,,,,,
mmr,106,Mali,Mali,African Region,2004,591.7,603.852077727,558.60691875,648.311308766,ensemble_top4,,,,,,
mmr,106,Mali,Mali,African Region,2005,577.3,583.40667645,538.333409787,636.38008431,ensemble_top4,,,,,,
mmr,106,Mali,Mali,African Region,2006,567.7,575.425512064,528.7932262,629.985293637,ensemble_top4,,,,,,
mmr,106,Mali,Mali,African Region,2007,574.5,572.219882654,526.434892505,622.733513107,ensemble_top4,,,,,,
mmr,106,Mali,Mali,African Region,2008,572.5,574.861441247,535.694629633,614.284963464,ensemble_top4,,,,,,
mmr,106,Mali,Mali,African Region,2009,565.3,564.172681555,522.887155578,602.9451344,ensemble_top4,,,,,,
mmr,106,Mali,Mali,African Region,2010,557.8,550.70981861,510.366908902,586.90183567,ensemble_top4,,,,,,
mmr,106,Mali,Mali,African Region,2011,553.3,536.62862922,497.96426843,571.502017155,ensemble_top4,,,,,,
mmr,106,Mali,Mali,African Region,2012,549,523.426042446,484.338032079,557.946123496,ensemble_top4,,,,,,
mmr,106,Mali,Mali,African Region,2013,525.2,509.674341206,471.761809314,545.667093853,ensemble_top4,,,,,,
mmr,106,Mali,Mali,African Region,2014,506.8,496.758558103,460.752954848,531.368684111,ensemble_top4,,,,,,
mmr,106,Mali,Mali,African Region,2015,489.7,484.10230686,446.241846214,520.751942801,ensemble_top4,,,,,,
mmr,106,Mali,Mali,African Region,2016,471.7,471.475698222,434.479920145,508.54880918,ensemble_top4,,,,,,
mmr,106,Mali,Mali,African Region,2017,453,460.323072667,422.997084189,498.824074876,ensemble_top4,,,,,,
mmr,106,Mali,Mali,African Region,2018,434.3,448.303177821,411.658297853,488.137477983,ensemble_top4,,,,,,
mmr,106,Mali,Mali,African Region,2019,416,438.15114294,400.062966716,479.159422192,ensemble_top4,,,,,,
mmr,106,Mali,Mali,African Region,2020,404.7,427.71480365,390.209487022,468.590623099,ensemble_top4,0,0,14.4905129782,-23.0148036499,0.94619123899,-0.0553105749801
mmr,106,Mali,Mali,African Region,2021,414.6,418.050423698,378.182297959,461.703165144,ensemble_top4,0,0,36.417702041,-3.45042369769,0.991746393492,-0.00828785610349
mmr,106,Mali,Mali,African Region,2022,381,407.769060322,367.726660873,452.770449333,ensemble_top4,0,0,13.2733391274,-26.769060322,0.934352399614,-0.0679016104001
mmr,106,Mali,Mali,African Region,2023,367.3,398.807956524,358.199564887,444.895140989,ensemble_top4,0,0,9.10043511295,-31.507956524,0.920994664202,-0.0823010362265
mmr,107,Malta,Malta,European Region,2000,12.65,12.65,12.65,12.65,ensemble_top4,,,,,,
mmr,107,Malta,Malta,European Region,2001,12.17,12.5523640907,10.022360256,14.9733628492,ensemble_top4,,,,,,
mmr,107,Malta,Malta,European Region,2002,13.17,12.5290141013,10.2587266595,14.7769556624,ensemble_top4,,,,,,
mmr,107,Malta,Malta,European Region,2003,13.22,12.2933424143,10.1168090536,14.5791616429,ensemble_top4,,,,,,
mmr,107,Malta,Malta,European Region,2004,11.04,11.9505293762,9.87727715795,14.1463400882,ensemble_top4,,,,,,
mmr,107,Malta,Malta,European Region,2005,11.04,11.5395192649,9.47211070156,13.7568429005,ensemble_top4,,,,,,
mmr,107,Malta,Malta,European Region,2006,12.19,11.1973156576,9.08058634726,13.3443215883,ensemble_top4,,,,,,
mmr,107,Malta,Malta,European Region,2007,10.29,10.7947546689,8.59780145211,12.9303479343,ensemble_top4,,,,,,
mmr,107,Malta,Malta,European Region,2008,9.88,10.3931508115,8.20591251381,12.47558115,ensemble_top4,,,,,,
mmr,107,Malta,Malta,European Region,2009,10.62,10.0143283209,7.80391825775,12.16689103,ensemble_top4,,,,,,
mmr,107,Malta,Malta,European Region,2010,8.58,9.64274097558,7.49160046865,11.8190216292,ensemble_top4,,,,,,
mmr,107,Malta,Malta,European Region,2011,10.52,9.30361726204,7.18638061777,11.4735957843,ensemble_top4,,,,,,
mmr,107,Malta,Malta,European Region,2012,9.35,8.9812036922,6.85468266441,11.1067077651,ensemble_top4,,,,,,
mmr,107,Malta,Malta,European Region,2013,7.45,8.67856121178,6.61464440595,10.8052981929,ensemble_top4,,,,,,
mmr,107,Malta,Malta,European Region,2014,8.17,8.51205368003,6.29960703791,10.6674342962,ensemble_top4,,,,,,
mmr,107,Malta,Malta,European Region,2015,7.05,8.45461564289,6.18208569893,10.8672022548,ensemble_top4,,,,,,
mmr,107,Malta,Malta,European Region,2016,9.59,8.55173622058,6.225953259,10.9656768116,ensemble_top4,,,,,,
mmr,107,Malta,Malta,European Region,2017,7.36,8.44076252274,6.14378485575,10.8193419388,ensemble_top4,,,,,,
mmr,107,Malta,Malta,European Region,2018,8.94,8.24917388982,5.95328416281,10.6839297989,ensemble_top4,,,,,,
mmr,107,Malta,Malta,European Region,2019,8.48,8.03730325075,5.74784968206,10.6031628913,ensemble_top4,,,,,,
mmr,107,Malta,Malta,European Region,2020,9.97,7.85125121717,5.49768635091,10.6490394053,ensemble_top4,2.11874878283,0,4.47231364909,2.11874878283,1.26986129016,0.238907674159
mmr,107,Malta,Malta,European Region,2021,9.89,7.695054816,5.31475824623,10.8031624622,ensemble_top4,2.194945184,0,4.57524175377,2.194945184,1.28524100692,0.250946254783
mmr,107,Malta,Malta,European Region,2022,9.82,7.44418668349,5.05221059499,10.9858962229,ensemble_top4,2.37581331651,0,4.76778940501,2.37581331651,1.31915015267,0.276987705516
mmr,107,Malta,Malta,European Region,2023,8.39,7.24509581375,4.83299959406,11.3709930816,ensemble_top4,1.14490418625,0,3.55700040594,1.14490418625,1.15802471295,0.146715719984
mmr,108,Marshall Islands,Marshall Islands,Western Pacific Region,2000,250.7,250.7,249.7,250.7,ensemble_top4,,,,,,
mmr,108,Marshall Islands,Marshall Islands,Western Pacific Region,2001,230.6,225.200406856,85.3371175342,243.376568279,ensemble_top4,,,,,,
mmr,108,Marshall Islands,Marshall Islands,Western Pacific Region,2002,222.9,221.483524219,207.319534291,237.769181339,ensemble_top4,,,,,,
mmr,108,Marshall Islands,Marshall Islands,Western Pacific Region,2003,221.3,225.878712409,212.410715714,240.717600543,ensemble_top4,,,,,,
mmr,108,Marshall Islands,Marshall Islands,Western Pacific Region,2004,237.8,231.750128575,221.006517162,242.944159568,ensemble_top4,,,,,,
mmr,108,Marshall Islands,Marshall Islands,Western Pacific Region,2005,233.9,234.365690219,223.886303337,248.821503185,ensemble_top4,,,,,,
mmr,108,Marshall Islands,Marshall Islands,Western Pacific Region,2006,232.8,232.623701139,222.123382568,243.525705989,ensemble_top4,,,,,,
mmr,108,Marshall Islands,Marshall Islands,Western Pacific Region,2007,229,229.809175261,219.608995512,239.507916795,ensemble_top4,,,,,,
mmr,108,Marshall Islands,Marshall Islands,Western Pacific Region,2008,226.1,226.050969601,215.667143836,235.782924153,ensemble_top4,,,,,,
mmr,108,Marshall Islands,Marshall Islands,Western Pacific Region,2009,223.6,221.495624246,210.654960866,231.384085352,ensemble_top4,,,,,,
mmr,108,Marshall Islands,Marshall Islands,Western Pacific Region,2010,211.9,216.74220071,205.569469311,226.939767944,ensemble_top4,,,,,,
mmr,108,Marshall Islands,Marshall Islands,Western Pacific Region,2011,209.3,211.498035779,200.071400998,221.929483002,ensemble_top4,,,,,,
mmr,108,Marshall Islands,Marshall Islands,Western Pacific Region,2012,207,206.234423491,194.586587973,216.306073212,ensemble_top4,,,,,,
mmr,108,Marshall Islands,Marshall Islands,Western Pacific Region,2013,200.7,200.676848468,189.475796525,210.977456657,ensemble_top4,,,,,,
mmr,108,Marshall Islands,Marshall Islands,Western Pacific Region,2014,199.5,194.980596629,183.849538359,205.284436773,ensemble_top4,,,,,,
mmr,108,Marshall Islands,Marshall Islands,Western Pacific Region,2015,183.8,189.285277699,178.827910578,199.546285095,ensemble_top4,,,,,,
mmr,108,Marshall Islands,Marshall Islands,Western Pacific Region,2016,183.5,183.650067914,173.047373571,193.515706913,ensemble_top4,,,,,,
mmr,108,Marshall Islands,Marshall Islands,Western Pacific Region,2017,179.1,178.092389845,167.601965382,187.830375816,ensemble_top4,,,,,,
mmr,108,Marshall Islands,Marshall Islands,Western Pacific Region,2018,167.2,172.334499058,162.240209947,182.265303687,ensemble_top4,,,,,,
mmr,108,Marshall Islands,Marshall Islands,Western Pacific Region,2019,167.9,167.030039702,156.448830102,177.280695424,ensemble_top4,,,,,,
mmr,108,Marshall Islands,Marshall Islands,Western Pacific Region,2020,177.6,161.528278254,150.798483939,172.167641978,ensemble_top4,16.0717217457,5.43235802156,26.8015160613,16.0717217457,1.09949788309,0.0948536056736
mmr,108,Marshall Islands,Marshall Islands,Western Pacific Region,2021,205.6,156.378991592,144.914679019,167.78136144,ensemble_top4,49.2210084078,37.8186385601,60.6853209812,49.2210084078,1.31475460934,0.27365003935
mmr,108,Marshall Islands,Marshall Islands,Western Pacific Region,2022,173.5,150.990433146,139.383619981,163.063213336,ensemble_top4,22.5095668541,10.436786664,34.1163800187,22.5095668541,1.14907942434,0.138961121229
mmr,108,Marshall Islands,Marshall Islands,Western Pacific Region,2023,154.8,145.724742838,133.658234341,159.305969132,ensemble_top4,9.07525716219,0,21.1417656587,9.07525716219,1.06227670734,0.0604144419344
mmr,109,Mauritania,Mauritania,African Region,2000,644.1,644.1,644.1,644.1,ensemble_top4,,,,,,
mmr,109,Mauritania,Mauritania,African Region,2001,616.4,609.646566856,566.329606671,638.786697764,ensemble_top4,,,,,,
mmr,109,Mauritania,Mauritania,African Region,2002,589.7,592.579149676,558.511215265,617.532537487,ensemble_top4,,,,,,
mmr,109,Mauritania,Mauritania,African Region,2003,571.4,575.507094816,546.558914453,599.333649681,ensemble_top4,,,,,,
mmr,109,Mauritania,Mauritania,African Region,2004,557.2,557.90388426,530.900446642,583.820557592,ensemble_top4,,,,,,
mmr,109,Mauritania,Mauritania,African Region,2005,535.7,542.923281504,516.25246045,571.592448567,ensemble_top4,,,,,,
mmr,109,Mauritania,Mauritania,African Region,2006,520.9,531.859819025,500.365945953,561.045404075,ensemble_top4,,,,,,
mmr,109,Mauritania,Mauritania,African Region,2007,516.4,520.226995091,481.337747625,551.590366299,ensemble_top4,,,,,,
mmr,109,Mauritania,Mauritania,African Region,2008,505.9,512.13595108,486.817807662,544.04221932,ensemble_top4,,,,,,
mmr,109,Mauritania,Mauritania,African Region,2009,499.7,504.356453578,477.980230775,533.873337641,ensemble_top4,,,,,,
mmr,109,Mauritania,Mauritania,African Region,2010,499.2,502.382475297,477.13802609,529.964437861,ensemble_top4,,,,,,
mmr,109,Mauritania,Mauritania,African Region,2011,493.6,498.160905605,470.373302347,531.818678142,ensemble_top4,,,,,,
mmr,109,Mauritania,Mauritania,African Region,2012,496.2,489.762509251,462.934116367,519.806741622,ensemble_top4,,,,,,
mmr,109,Mauritania,Mauritania,African Region,2013,495.9,481.754451785,455.546169285,509.581789676,ensemble_top4,,,,,,
mmr,109,Mauritania,Mauritania,African Region,2014,483.6,473.078440981,447.550583098,498.079749554,ensemble_top4,,,,,,
mmr,109,Mauritania,Mauritania,African Region,2015,469.2,464.722953715,439.535429354,488.699851142,ensemble_top4,,,,,,
mmr,109,Mauritania,Mauritania,African Region,2016,456,456.702734218,432.348286322,481.148521812,ensemble_top4,,,,,,
mmr,109,Mauritania,Mauritania,African Region,2017,449.9,447.809048767,423.865329052,471.592445683,ensemble_top4,,,,,,
mmr,109,Mauritania,Mauritania,African Region,2018,437.2,440.281335024,414.633517035,465.14920442,ensemble_top4,,,,,,
mmr,109,Mauritania,Mauritania,African Region,2019,423.6,433.031696203,406.675376518,458.769545639,ensemble_top4,,,,,,
mmr,109,Mauritania,Mauritania,African Region,2020,412.9,424.622095914,398.623826102,452.926117851,ensemble_top4,0,0,14.2761738985,-11.7220959144,0.972394051023,-0.027994154388
mmr,109,Mauritania,Mauritania,African Region,2021,425.3,417.851006473,389.760935691,448.241602453,ensemble_top4,7.44899352724,0,35.5390643092,7.44899352724,1.01782691297,0.0176698771211
mmr,109,Mauritania,Mauritania,African Region,2022,385.1,410.427567936,380.892162685,443.770643027,ensemble_top4,0,0,4.20783731514,-25.3275679361,0.938289798457,-0.0636964241131
mmr,109,Mauritania,Mauritania,African Region,2023,381.1,403.728856369,371.937477087,440.734725631,ensemble_top4,0,0,9.1625229134,-22.6288563689,0.943950361705,-0.0576816971592
mmr,110,Mauritius,Mauritius,African Region,2000,43.34,43.34,42.34,43.34,ensemble_top4,,,,,,
mmr,110,Mauritius,Mauritius,African Region,2001,42.05,41.2947277778,30.6425914689,43.8679397641,ensemble_top4,,,,,,
mmr,110,Mauritius,Mauritius,African Region,2002,41.98,41.8339453701,32.0362278917,44.2486628211,ensemble_top4,,,,,,
mmr,110,Mauritius,Mauritius,African Region,2003,41.96,41.9741299114,33.6333892917,44.4580492116,ensemble_top4,,,,,,
mmr,110,Mauritius,Mauritius,African Region,2004,42.71,42.2512692962,35.7338251268,44.8060278883,ensemble_top4,,,,,,
mmr,110,Mauritius,Mauritius,African Region,2005,43.28,42.8260838868,37.8615828069,45.2806687832,ensemble_top4,,,,,,
mmr,110,Mauritius,Mauritius,African Region,2006,44.73,43.7854783315,40.0305675247,46.3380049815,ensemble_top4,,,,,,
mmr,110,Mauritius,Mauritius,African Region,2007,45.8,45.7671934387,42.2814771573,48.4618322439,ensemble_top4,,,,,,
mmr,110,Mauritius,Mauritius,African Region,2008,47.74,48.073307647,44.5768194106,50.4671933665,ensemble_top4,,,,,,
mmr,110,Mauritius,Mauritius,African Region,2009,51.17,50.0375187345,46.6733389771,52.5317505732,ensemble_top4,,,,,,
mmr,110,Mauritius,Mauritius,African Region,2010,52.55,51.9631606501,48.7673571097,54.3097287204,ensemble_top4,,,,,,
mmr,110,Mauritius,Mauritius,African Region,2011,54.98,53.8473420201,50.8212131622,56.1998087911,ensemble_top4,,,,,,
mmr,110,Mauritius,Mauritius,African Region,2012,54.56,55.7014755827,52.9157004042,58.0175178616,ensemble_top4,,,,,,
mmr,110,Mauritius,Mauritius,African Region,2013,58.12,57.4995389219,54.8327573989,59.8459436861,ensemble_top4,,,,,,
mmr,110,Mauritius,Mauritius,African Region,2014,60.35,59.2818428298,56.7624179417,61.5048524602,ensemble_top4,,,,,,
mmr,110,Mauritius,Mauritius,African Region,2015,61.48,60.988890188,58.552058529,63.1924280692,ensemble_top4,,,,,,
mmr,110,Mauritius,Mauritius,African Region,2016,62.4,62.6853270698,60.2773567995,64.9863752686,ensemble_top4,,,,,,
mmr,110,Mauritius,Mauritius,African Region,2017,65.99,64.3770072523,62.0368711899,66.5880559422,ensemble_top4,,,,,,
mmr,110,Mauritius,Mauritius,African Region,2018,66.64,66.0010898966,63.6556872952,68.2981306005,ensemble_top4,,,,,,
mmr,110,Mauritius,Mauritius,African Region,2019,67.15,67.6212577174,65.2137622582,69.9020344185,ensemble_top4,,,,,,
mmr,110,Mauritius,Mauritius,African Region,2020,58.11,69.1556945367,66.7207411239,71.7057916529,ensemble_top4,0,0,0,-11.0456945367,0.840277874285,-0.174022639128
mmr,110,Mauritius,Mauritius,African Region,2021,79.99,70.7520070542,68.1917525953,73.356384932,ensemble_top4,9.23799294578,6.633615068,11.7982474047,9.23799294578,1.13056863445,0.122720722482
mmr,110,Mauritius,Mauritius,African Region,2022,60.57,72.2689983848,69.6505682849,75.1551690453,ensemble_top4,0,0,0,-11.6989983848,0.838118714161,-0.176595524856
mmr,110,Mauritius,Mauritius,African Region,2023,65.9,73.7305144994,70.9399192456,76.9182019077,ensemble_top4,0,0,0,-7.83051449936,0.893795471895,-0.112278308624
mmr,111,Mexico,Mexico,Region of the Americas,2000,56.39,56.39,56.39,56.39,ensemble_top4,,,,,,
mmr,111,Mexico,Mexico,Region of the Americas,2001,55.35,54.9681515771,52.7067969313,57.3503450567,ensemble_top4,,,,,,
mmr,111,Mexico,Mexico,Region of the Americas,2002,54.97,54.5350125577,52.2485921799,56.8275206687,ensemble_top4,,,,,,
mmr,111,Mexico,Mexico,Region of the Americas,2003,54.04,53.8567632032,51.6451098522,56.1386024406,ensemble_top4,,,,,,
mmr,111,Mexico,Mexico,Region of the Americas,2004,53.06,53.1547161307,50.9575372095,55.2968254599,ensemble_top4,,,,,,
mmr,111,Mexico,Mexico,Region of the Americas,2005,51.65,52.3283259569,50.1531685991,54.4777096411,ensemble_top4,,,,,,
mmr,111,Mexico,Mexico,Region of the Americas,2006,50.6,51.5422515084,49.3293532702,53.674978221,ensemble_top4,,,,,,
mmr,111,Mexico,Mexico,Region of the Americas,2007,49.6,50.6800337503,48.4290459063,52.8118752203,ensemble_top4,,,,,,
mmr,111,Mexico,Mexico,Region of the Americas,2008,50.64,49.8225957381,47.5223239714,51.901797093,ensemble_top4,,,,,,
mmr,111,Mexico,Mexico,Region of the Americas,2009,50.61,48.8697793014,46.627792054,51.0904197413,ensemble_top4,,,,,,
mmr,111,Mexico,Mexico,Region of the Americas,2010,49.74,48.0829092049,45.9057230475,50.2191070384,ensemble_top4,,,,,,
mmr,111,Mexico,Mexico,Region of the Americas,2011,47.28,47.2358948916,45.1396615066,49.4796538306,ensemble_top4,,,,,,
mmr,111,Mexico,Mexico,Region of the Americas,2012,45.79,46.4056316501,44.2396101024,48.6510930253,ensemble_top4,,,,,,
mmr,111,Mexico,Mexico,Region of the Americas,2013,44.96,45.5715063079,43.3939061141,47.8755468525,ensemble_top4,,,,,,
mmr,111,Mexico,Mexico,Region of the Americas,2014,43.7,44.7773906648,42.6212439013,47.1945035109,ensemble_top4,,,,,,
mmr,111,Mexico,Mexico,Region of the Americas,2015,43.16,44.342560056,42.1748552538,46.6642010485,ensemble_top4,,,,,,
mmr,111,Mexico,Mexico,Region of the Americas,2016,43.16,44.3059400086,41.7362705629,46.9146208852,ensemble_top4,,,,,,
mmr,111,Mexico,Mexico,Region of the Americas,2017,43.94,43.9421928211,41.2667199618,46.4334076435,ensemble_top4,,,,,,
mmr,111,Mexico,Mexico,Region of the Americas,2018,44,43.4248224369,40.7460912581,45.9224634956,ensemble_top4,,,,,,
mmr,111,Mexico,Mexico,Region of the Americas,2019,43.34,42.8792209683,40.2197964724,45.9892843796,ensemble_top4,,,,,,
mmr,111,Mexico,Mexico,Region of the Americas,2020,61.48,42.2664185036,39.5185687187,46.7306942358,ensemble_top4,19.2135814964,14.7493057642,21.9614312813,19.2135814964,1.45458267288,0.374719036718
mmr,111,Mexico,Mexico,Region of the Americas,2021,103.9,41.6506940735,38.8313494731,48.6489776978,ensemble_top4,62.2493059265,55.2510223022,65.0686505269,62.2493059265,2.49455626878,0.914110865201
mmr,111,Mexico,Mexico,Region of the Americas,2022,45.45,41.0366736806,38.1934574157,51.6762222402,ensemble_top4,4.41332631938,0,7.25654258433,4.41332631938,1.10754590769,0.102146673713
mmr,111,Mexico,Mexico,Region of the Americas,2023,42.11,40.3635025993,37.393161736,55.8608616433,ensemble_top4,1.74649740074,0,4.71683826401,1.74649740074,1.04326922314,0.0423592665277
mmr,112,Micronesia,Micronesia (Federated States of),Western Pacific Region,2000,203.9,203.9,203.9,203.9,ensemble_top4,,,,,,
mmr,112,Micronesia,Micronesia (Federated States of),Western Pacific Region,2001,195.8,199.0637522,184.230591461,212.360419398,ensemble_top4,,,,,,
mmr,112,Micronesia,Micronesia (Federated States of),Western Pacific Region,2002,213.6,199.393803985,186.141655217,212.131526075,ensemble_top4,,,,,,
mmr,112,Micronesia,Micronesia (Federated States of),Western Pacific Region,2003,190.8,196.96825825,184.843330561,210.698604267,ensemble_top4,,,,,,
mmr,112,Micronesia,Micronesia (Federated States of),Western Pacific Region,2004,190.5,194.369171583,181.215021598,207.947081499,ensemble_top4,,,,,,
mmr,112,Micronesia,Micronesia (Federated States of),Western Pacific Region,2005,188.4,192.220013196,179.550403765,205.238095353,ensemble_top4,,,,,,
mmr,112,Micronesia,Micronesia (Federated States of),Western Pacific Region,2006,189.9,190.490549884,177.1634109,203.519178388,ensemble_top4,,,,,,
mmr,112,Micronesia,Micronesia (Federated States of),Western Pacific Region,2007,187.6,189.462332157,176.673159561,202.241199266,ensemble_top4,,,,,,
mmr,112,Micronesia,Micronesia (Federated States of),Western Pacific Region,2008,187.6,188.114689882,174.650794971,200.518344557,ensemble_top4,,,,,,
mmr,112,Micronesia,Micronesia (Federated States of),Western Pacific Region,2009,186.2,186.048461026,172.941911985,199.090710036,ensemble_top4,,,,,,
mmr,112,Micronesia,Micronesia (Federated States of),Western Pacific Region,2010,184.3,184.071587015,170.550343765,196.749819315,ensemble_top4,,,,,,
mmr,112,Micronesia,Micronesia (Federated States of),Western Pacific Region,2011,180.5,182.206948564,168.2067208,195.056166295,ensemble_top4,,,,,,
mmr,112,Micronesia,Micronesia (Federated States of),Western Pacific Region,2012,180.1,180.842708754,167.238445995,193.34296656,ensemble_top4,,,,,,
mmr,112,Micronesia,Micronesia (Federated States of),Western Pacific Region,2013,181.1,178.748763842,165.787032909,191.400737762,ensemble_top4,,,,,,
mmr,112,Micronesia,Micronesia (Federated States of),Western Pacific Region,2014,177.5,176.66716351,163.686458507,188.928242218,ensemble_top4,,,,,,
mmr,112,Micronesia,Micronesia (Federated States of),Western Pacific Region,2015,181.9,174.075474297,161.034602037,186.621410326,ensemble_top4,,,,,,
mmr,112,Micronesia,Micronesia (Federated States of),Western Pacific Region,2016,172.6,171.279941515,158.397179486,183.839265191,ensemble_top4,,,,,,
mmr,112,Micronesia,Micronesia (Federated States of),Western Pacific Region,2017,170.6,168.364602349,155.918100064,181.341610689,ensemble_top4,,,,,,
mmr,112,Micronesia,Micronesia (Federated States of),Western Pacific Region,2018,163.5,165.530627325,153.110143164,178.933564784,ensemble_top4,,,,,,
mmr,112,Micronesia,Micronesia (Federated States of),Western Pacific Region,2019,153.9,162.368930883,149.379692829,176.349781878,ensemble_top4,,,,,,
mmr,112,Micronesia,Micronesia (Federated States of),Western Pacific Region,2020,150.3,159.291940521,145.370500032,174.115672212,ensemble_top4,0,0,4.92949996758,-8.9919405213,0.943550561994,-0.0581053257906
mmr,112,Micronesia,Micronesia (Federated States of),Western Pacific Region,2021,155.4,156.396588359,140.163679597,172.042359743,ensemble_top4,0,0,15.2363204026,-0.996588358938,0.993627812669,-0.00639257637797
mmr,112,Micronesia,Micronesia (Federated States of),Western Pacific Region,2022,143.8,153.780455707,134.083289858,170.322949342,ensemble_top4,0,0,9.71671014154,-9.98045570689,0.935099322856,-0.0671025276817
mmr,112,Micronesia,Micronesia (Federated States of),Western Pacific Region,2023,128.8,151.428035711,127.693013251,169.074995446,ensemble_top4,0,0,1.10698674886,-22.6280357115,0.85056904684,-0.16184968662
mmr,113,Monaco,Monaco,European Region,2000,10.19,10.19,10.19,10.19,ensemble_top4,,,,,,
mmr,113,Monaco,Monaco,European Region,2001,10.36,7.22575396307,2.10188143598,13.081080527,ensemble_top4,,,,,,
mmr,113,Monaco,Monaco,European Region,2002,10.26,7.33862531575,2.01904855022,12.9965822093,ensemble_top4,,,,,,
mmr,113,Monaco,Monaco,European Region,2003,5.12,7.28163868793,2.24862387599,12.6738605527,ensemble_top4,,,,,,
mmr,113,Monaco,Monaco,European Region,2004,5.17,7.16867854021,2.04698931632,12.5995711474,ensemble_top4,,,,,,
mmr,113,Monaco,Monaco,European Region,2005,5.16,7.19115561646,2.28931749819,12.5677627381,ensemble_top4,,,,,,
mmr,113,Monaco,Monaco,European Region,2006,5.15,7.59225509926,2.4518069723,13.2924078663,ensemble_top4,,,,,,
mmr,113,Monaco,Monaco,European Region,2007,10.41,8.02187704217,2.49078801271,14.4532013735,ensemble_top4,,,,,,
mmr,113,Monaco,Monaco,European Region,2008,10.57,9.06272147189,3.05255419627,15.3598352808,ensemble_top4,,,,,,
mmr,113,Monaco,Monaco,European Region,2009,10.52,9.6727994504,3.63916027536,16.2856379207,ensemble_top4,,,,,,
mmr,113,Monaco,Monaco,European Region,2010,10.64,8.9014391829,3.43144669179,15.0198233986,ensemble_top4,,,,,,
mmr,113,Monaco,Monaco,European Region,2011,10.55,8.09674755915,2.87455508661,13.4922768827,ensemble_top4,,,,,,
mmr,113,Monaco,Monaco,European Region,2012,5.29,7.45026990741,2.51136176366,12.4132434971,ensemble_top4,,,,,,
mmr,113,Monaco,Monaco,European Region,2013,5.31,6.90784777284,1.85409041326,11.7957255927,ensemble_top4,,,,,,
mmr,113,Monaco,Monaco,European Region,2014,5.41,6.486394677,1.60109083499,11.4207077365,ensemble_top4,,,,,,
mmr,113,Monaco,Monaco,European Region,2015,5.44,6.25681286526,1.33533825992,11.1111982928,ensemble_top4,,,,,,
mmr,113,Monaco,Monaco,European Region,2016,5.53,6.0427766468,0.992264543013,11.058132997,ensemble_top4,,,,,,
mmr,113,Monaco,Monaco,European Region,2017,5.45,5.87327816223,0.8549471818,10.6934179241,ensemble_top4,,,,,,
mmr,113,Monaco,Monaco,European Region,2018,5.53,5.63990614792,0.490256354096,10.7875333121,ensemble_top4,,,,,,
mmr,113,Monaco,Monaco,European Region,2019,5.56,5.61145649912,0.368985341672,10.5434260546,ensemble_top4,,,,,,
mmr,113,Monaco,Monaco,European Region,2020,23.64,5.45761180162,0.163653936993,10.6429013562,ensemble_top4,18.1823881984,12.9970986438,23.476346063,18.1823881984,4.33156495172,1.46592889744
mmr,113,Monaco,Monaco,European Region,2021,5.47,5.38255857886,-0,10.6892434236,ensemble_top4,0.087441421143,0,5.47,0.087441421143,1.01624532643,0.0161147830306
mmr,113,Monaco,Monaco,European Region,2022,5.31,5.21317943025,-0,10.700658804,ensemble_top4,0.0968205697478,0,5.31,0.0968205697478,1.01857226881,0.0184019102919
mmr,113,Monaco,Monaco,European Region,2023,5.22,5.14133789123,-0,10.5302210381,ensemble_top4,0.0786621087688,0,5.22,0.0786621087688,1.01529992979,0.0151840661743
mmr,114,Mongolia,Mongolia,Western Pacific Region,2000,143.9,143.9,142.9,143.9,ensemble_top4,,,,,,
mmr,114,Mongolia,Mongolia,Western Pacific Region,2001,129.8,129.480011164,123.062838176,154.379642142,ensemble_top4,,,,,,
mmr,114,Mongolia,Mongolia,Western Pacific Region,2002,119.8,121.758327116,115.774558701,147.050438968,ensemble_top4,,,,,,
mmr,114,Mongolia,Mongolia,Western Pacific Region,2003,113.9,113.868708022,108.526143713,137.916753377,ensemble_top4,,,,,,
mmr,114,Mongolia,Mongolia,Western Pacific Region,2004,107.8,106.299366223,101.152789798,128.521798797,ensemble_top4,,,,,,
mmr,114,Mongolia,Mongolia,Western Pacific Region,2005,99.15,99.0130372508,94.170582046,119.307047197,ensemble_top4,,,,,,
mmr,114,Mongolia,Mongolia,Western Pacific Region,2006,89.98,92.1583767534,87.4826631049,110.413290616,ensemble_top4,,,,,,
mmr,114,Mongolia,Mongolia,Western Pacific Region,2007,81.3,85.9402319484,80.8562376056,102.074943338,ensemble_top4,,,,,,
mmr,114,Mongolia,Mongolia,Western Pacific Region,2008,77.14,80.8117975443,75.5247124089,94.4105618327,ensemble_top4,,,,,,
mmr,114,Mongolia,Mongolia,Western Pacific Region,2009,74.62,76.2315783573,71.6219883113,87.3223397597,ensemble_top4,,,,,,
mmr,114,Mongolia,Mongolia,Western Pacific Region,2010,71.41,71.5876385024,66.95866469,80.678015695,ensemble_top4,,,,,,
mmr,114,Mongolia,Mongolia,Western Pacific Region,2011,67.26,67.2571780911,62.5991203979,74.63022269,ensemble_top4,,,,,,
mmr,114,Mongolia,Mongolia,Western Pacific Region,2012,62.64,63.1310529557,58.560317684,69.510027348,ensemble_top4,,,,,,
mmr,114,Mongolia,Mongolia,Western Pacific Region,2013,58.85,59.2898342564,54.7169193908,64.7190673759,ensemble_top4,,,,,,
mmr,114,Mongolia,Mongolia,Western Pacific Region,2014,56.23,55.6344292415,51.0615845932,60.4387514218,ensemble_top4,,,,,,
mmr,114,Mongolia,Mongolia,Western Pacific Region,2015,51.87,52.2203708908,47.5737288458,57.0589892117,ensemble_top4,,,,,,
mmr,114,Mongolia,Mongolia,Western Pacific Region,2016,48.13,49.1092907041,44.0779033972,53.8608289,ensemble_top4,,,,,,
mmr,114,Mongolia,Mongolia,Western Pacific Region,2017,45.43,46.2395345662,40.8507127867,51.0664951009,ensemble_top4,,,,,,
mmr,114,Mongolia,Mongolia,Western Pacific Region,2018,44.59,43.5935972591,37.549664473,48.6180313916,ensemble_top4,,,,,,
mmr,114,Mongolia,Mongolia,Western Pacific Region,2019,44.82,41.1912342477,34.7384492283,46.6552784005,ensemble_top4,,,,,,
mmr,114,Mongolia,Mongolia,Western Pacific Region,2020,46.82,38.9413140122,31.9109825486,44.9330958627,ensemble_top4,7.87868598778,1.88690413728,14.9090174514,7.87868598778,1.20232203734,0.184254718152
mmr,114,Mongolia,Mongolia,Western Pacific Region,2021,63.33,36.9582167313,29.3117493763,43.6135551324,ensemble_top4,26.3717832687,19.7164448676,34.0182506237,26.3717832687,1.71355670271,0.538571153532
mmr,114,Mongolia,Mongolia,Western Pacific Region,2022,41.22,35.0985037968,26.9518591063,42.2112401465,ensemble_top4,6.12149620322,0,14.2681408937,6.12149620322,1.17440903574,0.160765072772
mmr,114,Mongolia,Mongolia,Western Pacific Region,2023,40.51,33.2273544483,24.7296162477,41.2483887728,ensemble_top4,7.28264555172,0,15.7803837523,7.28264555172,1.21917620806,0.19817539137
mmr,115,Montenegro,Montenegro,European Region,2000,11.33,11.33,10.33,11.33,ensemble_top4,,,,,,
mmr,115,Montenegro,Montenegro,European Region,2001,10.86,10.6381441138,9.59115890421,11.6437452788,ensemble_top4,,,,,,
mmr,115,Montenegro,Montenegro,European Region,2002,10.16,10.141517883,9.07476809182,11.1559367753,ensemble_top4,,,,,,
mmr,115,Montenegro,Montenegro,European Region,2003,10.01,9.62149206594,8.54318589858,10.5938945962,ensemble_top4,,,,,,
mmr,115,Montenegro,Montenegro,European Region,2004,9.27,9.13336413142,8.07852543806,10.0856607533,ensemble_top4,,,,,,
mmr,115,Montenegro,Montenegro,European Region,2005,8.39,8.63935187154,7.67198996504,9.53762594044,ensemble_top4,,,,,,
mmr,115,Montenegro,Montenegro,European Region,2006,8.03,8.20980009484,7.34596803255,9.0695742476,ensemble_top4,,,,,,
mmr,115,Montenegro,Montenegro,European Region,2007,7.99,7.86638186327,7.05057588616,8.73297112807,ensemble_top4,,,,,,
mmr,115,Montenegro,Montenegro,European Region,2008,7.67,7.58396616342,6.78472425205,8.41120373704,ensemble_top4,,,,,,
mmr,115,Montenegro,Montenegro,European Region,2009,7.55,7.36391083658,6.57944729258,8.17982638718,ensemble_top4,,,,,,
mmr,115,Montenegro,Montenegro,European Region,2010,7.39,7.18791892165,6.43539589107,7.97034425899,ensemble_top4,,,,,,
mmr,115,Montenegro,Montenegro,European Region,2011,7.22,7.05796901012,6.30957322407,7.84500704409,ensemble_top4,,,,,,
mmr,115,Montenegro,Montenegro,European Region,2012,6.97,6.95950802759,6.16353671581,7.69428116925,ensemble_top4,,,,,,
mmr,115,Montenegro,Montenegro,European Region,2013,7.07,6.87676986569,6.1067564965,7.65503022287,ensemble_top4,,,,,,
mmr,115,Montenegro,Montenegro,European Region,2014,6.78,6.83016811551,6.06192484208,7.56412181981,ensemble_top4,,,,,,
mmr,115,Montenegro,Montenegro,European Region,2015,6.95,6.79334261671,5.99275054901,7.54119408312,ensemble_top4,,,,,,
mmr,115,Montenegro,Montenegro,European Region,2016,6.03,6.7552467692,5.96006142785,7.5194792125,ensemble_top4,,,,,,
mmr,115,Montenegro,Montenegro,European Region,2017,7.39,6.73136627609,5.95715326314,7.48862445658,ensemble_top4,,,,,,
mmr,115,Montenegro,Montenegro,European Region,2018,6.76,6.69545191936,5.95062579829,7.51210226415,ensemble_top4,,,,,,
mmr,115,Montenegro,Montenegro,European Region,2019,6.37,6.68781091835,5.89418598506,7.56261972106,ensemble_top4,,,,,,
mmr,115,Montenegro,Montenegro,European Region,2020,14.74,6.6617053331,5.79450596307,7.64350273729,ensemble_top4,8.0782946669,7.09649726271,8.94549403693,8.0782946669,2.21264665171,0.794189378964
mmr,115,Montenegro,Montenegro,European Region,2021,14.64,6.64120442223,5.68843248232,7.80322886298,ensemble_top4,7.99879557777,6.83677113702,8.95156751768,7.99879557777,2.20441941992,0.790464172604
mmr,115,Montenegro,Montenegro,European Region,2022,13.05,6.62727660365,5.49798197833,7.95322980904,ensemble_top4,6.42272339635,5.09677019096,7.55201802167,6.42272339635,1.9691346507,0.677594182639
mmr,115,Montenegro,Montenegro,European Region,2023,5.83,6.61161230548,5.31443492265,8.20176353517,ensemble_top4,0,0,0.515565077346,-0.781612305483,0.881781890805,-0.125810542893
mmr,116,Morocco,Morocco,Eastern Mediterranean,2000,271.4,271.4,270.4,271.4,ensemble_top4,,,,,,
mmr,116,Morocco,Morocco,Eastern Mediterranean,2001,254.1,254.980655126,251.166164282,263.570812485,ensemble_top4,,,,,,
mmr,116,Morocco,Morocco,Eastern Mediterranean,2002,238.1,239.439867363,235.928798277,250.238767961,ensemble_top4,,,,,,
mmr,116,Morocco,Morocco,Eastern Mediterranean,2003,224.2,224.842663607,220.989078454,235.386530565,ensemble_top4,,,,,,
mmr,116,Morocco,Morocco,Eastern Mediterranean,2004,213.3,210.864247235,206.803356049,220.504488232,ensemble_top4,,,,,,
mmr,116,Morocco,Morocco,Eastern Mediterranean,2005,196.5,196.895183842,193.334049698,206.140138801,ensemble_top4,,,,,,
mmr,116,Morocco,Morocco,Eastern Mediterranean,2006,182.4,183.767585677,180.375870085,192.478136196,ensemble_top4,,,,,,
mmr,116,Morocco,Morocco,Eastern Mediterranean,2007,169.3,171.465739171,168.29798284,179.423458669,ensemble_top4,,,,,,
mmr,116,Morocco,Morocco,Eastern Mediterranean,2008,158.2,160.017219927,156.872888755,167.557111754,ensemble_top4,,,,,,
mmr,116,Morocco,Morocco,Eastern Mediterranean,2009,148.3,149.352113735,146.21045799,156.109351934,ensemble_top4,,,,,,
mmr,116,Morocco,Morocco,Eastern Mediterranean,2010,140.1,139.391505724,136.299211363,145.79592788,ensemble_top4,,,,,,
mmr,116,Morocco,Morocco,Eastern Mediterranean,2011,130.2,130.298635428,127.17505579,136.174321334,ensemble_top4,,,,,,
mmr,116,Morocco,Morocco,Eastern Mediterranean,2012,121,121.861727155,118.68336527,127.389734348,ensemble_top4,,,,,,
mmr,116,Morocco,Morocco,Eastern Mediterranean,2013,112.6,114.029920991,110.910041172,119.3874031,ensemble_top4,,,,,,
mmr,116,Morocco,Morocco,Eastern Mediterranean,2014,105.7,106.819335515,103.753083075,111.907205933,ensemble_top4,,,,,,
mmr,116,Morocco,Morocco,Eastern Mediterranean,2015,99.65,100.217652716,97.1000555564,105.176941087,ensemble_top4,,,,,,
mmr,116,Morocco,Morocco,Eastern Mediterranean,2016,94.25,94.1875972414,90.8665918283,98.8948503541,ensemble_top4,,,,,,
mmr,116,Morocco,Morocco,Eastern Mediterranean,2017,88.09,88.6174419245,85.1328410361,93.1494204931,ensemble_top4,,,,,,
mmr,116,Morocco,Morocco,Eastern Mediterranean,2018,83.13,83.5642273528,79.3553486142,88.0772309913,ensemble_top4,,,,,,
mmr,116,Morocco,Morocco,Eastern Mediterranean,2019,79.21,78.996022535,74.2127274827,83.3051345375,ensemble_top4,,,,,,
mmr,116,Morocco,Morocco,Eastern Mediterranean,2020,81.34,74.8243148262,69.11013676,79.0549211532,ensemble_top4,6.51568517379,2.28507884675,12.22986324,6.51568517379,1.08707978401,0.0834950037991
mmr,116,Morocco,Morocco,Eastern Mediterranean,2021,92.06,71.0753599029,64.6495597472,75.2762861715,ensemble_top4,20.9846400971,16.7837138285,27.4104402528,20.9846400971,1.29524493616,0.258699817159
mmr,116,Morocco,Morocco,Eastern Mediterranean,2022,71.23,67.7207876376,60.2189133425,71.7335618404,ensemble_top4,3.50921236243,0,11.0110866575,3.50921236243,1.05181883562,0.050520889996
mmr,116,Morocco,Morocco,Eastern Mediterranean,2023,69.77,64.6605661965,56.1492269787,68.5031398063,ensemble_top4,5.10943380354,1.26686019371,13.6207730213,5.10943380354,1.0790193174,0.076052589174
mmr,117,Mozambique,Mozambique,African Region,2000,525.4,525.4,525.4,525.4,ensemble_top4,,,,,,
mmr,117,Mozambique,Mozambique,African Region,2001,450.4,419.247692106,342.089968965,484.071298704,ensemble_top4,,,,,,
mmr,117,Mozambique,Mozambique,African Region,2002,375.2,388.060660458,321.968825318,448.588430756,ensemble_top4,,,,,,
mmr,117,Mozambique,Mozambique,African Region,2003,338.1,359.441833309,295.064166591,423.675551909,ensemble_top4,,,,,,
mmr,117,Mozambique,Mozambique,African Region,2004,300.2,332.375249671,268.679259473,398.993194959,ensemble_top4,,,,,,
mmr,117,Mozambique,Mozambique,African Region,2005,279.3,308.340584062,242.15912003,379.564444121,ensemble_top4,,,,,,
mmr,117,Mozambique,Mozambique,African Region,2006,274.1,295.002032371,226.681785958,361.786601454,ensemble_top4,,,,,,
mmr,117,Mozambique,Mozambique,African Region,2007,296.8,300.466103496,233.501896172,365.905507431,ensemble_top4,,,,,,
mmr,117,Mozambique,Mozambique,African Region,2008,328.4,288.786265866,217.883402922,365.746409935,ensemble_top4,,,,,,
mmr,117,Mozambique,Mozambique,African Region,2009,312.7,270.502783975,199.841714542,345.410709006,ensemble_top4,,,,,,
mmr,117,Mozambique,Mozambique,African Region,2010,271.1,251.068900829,185.780517231,316.228267706,ensemble_top4,,,,,,
mmr,117,Mozambique,Mozambique,African Region,2011,236.6,231.315627615,168.823804326,291.079340981,ensemble_top4,,,,,,
mmr,117,Mozambique,Mozambique,African Region,2012,191,213.512172867,152.416243722,272.821626827,ensemble_top4,,,,,,
mmr,117,Mozambique,Mozambique,African Region,2013,169.9,198.710973701,137.761806958,257.993607754,ensemble_top4,,,,,,
mmr,117,Mozambique,Mozambique,African Region,2014,179.7,184.141526941,124.516716807,245.225787855,ensemble_top4,,,,,,
mmr,117,Mozambique,Mozambique,African Region,2015,182.5,172.366189419,111.711324249,235.821181365,ensemble_top4,,,,,,
mmr,117,Mozambique,Mozambique,African Region,2016,169.8,161.445195542,100.974924544,225.800752964,ensemble_top4,,,,,,
mmr,117,Mozambique,Mozambique,African Region,2017,155.8,151.356285667,89.9814990605,215.816927723,ensemble_top4,,,,,,
mmr,117,Mozambique,Mozambique,African Region,2018,132.5,143.351124576,80.2168733374,207.856595268,ensemble_top4,,,,,,
mmr,117,Mozambique,Mozambique,African Region,2019,111.4,134.779221253,72.247066332,200.058544732,ensemble_top4,,,,,,
mmr,117,Mozambique,Mozambique,African Region,2020,110.2,126.644155501,63.716050232,192.659897525,ensemble_top4,0,0,46.483949768,-16.4441555007,0.870154643649,-0.139084331808
mmr,117,Mozambique,Mozambique,African Region,2021,160.6,120.318787662,55.1420571887,188.132233942,ensemble_top4,40.2812123382,0,105.457942811,40.2812123382,1.33478738542,0.288772017311
mmr,117,Mozambique,Mozambique,African Region,2022,92.76,113.772857711,49.1790415412,182.209724253,ensemble_top4,0,0,43.5809584588,-21.0128577111,0.815308693709,-0.204188472167
mmr,117,Mozambique,Mozambique,African Region,2023,82.22,107.36136661,44.1443285831,175.838393826,ensemble_top4,0,0,38.0756714169,-25.1413666101,0.765824826901,-0.266801820902
mmr,118,Myanmar,Myanmar,Southeast Asia Region,2000,374.9,374.9,373.9,374.9,ensemble_top4,,,,,,
mmr,118,Myanmar,Myanmar,Southeast Asia Region,2001,361.5,360.740366737,352.915284895,373.281429457,ensemble_top4,,,,,,
mmr,118,Myanmar,Myanmar,Southeast Asia Region,2002,346.5,348.022053853,341.516036245,360.036820113,ensemble_top4,,,,,,
mmr,118,Myanmar,Myanmar,Southeast Asia Region,2003,335,336.671610667,330.409242126,347.129412452,ensemble_top4,,,,,,
mmr,118,Myanmar,Myanmar,Southeast Asia Region,2004,323.6,324.840473561,318.823976746,334.946097584,ensemble_top4,,,,,,
mmr,118,Myanmar,Myanmar,Southeast Asia Region,2005,311.5,313.36015512,307.690892809,322.680169125,ensemble_top4,,,,,,
mmr,118,Myanmar,Myanmar,Southeast Asia Region,2006,300.8,302.326917175,296.551821452,311.588552718,ensemble_top4,,,,,,
mmr,118,Myanmar,Myanmar,Southeast Asia Region,2007,290.5,291.763627782,285.832372019,300.230358073,ensemble_top4,,,,,,
mmr,118,Myanmar,Myanmar,Southeast Asia Region,2008,285.8,281.580873309,275.597045329,289.956968588,ensemble_top4,,,,,,
mmr,118,Myanmar,Myanmar,Southeast Asia Region,2009,268.5,271.846126876,265.843745998,279.553328672,ensemble_top4,,,,,,
mmr,118,Myanmar,Myanmar,Southeast Asia Region,2010,259.1,262.601526818,256.69497739,270.220812763,ensemble_top4,,,,,,
mmr,118,Myanmar,Myanmar,Southeast Asia Region,2011,248.5,253.584815859,247.698590361,261.172632572,ensemble_top4,,,,,,
mmr,118,Myanmar,Myanmar,Southeast Asia Region,2012,242.9,245.053525218,239.337111736,252.151220437,ensemble_top4,,,,,,
mmr,118,Myanmar,Myanmar,Southeast Asia Region,2013,236.9,237.008382809,231.460971796,244.246368516,ensemble_top4,,,,,,
mmr,118,Myanmar,Myanmar,Southeast Asia Region,2014,227.5,229.123208631,223.619833254,236.177300437,ensemble_top4,,,,,,
mmr,118,Myanmar,Myanmar,Southeast Asia Region,2015,221.5,221.799225766,216.249051163,228.649478483,ensemble_top4,,,,,,
mmr,118,Myanmar,Myanmar,Southeast Asia Region,2016,215.2,214.713077233,208.909928873,221.671245299,ensemble_top4,,,,,,
mmr,118,Myanmar,Myanmar,Southeast Asia Region,2017,209.1,208.036566337,201.88311796,214.867023183,ensemble_top4,,,,,,
mmr,118,Myanmar,Myanmar,Southeast Asia Region,2018,200.9,201.666367915,195.051599404,208.612966657,ensemble_top4,,,,,,
mmr,118,Myanmar,Myanmar,Southeast Asia Region,2019,194.9,195.683005005,188.438219651,202.557959254,ensemble_top4,,,,,,
mmr,118,Myanmar,Myanmar,Southeast Asia Region,2020,198.2,190.100872715,181.685331593,196.88237158,ensemble_top4,8.09912728455,1.31762842008,16.5146684066,8.09912728455,1.04260436667,0.0417217815891
mmr,118,Myanmar,Myanmar,Southeast Asia Region,2021,231.3,184.72205335,175.478166264,191.650056478,ensemble_top4,46.5779466499,39.6499435217,55.8218337363,46.5779466499,1.25215152065,0.224863288239
mmr,118,Myanmar,Myanmar,Southeast Asia Region,2022,192.9,179.596749703,169.273091256,186.96133564,ensemble_top4,13.3032502972,5.93866435953,23.6269087442,13.3032502972,1.07407289007,0.0714578616305
mmr,118,Myanmar,Myanmar,Southeast Asia Region,2023,184.6,174.825665466,163.301693567,182.57814958,ensemble_top4,9.77433453382,2.02185042003,21.2983064329,9.77433453382,1.05590903663,0.0544020420157
mmr,119,Namibia,Namibia,African Region,2000,383.5,383.5,383.5,383.5,ensemble_top4,,,,,,
mmr,119,Namibia,Namibia,African Region,2001,376.1,264.423830513,119.280632309,364.587252344,ensemble_top4,,,,,,
mmr,119,Namibia,Namibia,African Region,2002,313.3,289.368228223,174.459616045,389.061805074,ensemble_top4,,,,,,
mmr,119,Namibia,Namibia,African Region,2003,289.9,309.251853195,211.998312838,417.740891918,ensemble_top4,,,,,,
mmr,119,Namibia,Namibia,African Region,2004,282.4,329.364207521,233.496538896,456.452472181,ensemble_top4,,,,,,
mmr,119,Namibia,Namibia,African Region,2005,343.8,371.688107105,260.224988851,501.629484893,ensemble_top4,,,,,,
mmr,119,Namibia,Namibia,African Region,2006,407.5,430.668924182,300.379676144,545.193173638,ensemble_top4,,,,,,
mmr,119,Namibia,Namibia,African Region,2007,488.7,499.546954572,395.031799284,622.768112725,ensemble_top4,,,,,,
mmr,119,Namibia,Namibia,African Region,2008,537.1,527.605888272,416.1220061,642.185131227,ensemble_top4,,,,,,
mmr,119,Namibia,Namibia,African Region,2009,547.4,528.189256135,411.525887997,628.627375986,ensemble_top4,,,,,,
mmr,119,Namibia,Namibia,African Region,2010,531.1,513.648983167,390.231997751,605.938012161,ensemble_top4,,,,,,
mmr,119,Namibia,Namibia,African Region,2011,497.7,480.634831895,364.702841823,574.170289456,ensemble_top4,,,,,,
mmr,119,Namibia,Namibia,African Region,2012,439.4,443.306018404,324.57188863,537.145575287,ensemble_top4,,,,,,
mmr,119,Namibia,Namibia,African Region,2013,401.6,398.200196102,294.368531483,500.471941296,ensemble_top4,,,,,,
mmr,119,Namibia,Namibia,African Region,2014,369,354.697604558,254.015957502,456.142959426,ensemble_top4,,,,,,
mmr,119,Namibia,Namibia,African Region,2015,306.6,313.688118049,214.278091083,425.270159218,ensemble_top4,,,,,,
mmr,119,Namibia,Namibia,African Region,2016,249.6,275.677218578,179.117035018,395.456286264,ensemble_top4,,,,,,
mmr,119,Namibia,Namibia,African Region,2017,213.1,241.90458673,142.65407517,374.053001021,ensemble_top4,,,,,,
mmr,119,Namibia,Namibia,African Region,2018,197.9,213.526118036,116.498582526,353.812189967,ensemble_top4,,,,,,
mmr,119,Namibia,Namibia,African Region,2019,174.9,188.339019953,84.5268858336,339.397125508,ensemble_top4,,,,,,
mmr,119,Namibia,Namibia,African Region,2020,143.4,164.409406906,60.9933182793,319.435040486,ensemble_top4,0,0,82.4066817207,-21.0094069064,0.872212866029,-0.136721772445
mmr,119,Namibia,Namibia,African Region,2021,254.2,147.407282913,43.7465796021,308.213934202,ensemble_top4,106.792717087,0,210.453420398,106.792717087,1.72447381823,0.544921971042
mmr,119,Namibia,Namibia,African Region,2022,126.9,130.497584349,23.692101442,295.900378036,ensemble_top4,0,0,103.207898558,-3.59758434923,0.97243179353,-0.0279553411372
mmr,119,Namibia,Namibia,African Region,2023,138.9,116.650687703,4.18354533585,288.668125645,ensemble_top4,22.2493122968,0,134.716454664,22.2493122968,1.1907345146,0.174570355869
mmr,120,Nauru,Nauru,Western Pacific Region,2000,278.3,278.3,278.3,278.3,ensemble_top4,,,,,,
mmr,120,Nauru,Nauru,Western Pacific Region,2001,298.7,291.645481622,266.18120194,318.498132797,ensemble_top4,,,,,,
mmr,120,Nauru,Nauru,Western Pacific Region,2002,320.9,316.219346025,290.822033194,341.028440994,ensemble_top4,,,,,,
mmr,120,Nauru,Nauru,Western Pacific Region,2003,323,326.337273679,301.894739842,351.560825092,ensemble_top4,,,,,,
mmr,120,Nauru,Nauru,Western Pacific Region,2004,324.4,327.747668952,303.36995795,350.840336656,ensemble_top4,,,,,,
mmr,120,Nauru,Nauru,Western Pacific Region,2005,327.6,323.627048606,299.940051954,347.253005653,ensemble_top4,,,,,,
mmr,120,Nauru,Nauru,Western Pacific Region,2006,303.6,316.50279414,293.39103544,338.697293737,ensemble_top4,,,,,,
mmr,120,Nauru,Nauru,Western Pacific Region,2007,302.7,307.719578928,283.59259709,332.28265714,ensemble_top4,,,,,,
mmr,120,Nauru,Nauru,Western Pacific Region,2008,301.6,297.822932097,274.387012668,322.952096278,ensemble_top4,,,,,,
mmr,120,Nauru,Nauru,Western Pacific Region,2009,300.1,287.46436462,263.612808218,313.94924063,ensemble_top4,,,,,,
mmr,120,Nauru,Nauru,Western Pacific Region,2010,296.7,277.961258989,253.430700148,304.416596102,ensemble_top4,,,,,,
mmr,120,Nauru,Nauru,Western Pacific Region,2011,260,269.654737326,245.956310649,295.299440282,ensemble_top4,,,,,,
mmr,120,Nauru,Nauru,Western Pacific Region,2012,254.7,262.540978467,238.618527043,286.848559695,ensemble_top4,,,,,,
mmr,120,Nauru,Nauru,Western Pacific Region,2013,247.2,256.46747821,233.249731668,278.777187771,ensemble_top4,,,,,,
mmr,120,Nauru,Nauru,Western Pacific Region,2014,239.7,253.118162043,230.292334269,276.014296537,ensemble_top4,,,,,,
mmr,120,Nauru,Nauru,Western Pacific Region,2015,252.9,251.587371846,228.185356773,274.73228261,ensemble_top4,,,,,,
mmr,120,Nauru,Nauru,Western Pacific Region,2016,248.4,252.350233669,228.997850858,275.640100821,ensemble_top4,,,,,,
mmr,120,Nauru,Nauru,Western Pacific Region,2017,259.4,255.657764118,232.083066185,279.467070063,ensemble_top4,,,,,,
mmr,120,Nauru,Nauru,Western Pacific Region,2018,268.9,261.700005734,237.49244782,286.891960215,ensemble_top4,,,,,,
mmr,120,Nauru,Nauru,Western Pacific Region,2019,266.6,270.585285811,243.33129851,297.774688939,ensemble_top4,,,,,,
mmr,120,Nauru,Nauru,Western Pacific Region,2020,309,281.063781434,250.179511993,322.664452721,ensemble_top4,27.9362185657,0,58.820488007,27.9362185657,1.09939458732,0.0947596531268
mmr,120,Nauru,Nauru,Western Pacific Region,2021,265.7,293.3444057,256.706597897,360.697972934,ensemble_top4,0,0,8.99340210313,-27.6444057001,0.905761265042,-0.0989795120307
mmr,120,Nauru,Nauru,Western Pacific Region,2022,317.3,306.593542946,263.693309685,412.962736285,ensemble_top4,10.7064570539,0,53.6066903146,10.7064570539,1.03492068669,0.034324792562
mmr,120,Nauru,Nauru,Western Pacific Region,2023,273.4,321.827839917,271.874573376,474.93361893,ensemble_top4,0,0,1.52542662417,-48.4278399165,0.849522527544,-0.163080819629
mmr,121,Nepal,Nepal,Southeast Asia Region,2000,479.6,479.6,479.6,479.6,ensemble_top4,,,,,,
mmr,121,Nepal,Nepal,Southeast Asia Region,2001,443.1,436.775508017,404.315356424,457.495801523,ensemble_top4,,,,,,
mmr,121,Nepal,Nepal,Southeast Asia Region,2002,413.9,413.92669266,387.809677735,434.176638256,ensemble_top4,,,,,,
mmr,121,Nepal,Nepal,Southeast Asia Region,2003,387.4,390.904949814,369.397881396,412.036271037,ensemble_top4,,,,,,
mmr,121,Nepal,Nepal,Southeast Asia Region,2004,364.5,368.787414193,347.915616532,391.697303477,ensemble_top4,,,,,,
mmr,121,Nepal,Nepal,Southeast Asia Region,2005,344.4,347.68430018,328.876282266,374.405652221,ensemble_top4,,,,,,
mmr,121,Nepal,Nepal,Southeast Asia Region,2006,318,327.518820317,307.552029079,359.904659559,ensemble_top4,,,,,,
mmr,121,Nepal,Nepal,Southeast Asia Region,2007,308.7,308.291855649,288.357381223,343.217252979,ensemble_top4,,,,,,
mmr,121,Nepal,Nepal,Southeast Asia Region,2008,301.7,300.504906184,275.937911628,330.295790279,ensemble_top4,,,,,,
mmr,121,Nepal,Nepal,Southeast Asia Region,2009,298.7,300.587106127,262.672069107,324.737794367,ensemble_top4,,,,,,
mmr,121,Nepal,Nepal,Southeast Asia Region,2010,297.2,287.913490546,247.560170491,310.388424922,ensemble_top4,,,,,,
mmr,121,Nepal,Nepal,Southeast Asia Region,2011,285.7,277.43223229,251.55233363,299.82988246,ensemble_top4,,,,,,
mmr,121,Nepal,Nepal,Southeast Asia Region,2012,272.2,265.761948927,240.101847742,287.620107438,ensemble_top4,,,,,,
mmr,121,Nepal,Nepal,Southeast Asia Region,2013,258.4,252.59617352,227.181633864,274.658728216,ensemble_top4,,,,,,
mmr,121,Nepal,Nepal,Southeast Asia Region,2014,244.7,239.734199771,216.155645105,260.543855858,ensemble_top4,,,,,,
mmr,121,Nepal,Nepal,Southeast Asia Region,2015,235.6,227.130498806,204.926604622,246.332049748,ensemble_top4,,,,,,
mmr,121,Nepal,Nepal,Southeast Asia Region,2016,213.5,215.130060237,193.324651886,234.873029775,ensemble_top4,,,,,,
mmr,121,Nepal,Nepal,Southeast Asia Region,2017,197.2,203.548169333,183.141316411,224.384825447,ensemble_top4,,,,,,
mmr,121,Nepal,Nepal,Southeast Asia Region,2018,182.9,192.501056974,170.465366462,214.693407285,ensemble_top4,,,,,,
mmr,121,Nepal,Nepal,Southeast Asia Region,2019,170,182.352106735,160.012796889,205.081757819,ensemble_top4,,,,,,
mmr,121,Nepal,Nepal,Southeast Asia Region,2020,152.5,173.390251667,148.046232976,197.424328783,ensemble_top4,0,0,4.45376702382,-20.8902516666,0.879518880296,-0.128380247956
mmr,121,Nepal,Nepal,Southeast Asia Region,2021,172.8,164.712766096,136.573666241,189.603668071,ensemble_top4,8.08723390427,0,36.2263337591,8.08723390427,1.04909901094,0.0479317109836
mmr,121,Nepal,Nepal,Southeast Asia Region,2022,138.7,156.91071864,125.789662186,181.728384905,ensemble_top4,0,0,12.910337814,-18.2107186398,0.883942162794,-0.123363645189
mmr,121,Nepal,Nepal,Southeast Asia Region,2023,142,149.420983361,115.827170656,173.950528212,ensemble_top4,0,0,26.1728293439,-7.42098336121,0.950335065435,-0.0509406561134
mmr,122,Netherlands,Netherlands (Kingdom of the),European Region,2000,13.31,13.31,12.31,13.31,ensemble_top4,,,,,,
mmr,122,Netherlands,Netherlands (Kingdom of the),European Region,2001,12.61,12.8053550349,12.0360737056,13.9507987158,ensemble_top4,,,,,,
mmr,122,Netherlands,Netherlands (Kingdom of the),European Region,2002,12.68,12.801365614,12.2002295943,14.5740462554,ensemble_top4,,,,,,
mmr,122,Netherlands,Netherlands (Kingdom of the),European Region,2003,12.01,12.0890474245,11.392361884,14.3778760604,ensemble_top4,,,,,,
mmr,122,Netherlands,Netherlands (Kingdom of the),European Region,2004,10.99,11.1534008268,10.3982634659,13.7906715364,ensemble_top4,,,,,,
mmr,122,Netherlands,Netherlands (Kingdom of the),European Region,2005,10.21,10.3119213695,9.60006348788,12.9996202001,ensemble_top4,,,,,,
mmr,122,Netherlands,Netherlands (Kingdom of the),European Region,2006,9.02,9.42628622565,8.84465916641,12.1076464552,ensemble_top4,,,,,,
mmr,122,Netherlands,Netherlands (Kingdom of the),European Region,2007,8.2,8.60864856287,8.05345353056,11.2609788986,ensemble_top4,,,,,,
mmr,122,Netherlands,Netherlands (Kingdom of the),European Region,2008,7.77,7.89973474004,7.32171652076,10.4286170384,ensemble_top4,,,,,,
mmr,122,Netherlands,Netherlands (Kingdom of the),European Region,2009,7.19,7.31183008537,6.71212507765,9.64878940229,ensemble_top4,,,,,,
mmr,122,Netherlands,Netherlands (Kingdom of the),European Region,2010,6.44,6.81795020013,6.20000204626,8.92634386096,ensemble_top4,,,,,,
mmr,122,Netherlands,Netherlands (Kingdom of the),European Region,2011,6.59,6.43396370663,5.79141202551,8.24675579704,ensemble_top4,,,,,,
mmr,122,Netherlands,Netherlands (Kingdom of the),European Region,2012,6.06,6.12142270759,5.48832925387,7.61754042363,ensemble_top4,,,,,,
mmr,122,Netherlands,Netherlands (Kingdom of the),European Region,2013,5.62,5.85950457846,5.27055515905,7.01550707541,ensemble_top4,,,,,,
mmr,122,Netherlands,Netherlands (Kingdom of the),European Region,2014,5.47,5.61900086767,5.06328410484,6.48065542831,ensemble_top4,,,,,,
mmr,122,Netherlands,Netherlands (Kingdom of the),European Region,2015,5.13,5.35526807199,4.76567418078,5.98527263759,ensemble_top4,,,,,,
mmr,122,Netherlands,Netherlands (Kingdom of the),European Region,2016,5.26,5.10175965122,4.25674581263,5.65999477091,ensemble_top4,,,,,,
mmr,122,Netherlands,Netherlands (Kingdom of the),European Region,2017,5.01,4.89184093798,3.70047237304,5.49787141494,ensemble_top4,,,,,,
mmr,122,Netherlands,Netherlands (Kingdom of the),European Region,2018,4.79,4.70707887311,3.19368985915,5.35809546321,ensemble_top4,,,,,,
mmr,122,Netherlands,Netherlands (Kingdom of the),European Region,2019,4.81,4.52043839296,2.68449068742,5.271659438,ensemble_top4,,,,,,
mmr,122,Netherlands,Netherlands (Kingdom of the),European Region,2020,3.82,4.30388363986,2.27132324664,5.20264575441,ensemble_top4,0,0,1.54867675336,-0.48388363986,0.887570464178,-0.119267364527
mmr,122,Netherlands,Netherlands (Kingdom of the),European Region,2021,4.93,4.06468665128,1.90400352638,5.14528886346,ensemble_top4,0.865313348716,0,3.02599647362,0.865313348716,1.21288562267,0.193002332581
mmr,122,Netherlands,Netherlands (Kingdom of the),European Region,2022,4.41,3.79890443698,1.59457025452,5.05154507349,ensemble_top4,0.611095563019,0,2.81542974548,0.611095563019,1.16086099905,0.149161970352
mmr,122,Netherlands,Netherlands (Kingdom of the),European Region,2023,4.3,3.49678296554,1.33254197492,4.96294347699,ensemble_top4,0.803217034458,0,2.96745802508,0.803217034458,1.22970171222,0.206771629586
mmr,123,New Zealand,New Zealand,Western Pacific Region,2000,10.68,10.68,10.68,10.68,ensemble_top4,,,,,,
mmr,123,New Zealand,New Zealand,Western Pacific Region,2001,10.36,10.2363382508,9.19442919338,11.296309747,ensemble_top4,,,,,,
mmr,123,New Zealand,New Zealand,Western Pacific Region,2002,10.6,10.6390675785,9.69384934954,11.5861414988,ensemble_top4,,,,,,
mmr,123,New Zealand,New Zealand,Western Pacific Region,2003,10.85,10.8009619344,9.86690269036,11.7368077532,ensemble_top4,,,,,,
mmr,123,New Zealand,New Zealand,Western Pacific Region,2004,10.65,10.7753346221,9.88026929332,11.6995957657,ensemble_top4,,,,,,
mmr,123,New Zealand,New Zealand,Western Pacific Region,2005,10.59,10.6991981259,9.80168253647,11.6199818673,ensemble_top4,,,,,,
mmr,123,New Zealand,New Zealand,Western Pacific Region,2006,10.15,10.5392176159,9.63463224372,11.4331063871,ensemble_top4,,,,,,
mmr,123,New Zealand,New Zealand,Western Pacific Region,2007,10.4,10.3244615111,9.42863328679,11.224998927,ensemble_top4,,,,,,
mmr,123,New Zealand,New Zealand,Western Pacific Region,2008,9.82,10.0862471445,9.16380195465,10.9845286809,ensemble_top4,,,,,,
mmr,123,New Zealand,New Zealand,Western Pacific Region,2009,10.06,9.80874465029,8.89094389137,10.702499041,ensemble_top4,,,,,,
mmr,123,New Zealand,New Zealand,Western Pacific Region,2010,9.93,9.5320490872,8.62207980221,10.413055078,ensemble_top4,,,,,,
mmr,123,New Zealand,New Zealand,Western Pacific Region,2011,10.07,9.23122520567,8.33772478472,10.1210952427,ensemble_top4,,,,,,
mmr,123,New Zealand,New Zealand,Western Pacific Region,2012,9.27,8.9582787096,8.03825863006,9.81471592374,ensemble_top4,,,,,,
mmr,123,New Zealand,New Zealand,Western Pacific Region,2013,8.3,8.66838417442,7.7511213888,9.54014668057,ensemble_top4,,,,,,
mmr,123,New Zealand,New Zealand,Western Pacific Region,2014,7.45,8.38665739049,7.48226373314,9.26026686524,ensemble_top4,,,,,,
mmr,123,New Zealand,New Zealand,Western Pacific Region,2015,8.05,8.10505818468,7.18864521192,8.99038146969,ensemble_top4,,,,,,
mmr,123,New Zealand,New Zealand,Western Pacific Region,2016,7.67,7.86308639098,6.96350448623,8.75046966313,ensemble_top4,,,,,,
mmr,123,New Zealand,New Zealand,Western Pacific Region,2017,7.55,7.68440053348,6.749533808,8.78112572827,ensemble_top4,,,,,,
mmr,123,New Zealand,New Zealand,Western Pacific Region,2018,7.48,7.48568841192,6.49653048862,9.13669350754,ensemble_top4,,,,,,
mmr,123,New Zealand,New Zealand,Western Pacific Region,2019,7.53,7.27181262281,6.26134134873,10.3280915834,ensemble_top4,,,,,,
mmr,123,New Zealand,New Zealand,Western Pacific Region,2020,7.59,7.0637575354,6.00087999064,13.2174301035,ensemble_top4,0.526242464596,0,1.58912000936,0.526242464596,1.07449894224,0.0718544526752
mmr,123,New Zealand,New Zealand,Western Pacific Region,2021,7.58,6.86788978096,5.77656333595,19.375595604,ensemble_top4,0.712110219036,0,1.80343666405,0.712110219036,1.10368690264,0.0986563049476
mmr,123,New Zealand,New Zealand,Western Pacific Region,2022,22.62,6.66939815021,5.50545075462,31.3863348887,ensemble_top4,15.9506018498,0,17.1145492454,15.9506018498,3.39161038081,1.22130484718
mmr,123,New Zealand,New Zealand,Western Pacific Region,2023,7.03,6.47322940986,5.31732673595,52.616546323,ensemble_top4,0.556770590142,0,1.71267326405,0.556770590142,1.08601125573,0.0825115858463
mmr,124,Nicaragua,Nicaragua,Region of the Americas,2000,213.3,213.3,212.3,213.3,ensemble_top4,,,,,,
mmr,124,Nicaragua,Nicaragua,Region of the Americas,2001,194.1,193.686321363,185.096790934,249.509232036,ensemble_top4,,,,,,
mmr,124,Nicaragua,Nicaragua,Region of the Americas,2002,170.2,174.090423794,167.112448203,213.246190186,ensemble_top4,,,,,,
mmr,124,Nicaragua,Nicaragua,Region of the Americas,2003,154,154.729955578,147.824961363,181.357341264,ensemble_top4,,,,,,
mmr,124,Nicaragua,Nicaragua,Region of the Americas,2004,140,139.539107202,132.118593552,155.393684442,ensemble_top4,,,,,,
mmr,124,Nicaragua,Nicaragua,Region of the Americas,2005,124.3,126.704758405,120.034133523,137.034102101,ensemble_top4,,,,,,
mmr,124,Nicaragua,Nicaragua,Region of the Americas,2006,113,116.174143188,110.327532151,123.925035263,ensemble_top4,,,,,,
mmr,124,Nicaragua,Nicaragua,Region of the Americas,2007,106.1,108.472971049,102.582004059,114.446875804,ensemble_top4,,,,,,
mmr,124,Nicaragua,Nicaragua,Region of the Americas,2008,101.3,103.404869897,98.0276673504,109.673649358,ensemble_top4,,,,,,
mmr,124,Nicaragua,Nicaragua,Region of the Americas,2009,99.46,98.6214542608,93.2724191123,104.997201534,ensemble_top4,,,,,,
mmr,124,Nicaragua,Nicaragua,Region of the Americas,2010,96.46,94.5166440996,89.0902225111,100.555062077,ensemble_top4,,,,,,
mmr,124,Nicaragua,Nicaragua,Region of the Americas,2011,92.51,90.895089175,84.9755577899,96.6346885822,ensemble_top4,,,,,,
mmr,124,Nicaragua,Nicaragua,Region of the Americas,2012,88.1,87.6771063779,81.4511376967,93.2252683129,ensemble_top4,,,,,,
mmr,124,Nicaragua,Nicaragua,Region of the Americas,2013,85.76,84.4795822629,77.8580081315,90.2078332516,ensemble_top4,,,,,,
mmr,124,Nicaragua,Nicaragua,Region of the Americas,2014,82.61,81.4518525514,74.8833982258,87.3311998451,ensemble_top4,,,,,,
mmr,124,Nicaragua,Nicaragua,Region of the Americas,2015,80.67,78.4282498054,71.5620458764,84.5062826072,ensemble_top4,,,,,,
mmr,124,Nicaragua,Nicaragua,Region of the Americas,2016,76.77,75.5994667087,68.3632602129,81.4392195281,ensemble_top4,,,,,,
mmr,124,Nicaragua,Nicaragua,Region of the Americas,2017,72.43,72.4663053268,65.596971671,78.5283231428,ensemble_top4,,,,,,
mmr,124,Nicaragua,Nicaragua,Region of the Americas,2018,66.82,69.4802217091,62.5732216786,76.0266242448,ensemble_top4,,,,,,
mmr,124,Nicaragua,Nicaragua,Region of the Americas,2019,69.5,66.2111107554,59.523332001,74.4120162506,ensemble_top4,,,,,,
mmr,124,Nicaragua,Nicaragua,Region of the Americas,2020,86.79,62.9397498502,56.1441988804,72.8862090274,ensemble_top4,23.8502501498,13.9037909726,30.6458011196,23.8502501498,1.37893779696,0.321313490444
mmr,124,Nicaragua,Nicaragua,Region of the Americas,2021,123.6,59.8456939467,52.1946459002,72.1960286453,ensemble_top4,63.7543060533,51.4039713547,71.4053540998,63.7543060533,2.06531150111,0.725281063031
mmr,124,Nicaragua,Nicaragua,Region of the Americas,2022,61.13,56.7423696282,47.844785171,70.8614710773,ensemble_top4,4.38763037182,0,13.285214829,4.38763037182,1.0773254695,0.0744815526102
mmr,124,Nicaragua,Nicaragua,Region of the Americas,2023,60.35,54.1482073022,43.4807984489,70.9506541978,ensemble_top4,6.20179269776,0,16.8692015511,6.20179269776,1.11453366615,0.10843608079
mmr,125,Niger,Niger,African Region,2000,844.8,844.8,844.8,844.8,ensemble_top4,,,,,,
mmr,125,Niger,Niger,African Region,2001,843.3,843.005102943,828.562776891,858.296006138,ensemble_top4,,,,,,
mmr,125,Niger,Niger,African Region,2002,834.6,834.742213238,820.939835151,848.043005923,ensemble_top4,,,,,,
mmr,125,Niger,Niger,African Region,2003,812.8,816.173339686,801.744644634,829.971250792,ensemble_top4,,,,,,
mmr,125,Niger,Niger,African Region,2004,789.9,791.943188511,778.217728107,805.567945274,ensemble_top4,,,,,,
mmr,125,Niger,Niger,African Region,2005,763.8,764.061642027,750.988326618,777.260516227,ensemble_top4,,,,,,
mmr,125,Niger,Niger,African Region,2006,737.1,734.30486431,720.652715257,746.976789007,ensemble_top4,,,,,,
mmr,125,Niger,Niger,African Region,2007,704.3,703.609241377,690.870448898,716.627061635,ensemble_top4,,,,,,
mmr,125,Niger,Niger,African Region,2008,668.6,672.790409615,660.020914627,685.584049794,ensemble_top4,,,,,,
mmr,125,Niger,Niger,African Region,2009,647.5,642.592487876,629.922326472,655.428428818,ensemble_top4,,,,,,
mmr,125,Niger,Niger,African Region,2010,621.3,612.469341324,599.820661562,625.679791769,ensemble_top4,,,,,,
mmr,125,Niger,Niger,African Region,2011,584.9,583.720736432,570.542128555,597.121008716,ensemble_top4,,,,,,
mmr,125,Niger,Niger,African Region,2012,553.9,556.144611447,542.931449006,569.524515355,ensemble_top4,,,,,,
mmr,125,Niger,Niger,African Region,2013,525.6,531.023607593,517.814679919,544.316536893,ensemble_top4,,,,,,
mmr,125,Niger,Niger,African Region,2014,497.2,506.081505858,492.466185152,519.69346667,ensemble_top4,,,,,,
mmr,125,Niger,Niger,African Region,2015,473,482.037997374,468.546271552,496.093773752,ensemble_top4,,,,,,
mmr,125,Niger,Niger,African Region,2016,450.3,459.132610148,444.928281044,473.554507956,ensemble_top4,,,,,,
mmr,125,Niger,Niger,African Region,2017,432.9,436.448712233,422.694254726,452.213760895,ensemble_top4,,,,,,
mmr,125,Niger,Niger,African Region,2018,419.7,415.34313402,401.170177893,431.511369345,ensemble_top4,,,,,,
mmr,125,Niger,Niger,African Region,2019,405.7,394.899965623,380.449357506,412.392232181,ensemble_top4,,,,,,
mmr,125,Niger,Niger,African Region,2020,388,375.257807517,360.429448281,394.123496541,ensemble_top4,12.7421924833,0,27.5705517192,12.7421924833,1.03395583577,0.0333920631524
mmr,125,Niger,Niger,African Region,2021,396.3,356.915844402,341.35427143,376.951538088,ensemble_top4,39.3841555977,19.3484619123,54.94572857,39.3841555977,1.11034577538,0.104671476171
mmr,125,Niger,Niger,African Region,2022,360.9,339.082588955,323.149320856,359.807304932,ensemble_top4,21.8174110445,1.092695068,37.7506791436,21.8174110445,1.06434246922,0.0623572087027
mmr,125,Niger,Niger,African Region,2023,350.3,322.257182311,305.98879756,345.530909651,ensemble_top4,28.0428176891,4.76909034932,44.3112024397,28.0428176891,1.08701999281,0.0834400006235
mmr,126,Nigeria,Nigeria,African Region,2000,1136,1136,1136,1136,ensemble_top4,,,,,,
mmr,126,Nigeria,Nigeria,African Region,2001,1130,1083.14847317,1020.52159443,1140.75225886,ensemble_top4,,,,,,
mmr,126,Nigeria,Nigeria,African Region,2002,1117,1084.84434824,1029.29380997,1143.85089457,ensemble_top4,,,,,,
mmr,126,Nigeria,Nigeria,African Region,2003,1090,1087.49243994,1034.21881901,1147.26591249,ensemble_top4,,,,,,
mmr,126,Nigeria,Nigeria,African Region,2004,1075,1089.51935877,1034.28174473,1151.4157435,ensemble_top4,,,,,,
mmr,126,Nigeria,Nigeria,African Region,2005,1060,1090.56805326,1038.09640165,1149.76882818,ensemble_top4,,,,,,
mmr,126,Nigeria,Nigeria,African Region,2006,1067,1090.85571517,1036.5595601,1153.49865715,ensemble_top4,,,,,,
mmr,126,Nigeria,Nigeria,African Region,2007,1063,1092.69724008,1039.07875065,1155.31061742,ensemble_top4,,,,,,
mmr,126,Nigeria,Nigeria,African Region,2008,1081,1092.46378755,1038.44697167,1157.68094447,ensemble_top4,,,,,,
mmr,126,Nigeria,Nigeria,African Region,2009,1088,1093.31276248,1038.96071102,1160.11413939,ensemble_top4,,,,,,
mmr,126,Nigeria,Nigeria,African Region,2010,1094,1097.99374544,1045.1287893,1160.58131957,ensemble_top4,,,,,,
mmr,126,Nigeria,Nigeria,African Region,2011,1108,1106.39982208,1046.41467974,1173.34390098,ensemble_top4,,,,,,
mmr,126,Nigeria,Nigeria,African Region,2012,1124,1113.9857594,1049.05253391,1192.06667573,ensemble_top4,,,,,,
mmr,126,Nigeria,Nigeria,African Region,2013,1146,1150.23278215,1063.36484627,1225.48325843,ensemble_top4,,,,,,
mmr,126,Nigeria,Nigeria,African Region,2014,1155,1151.35191321,1072.50048909,1217.95404915,ensemble_top4,,,,,,
mmr,126,Nigeria,Nigeria,African Region,2015,1168,1143.7059816,1071.9197965,1209.37072669,ensemble_top4,,,,,,
mmr,126,Nigeria,Nigeria,African Region,2016,1155,1133.82457452,1069.76265574,1194.99724617,ensemble_top4,,,,,,
mmr,126,Nigeria,Nigeria,African Region,2017,1142,1125.5620417,1066.09771048,1184.36409211,ensemble_top4,,,,,,
mmr,126,Nigeria,Nigeria,African Region,2018,1118,1119.42892816,1061.09527374,1181.68761058,ensemble_top4,,,,,,
mmr,126,Nigeria,Nigeria,African Region,2019,1091,1114.20418377,1058.69273388,1179.45796044,ensemble_top4,,,,,,
mmr,126,Nigeria,Nigeria,African Region,2020,1065,1109.36819211,1055.12538003,1174.9453648,ensemble_top4,0,0,9.87461997166,-44.3681921149,0.960005891254,-0.0408158578162
mmr,126,Nigeria,Nigeria,African Region,2021,1046,1107.62476968,1051.46927793,1178.9881914,ensemble_top4,0,0,0,-61.6247696834,0.944363135089,-0.0572445098052
mmr,126,Nigeria,Nigeria,African Region,2022,1016,1105.54372591,1050.45585665,1177.26020184,ensemble_top4,0,0,0,-89.5437259131,0.91900480839,-0.0844639244416
mmr,126,Nigeria,Nigeria,African Region,2023,992.8,1104.06667317,1048.34161791,1178.26822276,ensemble_top4,0,0,0,-111.266673169,0.899221056234,-0.106226383486
mmr,127,North Macedonia,North Macedonia,European Region,2000,11.13,11.13,11.13,11.13,ensemble_top4,,,,,,
mmr,127,North Macedonia,North Macedonia,European Region,2001,9.29,9.58624681484,8.76481137245,10.3574697489,ensemble_top4,,,,,,
mmr,127,North Macedonia,North Macedonia,European Region,2002,9.87,9.10726583504,8.35705669557,9.82842612559,ensemble_top4,,,,,,
mmr,127,North Macedonia,North Macedonia,European Region,2003,8.1,8.55964842983,7.85908840546,9.29632685769,ensemble_top4,,,,,,
mmr,127,North Macedonia,North Macedonia,European Region,2004,8.21,8.02363663174,7.30072676707,8.71523248106,ensemble_top4,,,,,,
mmr,127,North Macedonia,North Macedonia,European Region,2005,7.31,7.49624901911,6.81136669894,8.21654726693,ensemble_top4,,,,,,
mmr,127,North Macedonia,North Macedonia,European Region,2006,7.13,7.01805820517,6.3366130033,7.70178700129,ensemble_top4,,,,,,
mmr,127,North Macedonia,North Macedonia,European Region,2007,6.84,6.5691030421,5.86083056123,7.25272212104,ensemble_top4,,,,,,
mmr,127,North Macedonia,North Macedonia,European Region,2008,5.67,6.14395961558,5.43671421309,6.82753770379,ensemble_top4,,,,,,
mmr,127,North Macedonia,North Macedonia,European Region,2009,5.63,5.73282172362,5.02705775408,6.44491896694,ensemble_top4,,,,,,
mmr,127,North Macedonia,North Macedonia,European Region,2010,5.3,5.3675014913,4.65925040433,6.03730552808,ensemble_top4,,,,,,
mmr,127,North Macedonia,North Macedonia,European Region,2011,4.72,5.05591185154,4.33028408535,5.77645874178,ensemble_top4,,,,,,
mmr,127,North Macedonia,North Macedonia,European Region,2012,5.04,4.75692059755,4.04567997183,5.45003859746,ensemble_top4,,,,,,
mmr,127,North Macedonia,North Macedonia,European Region,2013,4.54,4.46792177798,3.77150417439,5.13814085518,ensemble_top4,,,,,,
mmr,127,North Macedonia,North Macedonia,European Region,2014,4.22,4.21141222029,3.5128490207,4.90431304879,ensemble_top4,,,,,,
mmr,127,North Macedonia,North Macedonia,European Region,2015,3.83,3.96436693368,3.25475110772,4.66057181436,ensemble_top4,,,,,,
mmr,127,North Macedonia,North Macedonia,European Region,2016,3.88,3.73827815989,3.03832950996,4.42642868226,ensemble_top4,,,,,,
mmr,127,North Macedonia,North Macedonia,European Region,2017,3.53,3.51336109366,2.83753320443,4.22723644366,ensemble_top4,,,,,,
mmr,127,North Macedonia,North Macedonia,European Region,2018,3.37,3.32942389656,2.60958359982,4.05144405239,ensemble_top4,,,,,,
mmr,127,North Macedonia,North Macedonia,European Region,2019,3.18,3.16128202442,2.42552691881,3.93343619055,ensemble_top4,,,,,,
mmr,127,North Macedonia,North Macedonia,European Region,2020,7.11,2.98097031119,2.24088429523,3.86349456252,ensemble_top4,4.12902968881,3.24650543748,4.86911570477,4.12902968881,2.38512942357,0.869253388514
mmr,127,North Macedonia,North Macedonia,European Region,2021,11.79,2.81943327276,2.06486825989,3.80909522807,ensemble_top4,8.97056672724,7.98090477193,9.72513174011,8.97056672724,4.18169144626,1.4307158169
mmr,127,North Macedonia,North Macedonia,European Region,2022,2.52,2.68436915782,1.90304043258,3.76643632909,ensemble_top4,0,0,0.61695956742,-0.164369157817,0.938768050088,-0.0631868482987
mmr,127,North Macedonia,North Macedonia,European Region,2023,2.76,2.53246285421,1.75752612263,3.8005415774,ensemble_top4,0.227537145787,0,1.00247387737,0.227537145787,1.08984816713,0.0860383903313
mmr,128,Norway,Norway,European Region,2000,5.42,5.42,5.42,5.42,ensemble_top4,,,,,,
mmr,128,Norway,Norway,European Region,2001,5.44,5.01379138181,4.48617648897,5.53049628716,ensemble_top4,,,,,,
mmr,128,Norway,Norway,European Region,2002,5.11,5.47397068996,5.00660101656,5.92293148893,ensemble_top4,,,,,,
mmr,128,Norway,Norway,European Region,2003,5.41,5.66546808773,5.21271106573,6.1262347627,ensemble_top4,,,,,,
mmr,128,Norway,Norway,European Region,2004,5.68,5.69449747999,5.25242563493,6.15725151514,ensemble_top4,,,,,,
mmr,128,Norway,Norway,European Region,2005,5.63,5.56626467689,5.13497295201,6.02863260151,ensemble_top4,,,,,,
mmr,128,Norway,Norway,European Region,2006,5.32,5.3301702963,4.89271764592,5.77238590896,ensemble_top4,,,,,,
mmr,128,Norway,Norway,European Region,2007,5.03,5.02037213264,4.58389325893,5.44471583507,ensemble_top4,,,,,,
mmr,128,Norway,Norway,European Region,2008,4.72,4.67932587816,4.25620350249,5.09780873744,ensemble_top4,,,,,,
mmr,128,Norway,Norway,European Region,2009,4.48,4.31337111608,3.88590438506,4.7205574177,ensemble_top4,,,,,,
mmr,128,Norway,Norway,European Region,2010,4.14,3.93912416061,3.52388158825,4.35483876138,ensemble_top4,,,,,,
mmr,128,Norway,Norway,European Region,2011,3.76,3.58246680734,3.16920892616,3.99879272366,ensemble_top4,,,,,,
mmr,128,Norway,Norway,European Region,2012,3.09,3.24661701196,2.82095945369,3.65537919984,ensemble_top4,,,,,,
mmr,128,Norway,Norway,European Region,2013,2.88,2.92602023281,2.51088336166,3.34008672766,ensemble_top4,,,,,,
mmr,128,Norway,Norway,European Region,2014,2.4,2.63075110475,2.20619226262,3.04849444306,ensemble_top4,,,,,,
mmr,128,Norway,Norway,European Region,2015,2.23,2.35622177953,1.94289218269,2.77794706934,ensemble_top4,,,,,,
mmr,128,Norway,Norway,European Region,2016,2.06,2.11046224479,1.68549933437,2.52690438941,ensemble_top4,,,,,,
mmr,128,Norway,Norway,European Region,2017,1.85,1.88460412935,1.47073043888,2.30709158171,ensemble_top4,,,,,,
mmr,128,Norway,Norway,European Region,2018,1.67,1.67992695487,1.27159190887,2.09872908971,ensemble_top4,,,,,,
mmr,128,Norway,Norway,European Region,2019,1.59,1.5093748425,1.076280871,1.94511603103,ensemble_top4,,,,,,
mmr,128,Norway,Norway,European Region,2020,2.16,1.3408998974,0.902246591363,1.7755275528,ensemble_top4,0.819100102601,0.384472447195,1.25775340864,0.819100102601,1.61085850196,0.476767267909
mmr,128,Norway,Norway,European Region,2021,1.66,1.20203778695,0.773343145837,1.65311425337,ensemble_top4,0.457962213046,0.00688574663266,0.886656854163,0.457962213046,1.38098820022,0.322799330015
mmr,128,Norway,Norway,European Region,2022,2.72,1.06702873763,0.626266944045,1.52776069783,ensemble_top4,1.65297126237,1.19223930217,2.09373305596,1.65297126237,2.54913471781,0.935753975239
mmr,128,Norway,Norway,European Region,2023,1.31,0.95412783505,0.530429103639,1.41947533648,ensemble_top4,0.35587216495,0,0.779570896361,0.35587216495,1.37298164028,0.31698475472
mmr,129,Oman,Oman,Eastern Mediterranean,2000,18.55,18.55,18.55,18.55,ensemble_top4,,,,,,
mmr,129,Oman,Oman,Eastern Mediterranean,2001,18.3,18.0060993456,17.0396181342,19.2271529733,ensemble_top4,,,,,,
mmr,129,Oman,Oman,Eastern Mediterranean,2002,18.25,18.3603605075,17.5000370063,19.2837634074,ensemble_top4,,,,,,
mmr,129,Oman,Oman,Eastern Mediterranean,2003,18.32,18.4620269182,17.6773948878,19.2425373844,ensemble_top4,,,,,,
mmr,129,Oman,Oman,Eastern Mediterranean,2004,18.02,18.3982956882,17.610833247,19.1493051842,ensemble_top4,,,,,,
mmr,129,Oman,Oman,Eastern Mediterranean,2005,18.01,18.2313208698,17.3975050528,19.0167414708,ensemble_top4,,,,,,
mmr,129,Oman,Oman,Eastern Mediterranean,2006,17.86,17.9752622747,17.123185275,18.7762040343,ensemble_top4,,,,,,
mmr,129,Oman,Oman,Eastern Mediterranean,2007,18.29,17.6799264774,16.8321599254,18.4702864331,ensemble_top4,,,,,,
mmr,129,Oman,Oman,Eastern Mediterranean,2008,17.58,17.3354249979,16.5447900809,18.0963002196,ensemble_top4,,,,,,
mmr,129,Oman,Oman,Eastern Mediterranean,2009,17.41,16.9541291661,16.174037739,17.7066383777,ensemble_top4,,,,,,
mmr,129,Oman,Oman,Eastern Mediterranean,2010,16.98,16.557239824,15.8053348646,17.3226796239,ensemble_top4,,,,,,
mmr,129,Oman,Oman,Eastern Mediterranean,2011,15.82,16.1627556527,15.4072689503,16.9239160252,ensemble_top4,,,,,,
mmr,129,Oman,Oman,Eastern Mediterranean,2012,15.54,15.783436096,15.0306760593,16.5700442332,ensemble_top4,,,,,,
mmr,129,Oman,Oman,Eastern Mediterranean,2013,15.23,15.4065623834,14.6353083625,16.2480325843,ensemble_top4,,,,,,
mmr,129,Oman,Oman,Eastern Mediterranean,2014,14.81,15.1020785213,14.3143514574,15.9345071047,ensemble_top4,,,,,,
mmr,129,Oman,Oman,Eastern Mediterranean,2015,14.59,14.8200713769,14.0020249638,15.6597189798,ensemble_top4,,,,,,
mmr,129,Oman,Oman,Eastern Mediterranean,2016,14.49,14.5304224651,13.6861888294,15.3873605975,ensemble_top4,,,,,,
mmr,129,Oman,Oman,Eastern Mediterranean,2017,14.35,14.3739400423,13.5128716293,15.2074794443,ensemble_top4,,,,,,
mmr,129,Oman,Oman,Eastern Mediterranean,2018,14.11,14.1663922302,13.2674916545,15.0745535625,ensemble_top4,,,,,,
mmr,129,Oman,Oman,Eastern Mediterranean,2019,13.96,13.9497912038,13.0414612137,15.079620353,ensemble_top4,,,,,,
mmr,129,Oman,Oman,Eastern Mediterranean,2020,32.12,13.7443379188,12.7198743714,15.4961364454,ensemble_top4,18.3756620812,16.6238635546,19.4001256286,18.3756620812,2.3369623324,0.848851937498
mmr,129,Oman,Oman,Eastern Mediterranean,2021,73.96,13.5261635464,12.4316209207,16.3067393352,ensemble_top4,60.4338364536,57.6532606648,61.5283790793,60.4338364536,5.46792146543,1.69889855618
mmr,129,Oman,Oman,Eastern Mediterranean,2022,13.22,13.3106357493,12.0678361377,17.8077211918,ensemble_top4,0,0,1.15216386229,-0.0906357492874,0.99319072725,-0.00683256162771
mmr,129,Oman,Oman,Eastern Mediterranean,2023,12.55,13.0667483257,11.7861504808,20.1069891387,ensemble_top4,0,0,0.763849519189,-0.516748325694,0.960453181403,-0.0403500419463
mmr,130,Pakistan,Pakistan,Eastern Mediterranean,2000,419.2,419.2,419.2,419.2,ensemble_top4,,,,,,
mmr,130,Pakistan,Pakistan,Eastern Mediterranean,2001,400.1,399.56409045,380.415218488,412.789702319,ensemble_top4,,,,,,
mmr,130,Pakistan,Pakistan,Eastern Mediterranean,2002,380.2,380.338682285,366.685938767,394.816445702,ensemble_top4,,,,,,
mmr,130,Pakistan,Pakistan,Eastern Mediterranean,2003,358.4,357.481733057,345.093811596,372.794906322,ensemble_top4,,,,,,
mmr,130,Pakistan,Pakistan,Eastern Mediterranean,2004,332.8,334.494050001,323.27500805,348.481564171,ensemble_top4,,,,,,
mmr,130,Pakistan,Pakistan,Eastern Mediterranean,2005,314.5,311.579638636,300.463817818,325.878177279,ensemble_top4,,,,,,
mmr,130,Pakistan,Pakistan,Eastern Mediterranean,2006,284.5,291.221070641,278.710267173,305.439239499,ensemble_top4,,,,,,
mmr,130,Pakistan,Pakistan,Eastern Mediterranean,2007,265.5,272.442231825,260.383855318,290.407004203,ensemble_top4,,,,,,
mmr,130,Pakistan,Pakistan,Eastern Mediterranean,2008,253.8,255.248034155,243.811521768,278.053238464,ensemble_top4,,,,,,
mmr,130,Pakistan,Pakistan,Eastern Mediterranean,2009,246,241.73220849,227.743456529,267.163946983,ensemble_top4,,,,,,
mmr,130,Pakistan,Pakistan,Eastern Mediterranean,2010,240.1,233.580078101,215.162995441,256.557150749,ensemble_top4,,,,,,
mmr,130,Pakistan,Pakistan,Eastern Mediterranean,2011,233.6,231.878500919,219.259568156,247.917267441,ensemble_top4,,,,,,
mmr,130,Pakistan,Pakistan,Eastern Mediterranean,2012,227,225.059409949,213.167524589,239.919469471,ensemble_top4,,,,,,
mmr,130,Pakistan,Pakistan,Eastern Mediterranean,2013,219.5,217.412053424,206.048798523,231.817250783,ensemble_top4,,,,,,
mmr,130,Pakistan,Pakistan,Eastern Mediterranean,2014,210.6,209.363468391,197.936866523,223.929077771,ensemble_top4,,,,,,
mmr,130,Pakistan,Pakistan,Eastern Mediterranean,2015,202.3,201.517371091,189.533843856,216.569014173,ensemble_top4,,,,,,
mmr,130,Pakistan,Pakistan,Eastern Mediterranean,2016,193,193.729477578,182.054701312,207.989358412,ensemble_top4,,,,,,
mmr,130,Pakistan,Pakistan,Eastern Mediterranean,2017,183.9,185.804167745,174.479636527,200.465450901,ensemble_top4,,,,,,
mmr,130,Pakistan,Pakistan,Eastern Mediterranean,2018,178.4,177.807128678,165.972594259,193.846286546,ensemble_top4,,,,,,
mmr,130,Pakistan,Pakistan,Eastern Mediterranean,2019,173.4,170.731696573,155.50319955,188.392895196,ensemble_top4,,,,,,
mmr,130,Pakistan,Pakistan,Eastern Mediterranean,2020,177.9,164.251688928,142.143114793,183.275584842,ensemble_top4,13.6483110722,0,35.756885207,13.6483110722,1.08309388574,0.0798216546944
mmr,130,Pakistan,Pakistan,Eastern Mediterranean,2021,192.9,158.851518123,129.477620372,180.066112756,ensemble_top4,34.048481877,12.8338872439,63.422379628,34.048481877,1.21434155795,0.194202002282
mmr,130,Pakistan,Pakistan,Eastern Mediterranean,2022,160.1,153.7859727,116.235807842,176.147897563,ensemble_top4,6.31402729982,0,43.8641921578,6.31402729982,1.04105723811,0.0402367719008
mmr,130,Pakistan,Pakistan,Eastern Mediterranean,2023,155,149.106616875,103.522278419,172.98798596,ensemble_top4,5.89338312543,0,51.4777215809,5.89338312543,1.03952462506,0.0387635173635
mmr,131,Palau,Palau,Western Pacific Region,2000,118.6,118.6,118.6,118.6,ensemble_top4,,,,,,
mmr,131,Palau,Palau,Western Pacific Region,2001,118.2,117.390502468,110.913743554,123.84793811,ensemble_top4,,,,,,
mmr,131,Palau,Palau,Western Pacific Region,2002,117.4,115.049906664,108.375945564,121.294709259,ensemble_top4,,,,,,
mmr,131,Palau,Palau,Western Pacific Region,2003,108.3,111.320467951,104.926877092,117.542645132,ensemble_top4,,,,,,
mmr,131,Palau,Palau,Western Pacific Region,2004,106.4,107.682494086,100.673514803,114.088886263,ensemble_top4,,,,,,
mmr,131,Palau,Palau,Western Pacific Region,2005,105.2,105.587818539,99.1549294877,112.039322003,ensemble_top4,,,,,,
mmr,131,Palau,Palau,Western Pacific Region,2006,104.7,102.676369809,96.3812318216,108.922879948,ensemble_top4,,,,,,
mmr,131,Palau,Palau,Western Pacific Region,2007,98.01,99.58808214,93.2622116368,105.881266583,ensemble_top4,,,,,,
mmr,131,Palau,Palau,Western Pacific Region,2008,98.94,96.587265508,90.3269218761,102.654377136,ensemble_top4,,,,,,
mmr,131,Palau,Palau,Western Pacific Region,2009,93.7,93.4728975192,87.1417146405,99.7820174631,ensemble_top4,,,,,,
mmr,131,Palau,Palau,Western Pacific Region,2010,95.63,90.5465612042,84.3430662751,96.9269171099,ensemble_top4,,,,,,
mmr,131,Palau,Palau,Western Pacific Region,2011,82.55,87.8990006163,81.5060925138,94.1026645588,ensemble_top4,,,,,,
mmr,131,Palau,Palau,Western Pacific Region,2012,83.73,85.6547702504,79.2184810377,91.7413072312,ensemble_top4,,,,,,
mmr,131,Palau,Palau,Western Pacific Region,2013,85.04,83.4598019597,76.880792742,89.8097582269,ensemble_top4,,,,,,
mmr,131,Palau,Palau,Western Pacific Region,2014,77.91,81.4652954007,75.1271070872,87.842593244,ensemble_top4,,,,,,
mmr,131,Palau,Palau,Western Pacific Region,2015,78.74,80.3174187868,73.5017922044,86.9543029453,ensemble_top4,,,,,,
mmr,131,Palau,Palau,Western Pacific Region,2016,79.87,80.3033321007,73.0343981255,87.3552586774,ensemble_top4,,,,,,
mmr,131,Palau,Palau,Western Pacific Region,2017,80.49,80.6668625029,72.5650237439,87.9868698697,ensemble_top4,,,,,,
mmr,131,Palau,Palau,Western Pacific Region,2018,81.52,81.6255782684,72.4853776961,89.7338034002,ensemble_top4,,,,,,
mmr,131,Palau,Palau,Western Pacific Region,2019,83.51,83.5368700652,73.3530545502,95.461241745,ensemble_top4,,,,,,
mmr,131,Palau,Palau,Western Pacific Region,2020,117,85.1786445797,74.2025603134,111.566069725,ensemble_top4,31.8213554203,5.43393027474,42.7974396866,31.8213554203,1.37358372603,0.317423182853
mmr,131,Palau,Palau,Western Pacific Region,2021,109.1,87.3598868053,74.7966071009,148.924695021,ensemble_top4,21.7401131947,0,34.3033928991,21.7401131947,1.24885692953,0.22222867657
mmr,131,Palau,Palau,Western Pacific Region,2022,120.7,90.0984822424,74.6544649885,227.466807878,ensemble_top4,30.6015177576,0,46.0455350115,30.6015177576,1.33964520818,0.292404808887
mmr,131,Palau,Palau,Western Pacific Region,2023,89.42,93.7239731898,74.0653768738,370.670346054,ensemble_top4,0,0,15.3546231262,-4.30397318978,0.954078203865,-0.0470096361923
mmr,132,Panama,Panama,Region of the Americas,2000,64.08,64.08,64.08,64.08,ensemble_top4,,,,,,
mmr,132,Panama,Panama,Region of the Americas,2001,61.57,59.7150293422,56.2886988793,62.4004738237,ensemble_top4,,,,,,
mmr,132,Panama,Panama,Region of the Americas,2002,59.41,59.8110453413,57.0770709319,62.7808042629,ensemble_top4,,,,,,
mmr,132,Panama,Panama,Region of the Americas,2003,58.4,59.2562517406,56.5667247663,62.4559029206,ensemble_top4,,,,,,
mmr,132,Panama,Panama,Region of the Americas,2004,57.42,58.4575778111,55.6408722967,61.7344013643,ensemble_top4,,,,,,
mmr,132,Panama,Panama,Region of the Americas,2005,56.78,57.6407618164,55.0417747086,60.7388167917,ensemble_top4,,,,,,
mmr,132,Panama,Panama,Region of the Americas,2006,56.28,56.603909246,54.0876747014,59.8528389873,ensemble_top4,,,,,,
mmr,132,Panama,Panama,Region of the Americas,2007,55.41,55.7137343523,52.8990056735,58.7676125673,ensemble_top4,,,,,,
mmr,132,Panama,Panama,Region of the Americas,2008,55.12,54.8239301948,51.623765608,57.9388126195,ensemble_top4,,,,,,
mmr,132,Panama,Panama,Region of the Americas,2009,55.3,54.9427216662,51.2205111913,58.0359468725,ensemble_top4,,,,,,
mmr,132,Panama,Panama,Region of the Americas,2010,55.56,55.0949398264,51.3826487913,57.8736688005,ensemble_top4,,,,,,
mmr,132,Panama,Panama,Region of the Americas,2011,54.78,53.9929562953,50.3117722114,56.5892722798,ensemble_top4,,,,,,
mmr,132,Panama,Panama,Region of the Americas,2012,53.49,52.6874916742,49.1896374035,55.1583434848,ensemble_top4,,,,,,
mmr,132,Panama,Panama,Region of the Americas,2013,51.85,51.1469054079,47.9081219946,53.6938781099,ensemble_top4,,,,,,
mmr,132,Panama,Panama,Region of the Americas,2014,49.01,49.6277708551,46.704436491,52.1464066038,ensemble_top4,,,,,,
mmr,132,Panama,Panama,Region of the Americas,2015,48.08,48.114016472,45.4244986761,50.7741634612,ensemble_top4,,,,,,
mmr,132,Panama,Panama,Region of the Americas,2016,46.57,46.7209890179,44.0926510114,49.3057567137,ensemble_top4,,,,,,
mmr,132,Panama,Panama,Region of the Americas,2017,46.61,45.3430694134,42.7452294552,48.1675544665,ensemble_top4,,,,,,
mmr,132,Panama,Panama,Region of the Americas,2018,43.42,44.0930726728,41.438545314,47.0687578253,ensemble_top4,,,,,,
mmr,132,Panama,Panama,Region of the Americas,2019,40.73,42.9148328903,40.0787643152,45.998986565,ensemble_top4,,,,,,
mmr,132,Panama,Panama,Region of the Americas,2020,74.18,41.7746921413,38.7552470115,44.8447534203,ensemble_top4,32.4053078587,29.3352465797,35.4247529885,32.4053078587,1.7757162578,0.574203867056
mmr,132,Panama,Panama,Region of the Americas,2021,59.23,40.6699501887,37.5239503274,43.7532032771,ensemble_top4,18.5600498113,15.4767967229,21.7060496726,18.5600498113,1.45635782009,0.375938675138
mmr,132,Panama,Panama,Region of the Americas,2022,40.2,39.5318382357,36.1574490367,42.6544014581,ensemble_top4,0.668161764289,0,4.04255096327,0.668161764289,1.01690186427,0.0167606171028
mmr,132,Panama,Panama,Region of the Americas,2023,37.01,38.5088286406,34.9015597204,41.7813958469,ensemble_top4,0,0,2.10844027963,-1.49882864062,0.961078311298,-0.0396993839477
mmr,133,Papua New Guinea,Papua New Guinea,Western Pacific Region,2000,323.3,323.3,323.3,323.3,ensemble_top4,,,,,,
mmr,133,Papua New Guinea,Papua New Guinea,Western Pacific Region,2001,324.9,317.254113901,298.721740468,334.587122067,ensemble_top4,,,,,,
mmr,133,Papua New Guinea,Papua New Guinea,Western Pacific Region,2002,329.3,330.343680392,314.486625444,346.247571885,ensemble_top4,,,,,,
mmr,133,Papua New Guinea,Papua New Guinea,Western Pacific Region,2003,328.4,334.476133049,318.49994823,350.806165637,ensemble_top4,,,,,,
mmr,133,Papua New Guinea,Papua New Guinea,Western Pacific Region,2004,326.4,332.358017797,316.312102713,349.95600679,ensemble_top4,,,,,,
mmr,133,Papua New Guinea,Papua New Guinea,Western Pacific Region,2005,326.3,329.034302089,313.289743593,345.125696033,ensemble_top4,,,,,,
mmr,133,Papua New Guinea,Papua New Guinea,Western Pacific Region,2006,324.6,326.480616235,310.100436809,343.793220454,ensemble_top4,,,,,,
mmr,133,Papua New Guinea,Papua New Guinea,Western Pacific Region,2007,326,318.089618912,301.705535079,334.147324542,ensemble_top4,,,,,,
mmr,133,Papua New Guinea,Papua New Guinea,Western Pacific Region,2008,314.5,307.120370753,290.893363978,321.960625386,ensemble_top4,,,,,,
mmr,133,Papua New Guinea,Papua New Guinea,Western Pacific Region,2009,301.7,295.351163316,279.743067687,310.621884304,ensemble_top4,,,,,,
mmr,133,Papua New Guinea,Papua New Guinea,Western Pacific Region,2010,288.6,283.670616474,268.307590215,298.290025759,ensemble_top4,,,,,,
mmr,133,Papua New Guinea,Papua New Guinea,Western Pacific Region,2011,270.8,272.215239501,256.562938771,286.940129655,ensemble_top4,,,,,,
mmr,133,Papua New Guinea,Papua New Guinea,Western Pacific Region,2012,256.8,260.527845275,244.633838885,274.785505207,ensemble_top4,,,,,,
mmr,133,Papua New Guinea,Papua New Guinea,Western Pacific Region,2013,243.2,248.956300312,233.012996622,264.040198604,ensemble_top4,,,,,,
mmr,133,Papua New Guinea,Papua New Guinea,Western Pacific Region,2014,231.8,238.497541881,222.995183652,253.59189843,ensemble_top4,,,,,,
mmr,133,Papua New Guinea,Papua New Guinea,Western Pacific Region,2015,220.7,228.159705016,213.379601563,243.003747356,ensemble_top4,,,,,,
mmr,133,Papua New Guinea,Papua New Guinea,Western Pacific Region,2016,213.8,218.168254272,204.044262255,233.123757719,ensemble_top4,,,,,,
mmr,133,Papua New Guinea,Papua New Guinea,Western Pacific Region,2017,206.9,208.269472221,194.044528909,224.133744716,ensemble_top4,,,,,,
mmr,133,Papua New Guinea,Papua New Guinea,Western Pacific Region,2018,204.7,199.025873001,184.208414099,215.876653369,ensemble_top4,,,,,,
mmr,133,Papua New Guinea,Papua New Guinea,Western Pacific Region,2019,199.1,190.279396905,174.663183797,209.491663966,ensemble_top4,,,,,,
mmr,133,Papua New Guinea,Papua New Guinea,Western Pacific Region,2020,194.1,181.140875573,165.537484408,206.563826865,ensemble_top4,12.9591244272,0,28.5625155915,12.9591244272,1.07154169033,0.0690984435599
mmr,133,Papua New Guinea,Papua New Guinea,Western Pacific Region,2021,222.9,172.786937367,156.645601462,204.872419643,ensemble_top4,50.113062633,18.0275803572,66.2543985377,50.113062633,1.29002807386,0.25466398082
mmr,133,Papua New Guinea,Papua New Guinea,Western Pacific Region,2022,188.8,164.440508883,147.375969017,206.774050315,ensemble_top4,24.3594911175,0,41.4240309833,24.3594911175,1.14813558583,0.138139397047
mmr,133,Papua New Guinea,Papua New Guinea,Western Pacific Region,2023,188.6,156.405814441,139.264304891,209.743106638,ensemble_top4,32.194185559,0,49.3356951086,32.194185559,1.20583752384,0.187174366046
mmr,134,Paraguay,Paraguay,Region of the Americas,2000,206.8,206.8,205.8,206.8,ensemble_top4,,,,,,
mmr,134,Paraguay,Paraguay,Region of the Americas,2001,206.9,190.882450731,69.1713681588,214.069552022,ensemble_top4,,,,,,
mmr,134,Paraguay,Paraguay,Region of the Americas,2002,205.5,205.739919489,177.687062495,225.842867611,ensemble_top4,,,,,,
mmr,134,Paraguay,Paraguay,Region of the Americas,2003,203,209.397552018,189.905283206,228.717756662,ensemble_top4,,,,,,
mmr,134,Paraguay,Paraguay,Region of the Americas,2004,198.9,205.41516766,186.801047475,223.91026796,ensemble_top4,,,,,,
mmr,134,Paraguay,Paraguay,Region of the Americas,2005,194,197.283243767,178.060205294,216.222251687,ensemble_top4,,,,,,
mmr,134,Paraguay,Paraguay,Region of the Americas,2006,186.5,188.53563993,169.311558386,207.611118112,ensemble_top4,,,,,,
mmr,134,Paraguay,Paraguay,Region of the Americas,2007,176.9,175.042804195,156.231464909,194.509504954,ensemble_top4,,,,,,
mmr,134,Paraguay,Paraguay,Region of the Americas,2008,165.8,160.049307027,141.324732324,180.810822327,ensemble_top4,,,,,,
mmr,134,Paraguay,Paraguay,Region of the Americas,2009,152.1,145.326481925,126.437973864,166.847085388,ensemble_top4,,,,,,
mmr,134,Paraguay,Paraguay,Region of the Americas,2010,136,130.817685231,112.544890105,151.905353559,ensemble_top4,,,,,,
mmr,134,Paraguay,Paraguay,Region of the Americas,2011,120.3,117.668399334,99.0486766137,138.241690382,ensemble_top4,,,,,,
mmr,134,Paraguay,Paraguay,Region of the Americas,2012,99.71,105.326307859,85.9614233992,125.627369954,ensemble_top4,,,,,,
mmr,134,Paraguay,Paraguay,Region of the Americas,2013,83.61,93.7877338056,75.4000181523,113.873583651,ensemble_top4,,,,,,
mmr,134,Paraguay,Paraguay,Region of the Americas,2014,70.4,83.8367196331,65.8843051554,102.838176143,ensemble_top4,,,,,,
mmr,134,Paraguay,Paraguay,Region of the Americas,2015,63.69,74.9724205979,57.0832253292,93.4133203555,ensemble_top4,,,,,,
mmr,134,Paraguay,Paraguay,Region of the Americas,2016,59.63,67.6111146034,49.773647082,85.7406448011,ensemble_top4,,,,,,
mmr,134,Paraguay,Paraguay,Region of the Americas,2017,58.41,60.8153641563,42.3290980329,83.0169029005,ensemble_top4,,,,,,
mmr,134,Paraguay,Paraguay,Region of the Americas,2018,57.69,54.6681082877,36.5831459325,92.1828255689,ensemble_top4,,,,,,
mmr,134,Paraguay,Paraguay,Region of the Americas,2019,57.57,49.4499433088,30.2322014186,120.2587427,ensemble_top4,,,,,,
mmr,134,Paraguay,Paraguay,Region of the Americas,2020,68.65,44.1990015882,24.4732444325,164.520574375,ensemble_top4,24.4509984118,0,44.1767555675,24.4509984118,1.55320250533,0.440318931889
mmr,134,Paraguay,Paraguay,Region of the Americas,2021,139.9,39.9276626359,20.0433864347,235.854416286,ensemble_top4,99.9723373641,0,119.856613565,99.9723373641,3.50383645734,1.25385849885
mmr,134,Paraguay,Paraguay,Region of the Americas,2022,77.71,36.2885152938,16.0681402527,341.241280346,ensemble_top4,41.4214847062,0,61.6418597473,41.4214847062,2.14144886807,0.761482641101
mmr,134,Paraguay,Paraguay,Region of the Americas,2023,58.27,32.7882107167,12.4541171335,517.776415467,ensemble_top4,25.4817892833,0,45.8158828665,25.4817892833,1.77716315487,0.575018359743
mmr,135,Peru,Peru,Region of the Americas,2000,115.3,115.3,115.3,115.3,ensemble_top4,,,,,,
mmr,135,Peru,Peru,Region of the Americas,2001,109.4,108.671657284,104.91756447,112.494629203,ensemble_top4,,,,,,
mmr,135,Peru,Peru,Region of the Americas,2002,105.7,107.506987589,103.928510429,111.068321288,ensemble_top4,,,,,,
mmr,135,Peru,Peru,Region of the Americas,2003,104.2,105.751877934,102.033493268,109.424492187,ensemble_top4,,,,,,
mmr,135,Peru,Peru,Region of the Americas,2004,106.7,103.776000711,100.06909811,107.378718322,ensemble_top4,,,,,,
mmr,135,Peru,Peru,Region of the Americas,2005,103,101.31445471,97.9235101118,104.852104659,ensemble_top4,,,,,,
mmr,135,Peru,Peru,Region of the Americas,2006,98.85,98.3790780721,94.9708626152,101.901597961,ensemble_top4,,,,,,
mmr,135,Peru,Peru,Region of the Americas,2007,94.22,95.2597373663,91.8333276625,98.6427729148,ensemble_top4,,,,,,
mmr,135,Peru,Peru,Region of the Americas,2008,90.72,92.1283941222,88.8308984396,95.4702645917,ensemble_top4,,,,,,
mmr,135,Peru,Peru,Region of the Americas,2009,89.32,88.9806343365,85.5949859098,92.3346478342,ensemble_top4,,,,,,
mmr,135,Peru,Peru,Region of the Americas,2010,85.93,85.7742075843,82.5087506562,89.1517735686,ensemble_top4,,,,,,
mmr,135,Peru,Peru,Region of the Americas,2011,83.21,82.7754435348,79.5184820757,86.1568104324,ensemble_top4,,,,,,
mmr,135,Peru,Peru,Region of the Americas,2012,78.77,79.8078811177,76.4220253763,83.1641794557,ensemble_top4,,,,,,
mmr,135,Peru,Peru,Region of the Americas,2013,75.03,76.877085326,73.520821978,80.1399726698,ensemble_top4,,,,,,
mmr,135,Peru,Peru,Region of the Americas,2014,72.96,74.0513063048,70.714375096,77.467492879,ensemble_top4,,,,,,
mmr,135,Peru,Peru,Region of the Americas,2015,71.47,71.3044697537,67.8580972251,74.6264060695,ensemble_top4,,,,,,
mmr,135,Peru,Peru,Region of the Americas,2016,68.76,68.6712011881,65.3343801871,72.0375861947,ensemble_top4,,,,,,
mmr,135,Peru,Peru,Region of the Americas,2017,66.66,66.1093248609,62.7592755914,69.4442703298,ensemble_top4,,,,,,
mmr,135,Peru,Peru,Region of the Americas,2018,66.17,63.5608923527,60.1932170294,66.9833045898,ensemble_top4,,,,,,
mmr,135,Peru,Peru,Region of the Americas,2019,60.2,61.1802870735,57.7474333331,64.7298824827,ensemble_top4,,,,,,
mmr,135,Peru,Peru,Region of the Americas,2020,75.04,58.9599650049,55.550351633,62.5670289243,ensemble_top4,16.0800349951,12.4729710757,19.489648367,16.0800349951,1.27272802814,0.241162650357
mmr,135,Peru,Peru,Region of the Americas,2021,141.5,56.7450002176,53.0731999468,60.6324971758,ensemble_top4,84.7549997824,80.8675028242,88.4268000532,84.7549997824,2.4936117624,0.913732166496
mmr,135,Peru,Peru,Region of the Americas,2022,80.57,54.6067996064,51.0140654069,58.8758980652,ensemble_top4,25.9632003936,21.6941019348,29.5559345931,25.9632003936,1.47545727969,0.388967961876
mmr,135,Peru,Peru,Region of the Americas,2023,51.45,52.5538932471,48.8026435788,57.1304644016,ensemble_top4,0,0,2.64735642117,-1.10389324707,0.978995024367,-0.0212287188271
mmr,136,Philippines,Philippines,Western Pacific Region,2000,126.8,126.8,126.8,126.8,ensemble_top4,,,,,,
mmr,136,Philippines,Philippines,Western Pacific Region,2001,131.6,128.159239534,117.205334409,137.570253409,ensemble_top4,,,,,,
mmr,136,Philippines,Philippines,Western Pacific Region,2002,126.3,128.515967991,119.272421194,137.637081466,ensemble_top4,,,,,,
mmr,136,Philippines,Philippines,Western Pacific Region,2003,126.9,126.838760698,117.707744277,136.850874442,ensemble_top4,,,,,,
mmr,136,Philippines,Philippines,Western Pacific Region,2004,121.5,124.142412519,114.611524032,135.540382396,ensemble_top4,,,,,,
mmr,136,Philippines,Philippines,Western Pacific Region,2005,117.7,123.838784046,111.828973326,134.758540523,ensemble_top4,,,,,,
mmr,136,Philippines,Philippines,Western Pacific Region,2006,128.6,125.455248723,115.39530067,134.286395382,ensemble_top4,,,,,,
mmr,136,Philippines,Philippines,Western Pacific Region,2007,123.3,124.23535227,114.181236926,133.399974698,ensemble_top4,,,,,,
mmr,136,Philippines,Philippines,Western Pacific Region,2008,122.6,122.269699072,112.628057997,131.346693237,ensemble_top4,,,,,,
mmr,136,Philippines,Philippines,Western Pacific Region,2009,122.1,119.711764265,110.285377669,128.769032596,ensemble_top4,,,,,,
mmr,136,Philippines,Philippines,Western Pacific Region,2010,117.4,116.577803219,107.438700023,125.457822423,ensemble_top4,,,,,,
mmr,136,Philippines,Philippines,Western Pacific Region,2011,115.3,113.491524267,104.807061365,122.54424907,ensemble_top4,,,,,,
mmr,136,Philippines,Philippines,Western Pacific Region,2012,110.4,110.368009887,101.433611097,118.802270497,ensemble_top4,,,,,,
mmr,136,Philippines,Philippines,Western Pacific Region,2013,109.7,107.192780154,98.3377906545,115.668249042,ensemble_top4,,,,,,
mmr,136,Philippines,Philippines,Western Pacific Region,2014,105.6,104.138224677,95.6085091828,112.661957254,ensemble_top4,,,,,,
mmr,136,Philippines,Philippines,Western Pacific Region,2015,103.5,101.08468244,92.7395072165,109.991290903,ensemble_top4,,,,,,
mmr,136,Philippines,Philippines,Western Pacific Region,2016,97.96,98.1633921695,89.7698963305,107.00855204,ensemble_top4,,,,,,
mmr,136,Philippines,Philippines,Western Pacific Region,2017,85.87,95.4022807608,86.7549113219,104.115973457,ensemble_top4,,,,,,
mmr,136,Philippines,Philippines,Western Pacific Region,2018,92.42,92.8113922464,84.4636856863,101.443810348,ensemble_top4,,,,,,
mmr,136,Philippines,Philippines,Western Pacific Region,2019,91.94,90.4454616906,81.6499045987,99.0085042711,ensemble_top4,,,,,,
mmr,136,Philippines,Philippines,Western Pacific Region,2020,88.46,87.9205340119,78.8222343286,96.5410000514,ensemble_top4,0.539465988086,0,9.63776567139,0.539465988086,1.00613583612,0.00611708852439
mmr,136,Philippines,Philippines,Western Pacific Region,2021,152.7,85.6541567654,76.2502650352,94.5189513764,ensemble_top4,67.0458432346,58.1810486236,76.4497349648,67.0458432346,1.7827506074,0.578157456637
mmr,136,Philippines,Philippines,Western Pacific Region,2022,92.3,83.3317681588,74.0212742317,92.327939325,ensemble_top4,8.96823184118,0,18.2787257683,8.96823184118,1.10762080344,0.102214294585
mmr,136,Philippines,Philippines,Western Pacific Region,2023,83.75,81.0211544441,71.4214720483,90.4382798565,ensemble_top4,2.72884555593,0,12.3285279517,2.72884555593,1.03368065507,0.0331258841545
mmr,137,Poland,Poland,European Region,2000,6.97,6.97,6.97,6.97,ensemble_top4,,,,,,
mmr,137,Poland,Poland,European Region,2001,6.09,5.94981404516,5.7352284016,6.16445224728,ensemble_top4,,,,,,
mmr,137,Poland,Poland,European Region,2002,5.33,5.43811956527,5.24644382382,5.63736465387,ensemble_top4,,,,,,
mmr,137,Poland,Poland,European Region,2003,4.84,4.95882954776,4.77621587013,5.14837225882,ensemble_top4,,,,,,
mmr,137,Poland,Poland,European Region,2004,4.46,4.50929838765,4.32691431844,4.69244583571,ensemble_top4,,,,,,
mmr,137,Poland,Poland,European Region,2005,4.11,4.09968962608,3.90993972842,4.28533594802,ensemble_top4,,,,,,
mmr,137,Poland,Poland,European Region,2006,3.8,3.72834832885,3.53658868988,3.91370365073,ensemble_top4,,,,,,
mmr,137,Poland,Poland,European Region,2007,3.49,3.39880098908,3.21127785087,3.58651818686,ensemble_top4,,,,,,
mmr,137,Poland,Poland,European Region,2008,3.21,3.10167662827,2.90970419909,3.28912360968,ensemble_top4,,,,,,
mmr,137,Poland,Poland,European Region,2009,2.86,2.84177088558,2.66147941872,3.02576968481,ensemble_top4,,,,,,
mmr,137,Poland,Poland,European Region,2010,2.61,2.610473174,2.43344900169,2.7920991944,ensemble_top4,,,,,,
mmr,137,Poland,Poland,European Region,2011,2.35,2.40923839546,2.22821940575,2.60233058946,ensemble_top4,,,,,,
mmr,137,Poland,Poland,European Region,2012,2.19,2.23809344764,2.0399705981,2.43099816285,ensemble_top4,,,,,,
mmr,137,Poland,Poland,European Region,2013,2.05,2.13188544208,1.93962615724,2.32085421554,ensemble_top4,,,,,,
mmr,137,Poland,Poland,European Region,2014,1.96,2.03917992408,1.83862437272,2.26879430702,ensemble_top4,,,,,,
mmr,137,Poland,Poland,European Region,2015,1.89,1.951022917,1.75024038915,2.18073164823,ensemble_top4,,,,,,
mmr,137,Poland,Poland,European Region,2016,1.86,1.89144354717,1.68340453126,2.13041472269,ensemble_top4,,,,,,
mmr,137,Poland,Poland,European Region,2017,1.87,1.84647655661,1.63775432321,2.1062454671,ensemble_top4,,,,,,
mmr,137,Poland,Poland,European Region,2018,1.83,1.82361844839,1.60732993097,2.10770457608,ensemble_top4,,,,,,
mmr,137,Poland,Poland,European Region,2019,1.8,1.82129855217,1.58542632371,2.16078465294,ensemble_top4,,,,,,
mmr,137,Poland,Poland,European Region,2020,2.95,1.83473952113,1.58430829834,2.2634485486,ensemble_top4,1.11526047887,0.686551451403,1.36569170166,1.11526047887,1.60785766373,0.47490264926
mmr,137,Poland,Poland,European Region,2021,2.45,1.87778383936,1.58133283748,2.42222366641,ensemble_top4,0.572216160638,0.0277763335927,0.868667162521,0.572216160638,1.30472951606,0.265995751906
mmr,137,Poland,Poland,European Region,2022,1.67,1.93733087066,1.58441003673,2.66840952607,ensemble_top4,0,0,0.0855899632684,-0.267330870658,0.862010730998,-0.148487559443
mmr,137,Poland,Poland,European Region,2023,1.57,2.01804228854,1.59962325034,2.97823993015,ensemble_top4,0,0,0,-0.448042288539,0.777981714712,-0.25105225802
mmr,138,Portugal,Portugal,European Region,2000,9.42,9.42,8.42,9.42,ensemble_top4,,,,,,
mmr,138,Portugal,Portugal,European Region,2001,9.2,8.77778385447,7.61638804194,11.1896944996,ensemble_top4,,,,,,
mmr,138,Portugal,Portugal,European Region,2002,8.74,8.73941665739,7.63542809362,11.0594963184,ensemble_top4,,,,,,
mmr,138,Portugal,Portugal,European Region,2003,8.46,8.67045275817,7.60493114628,10.9733009978,ensemble_top4,,,,,,
mmr,138,Portugal,Portugal,European Region,2004,8.04,8.64656940722,7.60981834437,10.9036847539,ensemble_top4,,,,,,
mmr,138,Portugal,Portugal,European Region,2005,8.3,8.6426797754,7.58072908328,11.0025430687,ensemble_top4,,,,,,
mmr,138,Portugal,Portugal,European Region,2006,7.92,8.73183216499,7.61940107244,11.1057435601,ensemble_top4,,,,,,
mmr,138,Portugal,Portugal,European Region,2007,8.47,8.85124081072,7.69621456089,11.3371170166,ensemble_top4,,,,,,
mmr,138,Portugal,Portugal,European Region,2008,8.83,9.05764261216,7.90475224843,11.6864450834,ensemble_top4,,,,,,
mmr,138,Portugal,Portugal,European Region,2009,9.42,9.33524786911,8.16356241828,12.0993239791,ensemble_top4,,,,,,
mmr,138,Portugal,Portugal,European Region,2010,10.01,9.5869769944,8.43861364899,12.619842219,ensemble_top4,,,,,,
mmr,138,Portugal,Portugal,European Region,2011,9.53,9.91827788072,8.75830619524,13.1894791684,ensemble_top4,,,,,,
mmr,138,Portugal,Portugal,European Region,2012,9.99,10.290289737,9.11739615328,13.8911577753,ensemble_top4,,,,,,
mmr,138,Portugal,Portugal,European Region,2013,10.25,10.7688515745,9.50742267101,14.6543735488,ensemble_top4,,,,,,
mmr,138,Portugal,Portugal,European Region,2014,10.76,11.2779906521,9.89207023431,15.5255366675,ensemble_top4,,,,,,
mmr,138,Portugal,Portugal,European Region,2015,11.01,11.908181209,10.4599018689,16.4071219934,ensemble_top4,,,,,,
mmr,138,Portugal,Portugal,European Region,2016,12.16,12.6010976288,11.0305163912,17.464191164,ensemble_top4,,,,,,
mmr,138,Portugal,Portugal,European Region,2017,13.47,13.3754288509,11.7736755309,18.7351770194,ensemble_top4,,,,,,
mmr,138,Portugal,Portugal,European Region,2018,14,14.1932470184,12.5464693703,19.9763181902,ensemble_top4,,,,,,
mmr,138,Portugal,Portugal,European Region,2019,14.65,15.1197674668,13.456671235,21.3972011683,ensemble_top4,,,,,,
mmr,138,Portugal,Portugal,European Region,2020,13.63,16.2177135784,14.338053554,22.807138728,ensemble_top4,0,0,0,-2.58771357837,0.840439062765,-0.173830829933
mmr,138,Portugal,Portugal,European Region,2021,18.77,17.4644781988,15.2725819191,24.7284600765,ensemble_top4,1.30552180116,0,3.4974180809,1.30552180116,1.07475298067,0.072090849749
mmr,138,Portugal,Portugal,European Region,2022,16.19,18.8781136962,16.1514318975,26.9425726483,ensemble_top4,0,0,0.0385681024938,-2.68811369623,0.857606870078,-0.153609477879
mmr,138,Portugal,Portugal,European Region,2023,14.95,20.3423012104,16.9623865673,29.7367611705,ensemble_top4,0,0,0,-5.39230121037,0.73492176944,-0.30799122157
mmr,139,Puerto Rico,Puerto Rico,Region of the Americas,2000,21.8,21.8,20.8,21.8,ensemble_top4,,,,,,
mmr,139,Puerto Rico,Puerto Rico,Region of the Americas,2001,20.76,20.6401087652,18.8566182174,33.4308623736,ensemble_top4,,,,,,
mmr,139,Puerto Rico,Puerto Rico,Region of the Americas,2002,19.44,19.9245778079,18.2976977946,21.4901273518,ensemble_top4,,,,,,
mmr,139,Puerto Rico,Puerto Rico,Region of the Americas,2003,19.55,19.7826804628,18.2196026031,21.2947140442,ensemble_top4,,,,,,
mmr,139,Puerto Rico,Puerto Rico,Region of the Americas,2004,19.93,19.7015649785,18.2467265407,21.2308580581,ensemble_top4,,,,,,
mmr,139,Puerto Rico,Puerto Rico,Region of the Americas,2005,20.24,19.4205803578,17.9421032911,20.9649389441,ensemble_top4,,,,,,
mmr,139,Puerto Rico,Puerto Rico,Region of the Americas,2006,18.82,19.0443194435,17.5855024058,20.4856548032,ensemble_top4,,,,,,
mmr,139,Puerto Rico,Puerto Rico,Region of the Americas,2007,18.45,18.6372521132,17.1656150378,20.0663261636,ensemble_top4,,,,,,
mmr,139,Puerto Rico,Puerto Rico,Region of the Americas,2008,18.14,18.2634045686,16.7695908045,19.6701760381,ensemble_top4,,,,,,
mmr,139,Puerto Rico,Puerto Rico,Region of the Americas,2009,17.57,17.8380685725,16.4114650693,19.2956877892,ensemble_top4,,,,,,
mmr,139,Puerto Rico,Puerto Rico,Region of the Americas,2010,17.53,17.4179341439,15.9913666779,18.8377796253,ensemble_top4,,,,,,
mmr,139,Puerto Rico,Puerto Rico,Region of the Americas,2011,17.25,16.9971524372,15.569984748,18.42683735,ensemble_top4,,,,,,
mmr,139,Puerto Rico,Puerto Rico,Region of the Americas,2012,16.87,16.6168023951,15.1887316973,17.9718083935,ensemble_top4,,,,,,
mmr,139,Puerto Rico,Puerto Rico,Region of the Americas,2013,15.83,16.243111394,14.788485196,17.622884007,ensemble_top4,,,,,,
mmr,139,Puerto Rico,Puerto Rico,Region of the Americas,2014,15.95,15.8507211246,14.417401552,17.2629332009,ensemble_top4,,,,,,
mmr,139,Puerto Rico,Puerto Rico,Region of the Americas,2015,15.15,15.4843775296,14.0637776284,16.8731213039,ensemble_top4,,,,,,
mmr,139,Puerto Rico,Puerto Rico,Region of the Americas,2016,15.37,15.108488664,13.679859188,16.5276891563,ensemble_top4,,,,,,
mmr,139,Puerto Rico,Puerto Rico,Region of the Americas,2017,16.54,14.7520290705,13.3799803679,16.1954006697,ensemble_top4,,,,,,
mmr,139,Puerto Rico,Puerto Rico,Region of the Americas,2018,14.01,14.4154009595,12.9876934349,15.8293113206,ensemble_top4,,,,,,
mmr,139,Puerto Rico,Puerto Rico,Region of the Americas,2019,13.06,14.084463492,12.6098144867,15.5782008961,ensemble_top4,,,,,,
mmr,139,Puerto Rico,Puerto Rico,Region of the Americas,2020,10.5,13.7500135118,12.3147128908,15.2541991134,ensemble_top4,0,0,0,-3.25001351177,0.763635613231,-0.269664549623
mmr,139,Puerto Rico,Puerto Rico,Region of the Americas,2021,49.81,13.4319466536,11.966109962,15.001586873,ensemble_top4,36.3780533464,34.808413127,37.843890038,36.3780533464,3.7083232449,1.3105798189
mmr,139,Puerto Rico,Puerto Rico,Region of the Americas,2022,55.33,13.10211533,11.6433966776,14.725953791,ensemble_top4,42.22788467,40.604046209,43.6866033224,42.22788467,4.22298221367,1.44054156417
mmr,139,Puerto Rico,Puerto Rico,Region of the Americas,2023,11.03,12.8059034473,11.2934257137,14.5313581886,ensemble_top4,0,0,0,-1.77590344729,0.861321502649,-0.149287438157
mmr,140,Qatar,Qatar,Eastern Mediterranean,2000,11.46,11.46,11.46,11.46,ranked_top1_fallback,,,,,,
mmr,140,Qatar,Qatar,Eastern Mediterranean,2001,11.62,11.6240977584,11.1745573589,12.0558576626,ranked_top1_fallback,,,,,,
mmr,140,Qatar,Qatar,Eastern Mediterranean,2002,11.19,11.4071043627,11.0028408134,11.7995471217,ranked_top1_fallback,,,,,,
mmr,140,Qatar,Qatar,Eastern Mediterranean,2003,10.87,11.0487843372,10.6754559468,11.4375363151,ranked_top1_fallback,,,,,,
mmr,140,Qatar,Qatar,Eastern Mediterranean,2004,10.72,10.6220775989,10.2478663389,10.9953666564,ranked_top1_fallback,,,,,,
mmr,140,Qatar,Qatar,Eastern Mediterranean,2005,10.68,10.1526934529,9.77918894039,10.5201505241,ranked_top1_fallback,,,,,,
mmr,140,Qatar,Qatar,Eastern Mediterranean,2006,9.83,9.66165668353,9.28877008721,10.0288792569,ranked_top1_fallback,,,,,,
mmr,140,Qatar,Qatar,Eastern Mediterranean,2007,9.03,9.17301779101,8.79763472492,9.53793795115,ranked_top1_fallback,,,,,,
mmr,140,Qatar,Qatar,Eastern Mediterranean,2008,8.73,8.69292043229,8.31887337837,9.05245178649,ranked_top1_fallback,,,,,,
mmr,140,Qatar,Qatar,Eastern Mediterranean,2009,8.03,8.21675008121,7.85573191549,8.58148659053,ranked_top1_fallback,,,,,,
mmr,140,Qatar,Qatar,Eastern Mediterranean,2010,7.62,7.75717747612,7.39756252404,8.12061282789,ranked_top1_fallback,,,,,,
mmr,140,Qatar,Qatar,Eastern Mediterranean,2011,7.2,7.31335486047,6.96339905015,7.68247854191,ranked_top1_fallback,,,,,,
mmr,140,Qatar,Qatar,Eastern Mediterranean,2012,6.77,6.8901230029,6.52451101373,7.24766340989,ranked_top1_fallback,,,,,,
mmr,140,Qatar,Qatar,Eastern Mediterranean,2013,6.46,6.48714648223,6.12082777767,6.84147045142,ranked_top1_fallback,,,,,,
mmr,140,Qatar,Qatar,Eastern Mediterranean,2014,6.12,6.10398689414,5.74737232201,6.45809334407,ranked_top1_fallback,,,,,,
mmr,140,Qatar,Qatar,Eastern Mediterranean,2015,5.71,5.72597259915,5.3650487558,6.09777898131,ranked_top1_fallback,,,,,,
mmr,140,Qatar,Qatar,Eastern Mediterranean,2016,5.4,5.38505231336,5.02261885111,5.74130593618,ranked_top1_fallback,,,,,,
mmr,140,Qatar,Qatar,Eastern Mediterranean,2017,5.07,5.05134341248,4.68860534307,5.40643943932,ranked_top1_fallback,,,,,,
mmr,140,Qatar,Qatar,Eastern Mediterranean,2018,4.81,4.73226875823,4.37664228962,5.09470239073,ranked_top1_fallback,,,,,,
mmr,140,Qatar,Qatar,Eastern Mediterranean,2019,4.54,4.44618977456,4.07782449795,4.80870104775,ranked_top1_fallback,,,,,,
mmr,140,Qatar,Qatar,Eastern Mediterranean,2020,6.3,4.16274753794,3.7874089607,4.53054935496,ranked_top1_fallback,2.13725246206,1.76945064504,2.5125910393,2.13725246206,1.51342351238,0.414374311286
mmr,140,Qatar,Qatar,Eastern Mediterranean,2021,7.09,3.90730226182,3.5380000332,4.27883473391,ranked_top1_fallback,3.18269773818,2.81116526609,3.5519999668,3.18269773818,1.81455119797,0.595838163292
mmr,140,Qatar,Qatar,Eastern Mediterranean,2022,8.02,3.65529484489,3.28678897143,4.03385872046,ranked_top1_fallback,4.36470515511,3.98614127954,4.73321102857,4.36470515511,2.19407745212,0.785761663015
mmr,140,Qatar,Qatar,Eastern Mediterranean,2023,3.92,3.42732475221,3.07325637166,3.80453968284,ranked_top1_fallback,0.492675247787,0.115460317162,0.84674362834,0.492675247787,1.14374921649,0.134311652571
mmr,141,Republic of Korea,Republic of Korea,Western Pacific Region,2000,15.46,15.46,14.46,15.46,ensemble_top4,,,,,,
mmr,141,Republic of Korea,Republic of Korea,Western Pacific Region,2001,14.03,14.2110584158,13.6641352925,16.4974749935,ensemble_top4,,,,,,
mmr,141,Republic of Korea,Republic of Korea,Western Pacific Region,2002,13.47,13.5420269271,13.0057393137,16.6150816853,ensemble_top4,,,,,,
mmr,141,Republic of Korea,Republic of Korea,Western Pacific Region,2003,13.12,12.8591160672,12.353506087,15.8335008572,ensemble_top4,,,,,,
mmr,141,Republic of Korea,Republic of Korea,Western Pacific Region,2004,12.22,12.1092855517,11.6534238999,14.6868327644,ensemble_top4,,,,,,
mmr,141,Republic of Korea,Republic of Korea,Western Pacific Region,2005,11.35,11.385103831,10.9634769978,13.4874676578,ensemble_top4,,,,,,
mmr,141,Republic of Korea,Republic of Korea,Western Pacific Region,2006,10.47,10.7098602104,10.280772022,12.3127975419,ensemble_top4,,,,,,
mmr,141,Republic of Korea,Republic of Korea,Western Pacific Region,2007,10.08,10.0996285957,9.63383047628,11.2614759122,ensemble_top4,,,,,,
mmr,141,Republic of Korea,Republic of Korea,Western Pacific Region,2008,9.21,9.52416076603,9.05866191436,10.3348020276,ensemble_top4,,,,,,
mmr,141,Republic of Korea,Republic of Korea,Western Pacific Region,2009,8.62,8.98860332335,8.56015903991,9.52853126223,ensemble_top4,,,,,,
mmr,141,Republic of Korea,Republic of Korea,Western Pacific Region,2010,8.48,8.46777517142,8.0773800483,8.88545173888,ensemble_top4,,,,,,
mmr,141,Republic of Korea,Republic of Korea,Western Pacific Region,2011,8.02,7.97753079828,7.61002908503,8.37369226621,ensemble_top4,,,,,,
mmr,141,Republic of Korea,Republic of Korea,Western Pacific Region,2012,7.79,7.51370667034,7.11399478562,7.91112436056,ensemble_top4,,,,,,
mmr,141,Republic of Korea,Republic of Korea,Western Pacific Region,2013,7.15,7.08969759955,6.60745179867,7.48794514887,ensemble_top4,,,,,,
mmr,141,Republic of Korea,Republic of Korea,Western Pacific Region,2014,6.59,6.68437750469,6.13041157117,7.08605239313,ensemble_top4,,,,,,
mmr,141,Republic of Korea,Republic of Korea,Western Pacific Region,2015,6.43,6.29229431844,5.64583642004,6.72256402558,ensemble_top4,,,,,,
mmr,141,Republic of Korea,Republic of Korea,Western Pacific Region,2016,6.07,5.9325344158,5.22005684094,6.35499739978,ensemble_top4,,,,,,
mmr,141,Republic of Korea,Republic of Korea,Western Pacific Region,2017,5.6,5.58145174564,4.7728043575,5.9890501027,ensemble_top4,,,,,,
mmr,141,Republic of Korea,Republic of Korea,Western Pacific Region,2018,5.33,5.23602756494,4.38243590017,5.66228070568,ensemble_top4,,,,,,
mmr,141,Republic of Korea,Republic of Korea,Western Pacific Region,2019,4.93,4.92270449113,4.02337834492,5.36676679079,ensemble_top4,,,,,,
mmr,141,Republic of Korea,Republic of Korea,Western Pacific Region,2020,11.57,4.61232164199,3.67281699143,5.05266414699,ensemble_top4,6.95767835801,6.51733585301,7.89718300857,6.95767835801,2.50849808363,0.919684200989
mmr,141,Republic of Korea,Republic of Korea,Western Pacific Region,2021,5.2,4.32934916918,3.35012015158,4.80444876986,ensemble_top4,0.870650830819,0.395551230142,1.84987984842,0.870650830819,1.20110432233,0.183241402219
mmr,141,Republic of Korea,Republic of Korea,Western Pacific Region,2022,6.6,4.05411130413,3.04771116943,4.54156331564,ensemble_top4,2.54588869587,2.05843668436,3.55228883057,2.54588869587,1.62797701022,0.487338145994
mmr,141,Republic of Korea,Republic of Korea,Western Pacific Region,2023,3.79,3.79870928883,2.75842773935,4.28565791484,ensemble_top4,0,0,1.03157226065,-0.00870928882889,0.997707303148,-0.0022953291057
mmr,142,Republic of Moldova,Republic of Moldova,European Region,2000,38.27,38.27,37.27,38.27,ensemble_top4,,,,,,
mmr,142,Republic of Moldova,Republic of Moldova,European Region,2001,34.51,34.3497326449,32.0621695524,41.8878476867,ensemble_top4,,,,,,
mmr,142,Republic of Moldova,Republic of Moldova,European Region,2002,31.44,32.1160621931,30.0256177533,39.1723433599,ensemble_top4,,,,,,
mmr,142,Republic of Moldova,Republic of Moldova,European Region,2003,29.19,29.983572305,27.9233239138,36.4770047396,ensemble_top4,,,,,,
mmr,142,Republic of Moldova,Republic of Moldova,European Region,2004,27.75,28.2990188613,26.2482300993,33.8552927755,ensemble_top4,,,,,,
mmr,142,Republic of Moldova,Republic of Moldova,European Region,2005,26.37,26.6287567718,24.6450527769,31.5503810339,ensemble_top4,,,,,,
mmr,142,Republic of Moldova,Republic of Moldova,European Region,2006,25.21,25.1661800237,23.2413639206,29.5267895878,ensemble_top4,,,,,,
mmr,142,Republic of Moldova,Republic of Moldova,European Region,2007,24.35,23.9405725328,22.0534492787,27.8033654723,ensemble_top4,,,,,,
mmr,142,Republic of Moldova,Republic of Moldova,European Region,2008,23.24,22.803046821,20.836065786,26.2852781332,ensemble_top4,,,,,,
mmr,142,Republic of Moldova,Republic of Moldova,European Region,2009,21.91,21.8271962607,19.9285314012,25.3022425205,ensemble_top4,,,,,,
mmr,142,Republic of Moldova,Republic of Moldova,European Region,2010,20.15,21.0187054436,19.1584059076,24.3774472196,ensemble_top4,,,,,,
mmr,142,Republic of Moldova,Republic of Moldova,European Region,2011,19.04,20.3993395214,18.5170114451,23.6962592554,ensemble_top4,,,,,,
mmr,142,Republic of Moldova,Republic of Moldova,European Region,2012,18.6,19.9836998597,18.0666002526,23.2136793313,ensemble_top4,,,,,,
mmr,142,Republic of Moldova,Republic of Moldova,European Region,2013,18.75,19.7153520625,17.7932388782,23.0667530949,ensemble_top4,,,,,,
mmr,142,Republic of Moldova,Republic of Moldova,European Region,2014,19.56,19.585838352,17.6844319428,22.8433476386,ensemble_top4,,,,,,
mmr,142,Republic of Moldova,Republic of Moldova,European Region,2015,20.39,19.6342943914,17.710281768,22.7577402244,ensemble_top4,,,,,,
mmr,142,Republic of Moldova,Republic of Moldova,European Region,2016,20.6,19.7788646018,17.8596661201,22.7712259083,ensemble_top4,,,,,,
mmr,142,Republic of Moldova,Republic of Moldova,European Region,2017,20.18,20.0998272859,18.2236703375,22.815030024,ensemble_top4,,,,,,
mmr,142,Republic of Moldova,Republic of Moldova,European Region,2018,20.21,20.5928184858,18.5865510323,23.1536065508,ensemble_top4,,,,,,
mmr,142,Republic of Moldova,Republic of Moldova,European Region,2019,20.58,21.1625181697,19.0230633512,23.5074000807,ensemble_top4,,,,,,
mmr,142,Republic of Moldova,Republic of Moldova,European Region,2020,28.51,21.8701041365,19.4706568298,24.2664123647,ensemble_top4,6.63989586348,4.24358763529,9.03934317019,6.63989586348,1.30360604696,0.265134306632
mmr,142,Republic of Moldova,Republic of Moldova,European Region,2021,24.25,22.7474477004,19.843805656,25.6849352256,ensemble_top4,1.50255229959,0,4.40619434399,1.50255229959,1.06605366542,0.063963667273
mmr,142,Republic of Moldova,Republic of Moldova,European Region,2022,19.08,23.6146357479,19.9633660587,27.4526489175,ensemble_top4,0,0,0,-4.53463574785,0.807973504386,-0.2132260126
mmr,142,Republic of Moldova,Republic of Moldova,European Region,2023,18.68,24.6620711426,20.3232973062,29.5041024226,ensemble_top4,0,0,0,-5.98207114262,0.757438411883,-0.277813049349
mmr,143,Romania,Romania,European Region,2000,45.25,45.25,44.25,45.25,ensemble_top4,,,,,,
mmr,143,Romania,Romania,European Region,2001,40.81,41.4481700934,38.6714075532,51.1144279429,ensemble_top4,,,,,,
mmr,143,Romania,Romania,European Region,2002,38.07,38.6635009309,36.1885051746,46.1583528567,ensemble_top4,,,,,,
mmr,143,Romania,Romania,European Region,2003,35.43,35.5392059488,33.2070935552,41.5902169195,ensemble_top4,,,,,,
mmr,143,Romania,Romania,European Region,2004,32.39,32.6028412973,30.3419119772,36.8239275553,ensemble_top4,,,,,,
mmr,143,Romania,Romania,European Region,2005,29.89,29.9517771947,27.7510686665,33.1164036922,ensemble_top4,,,,,,
mmr,143,Romania,Romania,European Region,2006,26.67,27.7403762198,25.6203427397,30.2269023486,ensemble_top4,,,,,,
mmr,143,Romania,Romania,European Region,2007,24.81,25.8408221227,23.7087809336,28.1102980778,ensemble_top4,,,,,,
mmr,143,Romania,Romania,European Region,2008,24.68,24.4688076183,22.461817836,26.4952252103,ensemble_top4,,,,,,
mmr,143,Romania,Romania,European Region,2009,24.52,23.0845868782,21.0775041443,25.037489234,ensemble_top4,,,,,,
mmr,143,Romania,Romania,European Region,2010,22.98,21.8181003016,19.7917339257,23.832458212,ensemble_top4,,,,,,
mmr,143,Romania,Romania,European Region,2011,19.98,20.6860340681,18.6462650974,22.7164021464,ensemble_top4,,,,,,
mmr,143,Romania,Romania,European Region,2012,19.09,19.6795905887,17.5912271565,21.6140847536,ensemble_top4,,,,,,
mmr,143,Romania,Romania,European Region,2013,17.52,18.738111177,16.6884180793,20.7340921033,ensemble_top4,,,,,,
mmr,143,Romania,Romania,European Region,2014,17.81,17.8658369944,15.8516723503,19.8078408637,ensemble_top4,,,,,,
mmr,143,Romania,Romania,European Region,2015,17.65,17.0705944066,15.0377946779,19.0689330608,ensemble_top4,,,,,,
mmr,143,Romania,Romania,European Region,2016,17.17,16.3629300688,14.3009847292,18.3510769795,ensemble_top4,,,,,,
mmr,143,Romania,Romania,European Region,2017,16.65,15.7049115126,13.6164804951,17.7551028618,ensemble_top4,,,,,,
mmr,143,Romania,Romania,European Region,2018,15.4,15.0759814021,12.9902732645,17.1722029016,ensemble_top4,,,,,,
mmr,143,Romania,Romania,European Region,2019,14.05,14.5471023759,12.2413743933,16.7237987093,ensemble_top4,,,,,,
mmr,143,Romania,Romania,European Region,2020,15.8,13.96322468,11.6117706448,16.4917593766,ensemble_top4,1.83677532,0,4.18822935518,1.83677532,1.13154377747,0.123582875105
mmr,143,Romania,Romania,European Region,2021,19.7,13.5288412579,10.9435146038,16.3314824757,ensemble_top4,6.17115874209,3.36851752432,8.7564853962,6.17115874209,1.45614835923,0.37579483966
mmr,143,Romania,Romania,European Region,2022,12.79,13.0466907457,10.3895061631,16.3816154379,ensemble_top4,0,0,2.40049383689,-0.256690745707,0.980325221873,-0.019870903316
mmr,143,Romania,Romania,European Region,2023,11.68,12.5783916858,9.81220908084,16.3751659648,ensemble_top4,0,0,1.86779091916,-0.89839168578,0.928576585288,-0.0741024187817
mmr,144,Russian Federation,Russian Federation,European Region,2000,51,51,50,51,ensemble_top4,,,,,,
mmr,144,Russian Federation,Russian Federation,European Region,2001,48.21,48.5010732248,46.0906605005,52.0132946973,ensemble_top4,,,,,,
mmr,144,Russian Federation,Russian Federation,European Region,2002,46.58,47.3343217073,45.1523052402,52.6986010986,ensemble_top4,,,,,,
mmr,144,Russian Federation,Russian Federation,European Region,2003,44.8,44.9389213728,42.490444114,49.7801150491,ensemble_top4,,,,,,
mmr,144,Russian Federation,Russian Federation,European Region,2004,40.95,41.3966965895,39.3173846526,45.7126599358,ensemble_top4,,,,,,
mmr,144,Russian Federation,Russian Federation,European Region,2005,38.06,37.201782027,35.2759307415,41.1746404376,ensemble_top4,,,,,,
mmr,144,Russian Federation,Russian Federation,European Region,2006,31.87,33.2557659005,31.309241132,36.8067191178,ensemble_top4,,,,,,
mmr,144,Russian Federation,Russian Federation,European Region,2007,28.69,29.7407623725,27.8284394557,32.9982591326,ensemble_top4,,,,,,
mmr,144,Russian Federation,Russian Federation,European Region,2008,26.56,26.6804697245,24.8005776368,29.4666486206,ensemble_top4,,,,,,
mmr,144,Russian Federation,Russian Federation,European Region,2009,23.68,24.0228217563,22.2025626045,26.4740271705,ensemble_top4,,,,,,
mmr,144,Russian Federation,Russian Federation,European Region,2010,22.94,21.7504277541,20.0460051104,23.868345078,ensemble_top4,,,,,,
mmr,144,Russian Federation,Russian Federation,European Region,2011,19.5,19.8033296787,18.1606188749,21.6753368954,ensemble_top4,,,,,,
mmr,144,Russian Federation,Russian Federation,European Region,2012,17.71,18.1775367321,16.5167212004,19.9213611977,ensemble_top4,,,,,,
mmr,144,Russian Federation,Russian Federation,European Region,2013,16.4,16.7519977173,15.1638225427,18.4819815694,ensemble_top4,,,,,,
mmr,144,Russian Federation,Russian Federation,European Region,2014,15.79,15.5288381838,13.889436435,17.2046332326,ensemble_top4,,,,,,
mmr,144,Russian Federation,Russian Federation,European Region,2015,14.79,14.4936160264,12.8396984241,16.1611753516,ensemble_top4,,,,,,
mmr,144,Russian Federation,Russian Federation,European Region,2016,13.75,13.5764693416,11.9189200586,15.2800529974,ensemble_top4,,,,,,
mmr,144,Russian Federation,Russian Federation,European Region,2017,12.25,12.7781994819,11.1063838962,14.4646942015,ensemble_top4,,,,,,
mmr,144,Russian Federation,Russian Federation,European Region,2018,12.03,12.0696114987,10.3675699955,13.7485099962,ensemble_top4,,,,,,
mmr,144,Russian Federation,Russian Federation,European Region,2019,11.75,11.4697573853,9.68976372661,13.2448367991,ensemble_top4,,,,,,
mmr,144,Russian Federation,Russian Federation,European Region,2020,18.79,10.8662256771,8.96980472265,12.7292456438,ensemble_top4,7.92377432289,6.06075435621,9.82019527735,7.92377432289,1.72921127891,0.547665396406
mmr,144,Russian Federation,Russian Federation,European Region,2021,20.57,10.3776327722,8.29812449609,12.4168372859,ensemble_top4,10.1923672278,8.15316271411,12.2718755039,10.1923672278,1.98214761031,0.684180908567
mmr,144,Russian Federation,Russian Federation,European Region,2022,13,9.89098358741,7.69277865818,12.0734945462,ensemble_top4,3.10901641259,0.926505453752,5.30722134182,3.10901641259,1.31432833602,0.273325764051
mmr,144,Russian Federation,Russian Federation,European Region,2023,9.4,9.47533985852,7.02443834977,11.8702324185,ensemble_top4,0,0,2.37556165023,-0.0753398585162,0.992048848945,-0.00798293002195
mmr,145,Rwanda,Rwanda,African Region,2000,885.2,885.2,884.2,885.2,ensemble_top4,,,,,,
mmr,145,Rwanda,Rwanda,African Region,2001,769,712.106186703,407.497271341,819.999857058,ensemble_top4,,,,,,
mmr,145,Rwanda,Rwanda,African Region,2002,677.2,642.343219891,496.084443267,730.18106001,ensemble_top4,,,,,,
mmr,145,Rwanda,Rwanda,African Region,2003,551.1,566.812724083,486.790756938,659.523650155,ensemble_top4,,,,,,
mmr,145,Rwanda,Rwanda,African Region,2004,459.9,525.466455956,459.728470612,625.791864777,ensemble_top4,,,,,,
mmr,145,Rwanda,Rwanda,African Region,2005,465.4,492.091543482,424.666517197,590.441796969,ensemble_top4,,,,,,
mmr,145,Rwanda,Rwanda,African Region,2006,493.8,476.242197145,411.998830178,561.64971568,ensemble_top4,,,,,,
mmr,145,Rwanda,Rwanda,African Region,2007,493.6,470.392686088,397.226296931,544.673682469,ensemble_top4,,,,,,
mmr,145,Rwanda,Rwanda,African Region,2008,453.9,444.61206664,371.483311941,512.982446362,ensemble_top4,,,,,,
mmr,145,Rwanda,Rwanda,African Region,2009,418.3,420.240158531,351.315239705,487.787892632,ensemble_top4,,,,,,
mmr,145,Rwanda,Rwanda,African Region,2010,392.9,396.597013793,329.097679463,460.089687632,ensemble_top4,,,,,,
mmr,145,Rwanda,Rwanda,African Region,2011,358.5,375.208561693,307.107225944,442.854165099,ensemble_top4,,,,,,
mmr,145,Rwanda,Rwanda,African Region,2012,330.8,354.889395849,282.839212539,420.427479205,ensemble_top4,,,,,,
mmr,145,Rwanda,Rwanda,African Region,2013,316.5,336.703096182,262.110388501,402.597480628,ensemble_top4,,,,,,
mmr,145,Rwanda,Rwanda,African Region,2014,301.1,318.488039178,245.537482774,380.781580489,ensemble_top4,,,,,,
mmr,145,Rwanda,Rwanda,African Region,2015,291.6,301.594076151,226.185373591,365.755651306,ensemble_top4,,,,,,
mmr,145,Rwanda,Rwanda,African Region,2016,278.1,286.635277202,209.745420738,351.236563775,ensemble_top4,,,,,,
mmr,145,Rwanda,Rwanda,African Region,2017,275.1,272.715413809,194.367086756,336.361150018,ensemble_top4,,,,,,
mmr,145,Rwanda,Rwanda,African Region,2018,268.7,259.103148758,180.156319592,320.637524458,ensemble_top4,,,,,,
mmr,145,Rwanda,Rwanda,African Region,2019,261.3,245.586559031,163.982595735,306.723901407,ensemble_top4,,,,,,
mmr,145,Rwanda,Rwanda,African Region,2020,252.1,234.441505386,150.276842309,295.563316283,ensemble_top4,17.6584946143,0,101.823157691,17.6584946143,1.07532153739,0.0726197214082
mmr,145,Rwanda,Rwanda,African Region,2021,254,223.55169716,138.926572953,282.829810892,ensemble_top4,30.4483028402,0,115.073427047,30.4483028402,1.13620251256,0.12769157251
mmr,145,Rwanda,Rwanda,African Region,2022,234,212.8802721,130.152602404,273.192745488,ensemble_top4,21.1197278998,0,103.847397596,21.1197278998,1.09920941801,0.0945912105034
mmr,145,Rwanda,Rwanda,African Region,2023,229.5,203.539810599,115.814891643,263.382600007,ensemble_top4,25.9601894014,0,113.685108357,25.9601894014,1.12754354701,0.120041414274
mmr,146,Saint Kitts and Nevis,Saint Kitts and Nevis,Region of the Americas,2000,143.3,143.3,142.3,143.3,ensemble_top4,,,,,,
mmr,146,Saint Kitts and Nevis,Saint Kitts and Nevis,Region of the Americas,2001,131.1,126.032902673,59.772563972,138.941069363,ensemble_top4,,,,,,
mmr,146,Saint Kitts and Nevis,Saint Kitts and Nevis,Region of the Americas,2002,114.5,111.796861571,105.431101483,120.735943222,ensemble_top4,,,,,,
mmr,146,Saint Kitts and Nevis,Saint Kitts and Nevis,Region of the Americas,2003,110.6,109.216570398,102.844720081,117.63525984,ensemble_top4,,,,,,
mmr,146,Saint Kitts and Nevis,Saint Kitts and Nevis,Region of the Americas,2004,104.3,106.552524568,100.419912511,114.588209779,ensemble_top4,,,,,,
mmr,146,Saint Kitts and Nevis,Saint Kitts and Nevis,Region of the Americas,2005,102.3,103.853956263,97.7836407007,111.696964933,ensemble_top4,,,,,,
mmr,146,Saint Kitts and Nevis,Saint Kitts and Nevis,Region of the Americas,2006,98.99,101.269303741,95.2052085535,108.718915984,ensemble_top4,,,,,,
mmr,146,Saint Kitts and Nevis,Saint Kitts and Nevis,Region of the Americas,2007,96.27,98.757000265,92.5280314707,106.079638961,ensemble_top4,,,,,,
mmr,146,Saint Kitts and Nevis,Saint Kitts and Nevis,Region of the Americas,2008,94.85,96.3169347143,90.2100861872,103.383975714,ensemble_top4,,,,,,
mmr,146,Saint Kitts and Nevis,Saint Kitts and Nevis,Region of the Americas,2009,93.33,93.6611853214,87.4324740702,100.53217283,ensemble_top4,,,,,,
mmr,146,Saint Kitts and Nevis,Saint Kitts and Nevis,Region of the Americas,2010,91.78,91.2689273655,84.8940574905,97.7458092131,ensemble_top4,,,,,,
mmr,146,Saint Kitts and Nevis,Saint Kitts and Nevis,Region of the Americas,2011,89.88,88.9816815419,82.5983397323,95.3190887984,ensemble_top4,,,,,,
mmr,146,Saint Kitts and Nevis,Saint Kitts and Nevis,Region of the Americas,2012,88.08,86.6892688249,80.2015602546,93.0448481735,ensemble_top4,,,,,,
mmr,146,Saint Kitts and Nevis,Saint Kitts and Nevis,Region of the Americas,2013,82.28,84.3643297843,77.8937552148,90.7623800429,ensemble_top4,,,,,,
mmr,146,Saint Kitts and Nevis,Saint Kitts and Nevis,Region of the Americas,2014,81.95,82.1543555391,75.3218262111,88.3085575536,ensemble_top4,,,,,,
mmr,146,Saint Kitts and Nevis,Saint Kitts and Nevis,Region of the Americas,2015,76.4,80.1037837954,73.2077077231,86.2359874295,ensemble_top4,,,,,,
mmr,146,Saint Kitts and Nevis,Saint Kitts and Nevis,Region of the Americas,2016,74.57,78.0201174365,70.6149598714,84.0426820212,ensemble_top4,,,,,,
mmr,146,Saint Kitts and Nevis,Saint Kitts and Nevis,Region of the Americas,2017,74,75.9456432155,68.4472646464,81.936137988,ensemble_top4,,,,,,
mmr,146,Saint Kitts and Nevis,Saint Kitts and Nevis,Region of the Americas,2018,77.82,73.9319014636,66.2936013782,79.885052066,ensemble_top4,,,,,,
mmr,146,Saint Kitts and Nevis,Saint Kitts and Nevis,Region of the Americas,2019,74.41,72.1350353633,64.1128608989,77.7595711597,ensemble_top4,,,,,,
mmr,146,Saint Kitts and Nevis,Saint Kitts and Nevis,Region of the Americas,2020,79.64,70.1020221347,61.8735011866,76.0519559723,ensemble_top4,9.53797786529,3.58804402774,17.7664988134,9.53797786529,1.13605852691,0.127564839142
mmr,146,Saint Kitts and Nevis,Saint Kitts and Nevis,Region of the Americas,2021,110.8,68.3386278143,60.083261327,74.3681376322,ensemble_top4,42.4613721857,36.4318623678,50.716738673,42.4613721857,1.62133779304,0.483251606635
mmr,146,Saint Kitts and Nevis,Saint Kitts and Nevis,Region of the Americas,2022,99.28,66.5231215399,58.1711242359,72.5008783393,ensemble_top4,32.7568784601,26.7791216607,41.1088757641,32.7568784601,1.49241343012,0.400394561336
mmr,146,Saint Kitts and Nevis,Saint Kitts and Nevis,Region of the Americas,2023,73.52,64.7915430954,55.9270113818,70.7241966781,ensemble_top4,8.72845690464,2.79580332188,17.5929886182,8.72845690464,1.13471599051,0.126382390994
mmr,147,Saint Lucia,Saint Lucia,Region of the Americas,2000,82.84,82.84,81.84,82.84,ensemble_top4,,,,,,
mmr,147,Saint Lucia,Saint Lucia,Region of the Americas,2001,70.47,69.7633019391,62.527399482,103.587205752,ensemble_top4,,,,,,
mmr,147,Saint Lucia,Saint Lucia,Region of the Americas,2002,62.06,64.9278300746,57.3524802328,92.4045219584,ensemble_top4,,,,,,
mmr,147,Saint Lucia,Saint Lucia,Region of the Americas,2003,56.41,58.0675615337,51.8707870665,78.4380192426,ensemble_top4,,,,,,
mmr,147,Saint Lucia,Saint Lucia,Region of the Americas,2004,54.5,56.842234973,50.3162416796,67.2452236987,ensemble_top4,,,,,,
mmr,147,Saint Lucia,Saint Lucia,Region of the Americas,2005,54.69,55.619787027,49.8125767958,62.61607719,ensemble_top4,,,,,,
mmr,147,Saint Lucia,Saint Lucia,Region of the Americas,2006,53.34,55.1113619339,49.471004307,60.4413916321,ensemble_top4,,,,,,
mmr,147,Saint Lucia,Saint Lucia,Region of the Americas,2007,54.93,55.0130196683,49.4803275161,59.9015906813,ensemble_top4,,,,,,
mmr,147,Saint Lucia,Saint Lucia,Region of the Americas,2008,55.15,54.9744793913,49.6180454356,59.7252572387,ensemble_top4,,,,,,
mmr,147,Saint Lucia,Saint Lucia,Region of the Americas,2009,51.05,54.7374534531,49.6885499221,59.8240533276,ensemble_top4,,,,,,
mmr,147,Saint Lucia,Saint Lucia,Region of the Americas,2010,56.14,54.3518764616,49.3994334181,59.4657063639,ensemble_top4,,,,,,
mmr,147,Saint Lucia,Saint Lucia,Region of the Americas,2011,56.24,53.6265252852,48.6336532033,59.0686144711,ensemble_top4,,,,,,
mmr,147,Saint Lucia,Saint Lucia,Region of the Americas,2012,55.39,52.5942069708,47.2616319692,58.2953275389,ensemble_top4,,,,,,
mmr,147,Saint Lucia,Saint Lucia,Region of the Americas,2013,53.25,51.2402928466,45.7982714498,57.067080153,ensemble_top4,,,,,,
mmr,147,Saint Lucia,Saint Lucia,Region of the Americas,2014,49.17,49.6259851894,44.1344516736,55.5126511297,ensemble_top4,,,,,,
mmr,147,Saint Lucia,Saint Lucia,Region of the Americas,2015,45.81,47.9116833829,42.2618939849,53.520674956,ensemble_top4,,,,,,
mmr,147,Saint Lucia,Saint Lucia,Region of the Americas,2016,45.81,45.7653473411,40.245725489,51.2717563301,ensemble_top4,,,,,,
mmr,147,Saint Lucia,Saint Lucia,Region of the Americas,2017,42.94,43.5621324076,38.185352551,48.9317218897,ensemble_top4,,,,,,
mmr,147,Saint Lucia,Saint Lucia,Region of the Americas,2018,41.33,41.2543799494,36.0316516085,46.4806902967,ensemble_top4,,,,,,
mmr,147,Saint Lucia,Saint Lucia,Region of the Americas,2019,42.71,38.9374287256,33.4653181122,44.2499716692,ensemble_top4,,,,,,
mmr,147,Saint Lucia,Saint Lucia,Region of the Americas,2020,43.04,36.5751999704,30.9902028596,42.1446058029,ensemble_top4,6.46480002955,0.895394197134,12.0497971404,6.46480002955,1.17675364823,0.162759501554
mmr,147,Saint Lucia,Saint Lucia,Region of the Americas,2021,94.05,34.2927770405,28.5392365165,40.166594429,ensemble_top4,59.7572229595,53.883405571,65.5107634835,59.7572229595,2.74256004082,1.00889180566
mmr,147,Saint Lucia,Saint Lucia,Region of the Americas,2022,47.52,31.964351348,25.7891127566,38.3289468985,ensemble_top4,15.555648652,9.19105310151,21.7308872434,15.555648652,1.48665616526,0.396529413613
mmr,147,Saint Lucia,Saint Lucia,Region of the Americas,2023,43.96,29.7349067223,23.2270645982,36.4665745852,ensemble_top4,14.2250932777,7.49342541477,20.7329354018,14.2250932777,1.47839710447,0.39095846335
mmr,148,Saint Vincent,Saint Vincent and the Grenadines,Region of the Americas,2000,67.64,67.64,67.64,67.64,ensemble_top4,,,,,,
mmr,148,Saint Vincent,Saint Vincent and the Grenadines,Region of the Americas,2001,64.28,56.6794752812,48.3576796448,65.1702299308,ensemble_top4,,,,,,
mmr,148,Saint Vincent,Saint Vincent and the Grenadines,Region of the Americas,2002,61.85,56.8291365614,48.8989729787,65.2081978956,ensemble_top4,,,,,,
mmr,148,Saint Vincent,Saint Vincent and the Grenadines,Region of the Americas,2003,58.87,57.0719661578,49.1373332656,65.2355458639,ensemble_top4,,,,,,
mmr,148,Saint Vincent,Saint Vincent and the Grenadines,Region of the Americas,2004,56.17,57.1417642467,49.1781588789,65.7190990831,ensemble_top4,,,,,,
mmr,148,Saint Vincent,Saint Vincent and the Grenadines,Region of the Americas,2005,55.17,57.2429828645,49.6359491824,65.8636576317,ensemble_top4,,,,,,
mmr,148,Saint Vincent,Saint Vincent and the Grenadines,Region of the Americas,2006,54.3,57.2801143379,49.5413432624,66.153454001,ensemble_top4,,,,,,
mmr,148,Saint Vincent,Saint Vincent and the Grenadines,Region of the Americas,2007,54.3,57.4080327389,49.7794292245,66.3224097005,ensemble_top4,,,,,,
mmr,148,Saint Vincent,Saint Vincent and the Grenadines,Region of the Americas,2008,55.75,57.4326076925,49.7315918124,66.006151123,ensemble_top4,,,,,,
mmr,148,Saint Vincent,Saint Vincent and the Grenadines,Region of the Americas,2009,56.26,57.4866166921,49.6088458632,66.1833010535,ensemble_top4,,,,,,
mmr,148,Saint Vincent,Saint Vincent and the Grenadines,Region of the Americas,2010,58.65,57.6161113586,49.7626856091,66.2698128346,ensemble_top4,,,,,,
mmr,148,Saint Vincent,Saint Vincent and the Grenadines,Region of the Americas,2011,58.56,58.6833133243,50.0549584209,70.2135812391,ensemble_top4,,,,,,
mmr,148,Saint Vincent,Saint Vincent and the Grenadines,Region of the Americas,2012,61.22,60.3910043601,50.3127763234,76.9860675612,ensemble_top4,,,,,,
mmr,148,Saint Vincent,Saint Vincent and the Grenadines,Region of the Americas,2013,72.55,64.5057037529,52.1216069893,81.5601055768,ensemble_top4,,,,,,
mmr,148,Saint Vincent,Saint Vincent and the Grenadines,Region of the Americas,2014,63.68,61.7396559097,51.4051470629,76.3240831463,ensemble_top4,,,,,,
mmr,148,Saint Vincent,Saint Vincent and the Grenadines,Region of the Americas,2015,59.19,59.9071298129,50.7533582876,73.6041272641,ensemble_top4,,,,,,
mmr,148,Saint Vincent,Saint Vincent and the Grenadines,Region of the Americas,2016,52.05,58.678982151,50.0739143348,67.6741280679,ensemble_top4,,,,,,
mmr,148,Saint Vincent,Saint Vincent and the Grenadines,Region of the Americas,2017,58.11,57.887287208,50.1835647172,66.6319262749,ensemble_top4,,,,,,
mmr,148,Saint Vincent,Saint Vincent and the Grenadines,Region of the Americas,2018,56.22,57.6986435594,49.783856327,66.3056292966,ensemble_top4,,,,,,
mmr,148,Saint Vincent,Saint Vincent and the Grenadines,Region of the Americas,2019,57.87,57.7812552206,49.9590962414,66.4872731593,ensemble_top4,,,,,,
mmr,148,Saint Vincent,Saint Vincent and the Grenadines,Region of the Americas,2020,57.29,57.565189207,49.9585394293,66.3070746265,ensemble_top4,0,0,7.33146057069,-0.275189206954,0.995219520499,-0.00479194253991
mmr,148,Saint Vincent,Saint Vincent and the Grenadines,Region of the Americas,2021,105.1,57.7635410156,49.8154417757,66.3463457108,ensemble_top4,47.3364589844,38.7536542892,55.2845582243,47.3364589844,1.81948679309,0.598554479506
mmr,148,Saint Vincent,Saint Vincent and the Grenadines,Region of the Americas,2022,56.04,57.6297598476,49.707498116,66.3479349328,ensemble_top4,0,0,6.33250188399,-1.5897598476,0.972414255208,-0.0279733768289
mmr,148,Saint Vincent,Saint Vincent and the Grenadines,Region of the Americas,2023,55.84,57.6473931081,49.7038938423,66.8066839937,ensemble_top4,0,0,6.1361061577,-1.80739310815,0.968647444217,-0.0318545679522
mmr,149,Samoa,Samoa,Western Pacific Region,2000,92.95,92.95,91.95,92.95,ensemble_top4,,,,,,
mmr,149,Samoa,Samoa,Western Pacific Region,2001,92.71,91.8318791985,83.7047732632,118.702987109,ensemble_top4,,,,,,
mmr,149,Samoa,Samoa,Western Pacific Region,2002,88.78,90.5194592616,83.7487873497,125.403063241,ensemble_top4,,,,,,
mmr,149,Samoa,Samoa,Western Pacific Region,2003,86.65,89.2942063034,83.4395968512,123.222246886,ensemble_top4,,,,,,
mmr,149,Samoa,Samoa,Western Pacific Region,2004,86.12,88.2706851044,82.7440354382,118.180028745,ensemble_top4,,,,,,
mmr,149,Samoa,Samoa,Western Pacific Region,2005,87.43,87.4911778699,81.9182170446,112.826423311,ensemble_top4,,,,,,
mmr,149,Samoa,Samoa,Western Pacific Region,2006,86,87.0665263044,80.5246508893,109.433278879,ensemble_top4,,,,,,
mmr,149,Samoa,Samoa,Western Pacific Region,2007,84.97,87.1301370136,79.0419085673,107.620603982,ensemble_top4,,,,,,
mmr,149,Samoa,Samoa,Western Pacific Region,2008,86.53,88.9960585087,82.7040600973,107.116014873,ensemble_top4,,,,,,
mmr,149,Samoa,Samoa,Western Pacific Region,2009,93.6,92.047538243,86.2851539285,107.51951844,ensemble_top4,,,,,,
mmr,149,Samoa,Samoa,Western Pacific Region,2010,92.28,94.9420547543,88.8363544028,108.608962635,ensemble_top4,,,,,,
mmr,149,Samoa,Samoa,Western Pacific Region,2011,92.88,97.9497553183,91.8651339465,110.26273122,ensemble_top4,,,,,,
mmr,149,Samoa,Samoa,Western Pacific Region,2012,100.7,100.86204248,94.7743866635,111.321915424,ensemble_top4,,,,,,
mmr,149,Samoa,Samoa,Western Pacific Region,2013,100.5,103.622873377,97.361033483,112.784447504,ensemble_top4,,,,,,
mmr,149,Samoa,Samoa,Western Pacific Region,2014,106.3,106.138011664,99.8795022271,113.755769397,ensemble_top4,,,,,,
mmr,149,Samoa,Samoa,Western Pacific Region,2015,107.7,108.067684992,101.850549118,114.859204824,ensemble_top4,,,,,,
mmr,149,Samoa,Samoa,Western Pacific Region,2016,107.7,109.501478415,104.061870305,115.432914731,ensemble_top4,,,,,,
mmr,149,Samoa,Samoa,Western Pacific Region,2017,110.6,110.345689511,104.954168355,115.765587178,ensemble_top4,,,,,,
mmr,149,Samoa,Samoa,Western Pacific Region,2018,110.2,110.61199593,105.044911859,116.145992101,ensemble_top4,,,,,,
mmr,149,Samoa,Samoa,Western Pacific Region,2019,110.5,110.358416649,103.735908088,116.820271573,ensemble_top4,,,,,,
mmr,149,Samoa,Samoa,Western Pacific Region,2020,113.6,109.270549564,101.590783492,118.605568766,ensemble_top4,4.32945043578,0,12.0092165084,4.32945043578,1.03962138429,0.0388565933017
mmr,149,Samoa,Samoa,Western Pacific Region,2021,115.4,107.455687721,98.6028839628,120.411461003,ensemble_top4,7.94431227921,0,16.7971160372,7.94431227921,1.07393105426,0.0713257987355
mmr,149,Samoa,Samoa,Western Pacific Region,2022,110.1,105.541734892,94.1163083817,122.040717037,ensemble_top4,4.55826510832,0,15.9836916183,4.55826510832,1.04318921906,0.0422825776478
mmr,149,Samoa,Samoa,Western Pacific Region,2023,101.5,103.564417515,89.1860238101,123.772254074,ensemble_top4,0,0,12.3139761899,-2.06441751546,0.980066343586,-0.0201350120721
mmr,150,San Marino,San Marino,European Region,2000,13.95,13.95,13.95,13.95,ensemble_top4,,,,,,
mmr,150,San Marino,San Marino,European Region,2001,13.98,13.4011392792,11.5504063316,15.3061792851,ensemble_top4,,,,,,
mmr,150,San Marino,San Marino,European Region,2002,13.6,14.1106782167,12.3964823122,15.7716377184,ensemble_top4,,,,,,
mmr,150,San Marino,San Marino,European Region,2003,13.08,13.5150631632,11.7543183083,15.396177141,ensemble_top4,,,,,,
mmr,150,San Marino,San Marino,European Region,2004,12.84,12.9563450913,11.1357038145,14.6718104619,ensemble_top4,,,,,,
mmr,150,San Marino,San Marino,European Region,2005,12.36,11.8668809163,10.1303363709,13.5619039515,ensemble_top4,,,,,,
mmr,150,San Marino,San Marino,European Region,2006,12.23,10.632984167,9.01900203248,12.2368746027,ensemble_top4,,,,,,
mmr,150,San Marino,San Marino,European Region,2007,8.07,9.67648206363,8.09628068543,11.2400380442,ensemble_top4,,,,,,
mmr,150,San Marino,San Marino,European Region,2008,8.26,8.92310566844,7.28760579998,10.5341525316,ensemble_top4,,,,,,
mmr,150,San Marino,San Marino,European Region,2009,8.06,8.34698022571,6.75044841201,10.0153738689,ensemble_top4,,,,,,
mmr,150,San Marino,San Marino,European Region,2010,8.15,7.95618150125,6.36823091499,9.58817352848,ensemble_top4,,,,,,
mmr,150,San Marino,San Marino,European Region,2011,7.92,7.7232809703,6.1678557424,9.37641941067,ensemble_top4,,,,,,
mmr,150,San Marino,San Marino,European Region,2012,7.64,7.589927091,5.96815255194,9.15655646751,ensemble_top4,,,,,,
mmr,150,San Marino,San Marino,European Region,2013,7.88,7.49055486999,5.92778006882,9.09475571949,ensemble_top4,,,,,,
mmr,150,San Marino,San Marino,European Region,2014,7.6,7.46040687941,5.86857191797,9.07732577762,ensemble_top4,,,,,,
mmr,150,San Marino,San Marino,European Region,2015,7.52,7.44693408052,5.8734782591,9.0452080853,ensemble_top4,,,,,,
mmr,150,San Marino,San Marino,European Region,2016,7.39,7.4383381453,5.80941424212,9.02885440651,ensemble_top4,,,,,,
mmr,150,San Marino,San Marino,European Region,2017,7.19,7.37941601748,5.79119475591,9.05473968545,ensemble_top4,,,,,,
mmr,150,San Marino,San Marino,European Region,2018,7.26,7.36239146459,5.71581258561,8.99993808997,ensemble_top4,,,,,,
mmr,150,San Marino,San Marino,European Region,2019,7.33,7.33124539043,5.69189538358,9.00704942053,ensemble_top4,,,,,,
mmr,150,San Marino,San Marino,European Region,2020,45.86,7.23148422335,5.55611856823,8.956046116,ensemble_top4,38.6285157766,36.903953884,40.3038814318,38.6285157766,6.34171334453,1.84714897556
mmr,150,San Marino,San Marino,European Region,2021,34.65,7.1520148499,5.45037823792,8.93926065287,ensemble_top4,27.4979851501,25.7107393471,29.1996217621,27.4979851501,4.84478859835,1.57790361144
mmr,150,San Marino,San Marino,European Region,2022,22.24,7.02272407866,5.29502625267,8.91808152045,ensemble_top4,15.2172759213,13.3219184796,16.9449737473,15.2172759213,3.16686228177,1.15274128122
mmr,150,San Marino,San Marino,European Region,2023,7.66,6.90885093725,5.08238770624,8.89551601648,ensemble_top4,0.751149062753,0,2.57761229376,0.751149062753,1.10872271953,0.103208649635
mmr,151,Sao Tome and Principe,Sao Tome and Principe,African Region,2000,180.1,180.1,180.1,180.1,ensemble_top4,,,,,,
mmr,151,Sao Tome and Principe,Sao Tome and Principe,African Region,2001,178.4,174.30446974,153.533625205,182.637124935,ensemble_top4,,,,,,
mmr,151,Sao Tome and Principe,Sao Tome and Principe,African Region,2002,178.6,180.076687204,166.335716921,193.028869773,ensemble_top4,,,,,,
mmr,151,Sao Tome and Principe,Sao Tome and Principe,African Region,2003,178.5,181.502327756,172.955291478,198.307983868,ensemble_top4,,,,,,
mmr,151,Sao Tome and Principe,Sao Tome and Principe,African Region,2004,177.5,180.639977387,173.978188344,199.573061172,ensemble_top4,,,,,,
mmr,151,Sao Tome and Principe,Sao Tome and Principe,African Region,2005,181.1,178.580611796,171.553350984,197.573526107,ensemble_top4,,,,,,
mmr,151,Sao Tome and Principe,Sao Tome and Principe,African Region,2006,176.9,176.806205092,169.103322205,194.382469549,ensemble_top4,,,,,,
mmr,151,Sao Tome and Principe,Sao Tome and Principe,African Region,2007,173.9,175.166079367,164.480377217,190.371642693,ensemble_top4,,,,,,
mmr,151,Sao Tome and Principe,Sao Tome and Principe,African Region,2008,173.6,173.40980742,157.99400465,184.13672054,ensemble_top4,,,,,,
mmr,151,Sao Tome and Principe,Sao Tome and Principe,African Region,2009,171.8,171.156491875,150.868941515,179.007106639,ensemble_top4,,,,,,
mmr,151,Sao Tome and Principe,Sao Tome and Principe,African Region,2010,169.7,168.619766943,150.365054138,176.369906724,ensemble_top4,,,,,,
mmr,151,Sao Tome and Principe,Sao Tome and Principe,African Region,2011,164.3,163.581354772,144.540307974,171.245200067,ensemble_top4,,,,,,
mmr,151,Sao Tome and Principe,Sao Tome and Principe,African Region,2012,158.4,156.489829315,137.168048834,163.881498393,ensemble_top4,,,,,,
mmr,151,Sao Tome and Principe,Sao Tome and Principe,African Region,2013,149.7,147.764605483,130.06802696,155.368209595,ensemble_top4,,,,,,
mmr,151,Sao Tome and Principe,Sao Tome and Principe,African Region,2014,138.4,138.297031439,123.287752777,147.48267584,ensemble_top4,,,,,,
mmr,151,Sao Tome and Principe,Sao Tome and Principe,African Region,2015,127.8,128.585851074,116.359621636,140.402031678,ensemble_top4,,,,,,
mmr,151,Sao Tome and Principe,Sao Tome and Principe,African Region,2016,119.4,119.309489182,110.065304628,134.725638123,ensemble_top4,,,,,,
mmr,151,Sao Tome and Principe,Sao Tome and Principe,African Region,2017,110.2,110.70001407,102.372805192,127.893005665,ensemble_top4,,,,,,
mmr,151,Sao Tome and Principe,Sao Tome and Principe,African Region,2018,100.3,102.845988116,95.9515255597,121.798386707,ensemble_top4,,,,,,
mmr,151,Sao Tome and Principe,Sao Tome and Principe,African Region,2019,94.78,95.905485272,89.557475305,115.61555559,ensemble_top4,,,,,,
mmr,151,Sao Tome and Principe,Sao Tome and Principe,African Region,2020,92.44,89.4889328729,83.3121370644,109.913118564,ensemble_top4,2.9510671271,0,9.12786293562,2.9510671271,1.03297689482,0.0324448228227
mmr,151,Sao Tome and Principe,Sao Tome and Principe,African Region,2021,97.68,83.8255887764,77.016756506,103.76118422,ensemble_top4,13.8544112236,0,20.663243494,13.8544112236,1.16527663481,0.152958513599
mmr,151,Sao Tome and Principe,Sao Tome and Principe,African Region,2022,82.47,78.3409635834,71.5921566126,98.7347432801,ensemble_top4,4.1290364166,0,10.8778433874,4.1290364166,1.05270596924,0.0513639626653
mmr,151,Sao Tome and Principe,Sao Tome and Principe,African Region,2023,75.36,73.4701069563,66.6237573951,94.0231574615,ensemble_top4,1.88989304367,0,8.73624260493,1.88989304367,1.0257232924,0.0253980148546
mmr,152,Saudi Arabia,Saudi Arabia,Eastern Mediterranean,2000,20.04,20.04,20.04,20.04,ensemble_top4,,,,,,
mmr,152,Saudi Arabia,Saudi Arabia,Eastern Mediterranean,2001,18.81,18.6530511484,18.2272614737,19.0613922636,ensemble_top4,,,,,,
mmr,152,Saudi Arabia,Saudi Arabia,Eastern Mediterranean,2002,17.57,17.6550848787,17.270312331,18.0660059286,ensemble_top4,,,,,,
mmr,152,Saudi Arabia,Saudi Arabia,Eastern Mediterranean,2003,16.48,16.6255739349,16.2515435015,17.017853917,ensemble_top4,,,,,,
mmr,152,Saudi Arabia,Saudi Arabia,Eastern Mediterranean,2004,15.5,15.6583955823,15.2767060566,16.0203891154,ensemble_top4,,,,,,
mmr,152,Saudi Arabia,Saudi Arabia,Eastern Mediterranean,2005,14.63,14.6855311695,14.3002845074,15.0407984928,ensemble_top4,,,,,,
mmr,152,Saudi Arabia,Saudi Arabia,Eastern Mediterranean,2006,13.85,13.7991054856,13.4031391837,14.1570370702,ensemble_top4,,,,,,
mmr,152,Saudi Arabia,Saudi Arabia,Eastern Mediterranean,2007,13.15,12.9309918895,12.5387380642,13.2882283089,ensemble_top4,,,,,,
mmr,152,Saudi Arabia,Saudi Arabia,Eastern Mediterranean,2008,12.34,12.1181090664,11.721329308,12.4622543216,ensemble_top4,,,,,,
mmr,152,Saudi Arabia,Saudi Arabia,Eastern Mediterranean,2009,11.49,11.3692439824,10.9513847685,11.7230239917,ensemble_top4,,,,,,
mmr,152,Saudi Arabia,Saudi Arabia,Eastern Mediterranean,2010,10.54,10.6387218173,10.2506824901,11.0135799569,ensemble_top4,,,,,,
mmr,152,Saudi Arabia,Saudi Arabia,Eastern Mediterranean,2011,9.85,9.99806614947,9.61864114755,10.3799199611,ensemble_top4,,,,,,
mmr,152,Saudi Arabia,Saudi Arabia,Eastern Mediterranean,2012,9.27,9.35562891092,9.00519134307,9.74950389027,ensemble_top4,,,,,,
mmr,152,Saudi Arabia,Saudi Arabia,Eastern Mediterranean,2013,8.68,8.80103522321,8.45046048637,9.33586153152,ensemble_top4,,,,,,
mmr,152,Saudi Arabia,Saudi Arabia,Eastern Mediterranean,2014,8.29,8.3479901826,7.93033582569,9.1266986994,ensemble_top4,,,,,,
mmr,152,Saudi Arabia,Saudi Arabia,Eastern Mediterranean,2015,8,8.17001934475,7.6232930964,8.96698840122,ensemble_top4,,,,,,
mmr,152,Saudi Arabia,Saudi Arabia,Eastern Mediterranean,2016,7.91,8.09211503307,7.19940395563,8.89255937456,ensemble_top4,,,,,,
mmr,152,Saudi Arabia,Saudi Arabia,Eastern Mediterranean,2017,7.94,7.95947147653,6.76601819141,8.90810052041,ensemble_top4,,,,,,
mmr,152,Saudi Arabia,Saudi Arabia,Eastern Mediterranean,2018,8,7.92042928258,6.99794250226,9.09970760514,ensemble_top4,,,,,,
mmr,152,Saudi Arabia,Saudi Arabia,Eastern Mediterranean,2019,7.85,7.98839223403,7.39810875248,9.48771870633,ensemble_top4,,,,,,
mmr,152,Saudi Arabia,Saudi Arabia,Eastern Mediterranean,2020,11.1,8.12192741917,7.2147820919,10.0829021108,ensemble_top4,2.97807258083,1.01709788923,3.8852179081,2.97807258083,1.36667067152,0.312377615419
mmr,152,Saudi Arabia,Saudi Arabia,Eastern Mediterranean,2021,12.33,8.38050717616,6.92726059537,11.0986177524,ensemble_top4,3.94949282384,1.23138224764,5.40273940463,3.94949282384,1.47127133726,0.386126882299
mmr,152,Saudi Arabia,Saudi Arabia,Eastern Mediterranean,2022,9.02,8.78697431622,6.65716323526,12.5847540837,ensemble_top4,0.233025683779,0,2.36283676474,0.233025683779,1.02651944519,0.0261739004943
mmr,152,Saudi Arabia,Saudi Arabia,Eastern Mediterranean,2023,7.36,9.27760870247,6.32587438613,15.0155585967,ensemble_top4,0,0,1.03412561387,-1.91760870247,0.793307870167,-0.231543897928
mmr,153,Senegal,Senegal,African Region,2000,581,581,580,581,ensemble_top4,,,,,,
mmr,153,Senegal,Senegal,African Region,2001,559.6,560.195015943,520.144798563,894.586038885,ensemble_top4,,,,,,
mmr,153,Senegal,Senegal,African Region,2002,531.5,528.470382032,496.011869751,556.912150376,ensemble_top4,,,,,,
mmr,153,Senegal,Senegal,African Region,2003,520.1,518.295226214,492.099482319,542.889614023,ensemble_top4,,,,,,
mmr,153,Senegal,Senegal,African Region,2004,500.5,505.244548105,480.984436994,530.06959404,ensemble_top4,,,,,,
mmr,153,Senegal,Senegal,African Region,2005,488.1,493.183908813,468.850662154,517.315835693,ensemble_top4,,,,,,
mmr,153,Senegal,Senegal,African Region,2006,462,481.74781241,454.88746528,505.919322705,ensemble_top4,,,,,,
mmr,153,Senegal,Senegal,African Region,2007,457.1,467.193122206,442.059254088,490.773394358,ensemble_top4,,,,,,
mmr,153,Senegal,Senegal,African Region,2008,463.1,452.971244481,427.757975495,475.972904733,ensemble_top4,,,,,,
mmr,153,Senegal,Senegal,African Region,2009,441.2,437.642349319,411.636280068,461.409934654,ensemble_top4,,,,,,
mmr,153,Senegal,Senegal,African Region,2010,435.5,422.523931139,397.38645867,446.165713584,ensemble_top4,,,,,,
mmr,153,Senegal,Senegal,African Region,2011,414.7,407.812868807,382.759118873,431.094983292,ensemble_top4,,,,,,
mmr,153,Senegal,Senegal,African Region,2012,404.7,393.249886309,368.321876298,416.252164821,ensemble_top4,,,,,,
mmr,153,Senegal,Senegal,African Region,2013,385.5,379.21279834,354.870349048,402.109017232,ensemble_top4,,,,,,
mmr,153,Senegal,Senegal,African Region,2014,372.9,365.410100107,340.580355987,388.303532301,ensemble_top4,,,,,,
mmr,153,Senegal,Senegal,African Region,2015,356.7,352.444982675,327.889100279,375.285562602,ensemble_top4,,,,,,
mmr,153,Senegal,Senegal,African Region,2016,345.1,339.282859624,314.50205508,362.104109287,ensemble_top4,,,,,,
mmr,153,Senegal,Senegal,African Region,2017,325.2,326.806014887,300.933206954,349.417078051,ensemble_top4,,,,,,
mmr,153,Senegal,Senegal,African Region,2018,305.4,314.369439768,288.510212098,337.704899351,ensemble_top4,,,,,,
mmr,153,Senegal,Senegal,African Region,2019,286.3,302.70378348,277.914027604,326.425577291,ensemble_top4,,,,,,
mmr,153,Senegal,Senegal,African Region,2020,252.2,291.575029056,266.055730604,315.527335073,ensemble_top4,0,0,0,-39.3750290564,0.864957471894,-0.145074938699
mmr,153,Senegal,Senegal,African Region,2021,262.8,280.38201065,254.287698853,304.42015377,ensemble_top4,0,0,8.51230114735,-17.5820106501,0.937292657937,-0.064759710465
mmr,153,Senegal,Senegal,African Region,2022,228.2,269.24871546,243.559717153,294.911020053,ensemble_top4,0,0,0,-41.0487154596,0.847543504936,-0.165413107788
mmr,153,Senegal,Senegal,African Region,2023,237.4,259.224053305,232.603342966,285.990879578,ensemble_top4,0,0,4.79665703372,-21.8240533048,0.915810076162,-0.0879462762409
mmr,154,Serbia,Serbia,European Region,2000,15.56,15.56,14.56,15.56,ensemble_top4,,,,,,
mmr,154,Serbia,Serbia,European Region,2001,14.82,14.9772853375,14.0951239346,17.7020390759,ensemble_top4,,,,,,
mmr,154,Serbia,Serbia,European Region,2002,14.24,14.3772627241,13.8177580309,17.3495282753,ensemble_top4,,,,,,
mmr,154,Serbia,Serbia,European Region,2003,13.72,13.8815546906,13.3316841872,17.1224919477,ensemble_top4,,,,,,
mmr,154,Serbia,Serbia,European Region,2004,13.26,13.4171166954,12.8563696922,16.9719138985,ensemble_top4,,,,,,
mmr,154,Serbia,Serbia,European Region,2005,12.78,13.0215268868,12.463149969,16.9436676423,ensemble_top4,,,,,,
mmr,154,Serbia,Serbia,European Region,2006,12.24,12.7179933927,12.1865023668,16.8970565841,ensemble_top4,,,,,,
mmr,154,Serbia,Serbia,European Region,2007,12.1,12.5281862093,12.0096711709,16.853891428,ensemble_top4,,,,,,
mmr,154,Serbia,Serbia,European Region,2008,12.21,12.4426870473,11.9167216356,16.7630643197,ensemble_top4,,,,,,
mmr,154,Serbia,Serbia,European Region,2009,12.47,12.4593848767,11.9269168224,16.5942155988,ensemble_top4,,,,,,
mmr,154,Serbia,Serbia,European Region,2010,12.62,12.5697433244,12.0120079608,16.3022746739,ensemble_top4,,,,,,
mmr,154,Serbia,Serbia,European Region,2011,12.67,12.7325217619,12.1873219268,15.847222767,ensemble_top4,,,,,,
mmr,154,Serbia,Serbia,European Region,2012,12.69,12.9294291007,12.3812072199,15.2995429468,ensemble_top4,,,,,,
mmr,154,Serbia,Serbia,European Region,2013,12.8,13.1156662156,12.581962003,14.659972362,ensemble_top4,,,,,,
mmr,154,Serbia,Serbia,European Region,2014,13.02,13.2301340709,12.7202532932,13.9677732684,ensemble_top4,,,,,,
mmr,154,Serbia,Serbia,European Region,2015,13.28,13.0138053436,12.2462490121,13.5343592943,ensemble_top4,,,,,,
mmr,154,Serbia,Serbia,European Region,2016,13.17,12.9004672821,11.2539373025,13.4399110829,ensemble_top4,,,,,,
mmr,154,Serbia,Serbia,European Region,2017,12.76,12.6755693964,10.2678120313,13.2177865736,ensemble_top4,,,,,,
mmr,154,Serbia,Serbia,European Region,2018,12.29,12.2957178665,9.24922968237,12.8419049228,ensemble_top4,,,,,,
mmr,154,Serbia,Serbia,European Region,2019,12.1,11.7348658462,8.37538802682,12.3302713461,ensemble_top4,,,,,,
mmr,154,Serbia,Serbia,European Region,2020,15.7,11.0306574306,7.51499895025,11.7355492265,ensemble_top4,4.66934256939,3.96445077354,8.18500104975,4.66934256939,1.42330591796,0.352982277002
mmr,154,Serbia,Serbia,European Region,2021,26.39,10.2012588541,6.75581164477,11.0578583885,ensemble_top4,16.1887411459,15.3321416115,19.6341883552,16.1887411459,2.58693562994,0.95047402077
mmr,154,Serbia,Serbia,European Region,2022,14.35,9.31421041765,6.05449936116,10.3311543376,ensemble_top4,5.03578958235,4.01884566239,8.29550063884,5.03578958235,1.54065662644,0.432208706356
mmr,154,Serbia,Serbia,European Region,2023,10.74,8.3715893882,5.44936366569,9.57313756172,ensemble_top4,2.3684106118,1.16686243828,5.29063633431,2.3684106118,1.28291050862,0.249131331544
mmr,155,Seychelles,Seychelles,African Region,2000,44.6,44.6,43.6,44.6,ensemble_top4,,,,,,
mmr,155,Seychelles,Seychelles,African Region,2001,42.94,42.0959209696,39.4386907528,45.020187898,ensemble_top4,,,,,,
mmr,155,Seychelles,Seychelles,African Region,2002,45.2,46.4940208511,43.7741129738,51.7586039246,ensemble_top4,,,,,,
mmr,155,Seychelles,Seychelles,African Region,2003,47.33,49.1794785077,46.4867236738,56.7767728265,ensemble_top4,,,,,,
mmr,155,Seychelles,Seychelles,African Region,2004,52.37,50.7834635478,48.1995876148,61.0293259924,ensemble_top4,,,,,,
mmr,155,Seychelles,Seychelles,African Region,2005,50.08,51.638762952,49.0224943439,64.5345212831,ensemble_top4,,,,,,
mmr,155,Seychelles,Seychelles,African Region,2006,51.44,51.9988864412,49.4081829859,68.2018374039,ensemble_top4,,,,,,
mmr,155,Seychelles,Seychelles,African Region,2007,52.11,52.0126527304,49.4384804447,72.001411092,ensemble_top4,,,,,,
mmr,155,Seychelles,Seychelles,African Region,2008,51.42,51.7016738871,49.0809739658,75.9912316328,ensemble_top4,,,,,,
mmr,155,Seychelles,Seychelles,African Region,2009,50.65,51.206749494,48.5526900406,80.4485821291,ensemble_top4,,,,,,
mmr,155,Seychelles,Seychelles,African Region,2010,50.21,50.5555360837,47.8414071712,85.3197072213,ensemble_top4,,,,,,
mmr,155,Seychelles,Seychelles,African Region,2011,49.72,49.8021879316,47.1895120171,90.7967391196,ensemble_top4,,,,,,
mmr,155,Seychelles,Seychelles,African Region,2012,48.8,49.0057829131,46.4753632464,96.7691852286,ensemble_top4,,,,,,
mmr,155,Seychelles,Seychelles,African Region,2013,48.25,48.3254831466,45.7193694457,102.698249254,ensemble_top4,,,,,,
mmr,155,Seychelles,Seychelles,African Region,2014,45.86,47.7495288102,45.1513257382,108.666078303,ensemble_top4,,,,,,
mmr,155,Seychelles,Seychelles,African Region,2015,46.48,47.6193851127,44.9696340755,113.892766098,ensemble_top4,,,,,,
mmr,155,Seychelles,Seychelles,African Region,2016,46.99,47.5408493304,44.8454238395,118.539558518,ensemble_top4,,,,,,
mmr,155,Seychelles,Seychelles,African Region,2017,47.23,47.6504245398,45.0532373105,121.358884731,ensemble_top4,,,,,,
mmr,155,Seychelles,Seychelles,African Region,2018,48.61,48.1534673834,45.3758717236,122.598656374,ensemble_top4,,,,,,
mmr,155,Seychelles,Seychelles,African Region,2019,47.9,49.0815647639,45.9595071899,121.513939129,ensemble_top4,,,,,,
mmr,155,Seychelles,Seychelles,African Region,2020,51.12,50.5445451689,46.299101306,118.546383068,ensemble_top4,0.575454831123,0,4.820898694,0.575454831123,1.01138510257,0.0113207800421
mmr,155,Seychelles,Seychelles,African Region,2021,73.95,52.6423980179,46.7400008934,114.391728904,ensemble_top4,21.3076019821,0,27.2099991066,21.3076019821,1.40476123399,0.339867348126
mmr,155,Seychelles,Seychelles,African Region,2022,88.59,55.292412459,46.9460068489,108.817745041,ensemble_top4,33.297587541,0,41.6439931511,33.297587541,1.6022089842,0.471383292199
mmr,155,Seychelles,Seychelles,African Region,2023,41.89,58.7651362711,47.1104446003,102.522097254,ensemble_top4,0,0,0,-16.8751362711,0.712837622068,-0.33850162354
mmr,156,Sierra Leone,Sierra Leone,African Region,2000,1603,1603,1603,1603,ensemble_top4,,,,,,
mmr,156,Sierra Leone,Sierra Leone,African Region,2001,1518,1491.71974234,1374.30481461,1625.05970459,ensemble_top4,,,,,,
mmr,156,Sierra Leone,Sierra Leone,African Region,2002,1492,1481.18816477,1372.28215963,1588.15880273,ensemble_top4,,,,,,
mmr,156,Sierra Leone,Sierra Leone,African Region,2003,1433,1433.23536676,1326.72929483,1533.24144372,ensemble_top4,,,,,,
mmr,156,Sierra Leone,Sierra Leone,African Region,2004,1366,1372.06346013,1269.69579516,1473.57727494,ensemble_top4,,,,,,
mmr,156,Sierra Leone,Sierra Leone,African Region,2005,1294,1303.50941409,1201.9906635,1407.09624258,ensemble_top4,,,,,,
mmr,156,Sierra Leone,Sierra Leone,African Region,2006,1168,1229.73680232,1126.56366003,1337.68960386,ensemble_top4,,,,,,
mmr,156,Sierra Leone,Sierra Leone,African Region,2007,1132,1160.06634699,1048.90298165,1270.34114592,ensemble_top4,,,,,,
mmr,156,Sierra Leone,Sierra Leone,African Region,2008,1093,1108.17874921,1004.39180042,1206.75458683,ensemble_top4,,,,,,
mmr,156,Sierra Leone,Sierra Leone,African Region,2009,1054,1052.19044506,944.666195123,1158.66176838,ensemble_top4,,,,,,
mmr,156,Sierra Leone,Sierra Leone,African Region,2010,1018,985.205696418,878.79536055,1085.61922079,ensemble_top4,,,,,,
mmr,156,Sierra Leone,Sierra Leone,African Region,2011,967.1,920.646122011,814.018393063,1017.90553453,ensemble_top4,,,,,,
mmr,156,Sierra Leone,Sierra Leone,African Region,2012,914.9,871.482352445,766.919978013,979.923371371,ensemble_top4,,,,,,
mmr,156,Sierra Leone,Sierra Leone,African Region,2013,842.3,820.982740896,714.291069525,960.294398503,ensemble_top4,,,,,,
mmr,156,Sierra Leone,Sierra Leone,African Region,2014,820.8,758.304064677,660.430758176,863.886946351,ensemble_top4,,,,,,
mmr,156,Sierra Leone,Sierra Leone,African Region,2015,730.1,700.425092229,604.476807769,798.285996951,ensemble_top4,,,,,,
mmr,156,Sierra Leone,Sierra Leone,African Region,2016,632.9,647.295933126,554.036390358,744.460807496,ensemble_top4,,,,,,
mmr,156,Sierra Leone,Sierra Leone,African Region,2017,578.4,598.563792961,500.241290002,696.590990799,ensemble_top4,,,,,,
mmr,156,Sierra Leone,Sierra Leone,African Region,2018,491.5,556.156931463,456.43031298,656.69947087,ensemble_top4,,,,,,
mmr,156,Sierra Leone,Sierra Leone,African Region,2019,463.6,514.384487604,409.013238211,612.211932208,ensemble_top4,,,,,,
mmr,156,Sierra Leone,Sierra Leone,African Region,2020,422.3,478.207897215,372.641281445,578.859074668,ensemble_top4,0,0,49.6587185548,-55.9078972153,0.883088720322,-0.124329607409
mmr,156,Sierra Leone,Sierra Leone,African Region,2021,403.2,445.311605376,337.878409089,549.097606394,ensemble_top4,0,0,65.3215909107,-42.111605376,0.905433397945,-0.0993415571576
mmr,156,Sierra Leone,Sierra Leone,African Region,2022,369.6,412.564392707,303.32777632,515.728456568,ensemble_top4,0,0,66.2722236804,-42.9643927068,0.895860153066,-0.109970957356
mmr,156,Sierra Leone,Sierra Leone,African Region,2023,353.6,383.253242834,270.710920223,484.088145562,ensemble_top4,0,0,82.8890797765,-29.6532428344,0.922627548784,-0.0805296483602
mmr,157,Singapore,Singapore,Western Pacific Region,2000,17.16,17.16,16.16,17.16,ensemble_top4,,,,,,
mmr,157,Singapore,Singapore,Western Pacific Region,2001,16.21,16.2001170791,15.6721708132,18.2760111282,ensemble_top4,,,,,,
mmr,157,Singapore,Singapore,Western Pacific Region,2002,15.62,15.7243563174,15.2181638688,17.3881498867,ensemble_top4,,,,,,
mmr,157,Singapore,Singapore,Western Pacific Region,2003,14.89,15.0794326658,14.5156530967,16.393491561,ensemble_top4,,,,,,
mmr,157,Singapore,Singapore,Western Pacific Region,2004,14.15,14.3725362961,13.781578662,15.4150613201,ensemble_top4,,,,,,
mmr,157,Singapore,Singapore,Western Pacific Region,2005,13.52,13.6342300334,13.0422228698,14.4808924453,ensemble_top4,,,,,,
mmr,157,Singapore,Singapore,Western Pacific Region,2006,12.99,12.8886404629,12.3244209836,13.6428014531,ensemble_top4,,,,,,
mmr,157,Singapore,Singapore,Western Pacific Region,2007,12.25,12.1710515967,11.6613857287,12.8559086198,ensemble_top4,,,,,,
mmr,157,Singapore,Singapore,Western Pacific Region,2008,11.33,11.4850783798,11.0130206527,12.155178312,ensemble_top4,,,,,,
mmr,157,Singapore,Singapore,Western Pacific Region,2009,10.49,10.8687257527,10.3827779074,11.5195934592,ensemble_top4,,,,,,
mmr,157,Singapore,Singapore,Western Pacific Region,2010,10.03,10.3018755674,9.7433122271,10.9898459704,ensemble_top4,,,,,,
mmr,157,Singapore,Singapore,Western Pacific Region,2011,9.94,9.83346750581,9.09412839536,10.4964063407,ensemble_top4,,,,,,
mmr,157,Singapore,Singapore,Western Pacific Region,2012,9.86,9.4518672596,8.91881153099,10.0422652544,ensemble_top4,,,,,,
mmr,157,Singapore,Singapore,Western Pacific Region,2013,9.24,9.16178418838,8.70280916967,9.65539883405,ensemble_top4,,,,,,
mmr,157,Singapore,Singapore,Western Pacific Region,2014,8.76,8.79332520946,8.36515762901,9.27075544907,ensemble_top4,,,,,,
mmr,157,Singapore,Singapore,Western Pacific Region,2015,8.33,8.46115706386,8.02444999789,8.95306775602,ensemble_top4,,,,,,
mmr,157,Singapore,Singapore,Western Pacific Region,2016,8.2,8.16260312497,7.72406018939,8.65001604406,ensemble_top4,,,,,,
mmr,157,Singapore,Singapore,Western Pacific Region,2017,7.99,7.87698924127,7.43157965588,8.39445633598,ensemble_top4,,,,,,
mmr,157,Singapore,Singapore,Western Pacific Region,2018,7.71,7.61275032665,7.15355353384,8.1827443731,ensemble_top4,,,,,,
mmr,157,Singapore,Singapore,Western Pacific Region,2019,7.43,7.36998102338,6.92244852371,8.06981362341,ensemble_top4,,,,,,
mmr,157,Singapore,Singapore,Western Pacific Region,2020,12.72,7.14605478863,6.66592825337,8.02729610507,ensemble_top4,5.57394521137,4.69270389493,6.05407174663,5.57394521137,1.78000314526,0.576615131305
mmr,157,Singapore,Singapore,Western Pacific Region,2021,20.2,6.93806908024,6.42702605332,8.10303012497,ensemble_top4,13.2619309198,12.096969875,13.7729739467,13.2619309198,2.9114728848,1.06865909911
mmr,157,Singapore,Singapore,Western Pacific Region,2022,33.67,6.74603409499,6.18240852217,8.29813309387,ensemble_top4,26.923965905,25.3718669061,27.4875914778,26.923965905,4.99108061506,1.60765244244
mmr,157,Singapore,Singapore,Western Pacific Region,2023,6.12,6.55365325747,5.96956054631,8.63867189914,ensemble_top4,0,0,0.150439453691,-0.433653257469,0.933830301905,-0.0684605468705
mmr,158,Slovakia,Slovakia,European Region,2000,8.22,8.22,8.22,8.22,ensemble_top4,,,,,,
mmr,158,Slovakia,Slovakia,European Region,2001,8.04,7.90255801883,7.24728535649,8.49849776776,ensemble_top4,,,,,,
mmr,158,Slovakia,Slovakia,European Region,2002,7.24,7.42377742758,6.87253902025,7.98163626669,ensemble_top4,,,,,,
mmr,158,Slovakia,Slovakia,European Region,2003,7.02,7.00902542619,6.41298018167,7.59711033115,ensemble_top4,,,,,,
mmr,158,Slovakia,Slovakia,European Region,2004,6.69,6.78228870165,6.25827338702,7.30423068091,ensemble_top4,,,,,,
mmr,158,Slovakia,Slovakia,European Region,2005,6.63,6.46134471269,5.9465334326,6.97111032939,ensemble_top4,,,,,,
mmr,158,Slovakia,Slovakia,European Region,2006,5.78,6.15904494149,5.6323866915,6.68052611161,ensemble_top4,,,,,,
mmr,158,Slovakia,Slovakia,European Region,2007,6.42,5.888997238,5.38563396894,6.39393912649,ensemble_top4,,,,,,
mmr,158,Slovakia,Slovakia,European Region,2008,5.48,5.6478238836,5.1503520764,6.16385156483,ensemble_top4,,,,,,
mmr,158,Slovakia,Slovakia,European Region,2009,5.54,5.43560970559,4.90269760414,5.94682214205,ensemble_top4,,,,,,
mmr,158,Slovakia,Slovakia,European Region,2010,5.16,5.26393723011,4.73681774797,5.77235472074,ensemble_top4,,,,,,
mmr,158,Slovakia,Slovakia,European Region,2011,5.12,5.10738184383,4.59550087619,5.64318378603,ensemble_top4,,,,,,
mmr,158,Slovakia,Slovakia,European Region,2012,4.87,4.98449407066,4.47315430511,5.48959033873,ensemble_top4,,,,,,
mmr,158,Slovakia,Slovakia,European Region,2013,5,4.89419677724,4.38113114982,5.40329265649,ensemble_top4,,,,,,
mmr,158,Slovakia,Slovakia,European Region,2014,4.79,4.82957559468,4.31351344875,5.34600775648,ensemble_top4,,,,,,
mmr,158,Slovakia,Slovakia,European Region,2015,4.57,4.77865292831,4.25100690646,5.29679951395,ensemble_top4,,,,,,
mmr,158,Slovakia,Slovakia,European Region,2016,4.99,4.75416128676,4.21710693211,5.26080557195,ensemble_top4,,,,,,
mmr,158,Slovakia,Slovakia,European Region,2017,4.79,4.74384360863,4.21029092868,5.26328747407,ensemble_top4,,,,,,
mmr,158,Slovakia,Slovakia,European Region,2018,4.65,4.74628859654,4.19755136521,5.29346000326,ensemble_top4,,,,,,
mmr,158,Slovakia,Slovakia,European Region,2019,4.81,4.7690535861,4.22098204985,5.35163564268,ensemble_top4,,,,,,
mmr,158,Slovakia,Slovakia,European Region,2020,4.08,4.79715990243,4.18624565378,5.4213693487,ensemble_top4,0,0,0,-0.717159902428,0.850503231701,-0.161927067388
mmr,158,Slovakia,Slovakia,European Region,2021,12.23,4.85079774081,4.18065791863,5.56301193303,ensemble_top4,7.37920225919,6.66698806697,8.04934208137,7.37920225919,2.52123478518,0.924748775634
mmr,158,Slovakia,Slovakia,European Region,2022,5.44,4.91824136231,4.15198524853,5.72060656487,ensemble_top4,0.521758637692,0,1.28801475147,0.521758637692,1.10608642384,0.100828040948
mmr,158,Slovakia,Slovakia,European Region,2023,4.47,4.98691541266,4.08225809941,5.90600965346,ensemble_top4,0,0,0.38774190059,-0.516915412659,0.896345662622,-0.109429156226
mmr,159,Slovenia,Slovenia,European Region,2000,7.2,7.2,6.2,7.2,ensemble_top4,,,,,,
mmr,159,Slovenia,Slovenia,European Region,2001,6.38,5.42161500447,4.4828324474,6.49811818694,ensemble_top4,,,,,,
mmr,159,Slovenia,Slovenia,European Region,2002,5.67,5.74363110797,4.43815339727,6.62842247656,ensemble_top4,,,,,,
mmr,159,Slovenia,Slovenia,European Region,2003,5.82,5.81856366118,4.34749263896,6.77640194084,ensemble_top4,,,,,,
mmr,159,Slovenia,Slovenia,European Region,2004,5.83,5.89719014537,4.31552444153,6.96127166116,ensemble_top4,,,,,,
mmr,159,Slovenia,Slovenia,European Region,2005,6.02,5.98434122383,4.39386745391,7.08112672905,ensemble_top4,,,,,,
mmr,159,Slovenia,Slovenia,European Region,2006,6.3,6.07988917039,4.50517269492,7.09383645622,ensemble_top4,,,,,,
mmr,159,Slovenia,Slovenia,European Region,2007,6.37,6.17159558973,4.70241572715,7.12267210382,ensemble_top4,,,,,,
mmr,159,Slovenia,Slovenia,European Region,2008,6.78,6.230488586,4.92944533864,7.05755261348,ensemble_top4,,,,,,
mmr,159,Slovenia,Slovenia,European Region,2009,6.6,6.2495629706,5.1649538271,7.03147900895,ensemble_top4,,,,,,
mmr,159,Slovenia,Slovenia,European Region,2010,6.6,6.21793521567,5.3469403658,6.98262052524,ensemble_top4,,,,,,
mmr,159,Slovenia,Slovenia,European Region,2011,6.38,6.17193404729,5.43814860123,6.89890959682,ensemble_top4,,,,,,
mmr,159,Slovenia,Slovenia,European Region,2012,6.18,6.11935358762,5.32886110584,6.72120172369,ensemble_top4,,,,,,
mmr,159,Slovenia,Slovenia,European Region,2013,5.73,5.99528183729,5.13330550735,6.55725698315,ensemble_top4,,,,,,
mmr,159,Slovenia,Slovenia,European Region,2014,5.6,5.78947835137,4.89299777829,6.381184909,ensemble_top4,,,,,,
mmr,159,Slovenia,Slovenia,European Region,2015,5.19,5.50761175878,4.63424952662,6.23465512179,ensemble_top4,,,,,,
mmr,159,Slovenia,Slovenia,European Region,2016,4.97,5.15933587711,4.36270603392,5.99570893017,ensemble_top4,,,,,,
mmr,159,Slovenia,Slovenia,European Region,2017,4.73,4.79189540016,4.00398003716,5.73261852316,ensemble_top4,,,,,,
mmr,159,Slovenia,Slovenia,European Region,2018,4.13,4.41471831051,3.60353125876,5.38722249221,ensemble_top4,,,,,,
mmr,159,Slovenia,Slovenia,European Region,2019,3.85,4.05986998124,3.22363474812,5.02854668863,ensemble_top4,,,,,,
mmr,159,Slovenia,Slovenia,European Region,2020,11.79,3.70411174554,2.79182339075,4.69092713779,ensemble_top4,8.08588825446,7.09907286221,8.99817660925,8.08588825446,3.18294933035,1.15780822934
mmr,159,Slovenia,Slovenia,European Region,2021,8.07,3.35200088897,2.39434930342,4.41130339894,ensemble_top4,4.71799911103,3.65869660106,5.67565069658,4.71799911103,2.40751726127,0.878596034455
mmr,159,Slovenia,Slovenia,European Region,2022,15.13,3.00662076676,2.03856255211,4.20784692945,ensemble_top4,12.1233792332,10.9221530705,13.0914374479,12.1233792332,5.03222759827,1.61586274856
mmr,159,Slovenia,Slovenia,European Region,2023,3.33,2.65630642837,1.67543695401,4.04144332029,ensemble_top4,0.673693571632,0,1.65456304599,0.673693571632,1.25362042739,0.226035706907
mmr,160,Solomon Islands,Solomon Islands,Western Pacific Region,2000,166.3,166.3,165.3,166.3,ensemble_top4,,,,,,
mmr,160,Solomon Islands,Solomon Islands,Western Pacific Region,2001,166.6,168.856026684,160.441107882,181.128565624,ensemble_top4,,,,,,
mmr,160,Solomon Islands,Solomon Islands,Western Pacific Region,2002,167.5,167.821420495,160.638607871,179.699007351,ensemble_top4,,,,,,
mmr,160,Solomon Islands,Solomon Islands,Western Pacific Region,2003,166.7,166.695425295,160.111574958,177.318760186,ensemble_top4,,,,,,
mmr,160,Solomon Islands,Solomon Islands,Western Pacific Region,2004,163.8,164.746424292,158.277775399,174.446554765,ensemble_top4,,,,,,
mmr,160,Solomon Islands,Solomon Islands,Western Pacific Region,2005,161,162.488060518,156.307418489,171.263647774,ensemble_top4,,,,,,
mmr,160,Solomon Islands,Solomon Islands,Western Pacific Region,2006,159,160.484968755,154.279625499,168.633646187,ensemble_top4,,,,,,
mmr,160,Solomon Islands,Solomon Islands,Western Pacific Region,2007,162.8,158.382326965,151.993620923,165.881748713,ensemble_top4,,,,,,
mmr,160,Solomon Islands,Solomon Islands,Western Pacific Region,2008,153.3,156.121974902,149.932171164,163.335054082,ensemble_top4,,,,,,
mmr,160,Solomon Islands,Solomon Islands,Western Pacific Region,2009,152.1,154.082613667,147.853100599,160.92593207,ensemble_top4,,,,,,
mmr,160,Solomon Islands,Solomon Islands,Western Pacific Region,2010,147.5,151.977042088,145.979009509,158.482372041,ensemble_top4,,,,,,
mmr,160,Solomon Islands,Solomon Islands,Western Pacific Region,2011,147.1,150.063802832,144.100446721,156.339926168,ensemble_top4,,,,,,
mmr,160,Solomon Islands,Solomon Islands,Western Pacific Region,2012,145.6,148.332458065,142.079023797,154.542475131,ensemble_top4,,,,,,
mmr,160,Solomon Islands,Solomon Islands,Western Pacific Region,2013,147.3,146.439193534,140.527858756,152.62201327,ensemble_top4,,,,,,
mmr,160,Solomon Islands,Solomon Islands,Western Pacific Region,2014,146.8,144.71049591,138.794666647,150.517653565,ensemble_top4,,,,,,
mmr,160,Solomon Islands,Solomon Islands,Western Pacific Region,2015,146,143.19473155,137.11866444,149.17856915,ensemble_top4,,,,,,
mmr,160,Solomon Islands,Solomon Islands,Western Pacific Region,2016,142.7,141.540632258,135.637682257,147.651309957,ensemble_top4,,,,,,
mmr,160,Solomon Islands,Solomon Islands,Western Pacific Region,2017,140.2,140.086598687,134.221402601,146.09390012,ensemble_top4,,,,,,
mmr,160,Solomon Islands,Solomon Islands,Western Pacific Region,2018,136.5,138.718667792,132.686479992,145.191352225,ensemble_top4,,,,,,
mmr,160,Solomon Islands,Solomon Islands,Western Pacific Region,2019,135,137.399902419,131.292334944,143.795263793,ensemble_top4,,,,,,
mmr,160,Solomon Islands,Solomon Islands,Western Pacific Region,2020,131.2,136.175528761,129.927417707,142.799391196,ensemble_top4,0,0,1.27258229255,-4.97552876139,0.963462387063,-0.0372218297072
mmr,160,Solomon Islands,Solomon Islands,Western Pacific Region,2021,152.6,135.023122393,128.391258901,142.165007682,ensemble_top4,17.5768776068,10.4349923184,24.2087410988,17.5768776068,1.13017679709,0.122374078091
mmr,160,Solomon Islands,Solomon Islands,Western Pacific Region,2022,125.9,133.893638324,126.85242651,141.468768639,ensemble_top4,0,0,0,-7.99363832434,0.940298595031,-0.061557799871
mmr,160,Solomon Islands,Solomon Islands,Western Pacific Region,2023,122.6,132.928293045,125.338934647,141.090169188,ensemble_top4,0,0,0,-10.3282930449,0.922301770313,-0.0808828092877
mmr,161,Somalia,Somalia,Eastern Mediterranean,2000,1150,1150,1150,1150,ensemble_top4,,,,,,
mmr,161,Somalia,Somalia,Eastern Mediterranean,2001,1129,1109.51051785,1033.82633599,1186.13012425,ensemble_top4,,,,,,
mmr,161,Somalia,Somalia,Eastern Mediterranean,2002,1121,1129.38411208,1063.05905953,1191.23972589,ensemble_top4,,,,,,
mmr,161,Somalia,Somalia,Eastern Mediterranean,2003,1111,1130.95561893,1068.66065731,1198.39580562,ensemble_top4,,,,,,
mmr,161,Somalia,Somalia,Eastern Mediterranean,2004,1104,1118.01112174,1055.80535963,1186.03461434,ensemble_top4,,,,,,
mmr,161,Somalia,Somalia,Eastern Mediterranean,2005,1086,1099.57372695,1037.73327638,1169.85850049,ensemble_top4,,,,,,
mmr,161,Somalia,Somalia,Eastern Mediterranean,2006,1085,1077.19335129,1018.57111604,1145.75456964,ensemble_top4,,,,,,
mmr,161,Somalia,Somalia,Eastern Mediterranean,2007,1074,1059.63052326,997.985125041,1133.98544341,ensemble_top4,,,,,,
mmr,161,Somalia,Somalia,Eastern Mediterranean,2008,1035,1031.02309051,972.024427387,1101.02680695,ensemble_top4,,,,,,
mmr,161,Somalia,Somalia,Eastern Mediterranean,2009,994.9,1004.59029646,941.920207421,1073.62462912,ensemble_top4,,,,,,
mmr,161,Somalia,Somalia,Eastern Mediterranean,2010,1062,985.537799687,907.123370411,1096.82878665,ensemble_top4,,,,,,
mmr,161,Somalia,Somalia,Eastern Mediterranean,2011,972.3,941.990281008,876.638621383,1004.65694715,ensemble_top4,,,,,,
mmr,161,Somalia,Somalia,Eastern Mediterranean,2012,894.1,902.341967859,839.600546686,964.635291783,ensemble_top4,,,,,,
mmr,161,Somalia,Somalia,Eastern Mediterranean,2013,854.7,866.588277293,806.90915895,930.449911334,ensemble_top4,,,,,,
mmr,161,Somalia,Somalia,Eastern Mediterranean,2014,816.2,832.261944407,771.128377363,894.983063814,ensemble_top4,,,,,,
mmr,161,Somalia,Somalia,Eastern Mediterranean,2015,784.2,798.732208181,739.582374508,861.159904814,ensemble_top4,,,,,,
mmr,161,Somalia,Somalia,Eastern Mediterranean,2016,754.1,767.095018713,706.752058609,828.485558083,ensemble_top4,,,,,,
mmr,161,Somalia,Somalia,Eastern Mediterranean,2017,715.9,734.485409083,674.061990004,796.492985923,ensemble_top4,,,,,,
mmr,161,Somalia,Somalia,Eastern Mediterranean,2018,726.9,704.729366787,643.945033663,766.484456971,ensemble_top4,,,,,,
mmr,161,Somalia,Somalia,Eastern Mediterranean,2019,655.8,674.584908105,610.281559219,738.230617984,ensemble_top4,,,,,,
mmr,161,Somalia,Somalia,Eastern Mediterranean,2020,654.9,645.014567122,578.988352811,705.109334236,ensemble_top4,9.88543287783,0,75.9116471892,9.88543287783,1.01532590639,0.0152096509977
mmr,161,Somalia,Somalia,Eastern Mediterranean,2021,725.9,618.152870419,553.99422054,680.177772008,ensemble_top4,107.747129581,45.7222279915,171.90577946,107.747129581,1.17430498949,0.160676474284
mmr,161,Somalia,Somalia,Eastern Mediterranean,2022,622,590.510999271,524.093165433,653.604366583,ensemble_top4,31.4890007289,0,97.9068345666,31.4890007289,1.05332500287,0.0519518302286
mmr,161,Somalia,Somalia,Eastern Mediterranean,2023,562.6,564.848778674,496.334074273,627.364244671,ensemble_top4,0,0,66.2659257273,-2.24877867366,0.996018795192,-0.00398915090126
mmr,162,South Africa,South Africa,African Region,2000,174.7,174.7,174.7,174.7,ensemble_top4,,,,,,
mmr,162,South Africa,South Africa,African Region,2001,192.2,186.643255323,170.597548585,206.609161078,ensemble_top4,,,,,,
mmr,162,South Africa,South Africa,African Region,2002,225.2,222.938020988,209.567211503,242.991211285,ensemble_top4,,,,,,
mmr,162,South Africa,South Africa,African Region,2003,245,249.038771181,235.783849197,267.717319574,ensemble_top4,,,,,,
mmr,162,South Africa,South Africa,African Region,2004,258.9,266.721515274,251.972655622,283.391251021,ensemble_top4,,,,,,
mmr,162,South Africa,South Africa,African Region,2005,278.8,278.054376233,258.899028441,293.105270731,ensemble_top4,,,,,,
mmr,162,South Africa,South Africa,African Region,2006,283.4,279.280692805,257.67072997,292.547462512,ensemble_top4,,,,,,
mmr,162,South Africa,South Africa,African Region,2007,271.9,272.334547566,252.403223014,285.342511505,ensemble_top4,,,,,,
mmr,162,South Africa,South Africa,African Region,2008,271.6,260.213139844,242.676337595,272.685340382,ensemble_top4,,,,,,
mmr,162,South Africa,South Africa,African Region,2009,241.1,244.359941328,229.821840067,257.815241196,ensemble_top4,,,,,,
mmr,162,South Africa,South Africa,African Region,2010,226.1,226.93814727,213.471778854,242.88398424,ensemble_top4,,,,,,
mmr,162,South Africa,South Africa,African Region,2011,202,209.647506882,197.222643937,228.433949298,ensemble_top4,,,,,,
mmr,162,South Africa,South Africa,African Region,2012,193.8,193.032397549,180.247598826,212.906565198,ensemble_top4,,,,,,
mmr,162,South Africa,South Africa,African Region,2013,179.7,177.469498244,164.418102089,197.549340846,ensemble_top4,,,,,,
mmr,162,South Africa,South Africa,African Region,2014,162.1,163.66592006,151.184733278,182.387579832,ensemble_top4,,,,,,
mmr,162,South Africa,South Africa,African Region,2015,150.4,151.583246218,138.560975843,168.94380065,ensemble_top4,,,,,,
mmr,162,South Africa,South Africa,African Region,2016,141.2,141.493057327,127.423730795,156.724200192,ensemble_top4,,,,,,
mmr,162,South Africa,South Africa,African Region,2017,133.7,132.791145268,115.9791734,145.958215346,ensemble_top4,,,,,,
mmr,162,South Africa,South Africa,African Region,2018,127.5,125.647119545,103.702601846,139.070234067,ensemble_top4,,,,,,
mmr,162,South Africa,South Africa,African Region,2019,119.5,120.434637288,93.332890243,134.197562964,ensemble_top4,,,,,,
mmr,162,South Africa,South Africa,African Region,2020,118.3,116.668608576,82.9980582141,132.935891762,ensemble_top4,1.63139142387,0,35.3019417859,1.63139142387,1.01398312231,0.0138862603692
mmr,162,South Africa,South Africa,African Region,2021,191.2,113.954829417,73.2132361421,134.411790534,ensemble_top4,77.2451705828,56.7882094662,117.986763858,77.2451705828,1.67785780539,0.517517863927
mmr,162,South Africa,South Africa,African Region,2022,129.2,112.306724459,63.7387565477,138.021394301,ensemble_top4,16.8932755409,0,65.4612434523,16.8932755409,1.15042087304,0.140127851975
mmr,162,South Africa,South Africa,African Region,2023,117.6,111.086422835,55.9880210967,146.295324457,ensemble_top4,6.51357716528,0,61.6119789033,6.51357716528,1.05863522291,0.056980552995
mmr,163,South Sudan,South Sudan,African Region,2000,1658,1658,1658,1658,ensemble_top4,,,,,,
mmr,163,South Sudan,South Sudan,African Region,2001,1580,1322.45719747,569.484462777,1963.92017801,ensemble_top4,,,,,,
mmr,163,South Sudan,South Sudan,African Region,2002,1521,1283.05059678,583.755695555,1879.23611678,ensemble_top4,,,,,,
mmr,163,South Sudan,South Sudan,African Region,2003,1199,1237.75165871,591.392157138,1847.55574228,ensemble_top4,,,,,,
mmr,163,South Sudan,South Sudan,African Region,2004,1150,1179.03791193,567.673093746,1798.85531488,ensemble_top4,,,,,,
mmr,163,South Sudan,South Sudan,African Region,2005,1074,1140.21456953,535.014194911,1766.85887052,ensemble_top4,,,,,,
mmr,163,South Sudan,South Sudan,African Region,2006,1005,1091.55003044,510.082055472,1720.41195082,ensemble_top4,,,,,,
mmr,163,South Sudan,South Sudan,African Region,2007,932.5,1061.03575262,440.070911816,1689.48098389,ensemble_top4,,,,,,
mmr,163,South Sudan,South Sudan,African Region,2008,857.6,1013.44592153,408.850443604,1687.19557417,ensemble_top4,,,,,,
mmr,163,South Sudan,South Sudan,African Region,2009,822.9,993.030499517,359.260805254,1674.20480043,ensemble_top4,,,,,,
mmr,163,South Sudan,South Sudan,African Region,2010,776.2,953.649933842,308.604956124,1641.6144054,ensemble_top4,,,,,,
mmr,163,South Sudan,South Sudan,African Region,2011,770.2,917.006131019,255.412354477,1641.00674657,ensemble_top4,,,,,,
mmr,163,South Sudan,South Sudan,African Region,2012,755.1,1038.45490437,393.843765071,1674.6583241,ensemble_top4,,,,,,
mmr,163,South Sudan,South Sudan,African Region,2013,771.4,1061.71066544,398.266720122,1766.31068287,ensemble_top4,,,,,,
mmr,163,South Sudan,South Sudan,African Region,2014,1216,1170.61310145,450.241915424,1830.01624236,ensemble_top4,,,,,,
mmr,163,South Sudan,South Sudan,African Region,2015,1436,1255.72134661,540.141604666,1895.02623884,ensemble_top4,,,,,,
mmr,163,South Sudan,South Sudan,African Region,2016,1629,1261.78024172,552.739853016,1902.1476438,ensemble_top4,,,,,,
mmr,163,South Sudan,South Sudan,African Region,2017,1662,1244.57005907,537.259711065,1890.97335681,ensemble_top4,,,,,,
mmr,163,South Sudan,South Sudan,African Region,2018,912.8,1242.83440842,529.862688706,1900.13587395,ensemble_top4,,,,,,
mmr,163,South Sudan,South Sudan,African Region,2019,744.9,1221.35407055,517.455763929,1872.75490197,ensemble_top4,,,,,,
mmr,163,South Sudan,South Sudan,African Region,2020,729,1201.38826652,501.817172681,1862.7195765,ensemble_top4,0,0,227.182827319,-472.388266516,0.60679800221,-0.49955932385
mmr,163,South Sudan,South Sudan,African Region,2021,749.2,1199.65143453,489.248638822,1843.52647162,ensemble_top4,0,0,259.951361178,-450.451434526,0.624514736896,-0.470780351783
mmr,163,South Sudan,South Sudan,African Region,2022,703.7,1189.006325,462.793025437,1833.62136818,ensemble_top4,0,0,240.906974563,-485.306324999,0.591838735594,-0.524521087299
mmr,163,South Sudan,South Sudan,African Region,2023,691.8,1170.29178694,442.467488273,1852.08067522,ensemble_top4,0,0,249.332511727,-478.491786936,0.591134627896,-0.525711490739
mmr,164,Spain,Spain,European Region,2000,4.7,4.7,4.7,4.7,ensemble_top4,,,,,,
mmr,164,Spain,Spain,European Region,2001,4.74,4.61658307975,4.3397462049,4.89204780941,ensemble_top4,,,,,,
mmr,164,Spain,Spain,European Region,2002,4.63,4.65803212473,4.41996359273,4.88341305292,ensemble_top4,,,,,,
mmr,164,Spain,Spain,European Region,2003,4.37,4.61693790006,4.34759964791,4.86180110828,ensemble_top4,,,,,,
mmr,164,Spain,Spain,European Region,2004,4.59,4.56746900264,4.27382409405,4.81643742629,ensemble_top4,,,,,,
mmr,164,Spain,Spain,European Region,2005,4.56,4.55940846871,4.30846527011,4.84386402692,ensemble_top4,,,,,,
mmr,164,Spain,Spain,European Region,2006,4.46,4.48140556082,4.23003771651,4.75724255877,ensemble_top4,,,,,,
mmr,164,Spain,Spain,European Region,2007,4.36,4.42080109021,4.1904503669,4.66265452432,ensemble_top4,,,,,,
mmr,164,Spain,Spain,European Region,2008,4.39,4.31948941341,4.08539546694,4.55249269173,ensemble_top4,,,,,,
mmr,164,Spain,Spain,European Region,2009,4.28,4.20897285449,3.97781807436,4.42918348703,ensemble_top4,,,,,,
mmr,164,Spain,Spain,European Region,2010,4.03,4.09456199663,3.87340354461,4.31474664834,ensemble_top4,,,,,,
mmr,164,Spain,Spain,European Region,2011,4.04,3.97820369806,3.76849861656,4.19404172583,ensemble_top4,,,,,,
mmr,164,Spain,Spain,European Region,2012,3.9,3.86549542548,3.64551688777,4.07610701454,ensemble_top4,,,,,,
mmr,164,Spain,Spain,European Region,2013,3.73,3.74748991043,3.5329870606,3.97064014537,ensemble_top4,,,,,,
mmr,164,Spain,Spain,European Region,2014,3.67,3.63389164743,3.41449074412,3.85003498922,ensemble_top4,,,,,,
mmr,164,Spain,Spain,European Region,2015,3.52,3.5249675669,3.3085827428,3.73627485793,ensemble_top4,,,,,,
mmr,164,Spain,Spain,European Region,2016,3.39,3.41640580276,3.19678178265,3.63045952429,ensemble_top4,,,,,,
mmr,164,Spain,Spain,European Region,2017,3.36,3.31483056971,3.09280215174,3.55293024821,ensemble_top4,,,,,,
mmr,164,Spain,Spain,European Region,2018,3.2,3.20895136977,2.98010774455,3.43971904394,ensemble_top4,,,,,,
mmr,164,Spain,Spain,European Region,2019,3.01,3.10718831642,2.87966218057,3.34697653511,ensemble_top4,,,,,,
mmr,164,Spain,Spain,European Region,2020,4.29,3.00012099617,2.77282237831,3.25455129592,ensemble_top4,1.28987900383,1.03544870408,1.51717762169,1.28987900383,1.42994232749,0.357634113029
mmr,164,Spain,Spain,European Region,2021,3.61,2.90822277387,2.66670354414,3.16242763806,ensemble_top4,0.701777226127,0.44757236194,0.943296455864,0.701777226127,1.24130793295,0.216165608361
mmr,164,Spain,Spain,European Region,2022,3.88,2.8146697181,2.57357945126,3.08052194479,ensemble_top4,1.0653302819,0.79947805521,1.30642054874,1.0653302819,1.37849211048,0.320990228198
mmr,164,Spain,Spain,European Region,2023,2.72,2.72379912412,2.48596669869,2.99548750743,ensemble_top4,0,0,0.234033301308,-0.00379912411789,0.998605211345,-0.00139576227853
mmr,165,Sri Lanka,Sri Lanka,Southeast Asia Region,2000,38.76,38.76,38.76,38.76,ensemble_top4,,,,,,
mmr,165,Sri Lanka,Sri Lanka,Southeast Asia Region,2001,37.26,36.9114307749,34.7018718822,39.3778586841,ensemble_top4,,,,,,
mmr,165,Sri Lanka,Sri Lanka,Southeast Asia Region,2002,35.62,36.60100518,34.5001491907,38.5981802593,ensemble_top4,,,,,,
mmr,165,Sri Lanka,Sri Lanka,Southeast Asia Region,2003,35.35,35.8357008918,33.6692973859,37.8486687869,ensemble_top4,,,,,,
mmr,165,Sri Lanka,Sri Lanka,Southeast Asia Region,2004,37.08,34.7484760323,32.5818971256,36.7485897914,ensemble_top4,,,,,,
mmr,165,Sri Lanka,Sri Lanka,Southeast Asia Region,2005,32.44,33.500476776,31.4011167927,35.4849094714,ensemble_top4,,,,,,
mmr,165,Sri Lanka,Sri Lanka,Southeast Asia Region,2006,32.19,32.1896477033,30.1201749449,34.1324452689,ensemble_top4,,,,,,
mmr,165,Sri Lanka,Sri Lanka,Southeast Asia Region,2007,31.07,30.8698565588,28.8676977615,32.7980533952,ensemble_top4,,,,,,
mmr,165,Sri Lanka,Sri Lanka,Southeast Asia Region,2008,30.42,29.5641356567,27.5310225106,31.5330782843,ensemble_top4,,,,,,
mmr,165,Sri Lanka,Sri Lanka,Southeast Asia Region,2009,28.16,28.2396320116,26.2823081883,30.2285133993,ensemble_top4,,,,,,
mmr,165,Sri Lanka,Sri Lanka,Southeast Asia Region,2010,25.98,26.9748828494,24.9992311098,29.0151481331,ensemble_top4,,,,,,
mmr,165,Sri Lanka,Sri Lanka,Southeast Asia Region,2011,25.38,25.7494894691,23.7907034928,27.9202070445,ensemble_top4,,,,,,
mmr,165,Sri Lanka,Sri Lanka,Southeast Asia Region,2012,24.31,24.713543308,22.7733649255,26.8760963695,ensemble_top4,,,,,,
mmr,165,Sri Lanka,Sri Lanka,Southeast Asia Region,2013,23.42,23.879368169,21.778187959,26.1202238356,ensemble_top4,,,,,,
mmr,165,Sri Lanka,Sri Lanka,Southeast Asia Region,2014,22.77,23.0591567115,21.0406109019,25.2373290149,ensemble_top4,,,,,,
mmr,165,Sri Lanka,Sri Lanka,Southeast Asia Region,2015,21.95,22.4304571427,20.3025023942,24.6690018847,ensemble_top4,,,,,,
mmr,165,Sri Lanka,Sri Lanka,Southeast Asia Region,2016,21.6,21.7679866045,19.610003654,24.114277246,ensemble_top4,,,,,,
mmr,165,Sri Lanka,Sri Lanka,Southeast Asia Region,2017,21.49,21.1411548826,18.9252296972,23.5640879044,ensemble_top4,,,,,,
mmr,165,Sri Lanka,Sri Lanka,Southeast Asia Region,2018,20.62,20.5305958684,18.1637563938,23.223018282,ensemble_top4,,,,,,
mmr,165,Sri Lanka,Sri Lanka,Southeast Asia Region,2019,20.31,19.9124278841,17.4727970171,23.2530174254,ensemble_top4,,,,,,
mmr,165,Sri Lanka,Sri Lanka,Southeast Asia Region,2020,22.86,19.22643414,16.2583181825,23.6941664985,ensemble_top4,3.63356586001,0,6.6016818175,3.63356586001,1.18898802729,0.173102548099
mmr,165,Sri Lanka,Sri Lanka,Southeast Asia Region,2021,33.99,18.6192566661,15.0215612887,24.5072245461,ensemble_top4,15.3707433339,9.48277545394,18.9684387113,15.3707433339,1.82552937582,0.601870013917
mmr,165,Sri Lanka,Sri Lanka,Southeast Asia Region,2022,22.12,18.0324323391,13.7785105075,26.3431218499,ensemble_top4,4.08756766092,0,8.34148949254,4.08756766092,1.22667866342,0.204310243431
mmr,165,Sri Lanka,Sri Lanka,Southeast Asia Region,2023,18.32,17.4363135907,12.5349190621,29.0174075685,ensemble_top4,0.883686409311,0,5.78508093791,0.883686409311,1.05068080502,0.049438339789
mmr,166,Sudan,Sudan,Eastern Mediterranean,2000,645.5,645.5,644.5,645.5,ensemble_top4,,,,,,
mmr,166,Sudan,Sudan,Eastern Mediterranean,2001,615.8,623.086139012,592.90853841,703.667252138,ensemble_top4,,,,,,
mmr,166,Sudan,Sudan,Eastern Mediterranean,2002,588.4,600.400212362,567.579211667,687.20362794,ensemble_top4,,,,,,
mmr,166,Sudan,Sudan,Eastern Mediterranean,2003,592.7,572.474451503,539.958783053,659.038921428,ensemble_top4,,,,,,
mmr,166,Sudan,Sudan,Eastern Mediterranean,2004,535.5,542.526900668,512.211146816,623.409514354,ensemble_top4,,,,,,
mmr,166,Sudan,Sudan,Eastern Mediterranean,2005,505.4,512.500597544,484.755935999,587.343331759,ensemble_top4,,,,,,
mmr,166,Sudan,Sudan,Eastern Mediterranean,2006,485.4,483.690981421,456.612909338,551.598840824,ensemble_top4,,,,,,
mmr,166,Sudan,Sudan,Eastern Mediterranean,2007,444.9,455.749131766,430.213222635,517.954989421,ensemble_top4,,,,,,
mmr,166,Sudan,Sudan,Eastern Mediterranean,2008,426.4,429.290787328,404.056834615,487.092837788,ensemble_top4,,,,,,
mmr,166,Sudan,Sudan,Eastern Mediterranean,2009,382.5,405.62295744,379.674142677,458.612476217,ensemble_top4,,,,,,
mmr,166,Sudan,Sudan,Eastern Mediterranean,2010,370,382.789707093,357.420764477,432.964650777,ensemble_top4,,,,,,
mmr,166,Sudan,Sudan,Eastern Mediterranean,2011,356.6,364.798174367,338.34077232,409.940727661,ensemble_top4,,,,,,
mmr,166,Sudan,Sudan,Eastern Mediterranean,2012,340.5,347.318565052,320.421389669,390.330739286,ensemble_top4,,,,,,
mmr,166,Sudan,Sudan,Eastern Mediterranean,2013,326.9,330.863436376,305.188530523,373.442286153,ensemble_top4,,,,,,
mmr,166,Sudan,Sudan,Eastern Mediterranean,2014,308.8,315.87498908,289.991150834,357.373390273,ensemble_top4,,,,,,
mmr,166,Sudan,Sudan,Eastern Mediterranean,2015,297.9,302.66860887,276.114836677,343.97443165,ensemble_top4,,,,,,
mmr,166,Sudan,Sudan,Eastern Mediterranean,2016,288.2,290.853750998,262.206822238,333.161945437,ensemble_top4,,,,,,
mmr,166,Sudan,Sudan,Eastern Mediterranean,2017,276.6,280.13828751,248.028477885,323.329188978,ensemble_top4,,,,,,
mmr,166,Sudan,Sudan,Eastern Mediterranean,2018,268.4,270.921973135,233.936819927,315.262053899,ensemble_top4,,,,,,
mmr,166,Sudan,Sudan,Eastern Mediterranean,2019,261.9,262.76260154,221.408390625,308.757060061,ensemble_top4,,,,,,
mmr,166,Sudan,Sudan,Eastern Mediterranean,2020,273.1,255.148307074,208.826776517,303.310902782,ensemble_top4,17.9516929261,0,64.2732234833,17.9516929261,1.0703578759,0.0679930560145
mmr,166,Sudan,Sudan,Eastern Mediterranean,2021,304.8,249.038631319,196.125729579,298.046608265,ensemble_top4,55.7613686807,6.75339173471,108.674270421,55.7613686807,1.22390650151,0.202047793521
mmr,166,Sudan,Sudan,Eastern Mediterranean,2022,262.7,244.388492192,185.021348671,296.401757994,ensemble_top4,18.3115078078,0,77.6786513293,18.3115078078,1.07492786442,0.0722535564593
mmr,166,Sudan,Sudan,Eastern Mediterranean,2023,255.7,239.39155199,174.419986184,293.047203032,ensemble_top4,16.30844801,0,81.2800138164,16.30844801,1.06812457614,0.0659043780582
mmr,167,Suriname,Suriname,Region of the Americas,2000,281.5,281.5,280.5,281.5,ensemble_top4,,,,,,
mmr,167,Suriname,Suriname,Region of the Americas,2001,269.7,270.375484927,263.008055121,296.958655314,ensemble_top4,,,,,,
mmr,167,Suriname,Suriname,Region of the Americas,2002,253.2,254.755742147,248.663975034,280.160238377,ensemble_top4,,,,,,
mmr,167,Suriname,Suriname,Region of the Americas,2003,237.9,237.27760328,230.38530452,259.991167735,ensemble_top4,,,,,,
mmr,167,Suriname,Suriname,Region of the Americas,2004,218.7,219.945734288,212.643453567,239.687175676,ensemble_top4,,,,,,
mmr,167,Suriname,Suriname,Region of the Americas,2005,202.1,203.494930054,195.326915378,220.954109176,ensemble_top4,,,,,,
mmr,167,Suriname,Suriname,Region of the Americas,2006,186.6,187.736108282,179.642463366,202.907310852,ensemble_top4,,,,,,
mmr,167,Suriname,Suriname,Region of the Americas,2007,173.3,173.722115034,165.54944,187.252415748,ensemble_top4,,,,,,
mmr,167,Suriname,Suriname,Region of the Americas,2008,160.7,160.246573722,153.147357834,173.519532988,ensemble_top4,,,,,,
mmr,167,Suriname,Suriname,Region of the Americas,2009,147.2,148.488231062,142.535023422,161.41669737,ensemble_top4,,,,,,
mmr,167,Suriname,Suriname,Region of the Americas,2010,134.4,138.772769314,133.049692026,151.182849216,ensemble_top4,,,,,,
mmr,167,Suriname,Suriname,Region of the Americas,2011,125.7,131.268312865,122.943969314,142.901654885,ensemble_top4,,,,,,
mmr,167,Suriname,Suriname,Region of the Americas,2012,122,124.617311539,114.902334758,136.607261319,ensemble_top4,,,,,,
mmr,167,Suriname,Suriname,Region of the Americas,2013,121.2,120.484537561,113.620555117,130.791764361,ensemble_top4,,,,,,
mmr,167,Suriname,Suriname,Region of the Americas,2014,119.5,116.568739354,109.205605566,124.937806493,ensemble_top4,,,,,,
mmr,167,Suriname,Suriname,Region of the Americas,2015,115.1,112.483890564,105.276226155,119.923800679,ensemble_top4,,,,,,
mmr,167,Suriname,Suriname,Region of the Americas,2016,108.6,108.562675376,101.764141412,115.740313046,ensemble_top4,,,,,,
mmr,167,Suriname,Suriname,Region of the Americas,2017,104.8,104.926201336,98.8647218788,112.591756798,ensemble_top4,,,,,,
mmr,167,Suriname,Suriname,Region of the Americas,2018,101.2,101.729224411,96.1081908184,109.821600229,ensemble_top4,,,,,,
mmr,167,Suriname,Suriname,Region of the Americas,2019,97.15,98.8492322057,93.2668501252,107.870080111,ensemble_top4,,,,,,
mmr,167,Suriname,Suriname,Region of the Americas,2020,94.49,96.2088125599,90.0905817018,106.056949041,ensemble_top4,0,0,4.39941829818,-1.71881255986,0.982134562166,-0.0180269513329
mmr,167,Suriname,Suriname,Region of the Americas,2021,144.3,93.8409796466,86.8937841088,104.943535664,ensemble_top4,50.4590203534,39.3564643356,57.4062158912,50.4590203534,1.5377077322,0.430292821948
mmr,167,Suriname,Suriname,Region of the Americas,2022,87.72,91.3684402774,83.9669496237,103.504282042,ensemble_top4,0,0,3.75305037628,-3.6484402774,0.960068922417,-0.0407502029134
mmr,167,Suriname,Suriname,Region of the Americas,2023,83.64,88.9550374938,80.6789987574,102.90427457,ensemble_top4,0,0,2.96100124263,-5.31503749382,0.940250292242,-0.0616091708183
mmr,168,Sweden,Sweden,European Region,2000,5.46,5.46,5.46,5.46,ranked_top1_fallback,,,,,,
mmr,168,Sweden,Sweden,European Region,2001,5.23,5.24473642742,4.97583234096,5.50318386709,ranked_top1_fallback,,,,,,
mmr,168,Sweden,Sweden,European Region,2002,5.4,5.32844889224,5.06707482823,5.58655832624,ranked_top1_fallback,,,,,,
mmr,168,Sweden,Sweden,European Region,2003,5.49,5.35191627994,5.09604115752,5.61487276939,ranked_top1_fallback,,,,,,
mmr,168,Sweden,Sweden,European Region,2004,5.26,5.3392277382,5.08265044277,5.59504369478,ranked_top1_fallback,,,,,,
mmr,168,Sweden,Sweden,European Region,2005,5.07,5.30734744444,5.04943614629,5.56524251321,ranked_top1_fallback,,,,,,
mmr,168,Sweden,Sweden,European Region,2006,5.3,5.26632879247,5.00979835357,5.51865716653,ranked_top1_fallback,,,,,,
mmr,168,Sweden,Sweden,European Region,2007,5.2,5.21983282992,4.95141891726,5.4700627869,ranked_top1_fallback,,,,,,
mmr,168,Sweden,Sweden,European Region,2008,5.15,5.17129379101,4.90958585564,5.41631482397,ranked_top1_fallback,,,,,,
mmr,168,Sweden,Sweden,European Region,2009,5.11,5.10449361801,4.85054014096,5.36106087575,ranked_top1_fallback,,,,,,
mmr,168,Sweden,Sweden,European Region,2010,4.77,5.04440734641,4.79550565486,5.29550591444,ranked_top1_fallback,,,,,,
mmr,168,Sweden,Sweden,European Region,2011,4.91,4.97153785576,4.72471205849,5.22794328982,ranked_top1_fallback,,,,,,
mmr,168,Sweden,Sweden,European Region,2012,5,4.90329211502,4.64139132795,5.15583265883,ranked_top1_fallback,,,,,,
mmr,168,Sweden,Sweden,European Region,2013,4.98,4.83248542632,4.57789679737,5.08301207115,ranked_top1_fallback,,,,,,
mmr,168,Sweden,Sweden,European Region,2014,4.91,4.75943509104,4.5097717002,5.00866949016,ranked_top1_fallback,,,,,,
mmr,168,Sweden,Sweden,European Region,2015,4.53,4.68099563894,4.42490537393,4.94485450617,ranked_top1_fallback,,,,,,
mmr,168,Sweden,Sweden,European Region,2016,4.55,4.61068580499,4.35202124825,4.86628894513,ranked_top1_fallback,,,,,,
mmr,168,Sweden,Sweden,European Region,2017,4.54,4.53585968038,4.28004067345,4.78690208042,ranked_top1_fallback,,,,,,
mmr,168,Sweden,Sweden,European Region,2018,4.51,4.45630386317,4.1964010967,4.71963586861,ranked_top1_fallback,,,,,,
mmr,168,Sweden,Sweden,European Region,2019,4.46,4.38540744485,4.11784919754,4.64705332631,ranked_top1_fallback,,,,,,
mmr,168,Sweden,Sweden,European Region,2020,5.2,4.30649203831,4.03913483836,4.56567046709,ranked_top1_fallback,0.893507961695,0.634329532914,1.16086516164,0.893507961695,1.20747930189,0.188534965104
mmr,168,Sweden,Sweden,European Region,2021,5.13,4.23525768814,3.96831190123,4.50030931618,ranked_top1_fallback,0.894742311858,0.629690683824,1.16168809877,0.894742311858,1.21126041855,0.191661485671
mmr,168,Sweden,Sweden,European Region,2022,5.07,4.15635064122,3.89425636119,4.42198187616,ranked_top1_fallback,0.913649358775,0.648018123837,1.17574363881,0.913649358775,1.21982008681,0.198703378044
mmr,168,Sweden,Sweden,European Region,2023,4.03,4.08074768774,3.82840951093,4.34311636139,ranked_top1_fallback,0,0,0.201590489072,-0.0507476877354,0.987564120201,-0.0125138524659
mmr,169,Switzerland,Switzerland,European Region,2000,8.77,8.77,7.77,8.77,ensemble_top4,,,,,,
mmr,169,Switzerland,Switzerland,European Region,2001,8.48,8.58845594029,7.9348817526,9.15697884539,ensemble_top4,,,,,,
mmr,169,Switzerland,Switzerland,European Region,2002,8.84,8.51495580923,7.92737942233,9.05919509785,ensemble_top4,,,,,,
mmr,169,Switzerland,Switzerland,European Region,2003,8.19,8.37292611227,7.81316450456,8.91466643304,ensemble_top4,,,,,,
mmr,169,Switzerland,Switzerland,European Region,2004,8.21,8.20914432053,7.64028178176,8.75324941865,ensemble_top4,,,,,,
mmr,169,Switzerland,Switzerland,European Region,2005,8.39,8.02898921829,7.47298372407,8.58606950674,ensemble_top4,,,,,,
mmr,169,Switzerland,Switzerland,European Region,2006,7.97,7.86277591639,7.30079771214,8.39436499377,ensemble_top4,,,,,,
mmr,169,Switzerland,Switzerland,European Region,2007,7.47,7.69426715784,7.12226729713,8.23264595767,ensemble_top4,,,,,,
mmr,169,Switzerland,Switzerland,European Region,2008,7.36,7.5259966118,6.93721964358,8.04784646944,ensemble_top4,,,,,,
mmr,169,Switzerland,Switzerland,European Region,2009,7.07,7.35417716454,6.77740841236,7.86806960841,ensemble_top4,,,,,,
mmr,169,Switzerland,Switzerland,European Region,2010,7.44,7.19906827085,6.64170836845,7.71051447492,ensemble_top4,,,,,,
mmr,169,Switzerland,Switzerland,European Region,2011,7.45,7.03728772012,6.46239252117,7.55353124145,ensemble_top4,,,,,,
mmr,169,Switzerland,Switzerland,European Region,2012,6.83,6.88714293888,6.29934502925,7.40611696606,ensemble_top4,,,,,,
mmr,169,Switzerland,Switzerland,European Region,2013,6.72,6.74010624303,6.1596830331,7.2446813701,ensemble_top4,,,,,,
mmr,169,Switzerland,Switzerland,European Region,2014,6.38,6.59080264365,6.03170615307,7.12174683576,ensemble_top4,,,,,,
mmr,169,Switzerland,Switzerland,European Region,2015,6.32,6.4745615976,5.91064196683,7.01421848398,ensemble_top4,,,,,,
mmr,169,Switzerland,Switzerland,European Region,2016,6.67,6.35500109864,5.81803551675,6.88383413772,ensemble_top4,,,,,,
mmr,169,Switzerland,Switzerland,European Region,2017,6.16,6.22894961502,5.68802759002,6.77408074868,ensemble_top4,,,,,,
mmr,169,Switzerland,Switzerland,European Region,2018,6.26,6.10290833016,5.54843038351,6.65063832143,ensemble_top4,,,,,,
mmr,169,Switzerland,Switzerland,European Region,2019,5.93,5.98398555061,5.42525222205,6.56262917494,ensemble_top4,,,,,,
mmr,169,Switzerland,Switzerland,European Region,2020,5.29,5.85594976516,5.30594969104,6.4436977023,ensemble_top4,0,0,0,-0.565949765164,0.903354743831,-0.101639952399
mmr,169,Switzerland,Switzerland,European Region,2021,4.48,5.75146097226,5.17909713485,6.36335904691,ensemble_top4,0,0,0,-1.27146097226,0.778932521946,-0.249830858241
mmr,169,Switzerland,Switzerland,European Region,2022,3.87,5.62784665442,5.0437361213,6.27878984798,ensemble_top4,0,0,0,-1.75784665442,0.687651998649,-0.374472384934
mmr,169,Switzerland,Switzerland,European Region,2023,5.46,5.51649291739,4.94362351598,6.22521321315,ensemble_top4,0,0,0.516376484015,-0.0564929173946,0.989759269478,-0.0102935275658
mmr,170,Syria,Syrian Arab Republic,Eastern Mediterranean,2000,30.68,30.68,29.68,30.68,ensemble_top4,,,,,,
mmr,170,Syria,Syrian Arab Republic,Eastern Mediterranean,2001,28.56,28.645002157,23.4743067731,37.6277028434,ensemble_top4,,,,,,
mmr,170,Syria,Syrian Arab Republic,Eastern Mediterranean,2002,26.26,27.9832918101,23.3809933716,37.2906285949,ensemble_top4,,,,,,
mmr,170,Syria,Syrian Arab Republic,Eastern Mediterranean,2003,24.04,26.0730201641,21.9676473245,36.3967333002,ensemble_top4,,,,,,
mmr,170,Syria,Syrian Arab Republic,Eastern Mediterranean,2004,22.44,22.4959436058,17.9776342173,34.7325524489,ensemble_top4,,,,,,
mmr,170,Syria,Syrian Arab Republic,Eastern Mediterranean,2005,21.24,20.8421936175,16.4174093133,33.3992958442,ensemble_top4,,,,,,
mmr,170,Syria,Syrian Arab Republic,Eastern Mediterranean,2006,19.77,20.3264958082,16.2697916592,32.0981843106,ensemble_top4,,,,,,
mmr,170,Syria,Syrian Arab Republic,Eastern Mediterranean,2007,19.15,20.1115571114,16.2717993733,31.4110998591,ensemble_top4,,,,,,
mmr,170,Syria,Syrian Arab Republic,Eastern Mediterranean,2008,19.94,20.4190719781,16.3921576642,30.9482046489,ensemble_top4,,,,,,
mmr,170,Syria,Syrian Arab Republic,Eastern Mediterranean,2009,19.29,20.9399449626,16.9842768606,30.3963353912,ensemble_top4,,,,,,
mmr,170,Syria,Syrian Arab Republic,Eastern Mediterranean,2010,19.41,21.5799994451,17.6864721073,29.5434157335,ensemble_top4,,,,,,
mmr,170,Syria,Syrian Arab Republic,Eastern Mediterranean,2011,20.68,22.313106989,18.4631169435,28.8299014947,ensemble_top4,,,,,,
mmr,170,Syria,Syrian Arab Republic,Eastern Mediterranean,2012,22.38,22.9519701741,19.0651462433,27.9273184102,ensemble_top4,,,,,,
mmr,170,Syria,Syrian Arab Republic,Eastern Mediterranean,2013,24.98,23.4250883195,19.6354114691,27.1693056244,ensemble_top4,,,,,,
mmr,170,Syria,Syrian Arab Republic,Eastern Mediterranean,2014,24.91,23.525262406,19.7184150012,26.7932254239,ensemble_top4,,,,,,
mmr,170,Syria,Syrian Arab Republic,Eastern Mediterranean,2015,24.3,23.430289274,19.5614050504,26.8115946101,ensemble_top4,,,,,,
mmr,170,Syria,Syrian Arab Republic,Eastern Mediterranean,2016,22.6,23.2590243355,18.5887753352,26.7375101198,ensemble_top4,,,,,,
mmr,170,Syria,Syrian Arab Republic,Eastern Mediterranean,2017,22.69,22.9716028187,17.1662712089,26.6754688764,ensemble_top4,,,,,,
mmr,170,Syria,Syrian Arab Republic,Eastern Mediterranean,2018,21.18,22.5714745143,15.4076135412,26.5018179251,ensemble_top4,,,,,,
mmr,170,Syria,Syrian Arab Republic,Eastern Mediterranean,2019,24.48,22.0444063091,13.8623440425,26.5051853646,ensemble_top4,,,,,,
mmr,170,Syria,Syrian Arab Republic,Eastern Mediterranean,2020,23.06,21.3951857005,12.2706726872,26.6884365607,ensemble_top4,1.66481429946,0,10.7893273128,1.66481429946,1.077812566,0.0749335853864
mmr,170,Syria,Syrian Arab Republic,Eastern Mediterranean,2021,30,20.4909008544,10.6718024685,26.7421364922,ensemble_top4,9.50909914558,3.25786350783,19.3281975315,9.50909914558,1.46406447492,0.381216454813
mmr,170,Syria,Syrian Arab Republic,Eastern Mediterranean,2022,20.73,19.3971199106,9.06853956853,27.1010276628,ensemble_top4,1.33288008941,0,11.6614604315,1.33288008941,1.06871536061,0.0664573296164
mmr,170,Syria,Syrian Arab Republic,Eastern Mediterranean,2023,20.37,18.287104893,7.73633076458,27.2522778293,ensemble_top4,2.08289510698,0,12.6336692354,2.08289510698,1.11389966423,0.107867069429
mmr,171,Tajikistan,Tajikistan,European Region,2000,57.85,57.85,56.85,57.85,ensemble_top4,,,,,,
mmr,171,Tajikistan,Tajikistan,European Region,2001,58.14,58.3285934328,53.9743727175,78.0165471852,ensemble_top4,,,,,,
mmr,171,Tajikistan,Tajikistan,European Region,2002,47.73,48.0561249071,44.1771672466,57.1564893535,ensemble_top4,,,,,,
mmr,171,Tajikistan,Tajikistan,European Region,2003,38.95,39.4108029398,34.8355755091,45.289814511,ensemble_top4,,,,,,
mmr,171,Tajikistan,Tajikistan,European Region,2004,36.44,37.1760513406,34.1961603689,40.5159231339,ensemble_top4,,,,,,
mmr,171,Tajikistan,Tajikistan,European Region,2005,35.61,34.7028228935,32.0822212664,37.5541742457,ensemble_top4,,,,,,
mmr,171,Tajikistan,Tajikistan,European Region,2006,34.55,32.5923134769,29.8744374003,35.5088108654,ensemble_top4,,,,,,
mmr,171,Tajikistan,Tajikistan,European Region,2007,30.15,30.7878610072,27.9782900287,33.9601946859,ensemble_top4,,,,,,
mmr,171,Tajikistan,Tajikistan,European Region,2008,28.76,29.1903102878,26.407007643,32.2488032587,ensemble_top4,,,,,,
mmr,171,Tajikistan,Tajikistan,European Region,2009,28.52,27.6551565387,24.9938756806,30.7256546533,ensemble_top4,,,,,,
mmr,171,Tajikistan,Tajikistan,European Region,2010,26.41,26.2681219169,23.5860875709,29.2368264838,ensemble_top4,,,,,,
mmr,171,Tajikistan,Tajikistan,European Region,2011,25.13,24.8659255625,22.2015993703,27.9135061212,ensemble_top4,,,,,,
mmr,171,Tajikistan,Tajikistan,European Region,2012,22.93,23.5524000738,20.8398304961,26.3762760721,ensemble_top4,,,,,,
mmr,171,Tajikistan,Tajikistan,European Region,2013,20.98,22.1490046683,19.5694576479,25.0426902192,ensemble_top4,,,,,,
mmr,171,Tajikistan,Tajikistan,European Region,2014,20.58,20.8778702826,18.3400914654,23.6288397909,ensemble_top4,,,,,,
mmr,171,Tajikistan,Tajikistan,European Region,2015,20.24,19.6539307017,17.0878117686,22.3162282632,ensemble_top4,,,,,,
mmr,171,Tajikistan,Tajikistan,European Region,2016,20,18.4582047908,15.9860323829,21.0623899721,ensemble_top4,,,,,,
mmr,171,Tajikistan,Tajikistan,European Region,2017,16.92,17.255417425,14.7235815589,19.8326050174,ensemble_top4,,,,,,
mmr,171,Tajikistan,Tajikistan,European Region,2018,16.33,16.1756912118,13.6355378003,18.7195338305,ensemble_top4,,,,,,
mmr,171,Tajikistan,Tajikistan,European Region,2019,16.12,15.0973037168,12.5744357831,17.6369689704,ensemble_top4,,,,,,
mmr,171,Tajikistan,Tajikistan,European Region,2020,25.44,14.123960506,11.5723990927,16.7335391218,ensemble_top4,11.316039494,8.70646087817,13.8676009073,11.316039494,1.8011945013,0.588450056644
mmr,171,Tajikistan,Tajikistan,European Region,2021,24.65,13.2239725669,10.5469453414,15.6969900564,ensemble_top4,11.4260274331,8.95300994357,14.1030546586,11.4260274331,1.86403895466,0.622745614469
mmr,171,Tajikistan,Tajikistan,European Region,2022,14.39,12.3052554953,9.6629891972,14.874949035,ensemble_top4,2.08474450472,0,4.7270108028,2.08474450472,1.16941903445,0.156507073738
mmr,171,Tajikistan,Tajikistan,European Region,2023,13.86,11.459854466,8.67427607373,14.0461945141,ensemble_top4,2.40014553402,0,5.18572392627,2.40014553402,1.20943944281,0.190156981859
mmr,172,Thailand,Thailand,Southeast Asia Region,2000,48.52,48.52,47.52,48.52,ensemble_top4,,,,,,
mmr,172,Thailand,Thailand,Southeast Asia Region,2001,46.88,44.5625606694,39.6462060301,48.1573859828,ensemble_top4,,,,,,
mmr,172,Thailand,Thailand,Southeast Asia Region,2002,44.47,43.5220893596,38.911877279,46.6310028956,ensemble_top4,,,,,,
mmr,172,Thailand,Thailand,Southeast Asia Region,2003,41.78,42.2379841399,38.1569569684,45.1092755632,ensemble_top4,,,,,,
mmr,172,Thailand,Thailand,Southeast Asia Region,2004,43.55,41.1140998039,37.4305460914,44.1196933348,ensemble_top4,,,,,,
mmr,172,Thailand,Thailand,Southeast Asia Region,2005,40.04,40.0642134926,36.781530438,43.2132039439,ensemble_top4,,,,,,
mmr,172,Thailand,Thailand,Southeast Asia Region,2006,38.39,39.1565654988,36.3119302998,42.3636716881,ensemble_top4,,,,,,
mmr,172,Thailand,Thailand,Southeast Asia Region,2007,37.91,38.3581881248,35.8118609412,41.6745167806,ensemble_top4,,,,,,
mmr,172,Thailand,Thailand,Southeast Asia Region,2008,36.84,37.6035540257,35.283595732,41.0081219447,ensemble_top4,,,,,,
mmr,172,Thailand,Thailand,Southeast Asia Region,2009,37.03,37.0233852292,34.8416872075,40.2016303768,ensemble_top4,,,,,,
mmr,172,Thailand,Thailand,Southeast Asia Region,2010,36.83,36.4980869145,34.3269096903,39.6006257165,ensemble_top4,,,,,,
mmr,172,Thailand,Thailand,Southeast Asia Region,2011,37,36.0150078204,33.7891592295,38.8389481106,ensemble_top4,,,,,,
mmr,172,Thailand,Thailand,Southeast Asia Region,2012,36.42,35.5786618175,33.2983752086,38.3990358664,ensemble_top4,,,,,,
mmr,172,Thailand,Thailand,Southeast Asia Region,2013,34.71,35.1479645756,32.7811649415,37.6733169557,ensemble_top4,,,,,,
mmr,172,Thailand,Thailand,Southeast Asia Region,2014,34.09,34.7805737824,32.3489923637,37.1810310379,ensemble_top4,,,,,,
mmr,172,Thailand,Thailand,Southeast Asia Region,2015,33.72,34.4118954368,31.9174971391,36.7190892416,ensemble_top4,,,,,,
mmr,172,Thailand,Thailand,Southeast Asia Region,2016,34.15,34.1279545697,31.5065001443,36.4075901667,ensemble_top4,,,,,,
mmr,172,Thailand,Thailand,Southeast Asia Region,2017,33.88,33.8005457424,31.0211168584,36.1015436868,ensemble_top4,,,,,,
mmr,172,Thailand,Thailand,Southeast Asia Region,2018,33.64,33.57796628,30.4674738146,35.8604958636,ensemble_top4,,,,,,
mmr,172,Thailand,Thailand,Southeast Asia Region,2019,33.85,33.3060345489,29.9085465505,35.7960372399,ensemble_top4,,,,,,
mmr,172,Thailand,Thailand,Southeast Asia Region,2020,36.24,33.0798127334,29.2136172651,35.9137257766,ensemble_top4,3.16018726662,0.326274223435,7.02638273493,3.16018726662,1.09553219941,0.0912402720578
mmr,172,Thailand,Thailand,Southeast Asia Region,2021,38.21,32.9043434073,28.5837244011,36.3013750135,ensemble_top4,5.3056565927,1.90862498653,9.62627559888,5.3056565927,1.16124487053,0.149492593942
mmr,172,Thailand,Thailand,Southeast Asia Region,2022,112.5,32.6797719825,28.025188681,36.9393806686,ensemble_top4,79.8202280175,75.5606193314,84.474811319,79.8202280175,3.44249647948,1.23619692896
mmr,172,Thailand,Thailand,Southeast Asia Region,2023,34.45,32.4215878547,27.4901984568,37.6797279481,ensemble_top4,2.02841214526,0,6.95980154324,2.02841214526,1.06256362749,0.0606845047223
mmr,173,Timor-Leste,Timor-Leste,Southeast Asia Region,2000,796.1,796.1,796.1,796.1,ensemble_top4,,,,,,
mmr,173,Timor-Leste,Timor-Leste,Southeast Asia Region,2001,761.2,760.784972336,741.02276256,780.911202095,ensemble_top4,,,,,,
mmr,173,Timor-Leste,Timor-Leste,Southeast Asia Region,2002,723.6,727.002559965,711.970484267,753.192579333,ensemble_top4,,,,,,
mmr,173,Timor-Leste,Timor-Leste,Southeast Asia Region,2003,713.6,713.579578745,694.189283683,733.99534731,ensemble_top4,,,,,,
mmr,173,Timor-Leste,Timor-Leste,Southeast Asia Region,2004,683.3,684.186148387,659.240582392,699.468689208,ensemble_top4,,,,,,
mmr,173,Timor-Leste,Timor-Leste,Southeast Asia Region,2005,647.8,639.750576094,618.63761204,652.661098469,ensemble_top4,,,,,,
mmr,173,Timor-Leste,Timor-Leste,Southeast Asia Region,2006,599.5,595.707543457,579.279408173,609.320249919,ensemble_top4,,,,,,
mmr,173,Timor-Leste,Timor-Leste,Southeast Asia Region,2007,558.9,553.796239084,539.37430003,570.290983746,ensemble_top4,,,,,,
mmr,173,Timor-Leste,Timor-Leste,Southeast Asia Region,2008,518,513.535736553,500.440127433,532.866114288,ensemble_top4,,,,,,
mmr,173,Timor-Leste,Timor-Leste,Southeast Asia Region,2009,477.4,476.521281847,464.194332088,497.580771929,ensemble_top4,,,,,,
mmr,173,Timor-Leste,Timor-Leste,Southeast Asia Region,2010,438.6,441.671078335,429.682892496,462.475155661,ensemble_top4,,,,,,
mmr,173,Timor-Leste,Timor-Leste,Southeast Asia Region,2011,403.5,409.746014924,398.255536726,430.502977219,ensemble_top4,,,,,,
mmr,173,Timor-Leste,Timor-Leste,Southeast Asia Region,2012,374.4,380.079689586,368.696700199,399.899098827,ensemble_top4,,,,,,
mmr,173,Timor-Leste,Timor-Leste,Southeast Asia Region,2013,349.3,353.143403527,341.383998653,371.723960716,ensemble_top4,,,,,,
mmr,173,Timor-Leste,Timor-Leste,Southeast Asia Region,2014,327.4,328.204105308,315.786958487,345.055440488,ensemble_top4,,,,,,
mmr,173,Timor-Leste,Timor-Leste,Southeast Asia Region,2015,305,305.632012595,292.397069418,320.492422493,ensemble_top4,,,,,,
mmr,173,Timor-Leste,Timor-Leste,Southeast Asia Region,2016,286.7,285.040559297,269.40675103,299.136658544,ensemble_top4,,,,,,
mmr,173,Timor-Leste,Timor-Leste,Southeast Asia Region,2017,269,266.01826861,248.679667816,279.628837465,ensemble_top4,,,,,,
mmr,173,Timor-Leste,Timor-Leste,Southeast Asia Region,2018,250.7,248.975288052,227.9298472,262.326144885,ensemble_top4,,,,,,
mmr,173,Timor-Leste,Timor-Leste,Southeast Asia Region,2019,237.5,233.495084283,208.860740423,246.668832954,ensemble_top4,,,,,,
mmr,173,Timor-Leste,Timor-Leste,Southeast Asia Region,2020,257.3,219.840245186,192.196312407,232.67026403,ensemble_top4,37.4597548139,24.6297359701,65.1036875926,37.4597548139,1.17039534678,0.157341594961
mmr,173,Timor-Leste,Timor-Leste,Southeast Asia Region,2021,262.7,207.484159481,176.070759665,219.890302625,ensemble_top4,55.2158405187,42.809697375,86.6292403349,55.2158405187,1.26612075185,0.235957699784
mmr,173,Timor-Leste,Timor-Leste,Southeast Asia Region,2022,235,196.017472664,161.906049627,208.12346422,ensemble_top4,38.9825273362,26.8765357796,73.0939503732,38.9825273362,1.19887271684,0.181381712643
mmr,173,Timor-Leste,Timor-Leste,Southeast Asia Region,2023,192.4,185.862935275,147.686888726,198.792707294,ensemble_top4,6.53706472546,0,44.7131112738,6.53706472546,1.03517142735,0.0345670432941
mmr,174,Togo,Togo,African Region,2000,495.5,495.5,495.5,495.5,ensemble_top4,,,,,,
mmr,174,Togo,Togo,African Region,2001,478,436.382087276,400.868698369,469.46817858,ensemble_top4,,,,,,
mmr,174,Togo,Togo,African Region,2002,447.2,436.77547347,401.973590287,470.066706894,ensemble_top4,,,,,,
mmr,174,Togo,Togo,African Region,2003,431.1,437.460439899,402.133293433,472.682860182,ensemble_top4,,,,,,
mmr,174,Togo,Togo,African Region,2004,431.2,438.110329047,403.397098949,473.309647563,ensemble_top4,,,,,,
mmr,174,Togo,Togo,African Region,2005,434.4,439.130520768,404.334363496,475.395764444,ensemble_top4,,,,,,
mmr,174,Togo,Togo,African Region,2006,452.6,443.059447699,408.031345081,483.22536331,ensemble_top4,,,,,,
mmr,174,Togo,Togo,African Region,2007,448.1,451.100541354,413.858665187,497.550712654,ensemble_top4,,,,,,
mmr,174,Togo,Togo,African Region,2008,457.4,464.052765122,421.788788097,513.675579484,ensemble_top4,,,,,,
mmr,174,Togo,Togo,African Region,2009,471.5,480.864896847,435.190478559,529.358883628,ensemble_top4,,,,,,
mmr,174,Togo,Togo,African Region,2010,496.8,494.627318817,452.291547612,536.949600837,ensemble_top4,,,,,,
mmr,174,Togo,Togo,African Region,2011,501.3,501.669390183,463.890719988,540.556328548,ensemble_top4,,,,,,
mmr,174,Togo,Togo,African Region,2012,506.4,500.215816359,460.993169926,539.926661386,ensemble_top4,,,,,,
mmr,174,Togo,Togo,African Region,2013,500,491.541230975,448.250900998,531.84524128,ensemble_top4,,,,,,
mmr,174,Togo,Togo,African Region,2014,489.9,479.348487179,438.922534094,519.114227366,ensemble_top4,,,,,,
mmr,174,Togo,Togo,African Region,2015,470.4,468.115564644,429.796891912,505.904315097,ensemble_top4,,,,,,
mmr,174,Togo,Togo,African Region,2016,460.1,459.209687752,424.294046891,494.293967571,ensemble_top4,,,,,,
mmr,174,Togo,Togo,African Region,2017,443.4,452.781590011,418.939533571,488.36475069,ensemble_top4,,,,,,
mmr,174,Togo,Togo,African Region,2018,435.4,448.154600026,414.702167889,481.605529835,ensemble_top4,,,,,,
mmr,174,Togo,Togo,African Region,2019,416,445.661187918,412.131432269,479.627200687,ensemble_top4,,,,,,
mmr,174,Togo,Togo,African Region,2020,397.8,444.14978617,410.709839685,476.653335904,ensemble_top4,0,0,0,-46.3497861705,0.895643794923,-0.11021249536
mmr,174,Togo,Togo,African Region,2021,396.6,443.339351809,408.33489768,476.89520955,ensemble_top4,0,0,0,-46.7393518092,0.894574321863,-0.111407291879
mmr,174,Togo,Togo,African Region,2022,362.3,442.135267778,408.219983665,476.404421735,ensemble_top4,0,0,0,-79.835267778,0.819432482328,-0.199143273054
mmr,174,Togo,Togo,African Region,2023,348.9,441.349844171,406.277081675,474.577967505,ensemble_top4,0,0,0,-92.4498441712,0.790529337685,-0.2350525102
mmr,175,Tonga,Tonga,Western Pacific Region,2000,99.72,99.72,99.72,99.72,ensemble_top4,,,,,,
mmr,175,Tonga,Tonga,Western Pacific Region,2001,98.24,98.2237628605,95.0460802765,101.243621742,ensemble_top4,,,,,,
mmr,175,Tonga,Tonga,Western Pacific Region,2002,97.94,96.7165759714,93.7645767596,99.6736903257,ensemble_top4,,,,,,
mmr,175,Tonga,Tonga,Western Pacific Region,2003,95.45,95.1267053363,92.0505771176,98.1838231304,ensemble_top4,,,,,,
mmr,175,Tonga,Tonga,Western Pacific Region,2004,92.06,93.4453975132,90.525980975,96.4033875459,ensemble_top4,,,,,,
mmr,175,Tonga,Tonga,Western Pacific Region,2005,92.01,91.8953319736,88.8486812846,95.0027275233,ensemble_top4,,,,,,
mmr,175,Tonga,Tonga,Western Pacific Region,2006,88.94,90.8525098142,87.5860467035,93.9411843686,ensemble_top4,,,,,,
mmr,175,Tonga,Tonga,Western Pacific Region,2007,88.16,89.8292290556,86.4593967084,93.2592919501,ensemble_top4,,,,,,
mmr,175,Tonga,Tonga,Western Pacific Region,2008,87.53,88.490059784,85.4135865528,91.8517785172,ensemble_top4,,,,,,
mmr,175,Tonga,Tonga,Western Pacific Region,2009,90.67,87.1169432476,83.9736047757,90.3431543761,ensemble_top4,,,,,,
mmr,175,Tonga,Tonga,Western Pacific Region,2010,85.23,85.6702330535,82.5544146932,88.8075227316,ensemble_top4,,,,,,
mmr,175,Tonga,Tonga,Western Pacific Region,2011,83.76,84.2325767298,81.244009558,87.3099811534,ensemble_top4,,,,,,
mmr,175,Tonga,Tonga,Western Pacific Region,2012,82.71,82.8386155034,79.832528907,85.7587335688,ensemble_top4,,,,,,
mmr,175,Tonga,Tonga,Western Pacific Region,2013,80.28,81.4157435104,78.3886796758,84.3536545424,ensemble_top4,,,,,,
mmr,175,Tonga,Tonga,Western Pacific Region,2014,79.66,80.0030509925,77.0473133802,82.8330463003,ensemble_top4,,,,,,
mmr,175,Tonga,Tonga,Western Pacific Region,2015,78.81,78.6009030117,75.6397571531,81.6154897712,ensemble_top4,,,,,,
mmr,175,Tonga,Tonga,Western Pacific Region,2016,77.93,77.2870960332,74.2997220846,80.2615086409,ensemble_top4,,,,,,
mmr,175,Tonga,Tonga,Western Pacific Region,2017,76.81,75.9514867085,73.0120175522,78.7732156417,ensemble_top4,,,,,,
mmr,175,Tonga,Tonga,Western Pacific Region,2018,73.95,74.6229752288,71.7158825211,77.5866672766,ensemble_top4,,,,,,
mmr,175,Tonga,Tonga,Western Pacific Region,2019,72.7,73.321160581,70.2855930637,76.3360823159,ensemble_top4,,,,,,
mmr,175,Tonga,Tonga,Western Pacific Region,2020,74.06,72.0211719091,68.9993837127,75.1172638413,ensemble_top4,2.03882809085,0,5.06061628729,2.03882809085,1.02830873251,0.0279154454012
mmr,175,Tonga,Tonga,Western Pacific Region,2021,75.68,70.8040658991,67.6921118883,74.1353690106,ensemble_top4,4.87593410089,1.54463098937,7.98788811167,4.87593410089,1.06886517093,0.0665974977393
mmr,175,Tonga,Tonga,Western Pacific Region,2022,71.8,69.5620424404,66.2739591275,72.8931968079,ensemble_top4,2.23795755961,0,5.52604087245,2.23795755961,1.03217210825,0.0316654247164
mmr,175,Tonga,Tonga,Western Pacific Region,2023,66.78,68.3283122376,65.0698295848,71.8494370506,ensemble_top4,0,0,1.71017041518,-1.54831223759,0.977340107096,-0.0229205738051
mmr,176,Trinidad and Tobago,Trinidad and Tobago,Region of the Americas,2000,75.5,75.5,74.5,75.5,ensemble_top4,,,,,,
mmr,176,Trinidad and Tobago,Trinidad and Tobago,Region of the Americas,2001,72.48,70.6350982959,64.6809138537,74.2275692253,ensemble_top4,,,,,,
mmr,176,Trinidad and Tobago,Trinidad and Tobago,Region of the Americas,2002,69.17,68.7578089461,61.8472034887,72.0397064553,ensemble_top4,,,,,,
mmr,176,Trinidad and Tobago,Trinidad and Tobago,Region of the Americas,2003,67.21,66.1988906745,59.0315724332,68.9330343171,ensemble_top4,,,,,,
mmr,176,Trinidad and Tobago,Trinidad and Tobago,Region of the Americas,2004,63.04,63.4162612823,56.7171055731,66.3651870992,ensemble_top4,,,,,,
mmr,176,Trinidad and Tobago,Trinidad and Tobago,Region of the Americas,2005,60.2,60.9659013018,54.9243918449,63.8473944445,ensemble_top4,,,,,,
mmr,176,Trinidad and Tobago,Trinidad and Tobago,Region of the Americas,2006,58.14,58.6729542797,53.3620981834,61.6694155491,ensemble_top4,,,,,,
mmr,176,Trinidad and Tobago,Trinidad and Tobago,Region of the Americas,2007,56.81,56.7803967906,52.2855820875,59.5149685702,ensemble_top4,,,,,,
mmr,176,Trinidad and Tobago,Trinidad and Tobago,Region of the Americas,2008,55.39,55.1608839197,51.4085136518,57.7844905963,ensemble_top4,,,,,,
mmr,176,Trinidad and Tobago,Trinidad and Tobago,Region of the Americas,2009,54.43,53.788808603,50.7808484699,56.1430496687,ensemble_top4,,,,,,
mmr,176,Trinidad and Tobago,Trinidad and Tobago,Region of the Americas,2010,54.41,52.741563349,50.1475586864,55.1510796875,ensemble_top4,,,,,,
mmr,176,Trinidad and Tobago,Trinidad and Tobago,Region of the Americas,2011,53.14,51.9092921805,49.6506509661,54.4043448554,ensemble_top4,,,,,,
mmr,176,Trinidad and Tobago,Trinidad and Tobago,Region of the Americas,2012,51.03,51.353156486,48.9715500104,53.8538091165,ensemble_top4,,,,,,
mmr,176,Trinidad and Tobago,Trinidad and Tobago,Region of the Americas,2013,50.03,50.9398318671,48.5388343993,53.6202442026,ensemble_top4,,,,,,
mmr,176,Trinidad and Tobago,Trinidad and Tobago,Region of the Americas,2014,49.76,50.7186753396,48.3113625672,53.4800015961,ensemble_top4,,,,,,
mmr,176,Trinidad and Tobago,Trinidad and Tobago,Region of the Americas,2015,50.39,50.6974034318,48.3186250722,53.3381049222,ensemble_top4,,,,,,
mmr,176,Trinidad and Tobago,Trinidad and Tobago,Region of the Americas,2016,50.62,50.8895179405,48.571237427,53.415359322,ensemble_top4,,,,,,
mmr,176,Trinidad and Tobago,Trinidad and Tobago,Region of the Americas,2017,51.24,51.213374566,48.7859409045,53.5736020402,ensemble_top4,,,,,,
mmr,176,Trinidad and Tobago,Trinidad and Tobago,Region of the Americas,2018,52.61,51.8183530749,48.9858908995,54.2908291642,ensemble_top4,,,,,,
mmr,176,Trinidad and Tobago,Trinidad and Tobago,Region of the Americas,2019,53.37,52.5484421829,49.0349874743,55.5726364467,ensemble_top4,,,,,,
mmr,176,Trinidad and Tobago,Trinidad and Tobago,Region of the Americas,2020,34.97,53.3379862628,49.1114261684,57.61620928,ensemble_top4,0,0,0,-18.3679862628,0.655630301221,-0.422158214113
mmr,176,Trinidad and Tobago,Trinidad and Tobago,Region of the Americas,2021,54.21,54.2116134091,48.973359331,60.1449931911,ensemble_top4,0,0,5.236640669,-0.0016134091068,0.999970238681,-2.97617616302e-05
mmr,176,Trinidad and Tobago,Trinidad and Tobago,Region of the Americas,2022,30.42,55.3642776768,49.1158600093,63.3818402785,ensemble_top4,0,0,0,-24.9442776768,0.54945176342,-0.598834291666
mmr,176,Trinidad and Tobago,Trinidad and Tobago,Region of the Americas,2023,54.08,56.6944719122,49.0169787518,66.7941907776,ensemble_top4,0,0,5.06302124823,-2.61447191225,0.953884888172,-0.0472122771074
mmr,177,Tunisia,Tunisia,Eastern Mediterranean,2000,55.75,55.75,55.75,55.75,ensemble_top4,,,,,,
mmr,177,Tunisia,Tunisia,Eastern Mediterranean,2001,54.63,54.0918999296,52.0227646163,56.0896185715,ensemble_top4,,,,,,
mmr,177,Tunisia,Tunisia,Eastern Mediterranean,2002,53.08,52.8888909342,51.1335505765,54.6452238037,ensemble_top4,,,,,,
mmr,177,Tunisia,Tunisia,Eastern Mediterranean,2003,51.75,51.6104206715,50.0781352996,53.1854940365,ensemble_top4,,,,,,
mmr,177,Tunisia,Tunisia,Eastern Mediterranean,2004,50.28,50.31851426,48.7074330092,51.8647173634,ensemble_top4,,,,,,
mmr,177,Tunisia,Tunisia,Eastern Mediterranean,2005,48.95,49.1046480775,47.1535474474,50.7595843981,ensemble_top4,,,,,,
mmr,177,Tunisia,Tunisia,Eastern Mediterranean,2006,47.57,47.9518775768,45.4692182572,49.7442265672,ensemble_top4,,,,,,
mmr,177,Tunisia,Tunisia,Eastern Mediterranean,2007,46.33,47.0430557967,45.4620487397,48.6913162756,ensemble_top4,,,,,,
mmr,177,Tunisia,Tunisia,Eastern Mediterranean,2008,45.23,45.978309963,44.3779403871,47.7225459282,ensemble_top4,,,,,,
mmr,177,Tunisia,Tunisia,Eastern Mediterranean,2009,44.27,44.9771505084,43.3122055087,46.7141801827,ensemble_top4,,,,,,
mmr,177,Tunisia,Tunisia,Eastern Mediterranean,2010,43.77,43.94870414,42.236371505,45.7943961515,ensemble_top4,,,,,,
mmr,177,Tunisia,Tunisia,Eastern Mediterranean,2011,43.77,43.1304439983,41.2324968645,45.0801481289,ensemble_top4,,,,,,
mmr,177,Tunisia,Tunisia,Eastern Mediterranean,2012,43.38,42.242094972,40.1934351645,44.2383520511,ensemble_top4,,,,,,
mmr,177,Tunisia,Tunisia,Eastern Mediterranean,2013,42.78,41.5942525431,39.7586386998,43.3514586623,ensemble_top4,,,,,,
mmr,177,Tunisia,Tunisia,Eastern Mediterranean,2014,41.79,41.1646403065,39.4390585302,42.7532515727,ensemble_top4,,,,,,
mmr,177,Tunisia,Tunisia,Eastern Mediterranean,2015,40.27,40.2995442029,38.5491060272,41.8439021436,ensemble_top4,,,,,,
mmr,177,Tunisia,Tunisia,Eastern Mediterranean,2016,38.92,39.4383641279,37.7600614591,40.9874946501,ensemble_top4,,,,,,
mmr,177,Tunisia,Tunisia,Eastern Mediterranean,2017,37.86,38.5711238317,36.9727758674,40.104472525,ensemble_top4,,,,,,
mmr,177,Tunisia,Tunisia,Eastern Mediterranean,2018,37.55,37.7644033718,36.1940566957,39.313721968,ensemble_top4,,,,,,
mmr,177,Tunisia,Tunisia,Eastern Mediterranean,2019,37.28,36.9593100494,35.4264041293,38.6665819073,ensemble_top4,,,,,,
mmr,177,Tunisia,Tunisia,Eastern Mediterranean,2020,39.69,36.163110982,34.5772544628,37.9907981391,ensemble_top4,3.52688901804,1.69920186094,5.11274553722,3.52688901804,1.09752725698,0.0930597011785
mmr,177,Tunisia,Tunisia,Eastern Mediterranean,2021,64.66,35.4113567857,33.8279389714,37.4161923783,ensemble_top4,29.2486432143,27.2438076217,30.8320610286,29.2486432143,1.8259678778,0.602110190453
mmr,177,Tunisia,Tunisia,Eastern Mediterranean,2022,38.12,34.659395008,33.019467601,36.9191115344,ensemble_top4,3.46060499198,1.20088846561,5.10053239905,3.46060499198,1.09984608765,0.0951702496993
mmr,177,Tunisia,Tunisia,Eastern Mediterranean,2023,35.71,33.9305135132,32.2598007442,36.5030564786,ensemble_top4,1.77948648682,0,3.45019925579,1.77948648682,1.0524450208,0.0511160484367
mmr,178,Turkmenistan,Turkmenistan,European Region,2000,24.96,24.96,24.96,24.96,ensemble_top4,,,,,,
mmr,178,Turkmenistan,Turkmenistan,European Region,2001,22.01,21.7185832301,20.9570549747,22.5068842086,ensemble_top4,,,,,,
mmr,178,Turkmenistan,Turkmenistan,European Region,2002,19.87,20.2486437815,19.4383059488,21.0679849856,ensemble_top4,,,,,,
mmr,178,Turkmenistan,Turkmenistan,European Region,2003,18,18.1156979879,17.1681861069,19.0507232943,ensemble_top4,,,,,,
mmr,178,Turkmenistan,Turkmenistan,European Region,2004,16.56,16.4812908238,15.532188865,17.5046771134,ensemble_top4,,,,,,
mmr,178,Turkmenistan,Turkmenistan,European Region,2005,15.48,15.6229940822,14.3612269654,16.5536903746,ensemble_top4,,,,,,
mmr,178,Turkmenistan,Turkmenistan,European Region,2006,14.41,14.1351721842,13.1980504531,14.9148255556,ensemble_top4,,,,,,
mmr,178,Turkmenistan,Turkmenistan,European Region,2007,12.98,12.5506838185,11.8250558695,13.2786107927,ensemble_top4,,,,,,
mmr,178,Turkmenistan,Turkmenistan,European Region,2008,11.4,11.1696793166,10.4911129057,11.8640068197,ensemble_top4,,,,,,
mmr,178,Turkmenistan,Turkmenistan,European Region,2009,9.85,9.98451576322,9.32181673626,10.717675767,ensemble_top4,,,,,,
mmr,178,Turkmenistan,Turkmenistan,European Region,2010,8.75,8.97540792278,8.33223398794,9.72611766557,ensemble_top4,,,,,,
mmr,178,Turkmenistan,Turkmenistan,European Region,2011,7.94,8.14857533022,7.49283295948,8.90365944382,ensemble_top4,,,,,,
mmr,178,Turkmenistan,Turkmenistan,European Region,2012,7.39,7.47412988177,6.78905423891,8.17747731654,ensemble_top4,,,,,,
mmr,178,Turkmenistan,Turkmenistan,European Region,2013,6.97,6.90909043048,6.22138467552,7.61645623926,ensemble_top4,,,,,,
mmr,178,Turkmenistan,Turkmenistan,European Region,2014,6.48,6.4428882901,5.75162812593,7.12119335155,ensemble_top4,,,,,,
mmr,178,Turkmenistan,Turkmenistan,European Region,2015,6.05,6.0529245712,5.36407540657,6.75008038268,ensemble_top4,,,,,,
mmr,178,Turkmenistan,Turkmenistan,European Region,2016,5.7,5.75514105619,5.04748206507,6.43679704213,ensemble_top4,,,,,,
mmr,178,Turkmenistan,Turkmenistan,European Region,2017,5.49,5.50290905396,4.7905559922,6.17891302147,ensemble_top4,,,,,,
mmr,178,Turkmenistan,Turkmenistan,European Region,2018,5.31,5.29427606991,4.60985241035,5.98927290633,ensemble_top4,,,,,,
mmr,178,Turkmenistan,Turkmenistan,European Region,2019,5.12,5.1415242028,4.44781462666,5.90970279931,ensemble_top4,,,,,,
mmr,178,Turkmenistan,Turkmenistan,European Region,2020,5.26,5.00507631762,4.28969559675,5.85868847887,ensemble_top4,0.254923682379,0,0.970304403249,0.254923682379,1.05093302603,0.0496783658228
mmr,178,Turkmenistan,Turkmenistan,European Region,2021,5.51,4.90992350249,4.18138183926,6.01645362133,ensemble_top4,0.600076497508,0,1.32861816074,0.600076497508,1.12221707674,0.11530626142
mmr,178,Turkmenistan,Turkmenistan,European Region,2022,4.59,4.80296582162,4.05662350739,6.30475775862,ensemble_top4,0,0,0.533376492611,-0.21296582162,0.955659517571,-0.0453535825366
mmr,178,Turkmenistan,Turkmenistan,European Region,2023,4.52,4.71766769521,3.93087762732,6.75732492726,ensemble_top4,0,0,0.589122372684,-0.197667695211,0.958100547139,-0.0428025512591
mmr,179,Tuvalu,Tuvalu,Western Pacific Region,2000,237.3,237.3,237.3,237.3,ensemble_top4,,,,,,
mmr,179,Tuvalu,Tuvalu,Western Pacific Region,2001,234.9,231.01535724,197.894813132,259.881716165,ensemble_top4,,,,,,
mmr,179,Tuvalu,Tuvalu,Western Pacific Region,2002,233.8,228.41479333,200.024429951,258.653860955,ensemble_top4,,,,,,
mmr,179,Tuvalu,Tuvalu,Western Pacific Region,2003,210.2,223.699038506,194.373996955,255.128291581,ensemble_top4,,,,,,
mmr,179,Tuvalu,Tuvalu,Western Pacific Region,2004,208.8,219.027075167,187.554391686,252.535197366,ensemble_top4,,,,,,
mmr,179,Tuvalu,Tuvalu,Western Pacific Region,2005,229.8,224.476706667,195.087549835,253.194216115,ensemble_top4,,,,,,
mmr,179,Tuvalu,Tuvalu,Western Pacific Region,2006,226.1,222.038716331,193.502114195,249.347611378,ensemble_top4,,,,,,
mmr,179,Tuvalu,Tuvalu,Western Pacific Region,2007,222,215.95997263,189.205388708,243.074064841,ensemble_top4,,,,,,
mmr,179,Tuvalu,Tuvalu,Western Pacific Region,2008,218.8,209.90103872,182.436595307,236.723139639,ensemble_top4,,,,,,
mmr,179,Tuvalu,Tuvalu,Western Pacific Region,2009,215.2,203.344424527,175.70740998,230.204796885,ensemble_top4,,,,,,
mmr,179,Tuvalu,Tuvalu,Western Pacific Region,2010,212.9,196.930776228,170.118412649,223.760113626,ensemble_top4,,,,,,
mmr,179,Tuvalu,Tuvalu,Western Pacific Region,2011,168.5,190.657822978,162.955047463,217.767256029,ensemble_top4,,,,,,
mmr,179,Tuvalu,Tuvalu,Western Pacific Region,2012,168.3,184.814760546,157.414386882,211.327136438,ensemble_top4,,,,,,
mmr,179,Tuvalu,Tuvalu,Western Pacific Region,2013,167.7,178.785976584,150.618549921,205.553938416,ensemble_top4,,,,,,
mmr,179,Tuvalu,Tuvalu,Western Pacific Region,2014,168.2,173.134907109,144.988377553,200.20740115,ensemble_top4,,,,,,
mmr,179,Tuvalu,Tuvalu,Western Pacific Region,2015,169,169.335596066,141.547099068,197.762943682,ensemble_top4,,,,,,
mmr,179,Tuvalu,Tuvalu,Western Pacific Region,2016,170.4,165.453426131,137.908020344,193.889202039,ensemble_top4,,,,,,
mmr,179,Tuvalu,Tuvalu,Western Pacific Region,2017,171.2,160.303554226,133.56181347,189.368603212,ensemble_top4,,,,,,
mmr,179,Tuvalu,Tuvalu,Western Pacific Region,2018,152.7,156.365592015,128.595599079,185.335937502,ensemble_top4,,,,,,
mmr,179,Tuvalu,Tuvalu,Western Pacific Region,2019,155,151.98931643,124.28682091,182.928851355,ensemble_top4,,,,,,
mmr,179,Tuvalu,Tuvalu,Western Pacific Region,2020,206,147.271391937,118.624865676,182.618120256,ensemble_top4,58.7286080631,23.3818797441,87.3751343239,58.7286080631,1.39877811495,0.335599080498
mmr,179,Tuvalu,Tuvalu,Western Pacific Region,2021,156.6,142.969244041,115.075179539,182.779790899,ensemble_top4,13.6307559587,0,41.5248204612,13.6307559587,1.09534047725,0.0910652530636
mmr,179,Tuvalu,Tuvalu,Western Pacific Region,2022,220.3,138.919610323,110.265178192,185.064193906,ensemble_top4,81.3803896766,35.235806094,110.034821808,81.3803896766,1.58580922799,0.46109483098
mmr,179,Tuvalu,Tuvalu,Western Pacific Region,2023,169.7,134.85999414,105.870138539,185.674473179,ensemble_top4,34.8400058601,0,63.829861461,34.8400058601,1.25834203896,0.229795012387
mmr,180,Turkey,TÃ¼rkiye,European Region,2000,32.04,32.04,31.04,32.04,ensemble_top4,,,,,,
mmr,180,Turkey,TÃ¼rkiye,European Region,2001,31.11,30.9737455697,29.8314096454,40.2246550844,ensemble_top4,,,,,,
mmr,180,Turkey,TÃ¼rkiye,European Region,2002,29.93,30.1214066767,29.0344671516,35.9975071095,ensemble_top4,,,,,,
mmr,180,Turkey,TÃ¼rkiye,European Region,2003,28.86,28.9737734116,28.041795027,32.9161375742,ensemble_top4,,,,,,
mmr,180,Turkey,TÃ¼rkiye,European Region,2004,27.86,27.9135118292,26.9077248561,30.3799079143,ensemble_top4,,,,,,
mmr,180,Turkey,TÃ¼rkiye,European Region,2005,26.73,26.9618687976,25.920398659,28.3533209615,ensemble_top4,,,,,,
mmr,180,Turkey,TÃ¼rkiye,European Region,2006,25.76,26.0599247082,25.0338667855,27.0236014458,ensemble_top4,,,,,,
mmr,180,Turkey,TÃ¼rkiye,European Region,2007,24.82,25.1684968289,24.2421360423,26.0387066166,ensemble_top4,,,,,,
mmr,180,Turkey,TÃ¼rkiye,European Region,2008,24.01,24.3396707462,23.3894346695,25.1691373145,ensemble_top4,,,,,,
mmr,180,Turkey,TÃ¼rkiye,European Region,2009,23.17,23.5270702283,22.6289048724,24.427506917,ensemble_top4,,,,,,
mmr,180,Turkey,TÃ¼rkiye,European Region,2010,22.66,22.7712938817,21.8597513453,23.6419822855,ensemble_top4,,,,,,
mmr,180,Turkey,TÃ¼rkiye,European Region,2011,23.07,22.0458816179,21.1281753006,22.9173316731,ensemble_top4,,,,,,
mmr,180,Turkey,TÃ¼rkiye,European Region,2012,21.43,21.3383085932,20.4348468812,22.1729023362,ensemble_top4,,,,,,
mmr,180,Turkey,TÃ¼rkiye,European Region,2013,20.17,20.6495234465,19.7304078975,21.5451822197,ensemble_top4,,,,,,
mmr,180,Turkey,TÃ¼rkiye,European Region,2014,19.78,19.9643424468,19.0276855321,20.8519577217,ensemble_top4,,,,,,
mmr,180,Turkey,TÃ¼rkiye,European Region,2015,19.38,19.3044348524,18.3611878431,20.2306815963,ensemble_top4,,,,,,
mmr,180,Turkey,TÃ¼rkiye,European Region,2016,19.28,18.6708536011,17.7293536961,19.5489240434,ensemble_top4,,,,,,
mmr,180,Turkey,TÃ¼rkiye,European Region,2017,18.26,18.0443957459,17.0290521979,18.954147429,ensemble_top4,,,,,,
mmr,180,Turkey,TÃ¼rkiye,European Region,2018,17.45,17.4234766454,16.4049450561,18.3522736309,ensemble_top4,,,,,,
mmr,180,Turkey,TÃ¼rkiye,European Region,2019,16.86,16.838346334,15.7731897216,17.8101879133,ensemble_top4,,,,,,
mmr,180,Turkey,TÃ¼rkiye,European Region,2020,19.31,16.2574587345,15.1343460007,17.2386870031,ensemble_top4,3.05254126548,2.07131299693,4.17565399927,3.05254126548,1.18776251045,0.172071293925
mmr,180,Turkey,TÃ¼rkiye,European Region,2021,20,15.6906625938,14.4826606165,16.7403790116,ensemble_top4,4.30933740623,3.2596209884,5.51733938355,4.30933740623,1.2746434308,0.242666477377
mmr,180,Turkey,TÃ¼rkiye,European Region,2022,21.21,15.1544930696,13.8846928777,16.2548196006,ensemble_top4,6.0555069304,4.95518039936,7.32530712232,6.0555069304,1.39958492195,0.336175708339
mmr,180,Turkey,TÃ¼rkiye,European Region,2023,14.63,14.61860239,13.3260861955,15.8027371323,ensemble_top4,0.0113976099586,0,1.3039138045,0.0113976099586,1.00077966482,0.000779361036368
mmr,181,Uganda,Uganda,African Region,2000,475.1,475.1,475.1,475.1,ensemble_top4,,,,,,
mmr,181,Uganda,Uganda,African Region,2001,440.3,433.81998059,386.443035338,478.925261532,ensemble_top4,,,,,,
mmr,181,Uganda,Uganda,African Region,2002,415.8,424.451314966,378.861073295,467.670553447,ensemble_top4,,,,,,
mmr,181,Uganda,Uganda,African Region,2003,394.5,412.268723,367.714388421,457.130135294,ensemble_top4,,,,,,
mmr,181,Uganda,Uganda,African Region,2004,384.3,398.590285339,354.07913625,441.28891536,ensemble_top4,,,,,,
mmr,181,Uganda,Uganda,African Region,2005,416.9,383.850379273,340.462699537,427.372864115,ensemble_top4,,,,,,
mmr,181,Uganda,Uganda,African Region,2006,408.7,369.117095448,325.516634107,411.813839376,ensemble_top4,,,,,,
mmr,181,Uganda,Uganda,African Region,2007,344.6,355.773624675,311.58644398,398.705311969,ensemble_top4,,,,,,
mmr,181,Uganda,Uganda,African Region,2008,324.5,341.808416011,298.060150073,386.456388451,ensemble_top4,,,,,,
mmr,181,Uganda,Uganda,African Region,2009,322.4,330.987531414,287.826758769,378.063580435,ensemble_top4,,,,,,
mmr,181,Uganda,Uganda,African Region,2010,304.3,320.390769289,277.947411526,371.107121131,ensemble_top4,,,,,,
mmr,181,Uganda,Uganda,African Region,2011,294.5,312.763038901,267.982569038,364.982502402,ensemble_top4,,,,,,
mmr,181,Uganda,Uganda,African Region,2012,285.1,307.800999055,257.540454815,360.713270743,ensemble_top4,,,,,,
mmr,181,Uganda,Uganda,African Region,2013,307.7,302.348023273,251.645096177,351.762400828,ensemble_top4,,,,,,
mmr,181,Uganda,Uganda,African Region,2014,311.3,291.242113776,241.029400463,336.624360637,ensemble_top4,,,,,,
mmr,181,Uganda,Uganda,African Region,2015,299.2,277.967390198,232.518292485,324.134788434,ensemble_top4,,,,,,
mmr,181,Uganda,Uganda,African Region,2016,272.5,263.454671756,219.975551078,309.329553306,ensemble_top4,,,,,,
mmr,181,Uganda,Uganda,African Region,2017,246.3,248.956339736,205.102935788,297.902259875,ensemble_top4,,,,,,
mmr,181,Uganda,Uganda,African Region,2018,232,235.815560811,190.20626371,287.199347868,ensemble_top4,,,,,,
mmr,181,Uganda,Uganda,African Region,2019,218.7,223.920462154,178.647488237,278.038890372,ensemble_top4,,,,,,
mmr,181,Uganda,Uganda,African Region,2020,209.5,212.270006257,165.39592697,267.607963277,ensemble_top4,0,0,44.1040730301,-2.77000625715,0.986950552714,-0.0131353393715
mmr,181,Uganda,Uganda,African Region,2021,215.8,203.492634578,151.563222113,263.537912592,ensemble_top4,12.3073654219,0,64.236777887,12.3073654219,1.06048064318,0.0587222423157
mmr,181,Uganda,Uganda,African Region,2022,183.9,192.934567067,141.745437554,253.592272081,ensemble_top4,0,0,42.1545624459,-9.03456706676,0.953172895847,-0.0479589690685
mmr,181,Uganda,Uganda,African Region,2023,170.3,184.829657661,132.231482242,245.951477267,ensemble_top4,0,0,38.0685177582,-14.5296576613,0.921388927269,-0.081873043843
mmr,182,Ukraine,Ukraine,European Region,2000,31.67,31.67,31.67,31.67,ensemble_top4,,,,,,
mmr,182,Ukraine,Ukraine,European Region,2001,29.81,28.8809821364,26.4866299606,31.2129692187,ensemble_top4,,,,,,
mmr,182,Ukraine,Ukraine,European Region,2002,28.28,28.8708738385,26.6930342054,31.0809094741,ensemble_top4,,,,,,
mmr,182,Ukraine,Ukraine,European Region,2003,27.75,28.4178197526,25.6232191959,30.6531646992,ensemble_top4,,,,,,
mmr,182,Ukraine,Ukraine,European Region,2004,27.43,28.1506841666,26.1218503089,30.2422723472,ensemble_top4,,,,,,
mmr,182,Ukraine,Ukraine,European Region,2005,26.85,27.3917068677,25.3840437373,29.5232189832,ensemble_top4,,,,,,
mmr,182,Ukraine,Ukraine,European Region,2006,26.76,26.4762630902,24.412188491,28.5389192663,ensemble_top4,,,,,,
mmr,182,Ukraine,Ukraine,European Region,2007,26.76,25.4519366807,23.4597932669,27.4603522595,ensemble_top4,,,,,,
mmr,182,Ukraine,Ukraine,European Region,2008,26.06,24.4036554623,22.4084217383,26.343914008,ensemble_top4,,,,,,
mmr,182,Ukraine,Ukraine,European Region,2009,23.96,23.3199719412,21.3306889382,25.2434512143,ensemble_top4,,,,,,
mmr,182,Ukraine,Ukraine,European Region,2010,21.34,22.2513728721,20.2884050879,24.1451775322,ensemble_top4,,,,,,
mmr,182,Ukraine,Ukraine,European Region,2011,20.14,21.2252682974,19.2129940899,23.2178637215,ensemble_top4,,,,,,
mmr,182,Ukraine,Ukraine,European Region,2012,19.74,20.2638387425,18.2658485346,22.2821634397,ensemble_top4,,,,,,
mmr,182,Ukraine,Ukraine,European Region,2013,19.5,19.3913262664,17.3733134496,21.3832617001,ensemble_top4,,,,,,
mmr,182,Ukraine,Ukraine,European Region,2014,18.73,18.574862846,16.5002938341,20.5916941899,ensemble_top4,,,,,,
mmr,182,Ukraine,Ukraine,European Region,2015,17.28,17.847507982,15.7892448878,19.8382909298,ensemble_top4,,,,,,
mmr,182,Ukraine,Ukraine,European Region,2016,16.5,17.1317695092,15.2131744812,19.1524630882,ensemble_top4,,,,,,
mmr,182,Ukraine,Ukraine,European Region,2017,16.02,16.4561959603,14.4394439466,18.7025826359,ensemble_top4,,,,,,
mmr,182,Ukraine,Ukraine,European Region,2018,16.17,15.7846733975,13.7741738669,18.1595277755,ensemble_top4,,,,,,
mmr,182,Ukraine,Ukraine,European Region,2019,15.79,15.1585374512,12.9414988915,17.6518058556,ensemble_top4,,,,,,
mmr,182,Ukraine,Ukraine,European Region,2020,17.97,14.5189351749,12.2953316861,17.2687775028,ensemble_top4,3.4510648251,0.701222497157,5.67466831393,3.4510648251,1.23769407216,0.21325002915
mmr,182,Ukraine,Ukraine,European Region,2021,25.86,13.8424709111,11.5123200662,16.8456560799,ensemble_top4,12.0175290889,9.01434392008,14.3476799338,12.0175290889,1.86816357904,0.624955905053
mmr,182,Ukraine,Ukraine,European Region,2022,15.52,13.095738438,10.6857196608,16.4776881299,ensemble_top4,2.424261562,0,4.83428033923,2.424261562,1.18511835537,0.169842647549
mmr,182,Ukraine,Ukraine,European Region,2023,14.95,12.4028941983,9.94810713375,16.4039478716,ensemble_top4,2.5471058017,0,5.00189286625,2.5471058017,1.20536382565,0.186781451371
mmr,183,United Arab Emirates,United Arab Emirates,Eastern Mediterranean,2000,8.31,8.31,8.31,8.31,ranked_top1_fallback,,,,,,
mmr,183,United Arab Emirates,United Arab Emirates,Eastern Mediterranean,2001,6.71,6.67483440689,6.3678686546,6.97973837785,ranked_top1_fallback,,,,,,
mmr,183,United Arab Emirates,United Arab Emirates,Eastern Mediterranean,2002,5.49,5.57482017356,5.32853951995,5.83286771452,ranked_top1_fallback,,,,,,
mmr,183,United Arab Emirates,United Arab Emirates,Eastern Mediterranean,2003,4.69,4.67216388632,4.42116196515,4.91813159108,ranked_top1_fallback,,,,,,
mmr,183,United Arab Emirates,United Arab Emirates,Eastern Mediterranean,2004,4.13,4.04026545369,3.79596355493,4.27261291679,ranked_top1_fallback,,,,,,
mmr,183,United Arab Emirates,United Arab Emirates,Eastern Mediterranean,2005,3.75,3.63059832346,3.3975253885,3.8696997408,ranked_top1_fallback,,,,,,
mmr,183,United Arab Emirates,United Arab Emirates,Eastern Mediterranean,2006,3.36,3.39707295761,3.16376004882,3.6278656588,ranked_top1_fallback,,,,,,
mmr,183,United Arab Emirates,United Arab Emirates,Eastern Mediterranean,2007,3.13,3.29484652338,3.05532313659,3.53218998472,ranked_top1_fallback,,,,,,
mmr,183,United Arab Emirates,United Arab Emirates,Eastern Mediterranean,2008,3.15,3.2876686848,3.04730535766,3.52287061981,ranked_top1_fallback,,,,,,
mmr,183,United Arab Emirates,United Arab Emirates,Eastern Mediterranean,2009,3.38,3.33092909717,3.10204365974,3.56254919242,ranked_top1_fallback,,,,,,
mmr,183,United Arab Emirates,United Arab Emirates,Eastern Mediterranean,2010,3.48,3.3946265357,3.16431203687,3.62662548629,ranked_top1_fallback,,,,,,
mmr,183,United Arab Emirates,United Arab Emirates,Eastern Mediterranean,2011,3.52,3.45686164663,3.22773243938,3.6984313857,ranked_top1_fallback,,,,,,
mmr,183,United Arab Emirates,United Arab Emirates,Eastern Mediterranean,2012,3.58,3.49594169588,3.25727638111,3.73372677677,ranked_top1_fallback,,,,,,
mmr,183,United Arab Emirates,United Arab Emirates,Eastern Mediterranean,2013,3.56,3.49820265029,3.26444831209,3.73528142118,ranked_top1_fallback,,,,,,
mmr,183,United Arab Emirates,United Arab Emirates,Eastern Mediterranean,2014,3.4,3.4535158258,3.21720833925,3.6875365108,ranked_top1_fallback,,,,,,
mmr,183,United Arab Emirates,United Arab Emirates,Eastern Mediterranean,2015,3.25,3.35427813552,3.11544258981,3.59368034324,ranked_top1_fallback,,,,,,
mmr,183,United Arab Emirates,United Arab Emirates,Eastern Mediterranean,2016,3.12,3.20980877184,2.97615869102,3.44797998221,ranked_top1_fallback,,,,,,
mmr,183,United Arab Emirates,United Arab Emirates,Eastern Mediterranean,2017,2.97,3.02633639659,2.790539687,3.25650458584,ranked_top1_fallback,,,,,,
mmr,183,United Arab Emirates,United Arab Emirates,Eastern Mediterranean,2018,2.8,2.80381200358,2.56703737659,3.04307095578,ranked_top1_fallback,,,,,,
mmr,183,United Arab Emirates,United Arab Emirates,Eastern Mediterranean,2019,2.72,2.57241353417,2.32038663128,2.81618927601,ranked_top1_fallback,,,,,,
mmr,183,United Arab Emirates,United Arab Emirates,Eastern Mediterranean,2020,6.46,2.32323888291,2.05469406743,2.59432010512,ranked_top1_fallback,4.13676111709,3.86567989488,4.40530593257,4.13676111709,2.78060084459,1.0226670355
mmr,183,United Arab Emirates,United Arab Emirates,Eastern Mediterranean,2021,6.39,2.0817511956,1.79190243509,2.37193914921,ranked_top1_fallback,4.3082488044,4.01806085079,4.59809756491,4.3082488044,3.06953108205,1.12152480793
mmr,183,United Arab Emirates,United Arab Emirates,Eastern Mediterranean,2022,2.42,1.84032130155,1.53269355426,2.14582386813,ranked_top1_fallback,0.579678698447,0.274176131874,0.887306445736,0.579678698447,1.3149877676,0.273827363383
mmr,183,United Arab Emirates,United Arab Emirates,Eastern Mediterranean,2023,2.54,1.61273574629,1.30622677798,1.94047684607,ranked_top1_fallback,0.92726425371,0.599523153926,1.23377322202,0.92726425371,1.57496353996,0.454232122779
mmr,184,United Kingdom,United Kingdom of Great Britain and Northern Ireland,European Region,2000,12.04,12.04,11.04,12.04,ensemble_top4,,,,,,
mmr,184,United Kingdom,United Kingdom of Great Britain and Northern Ireland,European Region,2001,12.54,12.4237161388,11.6289765315,13.2699491661,ensemble_top4,,,,,,
mmr,184,United Kingdom,United Kingdom of Great Britain and Northern Ireland,European Region,2002,13.2,13.2225657225,12.0934403569,14.0807316383,ensemble_top4,,,,,,
mmr,184,United Kingdom,United Kingdom of Great Britain and Northern Ireland,European Region,2003,13.56,13.3096934774,11.7351798143,14.078399563,ensemble_top4,,,,,,
mmr,184,United Kingdom,United Kingdom of Great Britain and Northern Ireland,European Region,2004,13.1,12.8917827398,11.2420349896,13.6899982497,ensemble_top4,,,,,,
mmr,184,United Kingdom,United Kingdom of Great Britain and Northern Ireland,European Region,2005,12.3,12.3216018144,10.6095224539,13.1391349686,ensemble_top4,,,,,,
mmr,184,United Kingdom,United Kingdom of Great Britain and Northern Ireland,European Region,2006,11.75,11.7166498854,10.0727047292,12.52597915,ensemble_top4,,,,,,
mmr,184,United Kingdom,United Kingdom of Great Britain and Northern Ireland,European Region,2007,11.14,11.1000378545,9.53015967072,11.8534963028,ensemble_top4,,,,,,
mmr,184,United Kingdom,United Kingdom of Great Britain and Northern Ireland,European Region,2008,11.09,10.5293296437,9.07378059798,11.3008278671,ensemble_top4,,,,,,
mmr,184,United Kingdom,United Kingdom of Great Britain and Northern Ireland,European Region,2009,10.56,10.1937376362,8.68143582293,11.0186111749,ensemble_top4,,,,,,
mmr,184,United Kingdom,United Kingdom of Great Britain and Northern Ireland,European Region,2010,10.22,9.81569567218,8.39739099104,10.5896144828,ensemble_top4,,,,,,
mmr,184,United Kingdom,United Kingdom of Great Britain and Northern Ireland,European Region,2011,9.67,9.49816183108,8.12583249771,10.2649974832,ensemble_top4,,,,,,
mmr,184,United Kingdom,United Kingdom of Great Britain and Northern Ireland,European Region,2012,8.93,9.26479947493,8.03505466014,10.0173720212,ensemble_top4,,,,,,
mmr,184,United Kingdom,United Kingdom of Great Britain and Northern Ireland,European Region,2013,8.71,9.09724361491,7.91273853898,9.82809191548,ensemble_top4,,,,,,
mmr,184,United Kingdom,United Kingdom of Great Britain and Northern Ireland,European Region,2014,8.98,8.97232527807,7.88687256272,9.72872977088,ensemble_top4,,,,,,
mmr,184,United Kingdom,United Kingdom of Great Britain and Northern Ireland,European Region,2015,9.15,8.92597878846,7.86865768291,9.68103382211,ensemble_top4,,,,,,
mmr,184,United Kingdom,United Kingdom of Great Britain and Northern Ireland,European Region,2016,9.41,8.92303865756,7.89755391072,9.6573410846,ensemble_top4,,,,,,
mmr,184,United Kingdom,United Kingdom of Great Britain and Northern Ireland,European Region,2017,9.15,8.95308675034,7.97337882784,9.70742976326,ensemble_top4,,,,,,
mmr,184,United Kingdom,United Kingdom of Great Britain and Northern Ireland,European Region,2018,9.36,9.02423378028,8.02193043369,9.81057971886,ensemble_top4,,,,,,
mmr,184,United Kingdom,United Kingdom of Great Britain and Northern Ireland,European Region,2019,9.09,9.12060275955,8.12427931367,10.0231954183,ensemble_top4,,,,,,
mmr,184,United Kingdom,United Kingdom of Great Britain and Northern Ireland,European Region,2020,13.54,9.21522154356,8.24229642865,10.3553826667,ensemble_top4,4.32477845644,3.18461733332,5.29770357135,4.32477845644,1.46930813719,0.384791635028
mmr,184,United Kingdom,United Kingdom of Great Britain and Northern Ireland,European Region,2021,12.92,9.32105211752,8.32272684751,10.8834586596,ensemble_top4,3.59894788248,2.0365413404,4.59727315249,3.59894788248,1.38610961908,0.326500987882
mmr,184,United Kingdom,United Kingdom of Great Britain and Northern Ireland,European Region,2022,15.17,9.41255258762,8.41156988409,11.4755235747,ensemble_top4,5.75744741238,3.69447642527,6.75843011591,5.75744741238,1.61167758255,0.477275613252
mmr,184,United Kingdom,United Kingdom of Great Britain and Northern Ireland,European Region,2023,8.31,9.51293914976,8.51052098693,12.1867927011,ensemble_top4,0,0,0,-1.20293914976,0.873547057242,-0.135193278802
mmr,185,Tanzania,United Republic of Tanzania,African Region,2000,567.5,567.5,567.5,567.5,ensemble_top4,,,,,,
mmr,185,Tanzania,United Republic of Tanzania,African Region,2001,492.6,434.877534784,288.588224164,531.465677137,ensemble_top4,,,,,,
mmr,185,Tanzania,United Republic of Tanzania,African Region,2002,453.5,421.66624612,306.855717387,522.613261199,ensemble_top4,,,,,,
mmr,185,Tanzania,United Republic of Tanzania,African Region,2003,396.9,405.868989973,306.015551246,519.726952581,ensemble_top4,,,,,,
mmr,185,Tanzania,United Republic of Tanzania,African Region,2004,365.3,402.416544191,304.989752705,548.915980099,ensemble_top4,,,,,,
mmr,185,Tanzania,United Republic of Tanzania,African Region,2005,349.7,412.854717753,310.67747782,601.902961193,ensemble_top4,,,,,,
mmr,185,Tanzania,United Republic of Tanzania,African Region,2006,365.8,430.464949503,329.427246397,590.621342649,ensemble_top4,,,,,,
mmr,185,Tanzania,United Republic of Tanzania,African Region,2007,452.8,451.552236087,351.624734064,581.662418659,ensemble_top4,,,,,,
mmr,185,Tanzania,United Republic of Tanzania,African Region,2008,510.5,466.390979804,360.040928007,575.596798339,ensemble_top4,,,,,,
mmr,185,Tanzania,United Republic of Tanzania,African Region,2009,501.8,475.025770122,360.62236556,568.419073088,ensemble_top4,,,,,,
mmr,185,Tanzania,United Republic of Tanzania,African Region,2010,486,478.572806073,355.271789052,568.743451943,ensemble_top4,,,,,,
mmr,185,Tanzania,United Republic of Tanzania,African Region,2011,474.6,474.330957444,345.724547617,563.913052692,ensemble_top4,,,,,,
mmr,185,Tanzania,United Republic of Tanzania,African Region,2012,448,463.521811937,338.774435517,550.62777066,ensemble_top4,,,,,,
mmr,185,Tanzania,United Republic of Tanzania,African Region,2013,479.1,448.261444196,324.840251874,535.455752865,ensemble_top4,,,,,,
mmr,185,Tanzania,United Republic of Tanzania,African Region,2014,453.6,428.592570512,314.615509085,516.832464097,ensemble_top4,,,,,,
mmr,185,Tanzania,United Republic of Tanzania,African Region,2015,433.2,404.540168585,300.278892266,503.939826334,ensemble_top4,,,,,,
mmr,185,Tanzania,United Republic of Tanzania,African Region,2016,395.5,382.048659212,283.412689213,489.766299953,ensemble_top4,,,,,,
mmr,185,Tanzania,United Republic of Tanzania,African Region,2017,345.3,357.044578009,262.08723307,483.656626575,ensemble_top4,,,,,,
mmr,185,Tanzania,United Republic of Tanzania,African Region,2018,318.9,332.841431262,237.519269975,468.336856179,ensemble_top4,,,,,,
mmr,185,Tanzania,United Republic of Tanzania,African Region,2019,291.7,308.640754747,210.680422153,463.197275724,ensemble_top4,,,,,,
mmr,185,Tanzania,United Republic of Tanzania,African Region,2020,159.9,286.060786715,189.319604964,453.892490341,ensemble_top4,0,0,0,-126.160786715,0.558972104623,-0.581655709357
mmr,185,Tanzania,United Republic of Tanzania,African Region,2021,162.1,267.181348026,162.690811432,451.958511768,ensemble_top4,0,0,0,-105.081348026,0.606704027799,-0.499714205191
mmr,185,Tanzania,United Republic of Tanzania,African Region,2022,151.7,246.828914223,140.668449323,440.743322754,ensemble_top4,0,0,11.0315506767,-95.1289142232,0.61459574328,-0.48679055531
mmr,185,Tanzania,United Republic of Tanzania,African Region,2023,275.8,232.752261809,119.22546266,435.448718558,ensemble_top4,43.0477381914,0,156.57453734,43.0477381914,1.18495089095,0.169701331489
mmr,186,USA,United States of America,Region of the Americas,2000,12.09,12.09,12.09,12.09,ensemble_top4,,,,,,
mmr,186,USA,United States of America,Region of the Americas,2001,12.66,12.7125917897,12.200472062,13.2313439232,ensemble_top4,,,,,,
mmr,186,USA,United States of America,Region of the Americas,2002,12.98,12.9083440334,12.4140679449,13.4044212733,ensemble_top4,,,,,,
mmr,186,USA,United States of America,Region of the Americas,2003,13.32,13.037367801,12.5231897523,13.5463631125,ensemble_top4,,,,,,
mmr,186,USA,United States of America,Region of the Americas,2004,13.22,13.2017360376,12.7118079235,13.6823777774,ensemble_top4,,,,,,
mmr,186,USA,United States of America,Region of the Americas,2005,13.36,13.3655320213,12.8909400727,13.8665262238,ensemble_top4,,,,,,
mmr,186,USA,United States of America,Region of the Americas,2006,13.48,13.5443749531,13.0107651808,14.0247257234,ensemble_top4,,,,,,
mmr,186,USA,United States of America,Region of the Americas,2007,13.49,13.7612653,13.1404402274,14.2644355216,ensemble_top4,,,,,,
mmr,186,USA,United States of America,Region of the Americas,2008,13.85,14.0233439665,13.1637624825,14.5326215078,ensemble_top4,,,,,,
mmr,186,USA,United States of America,Region of the Americas,2009,14.6,14.3537404437,13.5187598566,14.8657929383,ensemble_top4,,,,,,
mmr,186,USA,United States of America,Region of the Americas,2010,14.58,14.7705538296,14.2336651605,15.2417418533,ensemble_top4,,,,,,
mmr,186,USA,United States of America,Region of the Americas,2011,15.34,15.2123157509,14.7262171072,15.6929360896,ensemble_top4,,,,,,
mmr,186,USA,United States of America,Region of the Americas,2012,15.68,15.6910306422,15.2029380844,16.177445644,ensemble_top4,,,,,,
mmr,186,USA,United States of America,Region of the Americas,2013,16.06,16.1932008834,15.703873132,16.6768606161,ensemble_top4,,,,,,
mmr,186,USA,United States of America,Region of the Americas,2014,16.54,16.6726122467,16.1836017673,17.1701557438,ensemble_top4,,,,,,
mmr,186,USA,United States of America,Region of the Americas,2015,17.02,17.1108899476,16.6027207926,17.5980358584,ensemble_top4,,,,,,
mmr,186,USA,United States of America,Region of the Americas,2016,17.79,17.4551693159,16.9599809753,17.9463169535,ensemble_top4,,,,,,
mmr,186,USA,United States of America,Region of the Americas,2017,17.86,17.653975777,17.170157615,18.1489945442,ensemble_top4,,,,,,
mmr,186,USA,United States of America,Region of the Americas,2018,17.55,17.6979858159,17.195341067,18.1935541463,ensemble_top4,,,,,,
mmr,186,USA,United States of America,Region of the Americas,2019,17.52,17.6028673035,17.071989055,18.1384182258,ensemble_top4,,,,,,
mmr,186,USA,United States of America,Region of the Americas,2020,22.46,17.3461641595,16.7888832636,17.9564546635,ensemble_top4,5.11383584046,4.5035453365,5.67111673645,5.11383584046,1.29481076009,0.258364553266
mmr,186,USA,United States of America,Region of the Americas,2021,31.21,16.9810442044,16.3795747527,17.6856273893,ensemble_top4,14.2289557956,13.5243726107,14.8304252473,14.2289557956,1.83793173284,0.608640881153
mmr,186,USA,United States of America,Region of the Americas,2022,20.04,16.5342050044,15.894301283,17.3671962587,ensemble_top4,3.50579499557,2.67280374125,4.14569871698,3.50579499557,1.21203287335,0.192299010502
mmr,186,USA,United States of America,Region of the Americas,2023,16.63,16.0511896044,15.4073729698,16.9465513442,ensemble_top4,0.578810395569,0,1.22262703018,0.578810395569,1.03606028026,0.0354253277193
mmr,187,Uruguay,Uruguay,Region of the Americas,2000,23.47,23.47,22.47,23.47,ensemble_top4,,,,,,
mmr,187,Uruguay,Uruguay,Region of the Americas,2001,24.01,24.1174821797,23.4544637605,27.1674866733,ensemble_top4,,,,,,
mmr,187,Uruguay,Uruguay,Region of the Americas,2002,23.32,23.4077493738,22.5441335416,26.0525205861,ensemble_top4,,,,,,
mmr,187,Uruguay,Uruguay,Region of the Americas,2003,22.56,22.5845527177,21.9918888151,24.7690090214,ensemble_top4,,,,,,
mmr,187,Uruguay,Uruguay,Region of the Americas,2004,21.42,21.661427623,21.0547591597,23.4520759746,ensemble_top4,,,,,,
mmr,187,Uruguay,Uruguay,Region of the Americas,2005,20.32,20.6672122828,20.097941295,22.2403497317,ensemble_top4,,,,,,
mmr,187,Uruguay,Uruguay,Region of the Americas,2006,19.68,19.75577769,19.1769566665,21.1467298274,ensemble_top4,,,,,,
mmr,187,Uruguay,Uruguay,Region of the Americas,2007,18.94,18.9146247834,18.3198493777,20.2063453273,ensemble_top4,,,,,,
mmr,187,Uruguay,Uruguay,Region of the Americas,2008,18.62,18.2986727239,17.7316706431,19.3976013759,ensemble_top4,,,,,,
mmr,187,Uruguay,Uruguay,Region of the Americas,2009,17.64,17.7841364482,17.2213823633,18.7420242692,ensemble_top4,,,,,,
mmr,187,Uruguay,Uruguay,Region of the Americas,2010,17.22,17.3206188915,16.7574931153,18.2139821904,ensemble_top4,,,,,,
mmr,187,Uruguay,Uruguay,Region of the Americas,2011,16.63,16.9495003022,16.4050652936,17.7896358364,ensemble_top4,,,,,,
mmr,187,Uruguay,Uruguay,Region of the Americas,2012,16.49,16.669001152,16.1101682161,17.4292758634,ensemble_top4,,,,,,
mmr,187,Uruguay,Uruguay,Region of the Americas,2013,16.22,16.4602062497,15.9015721536,17.1718967728,ensemble_top4,,,,,,
mmr,187,Uruguay,Uruguay,Region of the Americas,2014,16.32,16.3113255899,15.7577423122,16.9668770651,ensemble_top4,,,,,,
mmr,187,Uruguay,Uruguay,Region of the Americas,2015,15.98,16.2176111244,15.6658896793,16.7892417322,ensemble_top4,,,,,,
mmr,187,Uruguay,Uruguay,Region of the Americas,2016,16.14,16.1534210933,15.6106463458,16.7085609572,ensemble_top4,,,,,,
mmr,187,Uruguay,Uruguay,Region of the Americas,2017,16.41,16.1118140148,15.5863758119,16.650784969,ensemble_top4,,,,,,
mmr,187,Uruguay,Uruguay,Region of the Americas,2018,15.98,16.0866408262,15.5612647469,16.6389743409,ensemble_top4,,,,,,
mmr,187,Uruguay,Uruguay,Region of the Americas,2019,15.94,16.0722570496,15.5311412241,16.631720043,ensemble_top4,,,,,,
mmr,187,Uruguay,Uruguay,Region of the Americas,2020,19.56,16.0400564206,15.4735024045,16.6283395795,ensemble_top4,3.51994357944,2.93166042054,4.08649759553,3.51994357944,1.21944708218,0.198397544683
mmr,187,Uruguay,Uruguay,Region of the Americas,2021,49.47,16.0154605525,15.3923833352,16.6729816193,ensemble_top4,33.4545394475,32.7970183807,34.0776166648,33.4545394475,3.08889025314,1.12781188502
mmr,187,Uruguay,Uruguay,Region of the Americas,2022,19.75,15.9601293889,15.24225379,16.6630638327,ensemble_top4,3.78987061109,3.0869361673,4.50774621,3.78987061109,1.23745863951,0.213059792284
mmr,187,Uruguay,Uruguay,Region of the Americas,2023,15.31,15.910990332,14.9393938138,16.6949187362,ensemble_top4,0,0,0.370606186243,-0.600990331997,0.962227974535,-0.0385038766258
mmr,188,Uzbekistan,Uzbekistan,European Region,2000,42.37,42.37,41.37,42.37,ensemble_top4,,,,,,
mmr,188,Uzbekistan,Uzbekistan,European Region,2001,41.78,41.6974979089,40.2869455046,43.3846834453,ensemble_top4,,,,,,
mmr,188,Uzbekistan,Uzbekistan,European Region,2002,40.6,41.0629069703,39.7451434793,42.8654543069,ensemble_top4,,,,,,
mmr,188,Uzbekistan,Uzbekistan,European Region,2003,39.97,40.3091374825,38.9940788985,42.1258564621,ensemble_top4,,,,,,
mmr,188,Uzbekistan,Uzbekistan,European Region,2004,39.44,39.4896802493,38.178164032,41.3039792724,ensemble_top4,,,,,,
mmr,188,Uzbekistan,Uzbekistan,European Region,2005,39.45,38.632946466,37.3548067486,40.4474286113,ensemble_top4,,,,,,
mmr,188,Uzbekistan,Uzbekistan,European Region,2006,38.43,37.7973566118,36.5208368712,39.4815954094,ensemble_top4,,,,,,
mmr,188,Uzbekistan,Uzbekistan,European Region,2007,36.52,36.9375880999,35.6893031313,38.6111609879,ensemble_top4,,,,,,
mmr,188,Uzbekistan,Uzbekistan,European Region,2008,35.31,36.1283004724,34.8504403671,37.6458560092,ensemble_top4,,,,,,
mmr,188,Uzbekistan,Uzbekistan,European Region,2009,34.08,35.3375731583,34.083132849,36.7767059079,ensemble_top4,,,,,,
mmr,188,Uzbekistan,Uzbekistan,European Region,2010,34.01,34.5695159327,33.2824929258,35.9228277807,ensemble_top4,,,,,,
mmr,188,Uzbekistan,Uzbekistan,European Region,2011,33.42,33.8336474364,32.5221208727,35.1369008784,ensemble_top4,,,,,,
mmr,188,Uzbekistan,Uzbekistan,European Region,2012,32.78,33.144512282,31.8465354402,34.407876191,ensemble_top4,,,,,,
mmr,188,Uzbekistan,Uzbekistan,European Region,2013,32.25,32.5667592235,31.3325438236,33.7712467706,ensemble_top4,,,,,,
mmr,188,Uzbekistan,Uzbekistan,European Region,2014,31.74,31.9269152333,30.7120101804,33.1290940583,ensemble_top4,,,,,,
mmr,188,Uzbekistan,Uzbekistan,European Region,2015,31.18,31.3111376133,30.0709258949,32.5151552461,ensemble_top4,,,,,,
mmr,188,Uzbekistan,Uzbekistan,European Region,2016,30.57,30.7129496015,29.4621035398,31.9969729691,ensemble_top4,,,,,,
mmr,188,Uzbekistan,Uzbekistan,European Region,2017,30.07,30.1776234709,28.8141788256,31.5248161134,ensemble_top4,,,,,,
mmr,188,Uzbekistan,Uzbekistan,European Region,2018,29.18,29.6614272123,28.2072672439,31.1554442565,ensemble_top4,,,,,,
mmr,188,Uzbekistan,Uzbekistan,European Region,2019,29.21,29.2010359413,27.6723528791,30.9487336684,ensemble_top4,,,,,,
mmr,188,Uzbekistan,Uzbekistan,European Region,2020,28.69,28.7211732471,27.005368919,31.0217740383,ensemble_top4,0,0,1.68463108095,-0.031173247097,0.998914624872,-0.0010859645744
mmr,188,Uzbekistan,Uzbekistan,European Region,2021,27.92,28.3024387242,26.4130701856,31.3610444378,ensemble_top4,0,0,1.50692981443,-0.382438724189,0.986487428595,-0.0136046970419
mmr,188,Uzbekistan,Uzbekistan,European Region,2022,27.4,27.8763064942,25.7933882282,32.1808959557,ensemble_top4,0,0,1.60661177178,-0.476306494214,0.982913572345,-0.0172340850355
mmr,188,Uzbekistan,Uzbekistan,European Region,2023,26.46,27.5176857943,25.2791146943,33.4477640724,ensemble_top4,0,0,1.18088530573,-1.05768579427,0.961563417717,-0.0391947590644
mmr,189,Vanuatu,Vanuatu,Western Pacific Region,2000,133.5,133.5,132.5,133.5,ensemble_top4,,,,,,
mmr,189,Vanuatu,Vanuatu,Western Pacific Region,2001,131.8,132.52921309,127.847883536,158.651855616,ensemble_top4,,,,,,
mmr,189,Vanuatu,Vanuatu,Western Pacific Region,2002,128,131.944504489,127.204485575,162.169271818,ensemble_top4,,,,,,
mmr,189,Vanuatu,Vanuatu,Western Pacific Region,2003,131.2,130.7884012,126.150309469,161.402428086,ensemble_top4,,,,,,
mmr,189,Vanuatu,Vanuatu,Western Pacific Region,2004,130.8,128.789390279,124.146257065,158.663551134,ensemble_top4,,,,,,
mmr,189,Vanuatu,Vanuatu,Western Pacific Region,2005,127,126.266194945,121.79160383,154.798780399,ensemble_top4,,,,,,
mmr,189,Vanuatu,Vanuatu,Western Pacific Region,2006,123,123.727212287,119.373219517,150.426215236,ensemble_top4,,,,,,
mmr,189,Vanuatu,Vanuatu,Western Pacific Region,2007,119.8,121.139135794,116.873382329,146.121217938,ensemble_top4,,,,,,
mmr,189,Vanuatu,Vanuatu,Western Pacific Region,2008,116.8,118.696775452,114.306986277,142.145249732,ensemble_top4,,,,,,
mmr,189,Vanuatu,Vanuatu,Western Pacific Region,2009,114,116.449988895,112.148146529,138.500867345,ensemble_top4,,,,,,
mmr,189,Vanuatu,Vanuatu,Western Pacific Region,2010,114.4,114.46002179,110.296816439,135.13591151,ensemble_top4,,,,,,
mmr,189,Vanuatu,Vanuatu,Western Pacific Region,2011,111.8,112.979243055,108.617009019,132.073653983,ensemble_top4,,,,,,
mmr,189,Vanuatu,Vanuatu,Western Pacific Region,2012,109.3,111.715870497,107.305810694,129.378800192,ensemble_top4,,,,,,
mmr,189,Vanuatu,Vanuatu,Western Pacific Region,2013,110.3,110.705270324,106.157325742,127.000001981,ensemble_top4,,,,,,
mmr,189,Vanuatu,Vanuatu,Western Pacific Region,2014,110.5,109.836536948,105.1403433,124.609548826,ensemble_top4,,,,,,
mmr,189,Vanuatu,Vanuatu,Western Pacific Region,2015,109.3,109.292882119,104.545701556,122.305420431,ensemble_top4,,,,,,
mmr,189,Vanuatu,Vanuatu,Western Pacific Region,2016,107.3,108.733397313,104.151028632,120.454207321,ensemble_top4,,,,,,
mmr,189,Vanuatu,Vanuatu,Western Pacific Region,2017,107.4,108.142691035,103.564020111,118.827469789,ensemble_top4,,,,,,
mmr,189,Vanuatu,Vanuatu,Western Pacific Region,2018,107.5,107.577987941,103.023290592,116.971966409,ensemble_top4,,,,,,
mmr,189,Vanuatu,Vanuatu,Western Pacific Region,2019,105.2,107.123046036,101.628356437,115.209878576,ensemble_top4,,,,,,
mmr,189,Vanuatu,Vanuatu,Western Pacific Region,2020,107.1,106.703360729,99.497799656,113.561318402,ensemble_top4,0.396639270807,0,7.60220034404,0.396639270807,1.00371721442,0.00371032264864
mmr,189,Vanuatu,Vanuatu,Western Pacific Region,2021,124,106.483529424,96.6011501783,112.821784877,ensemble_top4,17.5164705763,11.1782151231,27.3988498217,17.5164705763,1.16449934249,0.152291245714
mmr,189,Vanuatu,Vanuatu,Western Pacific Region,2022,104.9,105.969471235,93.2685536913,113.460258824,ensemble_top4,0,0,11.6314463087,-1.06947123492,0.989907742084,-0.01014353001
mmr,189,Vanuatu,Vanuatu,Western Pacific Region,2023,100,105.337497137,90.069664058,114.800450652,ensemble_top4,0,0,9.93033594203,-5.33749713697,0.949329561818,-0.0519992679308
mmr,190,Venezuela,Venezuela (Bolivarian Republic of),Region of the Americas,2000,86.2,86.2,86.2,86.2,ensemble_top4,,,,,,
mmr,190,Venezuela,Venezuela (Bolivarian Republic of),Region of the Americas,2001,100.7,88.5427267315,71.844624563,109.516135948,ensemble_top4,,,,,,
mmr,190,Venezuela,Venezuela (Bolivarian Republic of),Region of the Americas,2002,87.32,91.435538517,75.5794126119,109.873915668,ensemble_top4,,,,,,
mmr,190,Venezuela,Venezuela (Bolivarian Republic of),Region of the Americas,2003,96.98,93.6894981791,77.9006368868,110.217771683,ensemble_top4,,,,,,
mmr,190,Venezuela,Venezuela (Bolivarian Republic of),Region of the Americas,2004,93.56,95.3171313761,79.593843906,111.446974472,ensemble_top4,,,,,,
mmr,190,Venezuela,Venezuela (Bolivarian Republic of),Region of the Americas,2005,92.52,96.873975867,81.1274900158,112.735040617,ensemble_top4,,,,,,
mmr,190,Venezuela,Venezuela (Bolivarian Republic of),Region of the Americas,2006,95.8,97.9769843845,81.5539342793,113.647334503,ensemble_top4,,,,,,
mmr,190,Venezuela,Venezuela (Bolivarian Republic of),Region of the Americas,2007,91.59,99.2886489088,82.4674223445,115.052562121,ensemble_top4,,,,,,
mmr,190,Venezuela,Venezuela (Bolivarian Republic of),Region of the Americas,2008,103.3,100.715732116,84.0899187646,116.361115193,ensemble_top4,,,,,,
mmr,190,Venezuela,Venezuela (Bolivarian Republic of),Region of the Americas,2009,108.6,102.219632963,85.8442348262,118.522562957,ensemble_top4,,,,,,
mmr,190,Venezuela,Venezuela (Bolivarian Republic of),Region of the Americas,2010,109.5,104.572103076,88.2904554083,120.375499438,ensemble_top4,,,,,,
mmr,190,Venezuela,Venezuela (Bolivarian Republic of),Region of the Americas,2011,104.1,107.491297055,91.1603252502,123.239387253,ensemble_top4,,,,,,
mmr,190,Venezuela,Venezuela (Bolivarian Republic of),Region of the Americas,2012,112.9,112.100886611,95.3773236705,128.614738193,ensemble_top4,,,,,,
mmr,190,Venezuela,Venezuela (Bolivarian Republic of),Region of the Americas,2013,122.7,120.018111831,102.075666915,138.884462355,ensemble_top4,,,,,,
mmr,190,Venezuela,Venezuela (Bolivarian Republic of),Region of the Americas,2014,132.6,131.872978494,108.973356811,157.710499158,ensemble_top4,,,,,,
mmr,190,Venezuela,Venezuela (Bolivarian Republic of),Region of the Americas,2015,136.3,147.952453928,119.353023886,186.461358627,ensemble_top4,,,,,,
mmr,190,Venezuela,Venezuela (Bolivarian Republic of),Region of the Americas,2016,162.2,166.83716552,136.032637459,212.628352484,ensemble_top4,,,,,,
mmr,190,Venezuela,Venezuela (Bolivarian Republic of),Region of the Americas,2017,194.9,186.467841237,160.437266147,223.078823431,ensemble_top4,,,,,,
mmr,190,Venezuela,Venezuela (Bolivarian Republic of),Region of the Americas,2018,204.6,198.68199668,177.812771205,217.629332032,ensemble_top4,,,,,,
mmr,190,Venezuela,Venezuela (Bolivarian Republic of),Region of the Americas,2019,202.2,201.924020056,154.197470662,223.330015921,ensemble_top4,,,,,,
mmr,190,Venezuela,Venezuela (Bolivarian Republic of),Region of the Americas,2020,206.5,193.210056967,128.397385989,224.124402277,ensemble_top4,13.2899430327,0,78.1026140113,13.2899430327,1.06878494443,0.0665224372812
mmr,190,Venezuela,Venezuela (Bolivarian Republic of),Region of the Americas,2021,250.7,173.745367544,110.743520456,219.599845948,ensemble_top4,76.9546324558,31.1001540519,139.956479544,76.9546324558,1.44291616832,0.366666182691
mmr,190,Venezuela,Venezuela (Bolivarian Republic of),Region of the Americas,2022,218.9,153.488596867,99.4373339781,209.954668411,ensemble_top4,65.4114031329,8.94533158854,119.462666022,65.4114031329,1.42616457814,0.354988727772
mmr,190,Venezuela,Venezuela (Bolivarian Republic of),Region of the Americas,2023,226.7,138.622015275,94.7116425586,194.738070805,ensemble_top4,88.0779847253,31.961929195,131.988357441,88.0779847253,1.63538237091,0.491876643006
mmr,191,Viet Nam,Viet Nam,Western Pacific Region,2000,82.52,82.52,81.52,82.52,ensemble_top4,,,,,,
mmr,191,Viet Nam,Viet Nam,Western Pacific Region,2001,78.1,76.4879787554,73.7056689734,120.174933968,ensemble_top4,,,,,,
mmr,191,Viet Nam,Viet Nam,Western Pacific Region,2002,74.15,73.971427545,71.3899542387,76.3509398521,ensemble_top4,,,,,,
mmr,191,Viet Nam,Viet Nam,Western Pacific Region,2003,71.3,72.417851343,70.0412874732,74.7720849695,ensemble_top4,,,,,,
mmr,191,Viet Nam,Viet Nam,Western Pacific Region,2004,72.24,70.8452899062,68.6702356624,73.0834287252,ensemble_top4,,,,,,
mmr,191,Viet Nam,Viet Nam,Western Pacific Region,2005,69.27,69.3113075699,67.2677420924,71.5417040217,ensemble_top4,,,,,,
mmr,191,Viet Nam,Viet Nam,Western Pacific Region,2006,66.93,67.7985686975,65.8142383729,69.9889925863,ensemble_top4,,,,,,
mmr,191,Viet Nam,Viet Nam,Western Pacific Region,2007,65.8,66.3587889493,64.3818713561,68.5165647373,ensemble_top4,,,,,,
mmr,191,Viet Nam,Viet Nam,Western Pacific Region,2008,64.89,64.94785121,62.9730712177,67.2442810071,ensemble_top4,,,,,,
mmr,191,Viet Nam,Viet Nam,Western Pacific Region,2009,64.1,63.6688177398,61.599666976,65.8571119128,ensemble_top4,,,,,,
mmr,191,Viet Nam,Viet Nam,Western Pacific Region,2010,62.32,62.4416346663,60.2118600858,64.6054787214,ensemble_top4,,,,,,
mmr,191,Viet Nam,Viet Nam,Western Pacific Region,2011,61.06,61.3293088446,59.333958532,63.5183536077,ensemble_top4,,,,,,
mmr,191,Viet Nam,Viet Nam,Western Pacific Region,2012,60.42,60.3069263965,58.3431534235,62.3933001978,ensemble_top4,,,,,,
mmr,191,Viet Nam,Viet Nam,Western Pacific Region,2013,59.66,59.09073269,57.1251676962,61.1664492303,ensemble_top4,,,,,,
mmr,191,Viet Nam,Viet Nam,Western Pacific Region,2014,59.01,57.9211945623,56.0374224738,59.9849071317,ensemble_top4,,,,,,
mmr,191,Viet Nam,Viet Nam,Western Pacific Region,2015,57.63,56.7553388956,54.7725575082,58.7251383283,ensemble_top4,,,,,,
mmr,191,Viet Nam,Viet Nam,Western Pacific Region,2016,56.05,55.6035474665,53.6658077694,57.6391749356,ensemble_top4,,,,,,
mmr,191,Viet Nam,Viet Nam,Western Pacific Region,2017,54.73,54.5092777686,52.5500027989,56.5538114251,ensemble_top4,,,,,,
mmr,191,Viet Nam,Viet Nam,Western Pacific Region,2018,53.19,53.3995383039,51.4392149509,55.4694199396,ensemble_top4,,,,,,
mmr,191,Viet Nam,Viet Nam,Western Pacific Region,2019,52.2,52.3433918589,50.2801644957,54.4202777266,ensemble_top4,,,,,,
mmr,191,Viet Nam,Viet Nam,Western Pacific Region,2020,51.33,51.2923221792,49.2856417775,53.4571822196,ensemble_top4,0.0376778208363,0,2.04435822251,0.0376778208363,1.00073457038,0.000734300719945
mmr,191,Viet Nam,Viet Nam,Western Pacific Region,2021,52.24,50.252223768,48.1618684877,52.4713865668,ensemble_top4,1.98777623197,0,4.07813151231,1.98777623197,1.03955598545,0.038793684918
mmr,191,Viet Nam,Viet Nam,Western Pacific Region,2022,49.1,49.2271271903,47.0802692942,51.624992113,ensemble_top4,0,0,2.0197307058,-0.127127190308,0.997417537899,-0.00258580240826
mmr,191,Viet Nam,Viet Nam,Western Pacific Region,2023,47.61,48.2312236258,46.0855640145,50.7526689584,ensemble_top4,0,0,1.52443598548,-0.621223625839,0.98711988668,-0.01296378119
mmr,192,Yemen,Yemen,Eastern Mediterranean,2000,240.9,240.9,239.9,240.9,ensemble_top4,,,,,,
mmr,192,Yemen,Yemen,Eastern Mediterranean,2001,231.4,230.190068111,220.882400459,243.725485722,ensemble_top4,,,,,,
mmr,192,Yemen,Yemen,Eastern Mediterranean,2002,218.5,219.968134022,211.863535536,237.720487852,ensemble_top4,,,,,,
mmr,192,Yemen,Yemen,Eastern Mediterranean,2003,205.1,207.818218181,200.130111391,226.578094323,ensemble_top4,,,,,,
mmr,192,Yemen,Yemen,Eastern Mediterranean,2004,194.2,195.388748988,188.112089395,212.656310021,ensemble_top4,,,,,,
mmr,192,Yemen,Yemen,Eastern Mediterranean,2005,181.1,183.564433094,175.996613912,198.916023763,ensemble_top4,,,,,,
mmr,192,Yemen,Yemen,Eastern Mediterranean,2006,171,172.754803588,164.305467326,186.3976196,ensemble_top4,,,,,,
mmr,192,Yemen,Yemen,Eastern Mediterranean,2007,161.2,162.915789716,154.91858844,175.07597751,ensemble_top4,,,,,,
mmr,192,Yemen,Yemen,Eastern Mediterranean,2008,153.3,154.318741492,146.736481571,166.058248295,ensemble_top4,,,,,,
mmr,192,Yemen,Yemen,Eastern Mediterranean,2009,148.9,148.199777039,140.895364882,158.736728336,ensemble_top4,,,,,,
mmr,192,Yemen,Yemen,Eastern Mediterranean,2010,144.1,143.511630234,133.270204664,153.370899507,ensemble_top4,,,,,,
mmr,192,Yemen,Yemen,Eastern Mediterranean,2011,140,140.290249931,130.939728876,149.09980275,ensemble_top4,,,,,,
mmr,192,Yemen,Yemen,Eastern Mediterranean,2012,137.3,138.043232198,129.030859423,145.751754723,ensemble_top4,,,,,,
mmr,192,Yemen,Yemen,Eastern Mediterranean,2013,134.9,136.228306396,127.634230069,143.731206667,ensemble_top4,,,,,,
mmr,192,Yemen,Yemen,Eastern Mediterranean,2014,134.1,134.817823994,125.79064868,142.025479584,ensemble_top4,,,,,,
mmr,192,Yemen,Yemen,Eastern Mediterranean,2015,134.7,134.024860013,125.214912142,140.892287151,ensemble_top4,,,,,,
mmr,192,Yemen,Yemen,Eastern Mediterranean,2016,133.8,133.403549344,124.574239893,140.283791744,ensemble_top4,,,,,,
mmr,192,Yemen,Yemen,Eastern Mediterranean,2017,141.8,133.06886635,124.280301824,139.929487598,ensemble_top4,,,,,,
mmr,192,Yemen,Yemen,Eastern Mediterranean,2018,134.1,133.001778534,124.179129247,139.826464507,ensemble_top4,,,,,,
mmr,192,Yemen,Yemen,Eastern Mediterranean,2019,131.2,133.234789654,124.43524873,140.295241128,ensemble_top4,,,,,,
mmr,192,Yemen,Yemen,Eastern Mediterranean,2020,135,133.447036508,124.612800032,141.095343542,ensemble_top4,1.55296349161,0,10.3871999681,1.55296349161,1.0116373022,0.0115701095906
mmr,192,Yemen,Yemen,Eastern Mediterranean,2021,155.9,133.817877297,125.144246215,143.061945895,ensemble_top4,22.0821227033,12.838054105,30.7557537847,22.0821227033,1.16501623811,0.152735025212
mmr,192,Yemen,Yemen,Eastern Mediterranean,2022,125,134.315993153,125.85741248,145.681269281,ensemble_top4,0,0,0,-9.31599315315,0.930641221984,-0.0718814444171
mmr,192,Yemen,Yemen,Eastern Mediterranean,2023,118.4,134.692800027,126.309365612,149.3035093,ensemble_top4,0,0,0,-16.2928000267,0.879037335154,-0.12892790762
mmr,193,Zambia,Zambia,African Region,2000,340.2,340.2,340.2,340.2,ensemble_top4,,,,,,
mmr,193,Zambia,Zambia,African Region,2001,305.6,244.324272995,169.620036019,391.487570287,ensemble_top4,,,,,,
mmr,193,Zambia,Zambia,African Region,2002,273.7,268.147999927,196.233537231,368.118429855,ensemble_top4,,,,,,
mmr,193,Zambia,Zambia,African Region,2003,249.9,276.463517542,202.991015828,355.095569569,ensemble_top4,,,,,,
mmr,193,Zambia,Zambia,African Region,2004,259.6,273.016986353,201.44852389,343.54993306,ensemble_top4,,,,,,
mmr,193,Zambia,Zambia,African Region,2005,263.7,263.76704133,193.107324644,331.217146253,ensemble_top4,,,,,,
mmr,193,Zambia,Zambia,African Region,2006,262.2,269.349693874,188.705354487,360.699097362,ensemble_top4,,,,,,
mmr,193,Zambia,Zambia,African Region,2007,323.9,326.274854869,203.938264172,416.06322788,ensemble_top4,,,,,,
mmr,193,Zambia,Zambia,African Region,2008,393.6,379.591626628,291.152573595,459.06997779,ensemble_top4,,,,,,
mmr,193,Zambia,Zambia,African Region,2009,406.4,371.013038718,295.025442743,447.690088982,ensemble_top4,,,,,,
mmr,193,Zambia,Zambia,African Region,2010,331.7,336.536792677,265.166280237,406.428543216,ensemble_top4,,,,,,
mmr,193,Zambia,Zambia,African Region,2011,291.1,292.938881699,225.468372269,361.853269014,ensemble_top4,,,,,,
mmr,193,Zambia,Zambia,African Region,2012,255.9,253.609897215,186.706143515,321.287165465,ensemble_top4,,,,,,
mmr,193,Zambia,Zambia,African Region,2013,213.3,218.409326718,152.1368295,286.897836332,ensemble_top4,,,,,,
mmr,193,Zambia,Zambia,African Region,2014,173.7,188.37549153,124.941445333,256.658232172,ensemble_top4,,,,,,
mmr,193,Zambia,Zambia,African Region,2015,154.4,164.057987578,100.487496125,229.670817987,ensemble_top4,,,,,,
mmr,193,Zambia,Zambia,African Region,2016,158.1,143.290188727,80.2479734513,207.855408913,ensemble_top4,,,,,,
mmr,193,Zambia,Zambia,African Region,2017,141.4,124.95141941,60.5728415077,189.957083231,ensemble_top4,,,,,,
mmr,193,Zambia,Zambia,African Region,2018,117.2,110.594802119,46.1410381744,174.046758541,ensemble_top4,,,,,,
mmr,193,Zambia,Zambia,African Region,2019,102.8,97.2212711553,31.7676434236,158.832859393,ensemble_top4,,,,,,
mmr,193,Zambia,Zambia,African Region,2020,98.63,85.9378584572,23.2515049943,148.424119335,ensemble_top4,12.6921415428,0,75.3784950057,12.6921415428,1.14768975828,0.137751015976
mmr,193,Zambia,Zambia,African Region,2021,140.1,75.7347396319,9.55466720362,139.433232327,ensemble_top4,64.3652603681,0.666767672725,130.545332796,64.3652603681,1.8498776213,0.615119486253
mmr,193,Zambia,Zambia,African Region,2022,89.45,67.1754208219,2.21552549502,130.395496951,ensemble_top4,22.2745791781,0,87.234474505,22.2745791781,1.33158823429,0.286372390912
mmr,193,Zambia,Zambia,African Region,2023,85.45,60.1658162818,-0,122.583785959,ensemble_top4,25.2841837182,0,85.45,25.2841837182,1.42024168009,0.350827054378
mmr,194,Zimbabwe,Zimbabwe,African Region,2000,404.5,404.5,403.5,404.5,ensemble_top4,,,,,,
mmr,194,Zimbabwe,Zimbabwe,African Region,2001,467.4,435.672657923,312.181218823,674.070692426,ensemble_top4,,,,,,
mmr,194,Zimbabwe,Zimbabwe,African Region,2002,417.7,453.013690519,353.569647304,714.574529344,ensemble_top4,,,,,,
mmr,194,Zimbabwe,Zimbabwe,African Region,2003,454.9,456.314977356,366.518670343,673.744933022,ensemble_top4,,,,,,
mmr,194,Zimbabwe,Zimbabwe,African Region,2004,451.1,466.050538572,372.512143702,629.961528264,ensemble_top4,,,,,,
mmr,194,Zimbabwe,Zimbabwe,African Region,2005,453.7,484.118723631,389.645485162,610.224618001,ensemble_top4,,,,,,
mmr,194,Zimbabwe,Zimbabwe,African Region,2006,479.8,505.721182953,413.395657424,606.095566258,ensemble_top4,,,,,,
mmr,194,Zimbabwe,Zimbabwe,African Region,2007,519,527.416852506,443.540140939,608.244400782,ensemble_top4,,,,,,
mmr,194,Zimbabwe,Zimbabwe,African Region,2008,525.9,544.18261349,464.34526422,615.749419739,ensemble_top4,,,,,,
mmr,194,Zimbabwe,Zimbabwe,African Region,2009,539.5,551.96083942,464.363266386,625.086936665,ensemble_top4,,,,,,
mmr,194,Zimbabwe,Zimbabwe,African Region,2010,566.6,546.934132848,459.685187883,626.861788465,ensemble_top4,,,,,,
mmr,194,Zimbabwe,Zimbabwe,African Region,2011,564,534.625076671,450.274511376,613.788639862,ensemble_top4,,,,,,
mmr,194,Zimbabwe,Zimbabwe,African Region,2012,557.8,515.497851797,436.259565397,587.516839156,ensemble_top4,,,,,,
mmr,194,Zimbabwe,Zimbabwe,African Region,2013,525.2,490.929282696,412.486287096,566.33983616,ensemble_top4,,,,,,
mmr,194,Zimbabwe,Zimbabwe,African Region,2014,467.8,467.266999217,389.228263934,543.873320194,ensemble_top4,,,,,,
mmr,194,Zimbabwe,Zimbabwe,African Region,2015,427.9,445.76089111,365.363688638,524.244426812,ensemble_top4,,,,,,
mmr,194,Zimbabwe,Zimbabwe,African Region,2016,411.4,424.272880584,342.752361418,508.403512083,ensemble_top4,,,,,,
mmr,194,Zimbabwe,Zimbabwe,African Region,2017,389.3,402.977486602,309.810117153,496.851356684,ensemble_top4,,,,,,
mmr,194,Zimbabwe,Zimbabwe,African Region,2018,385.5,381.316471362,279.987532318,486.607432782,ensemble_top4,,,,,,
mmr,194,Zimbabwe,Zimbabwe,African Region,2019,387.6,358.489262251,249.962695795,480.914999065,ensemble_top4,,,,,,
mmr,194,Zimbabwe,Zimbabwe,African Region,2020,380,333.621032303,222.310369351,475.650318172,ensemble_top4,46.3789676971,0,157.689630649,46.3789676971,1.13901691802,0.130165537752
mmr,194,Zimbabwe,Zimbabwe,African Region,2021,446.4,308.154358688,199.840557984,473.928770358,ensemble_top4,138.245641312,0,246.559442016,138.245641312,1.44862465,0.370614589065
mmr,194,Zimbabwe,Zimbabwe,African Region,2022,367.8,284.951722175,174.291044646,474.589598752,ensemble_top4,82.8482778246,0,193.508955354,82.8482778246,1.29074496266,0.255219542126
mmr,194,Zimbabwe,Zimbabwe,African Region,2023,357.6,261.077747225,153.118648137,469.02334531,ensemble_top4,96.5222527745,0,204.481351863,96.5222527745,1.36970693137,0.314596798245
mmr,195,Palestine,"occupied Palestinian territory, including east Jerusalem",Eastern Mediterranean,2000,58.88,58.88,58.88,58.88,ensemble_top4,,,,,,
mmr,195,Palestine,"occupied Palestinian territory, including east Jerusalem",Eastern Mediterranean,2001,60.23,57.1681015518,51.9433269746,62.3414335203,ensemble_top4,,,,,,
mmr,195,Palestine,"occupied Palestinian territory, including east Jerusalem",Eastern Mediterranean,2002,57.81,58.7519720122,53.8309375584,63.4690051054,ensemble_top4,,,,,,
mmr,195,Palestine,"occupied Palestinian territory, including east Jerusalem",Eastern Mediterranean,2003,56.34,58.0570796691,53.0074740938,62.7726107153,ensemble_top4,,,,,,
mmr,195,Palestine,"occupied Palestinian territory, including east Jerusalem",Eastern Mediterranean,2004,55.19,56.2251436663,52.0101673726,60.8297658022,ensemble_top4,,,,,,
mmr,195,Palestine,"occupied Palestinian territory, including east Jerusalem",Eastern Mediterranean,2005,51.85,53.6393790399,49.2075573658,58.6471518419,ensemble_top4,,,,,,
mmr,195,Palestine,"occupied Palestinian territory, including east Jerusalem",Eastern Mediterranean,2006,50.85,50.7625941272,45.8413502242,56.0633867812,ensemble_top4,,,,,,
mmr,195,Palestine,"occupied Palestinian territory, including east Jerusalem",Eastern Mediterranean,2007,49.15,49.4072604768,44.6196561374,54.0767783978,ensemble_top4,,,,,,
mmr,195,Palestine,"occupied Palestinian territory, including east Jerusalem",Eastern Mediterranean,2008,49.38,47.9560547055,43.0414525255,52.0696491438,ensemble_top4,,,,,,
mmr,195,Palestine,"occupied Palestinian territory, including east Jerusalem",Eastern Mediterranean,2009,47.87,44.6050921719,39.8104865398,48.82488158,ensemble_top4,,,,,,
mmr,195,Palestine,"occupied Palestinian territory, including east Jerusalem",Eastern Mediterranean,2010,42.04,41.3646183167,36.7205812455,45.6833742025,ensemble_top4,,,,,,
mmr,195,Palestine,"occupied Palestinian territory, including east Jerusalem",Eastern Mediterranean,2011,38.71,38.1347198619,33.6354149955,42.5940580709,ensemble_top4,,,,,,
mmr,195,Palestine,"occupied Palestinian territory, including east Jerusalem",Eastern Mediterranean,2012,35.57,35.1247687231,30.710273737,39.34527353,ensemble_top4,,,,,,
mmr,195,Palestine,"occupied Palestinian territory, including east Jerusalem",Eastern Mediterranean,2013,31.7,32.2295345554,27.9056603011,36.3449403502,ensemble_top4,,,,,,
mmr,195,Palestine,"occupied Palestinian territory, including east Jerusalem",Eastern Mediterranean,2014,29.47,29.4201762668,25.3187457336,33.575339271,ensemble_top4,,,,,,
mmr,195,Palestine,"occupied Palestinian territory, including east Jerusalem",Eastern Mediterranean,2015,25.7,26.9100181154,22.650176946,31.0338392202,ensemble_top4,,,,,,
mmr,195,Palestine,"occupied Palestinian territory, including east Jerusalem",Eastern Mediterranean,2016,22.94,24.527330107,20.3806862462,28.8023454188,ensemble_top4,,,,,,
mmr,195,Palestine,"occupied Palestinian territory, including east Jerusalem",Eastern Mediterranean,2017,20.75,22.3225246127,17.9439702401,26.7099377992,ensemble_top4,,,,,,
mmr,195,Palestine,"occupied Palestinian territory, including east Jerusalem",Eastern Mediterranean,2018,19.33,20.3467881467,15.6709179239,24.8749376857,ensemble_top4,,,,,,
mmr,195,Palestine,"occupied Palestinian territory, including east Jerusalem",Eastern Mediterranean,2019,17.69,18.6571091051,13.6588655135,23.3829348687,ensemble_top4,,,,,,
mmr,195,Palestine,"occupied Palestinian territory, including east Jerusalem",Eastern Mediterranean,2020,19.52,17.141032359,11.812820005,21.9868398943,ensemble_top4,2.37896764097,0,7.70717999503,2.37896764097,1.13878788577,0.129964438647
mmr,195,Palestine,"occupied Palestinian territory, including east Jerusalem",Eastern Mediterranean,2021,28.51,15.6732670775,9.94380204592,20.7748509041,ensemble_top4,12.8367329225,7.73514909589,18.5661979541,12.8367329225,1.81902087542,0.598298375786
mmr,195,Palestine,"occupied Palestinian territory, including east Jerusalem",Eastern Mediterranean,2022,16.61,14.5296980848,8.50575257185,19.5381491939,ensemble_top4,2.08030191521,0,8.10424742815,2.08030191521,1.14317585287,0.133810225007
mmr,195,Palestine,"occupied Palestinian territory, including east Jerusalem",Eastern Mediterranean,2023,16.11,13.3649219122,7.11710138763,18.581267771,ensemble_top4,2.74507808782,0,8.99289861237,2.74507808782,1.20539424816,0.186806690325
