outcome,area,country,source_country_name,region,year,observed,expected_median,expected_lower,expected_upper,model_source,excess_median,excess_lower,excess_upper,signed_deviation,observed_expected_ratio,log_observed_expected_ratio
maternal_deaths,1,Afghanistan,Afghanistan,Eastern Mediterranean,2000,14217,14217,14217,14217,ensemble_top4,,,,,,
maternal_deaths,1,Afghanistan,Afghanistan,Eastern Mediterranean,2001,13196,13191.5405828,12647.2165449,13725.5203908,ensemble_top4,,,,,,
maternal_deaths,1,Afghanistan,Afghanistan,Eastern Mediterranean,2002,12817,13002.8131748,12484.6130639,13501.4101454,ensemble_top4,,,,,,
maternal_deaths,1,Afghanistan,Afghanistan,Eastern Mediterranean,2003,12852,12748.4064135,12215.5703371,13248.6149628,ensemble_top4,,,,,,
maternal_deaths,1,Afghanistan,Afghanistan,Eastern Mediterranean,2004,12777,12453.1942691,11944.3991365,12946.3924941,ensemble_top4,,,,,,
maternal_deaths,1,Afghanistan,Afghanistan,Eastern Mediterranean,2005,12156,12135.8108025,11643.610633,12635.5542508,ensemble_top4,,,,,,
maternal_deaths,1,Afghanistan,Afghanistan,Eastern Mediterranean,2006,11987,11832.3756905,11342.5803011,12325.2073825,ensemble_top4,,,,,,
maternal_deaths,1,Afghanistan,Afghanistan,Eastern Mediterranean,2007,11720,11513.9881108,11014.9510704,12013.763349,ensemble_top4,,,,,,
maternal_deaths,1,Afghanistan,Afghanistan,Eastern Mediterranean,2008,10761,11199.8648235,10688.4672874,11704.0750066,ensemble_top4,,,,,,
maternal_deaths,1,Afghanistan,Afghanistan,Eastern Mediterranean,2009,10717,10887.2829826,10360.4076568,11403.516403,ensemble_top4,,,,,,
maternal_deaths,1,Afghanistan,Afghanistan,Eastern Mediterranean,2010,10544,10649.5492943,10165.8728944,11145.8542439,ensemble_top4,,,,,,
maternal_deaths,1,Afghanistan,Afghanistan,Eastern Mediterranean,2011,10079,10392.8356785,9889.90789663,10924.9167686,ensemble_top4,,,,,,
maternal_deaths,1,Afghanistan,Afghanistan,Eastern Mediterranean,2012,10072,10146.7658365,9627.71618878,10672.5799325,ensemble_top4,,,,,,
maternal_deaths,1,Afghanistan,Afghanistan,Eastern Mediterranean,2013,9917,9929.77404911,9369.7208289,10488.7323599,ensemble_top4,,,,,,
maternal_deaths,1,Afghanistan,Afghanistan,Eastern Mediterranean,2014,9810,9721.20307286,9144.72061368,10271.9015318,ensemble_top4,,,,,,
maternal_deaths,1,Afghanistan,Afghanistan,Eastern Mediterranean,2015,9871,9537.47130609,9025.23462227,10032.0648102,ensemble_top4,,,,,,
maternal_deaths,1,Afghanistan,Afghanistan,Eastern Mediterranean,2016,9438,9293.0215223,8771.0422746,9810.94273195,ensemble_top4,,,,,,
maternal_deaths,1,Afghanistan,Afghanistan,Eastern Mediterranean,2017,8971,9050.29337387,8527.48978899,9560.97178247,ensemble_top4,,,,,,
maternal_deaths,1,Afghanistan,Afghanistan,Eastern Mediterranean,2018,8699,8815.33637998,8293.96047129,9319.46288712,ensemble_top4,,,,,,
maternal_deaths,1,Afghanistan,Afghanistan,Eastern Mediterranean,2019,8450,8576.61789228,8071.67685207,9106.84442622,ensemble_top4,,,,,,
maternal_deaths,1,Afghanistan,Afghanistan,Eastern Mediterranean,2020,9061,8341.89244391,7834.38336296,8862.17984621,ensemble_top4,719.107556086,198.82015379,1226.61663704,719.107556086,1.08620436681,0.0826893868695
maternal_deaths,1,Afghanistan,Afghanistan,Eastern Mediterranean,2021,9598,8128.63536485,7602.48955187,8649.05196712,ensemble_top4,1469.36463515,948.948032881,1995.51044813,1469.36463515,1.18076399902,0.166161685767
maternal_deaths,1,Afghanistan,Afghanistan,Eastern Mediterranean,2022,8055,7908.48100361,7390.38795965,8439.70329028,ensemble_top4,146.518996393,0,664.612040349,146.518996393,1.01852681903,0.0183572882326
maternal_deaths,1,Afghanistan,Afghanistan,Eastern Mediterranean,2023,7646,7692.24140342,7182.89957567,8233.82594795,ensemble_top4,0,0,463.100424327,-46.2414034177,0.993988565752,-0.0060295756595
maternal_deaths,2,Albania,Albania,European Region,2000,8.55,8.55,7.55,8.55,ensemble_top4,,,,,,
maternal_deaths,2,Albania,Albania,European Region,2001,7.54,7.54855714056,6.78865905885,8.6177289192,ensemble_top4,,,,,,
maternal_deaths,2,Albania,Albania,European Region,2002,6.73,7.31053208706,6.38631896407,8.89890668493,ensemble_top4,,,,,,
maternal_deaths,2,Albania,Albania,European Region,2003,6.53,6.68117040634,5.53372867645,8.7042114711,ensemble_top4,,,,,,
maternal_deaths,2,Albania,Albania,European Region,2004,5.86,5.97230565469,5.20637928945,8.14366777646,ensemble_top4,,,,,,
maternal_deaths,2,Albania,Albania,European Region,2005,5.2,5.23312486062,4.45804093462,7.51260884304,ensemble_top4,,,,,,
maternal_deaths,2,Albania,Albania,European Region,2006,4.52,4.63798574748,3.89801644933,6.86666413966,ensemble_top4,,,,,,
maternal_deaths,2,Albania,Albania,European Region,2007,3.93,4.22576105141,3.47160183209,6.28819009905,ensemble_top4,,,,,,
maternal_deaths,2,Albania,Albania,European Region,2008,3.56,3.96523360121,3.22519793938,5.7388881544,ensemble_top4,,,,,,
maternal_deaths,2,Albania,Albania,European Region,2009,3.44,3.82194409624,3.06209160509,5.21748558699,ensemble_top4,,,,,,
maternal_deaths,2,Albania,Albania,European Region,2010,3.39,3.74484684999,2.94765425621,4.68969759552,ensemble_top4,,,,,,
maternal_deaths,2,Albania,Albania,European Region,2011,3.41,3.62761152996,2.88060529745,4.20706723878,ensemble_top4,,,,,,
maternal_deaths,2,Albania,Albania,European Region,2012,3.67,3.42858700403,2.75578320446,4.00470589878,ensemble_top4,,,,,,
maternal_deaths,2,Albania,Albania,European Region,2013,3.8,3.23296872529,2.42738852079,3.97101868912,ensemble_top4,,,,,,
maternal_deaths,2,Albania,Albania,European Region,2014,3.69,3.11537745527,1.97589314539,3.90371994326,ensemble_top4,,,,,,
maternal_deaths,2,Albania,Albania,European Region,2015,3.29,3.00790471804,1.53896841277,3.74890913987,ensemble_top4,,,,,,
maternal_deaths,2,Albania,Albania,European Region,2016,2.92,2.83866369131,1.17276764182,3.59150843132,ensemble_top4,,,,,,
maternal_deaths,2,Albania,Albania,European Region,2017,2.6,2.59700287452,0.886734818576,3.47091714043,ensemble_top4,,,,,,
maternal_deaths,2,Albania,Albania,European Region,2018,2.33,2.33059506899,0.605879182072,3.37320235499,ensemble_top4,,,,,,
maternal_deaths,2,Albania,Albania,European Region,2019,2.21,2.03149740668,0.430407558823,3.23434991496,ensemble_top4,,,,,,
maternal_deaths,2,Albania,Albania,European Region,2020,2.13,1.71340186476,0.260202637424,3.13869840649,ensemble_top4,0.416598135237,0,1.86979736258,0.416598135237,1.24314093722,0.217641190833
maternal_deaths,2,Albania,Albania,European Region,2021,4.13,1.39203103719,0.163564631668,3.03000878045,ensemble_top4,2.73796896281,1.09999121955,3.96643536833,2.73796896281,2.9668878708,1.08751354848
maternal_deaths,2,Albania,Albania,European Region,2022,2.33,1.12560710432,0.0633863131247,2.93651025828,ensemble_top4,1.20439289568,0,2.26661368688,1.20439289568,2.06999404237,0.727545729193
maternal_deaths,2,Albania,Albania,European Region,2023,1.98,0.888940557212,-0,2.78028753675,ensemble_top4,1.09105944279,0,1.98,1.09105944279,2.22737052994,0.800821755189
maternal_deaths,3,Algeria,Algeria,African Region,2000,741.7,741.7,741.7,741.7,ensemble_top4,,,,,,
maternal_deaths,3,Algeria,Algeria,African Region,2001,689.4,624.43170851,553.694970275,694.898167878,ensemble_top4,,,,,,
maternal_deaths,3,Algeria,Algeria,African Region,2002,618.8,627.856479755,558.203213386,701.813487429,ensemble_top4,,,,,,
maternal_deaths,3,Algeria,Algeria,African Region,2003,637.5,631.502458541,562.271030884,702.845249633,ensemble_top4,,,,,,
maternal_deaths,3,Algeria,Algeria,African Region,2004,601.9,633.448443285,565.789581917,706.968973493,ensemble_top4,,,,,,
maternal_deaths,3,Algeria,Algeria,African Region,2005,608.5,637.916280456,572.637234939,713.494298232,ensemble_top4,,,,,,
maternal_deaths,3,Algeria,Algeria,African Region,2006,624.8,644.120160845,582.594526457,715.964819746,ensemble_top4,,,,,,
maternal_deaths,3,Algeria,Algeria,African Region,2007,652.9,658.353801944,595.287157654,724.54737378,ensemble_top4,,,,,,
maternal_deaths,3,Algeria,Algeria,African Region,2008,688.6,672.523012153,600.211878114,744.279209069,ensemble_top4,,,,,,
maternal_deaths,3,Algeria,Algeria,African Region,2009,709.3,692.649871314,613.431744255,771.326101099,ensemble_top4,,,,,,
maternal_deaths,3,Algeria,Algeria,African Region,2010,727.7,724.760516648,632.806704771,799.731947069,ensemble_top4,,,,,,
maternal_deaths,3,Algeria,Algeria,African Region,2011,737.5,758.79537252,673.465875355,827.666877893,ensemble_top4,,,,,,
maternal_deaths,3,Algeria,Algeria,African Region,2012,783.2,783.629817364,711.392826663,854.731398086,ensemble_top4,,,,,,
maternal_deaths,3,Algeria,Algeria,African Region,2013,790.2,801.028522272,733.683165033,875.193068696,ensemble_top4,,,,,,
maternal_deaths,3,Algeria,Algeria,African Region,2014,822.2,809.597895801,741.434220559,881.484379066,ensemble_top4,,,,,,
maternal_deaths,3,Algeria,Algeria,African Region,2015,821,808.938878117,744.404887635,877.703445104,ensemble_top4,,,,,,
maternal_deaths,3,Algeria,Algeria,African Region,2016,817.8,802.247978999,736.091637703,868.748686398,ensemble_top4,,,,,,
maternal_deaths,3,Algeria,Algeria,African Region,2017,806.5,791.065714691,725.241496811,856.75360095,ensemble_top4,,,,,,
maternal_deaths,3,Algeria,Algeria,African Region,2018,771.5,777.40867898,711.34106913,843.713758636,ensemble_top4,,,,,,
maternal_deaths,3,Algeria,Algeria,African Region,2019,740.7,763.449367145,694.451975735,835.553520455,ensemble_top4,,,,,,
maternal_deaths,3,Algeria,Algeria,African Region,2020,956,749.006026399,681.265100677,825.231178107,ensemble_top4,206.993973601,130.768821893,274.734899323,206.993973601,1.27635822184,0.24401088364
maternal_deaths,3,Algeria,Algeria,African Region,2021,755.1,735.158495681,665.22737913,819.115130145,ensemble_top4,19.9415043187,0,89.8726208695,19.9415043187,1.02712544905,0.0267640744609
maternal_deaths,3,Algeria,Algeria,African Region,2022,600.6,722.548365288,654.452443641,816.064998693,ensemble_top4,0,0,0,-121.948365288,0.831224633331,-0.184855203772
maternal_deaths,3,Algeria,Algeria,African Region,2023,566.1,712.01981035,643.031716138,808.709119871,ensemble_top4,0,0,0,-145.91981035,0.795062148231,-0.229334993508
maternal_deaths,4,Andorra,Andorra,European Region,2000,0.11,0.11,-0,0.11,ensemble_top4,,,,,,
maternal_deaths,4,Andorra,Andorra,European Region,2001,0.1,0.0827884425269,0.0386472279771,0.121480696731,ensemble_top4,,,,,,
maternal_deaths,4,Andorra,Andorra,European Region,2002,0.097,0.08382132457,0.0428276090642,0.123370694886,ensemble_top4,,,,,,
maternal_deaths,4,Andorra,Andorra,European Region,2003,0.083,0.0844521127958,0.0432296988815,0.123426612995,ensemble_top4,,,,,,
maternal_deaths,4,Andorra,Andorra,European Region,2004,0.089,0.0843861297333,0.0435086074506,0.123190669151,ensemble_top4,,,,,,
maternal_deaths,4,Andorra,Andorra,European Region,2005,0.1,0.0838700259886,0.0441351048772,0.12287686122,ensemble_top4,,,,,,
maternal_deaths,4,Andorra,Andorra,European Region,2006,0.089,0.0841084517322,0.0444237076935,0.123451799292,ensemble_top4,,,,,,
maternal_deaths,4,Andorra,Andorra,European Region,2007,0.096,0.0843661441086,0.0459559839999,0.122456530278,ensemble_top4,,,,,,
maternal_deaths,4,Andorra,Andorra,European Region,2008,0.1,0.0841890953482,0.0438668127914,0.121350625874,ensemble_top4,,,,,,
maternal_deaths,4,Andorra,Andorra,European Region,2009,0.097,0.0837313368776,0.0450028876252,0.123467559411,ensemble_top4,,,,,,
maternal_deaths,4,Andorra,Andorra,European Region,2010,0.11,0.0839653622866,0.0443059866354,0.122203806955,ensemble_top4,,,,,,
maternal_deaths,4,Andorra,Andorra,European Region,2011,0.089,0.0836749825781,0.0454330374385,0.122261988471,ensemble_top4,,,,,,
maternal_deaths,4,Andorra,Andorra,European Region,2012,0.086,0.0834183569786,0.0457401795687,0.12243248014,ensemble_top4,,,,,,
maternal_deaths,4,Andorra,Andorra,European Region,2013,0.064,0.0842044613553,0.0447884768519,0.121351131944,ensemble_top4,,,,,,
maternal_deaths,4,Andorra,Andorra,European Region,2014,0.064,0.0830441245859,0.0447050029029,0.121615703861,ensemble_top4,,,,,,
maternal_deaths,4,Andorra,Andorra,European Region,2015,0.065,0.0831211211225,0.0451514491008,0.121006230243,ensemble_top4,,,,,,
maternal_deaths,4,Andorra,Andorra,European Region,2016,0.06,0.0837089225754,0.0452861211667,0.121839849838,ensemble_top4,,,,,,
maternal_deaths,4,Andorra,Andorra,European Region,2017,0.064,0.0832735332601,0.0440083221428,0.121103962359,ensemble_top4,,,,,,
maternal_deaths,4,Andorra,Andorra,European Region,2018,0.058,0.0828175876446,0.0436889215253,0.122536892976,ensemble_top4,,,,,,
maternal_deaths,4,Andorra,Andorra,European Region,2019,0.057,0.0833285445895,0.0452877528787,0.121826007302,ensemble_top4,,,,,,
maternal_deaths,4,Andorra,Andorra,European Region,2020,0.26,0.0822616333096,0.0448448764712,0.121709469579,ensemble_top4,0.17773836669,0.138290530421,0.215155123529,0.17773836669,3.160647188,1.15077681296
maternal_deaths,4,Andorra,Andorra,European Region,2021,0.095,0.0833050991939,0.0433195891222,0.121760852533,ensemble_top4,0.0116949008061,0,0.0516804108778,0.0116949008061,1.14038637394,0.131367129489
maternal_deaths,4,Andorra,Andorra,European Region,2022,0.091,0.0821785216186,0.044991666774,0.122256423374,ensemble_top4,0.0088214783814,0,0.046008333226,0.0088214783814,1.10734530395,0.101965532776
maternal_deaths,4,Andorra,Andorra,European Region,2023,0.059,0.0826136781096,0.0426177959972,0.122291774435,ensemble_top4,0,0,0.0163822040028,-0.0236136781096,0.71416745205,-0.336637817459
maternal_deaths,5,Angola,Angola,African Region,2000,5003,5003,5002,5003,ensemble_top4,,,,,,
maternal_deaths,5,Angola,Angola,African Region,2001,4924,4906.02771461,4699.55707873,5077.22027912,ensemble_top4,,,,,,
maternal_deaths,5,Angola,Angola,African Region,2002,4871,4722.50864832,4490.66973721,4885.35875233,ensemble_top4,,,,,,
maternal_deaths,5,Angola,Angola,African Region,2003,4494,4531.22440425,4287.44048933,4686.91828435,ensemble_top4,,,,,,
maternal_deaths,5,Angola,Angola,African Region,2004,4311,4338.03579634,4088.41762055,4486.44028366,ensemble_top4,,,,,,
maternal_deaths,5,Angola,Angola,African Region,2005,4129,4154.43034437,3900.86192753,4303.44749597,ensemble_top4,,,,,,
maternal_deaths,5,Angola,Angola,African Region,2006,4036,3974.49308272,3724.29715484,4120.36379865,ensemble_top4,,,,,,
maternal_deaths,5,Angola,Angola,African Region,2007,3822,3810.42280307,3566.36243747,3959.71238548,ensemble_top4,,,,,,
maternal_deaths,5,Angola,Angola,African Region,2008,3655,3647.81483727,3412.53775551,3788.94562522,ensemble_top4,,,,,,
maternal_deaths,5,Angola,Angola,African Region,2009,3525,3492.25454991,3292.71801849,3640.2963366,ensemble_top4,,,,,,
maternal_deaths,5,Angola,Angola,African Region,2010,3344,3348.84300723,3160.87389632,3492.14674363,ensemble_top4,,,,,,
maternal_deaths,5,Angola,Angola,African Region,2011,3213,3214.7927215,3055.92146168,3356.45999775,ensemble_top4,,,,,,
maternal_deaths,5,Angola,Angola,African Region,2012,3050,3091.05832214,2949.93147102,3243.65075976,ensemble_top4,,,,,,
maternal_deaths,5,Angola,Angola,African Region,2013,3006,2980.79693353,2846.62255421,3141.41861177,ensemble_top4,,,,,,
maternal_deaths,5,Angola,Angola,African Region,2014,3021,2988.26949556,2787.2604828,3164.0026008,ensemble_top4,,,,,,
maternal_deaths,5,Angola,Angola,African Region,2015,2938,2894.04391163,2707.16411027,3054.48293791,ensemble_top4,,,,,,
maternal_deaths,5,Angola,Angola,African Region,2016,2833,2806.38761882,2640.11591882,2954.73924753,ensemble_top4,,,,,,
maternal_deaths,5,Angola,Angola,African Region,2017,2704,2718.53612155,2576.80181796,2855.23554169,ensemble_top4,,,,,,
maternal_deaths,5,Angola,Angola,African Region,2018,2612,2638.00054163,2510.16382952,2774.29030881,ensemble_top4,,,,,,
maternal_deaths,5,Angola,Angola,African Region,2019,2581,2563.07743682,2422.99216814,2719.84357554,ensemble_top4,,,,,,
maternal_deaths,5,Angola,Angola,African Region,2020,2550,2491.25416214,2336.71270106,2673.00105554,ensemble_top4,58.7458378616,0,213.287298935,58.7458378616,1.02358082879,0.023307095924
maternal_deaths,5,Angola,Angola,African Region,2021,2812,2423.16710124,2244.7024101,2633.85357671,ensemble_top4,388.832898762,178.14642329,567.297589898,388.832898762,1.16046474821,0.148820569887
maternal_deaths,5,Angola,Angola,African Region,2022,2506,2359.71350789,2157.14851363,2602.5541997,ensemble_top4,146.286492113,0,348.851486367,146.286492113,1.06199332742,0.0601476397683
maternal_deaths,5,Angola,Angola,African Region,2023,2531,2300.72208385,2072.4077247,2581.44281,ensemble_top4,230.277916147,0,458.5922753,230.277916147,1.10008941009,0.0953914583982
maternal_deaths,6,Antigua and Barbuda,Antigua and Barbuda,Region of the Americas,2000,0.55,0.55,0.55,0.55,ensemble_top4,,,,,,
maternal_deaths,6,Antigua and Barbuda,Antigua and Barbuda,Region of the Americas,2001,0.49,0.462086945952,0.397651003702,0.523650683108,ensemble_top4,,,,,,
maternal_deaths,6,Antigua and Barbuda,Antigua and Barbuda,Region of the Americas,2002,0.47,0.454334777776,0.390570324083,0.514193878762,ensemble_top4,,,,,,
maternal_deaths,6,Antigua and Barbuda,Antigua and Barbuda,Region of the Americas,2003,0.43,0.443488955144,0.382424164878,0.504809161964,ensemble_top4,,,,,,
maternal_deaths,6,Antigua and Barbuda,Antigua and Barbuda,Region of the Americas,2004,0.42,0.433845264764,0.3749238799,0.494241526535,ensemble_top4,,,,,,
maternal_deaths,6,Antigua and Barbuda,Antigua and Barbuda,Region of the Americas,2005,0.4,0.424451377515,0.3632005113,0.486115680805,ensemble_top4,,,,,,
maternal_deaths,6,Antigua and Barbuda,Antigua and Barbuda,Region of the Americas,2006,0.39,0.419757862307,0.359984641756,0.479065246554,ensemble_top4,,,,,,
maternal_deaths,6,Antigua and Barbuda,Antigua and Barbuda,Region of the Americas,2007,0.41,0.412759173984,0.35353365013,0.472317330343,ensemble_top4,,,,,,
maternal_deaths,6,Antigua and Barbuda,Antigua and Barbuda,Region of the Americas,2008,0.44,0.404252205267,0.344927135206,0.462376230901,ensemble_top4,,,,,,
maternal_deaths,6,Antigua and Barbuda,Antigua and Barbuda,Region of the Americas,2009,0.45,0.395481855208,0.336062424562,0.453616121515,ensemble_top4,,,,,,
maternal_deaths,6,Antigua and Barbuda,Antigua and Barbuda,Region of the Americas,2010,0.39,0.386198543774,0.329048967215,0.446503770916,ensemble_top4,,,,,,
maternal_deaths,6,Antigua and Barbuda,Antigua and Barbuda,Region of the Americas,2011,0.38,0.378172946881,0.321110486309,0.437327454751,ensemble_top4,,,,,,
maternal_deaths,6,Antigua and Barbuda,Antigua and Barbuda,Region of the Americas,2012,0.36,0.369830738422,0.31036651496,0.427377360789,ensemble_top4,,,,,,
maternal_deaths,6,Antigua and Barbuda,Antigua and Barbuda,Region of the Americas,2013,0.35,0.361806511887,0.30280685767,0.421346200543,ensemble_top4,,,,,,
maternal_deaths,6,Antigua and Barbuda,Antigua and Barbuda,Region of the Americas,2014,0.35,0.352453890398,0.294502171594,0.413884342015,ensemble_top4,,,,,,
maternal_deaths,6,Antigua and Barbuda,Antigua and Barbuda,Region of the Americas,2015,0.33,0.345031190891,0.285949358103,0.402817651595,ensemble_top4,,,,,,
maternal_deaths,6,Antigua and Barbuda,Antigua and Barbuda,Region of the Americas,2016,0.29,0.336981931766,0.279075403928,0.396726682292,ensemble_top4,,,,,,
maternal_deaths,6,Antigua and Barbuda,Antigua and Barbuda,Region of the Americas,2017,0.33,0.32932707617,0.27368261785,0.388706606335,ensemble_top4,,,,,,
maternal_deaths,6,Antigua and Barbuda,Antigua and Barbuda,Region of the Americas,2018,0.3,0.322019150558,0.265516896982,0.381093002859,ensemble_top4,,,,,,
maternal_deaths,6,Antigua and Barbuda,Antigua and Barbuda,Region of the Americas,2019,0.34,0.314255461649,0.256821638558,0.372975774372,ensemble_top4,,,,,,
maternal_deaths,6,Antigua and Barbuda,Antigua and Barbuda,Region of the Americas,2020,0.39,0.306488387753,0.248751880091,0.365811296699,ensemble_top4,0.0835116122467,0.024188703301,0.141248119909,0.0835116122467,1.27247887876,0.240966871078
maternal_deaths,6,Antigua and Barbuda,Antigua and Barbuda,Region of the Americas,2021,0.36,0.300257606706,0.240980763736,0.358124595302,ensemble_top4,0.0597423932942,0.00187540469771,0.119019236264,0.0597423932942,1.19897045723,0.181463236237
maternal_deaths,6,Antigua and Barbuda,Antigua and Barbuda,Region of the Americas,2022,0.4,0.293772167819,0.235777887729,0.35276805442,ensemble_top4,0.106227832181,0.0472319455796,0.164222112271,0.106227832181,1.36159937468,0.308660019583
maternal_deaths,6,Antigua and Barbuda,Antigua and Barbuda,Region of the Americas,2023,0.38,0.285490489124,0.228134500004,0.344364974513,ensemble_top4,0.0945095108763,0.0356350254875,0.151865499996,0.0945095108763,1.33104258978,0.285962537231
maternal_deaths,7,Argentina,Argentina,Region of the Americas,2000,415.8,415.8,415.8,415.8,ensemble_top4,,,,,,
maternal_deaths,7,Argentina,Argentina,Region of the Americas,2001,429.4,395.238833124,344.091158145,443.532210174,ensemble_top4,,,,,,
maternal_deaths,7,Argentina,Argentina,Region of the Americas,2002,420.7,417.952795703,371.374926107,465.289843968,ensemble_top4,,,,,,
maternal_deaths,7,Argentina,Argentina,Region of the Americas,2003,431,430.588111372,381.776189045,479.611757563,ensemble_top4,,,,,,
maternal_deaths,7,Argentina,Argentina,Region of the Americas,2004,415,435.070560164,392.526590442,484.720227678,ensemble_top4,,,,,,
maternal_deaths,7,Argentina,Argentina,Region of the Americas,2005,412.5,435.841853013,393.688900226,487.820026058,ensemble_top4,,,,,,
maternal_deaths,7,Argentina,Argentina,Region of the Americas,2006,432.1,435.891883041,389.027527377,484.777623624,ensemble_top4,,,,,,
maternal_deaths,7,Argentina,Argentina,Region of the Americas,2007,443.9,450.06448691,400.595206772,496.057599388,ensemble_top4,,,,,,
maternal_deaths,7,Argentina,Argentina,Region of the Americas,2008,442.7,440.466586715,388.900955346,483.848193315,ensemble_top4,,,,,,
maternal_deaths,7,Argentina,Argentina,Region of the Americas,2009,462.6,424.286321225,375.937455182,466.958056777,ensemble_top4,,,,,,
maternal_deaths,7,Argentina,Argentina,Region of the Americas,2010,413.9,405.669346293,359.310465078,447.989516831,ensemble_top4,,,,,,
maternal_deaths,7,Argentina,Argentina,Region of the Americas,2011,367.6,386.940333197,342.388493747,429.300676851,ensemble_top4,,,,,,
maternal_deaths,7,Argentina,Argentina,Region of the Americas,2012,363.1,366.109227268,322.955893545,407.03694572,ensemble_top4,,,,,,
maternal_deaths,7,Argentina,Argentina,Region of the Americas,2013,351.8,346.607772913,304.2556383,387.803667737,ensemble_top4,,,,,,
maternal_deaths,7,Argentina,Argentina,Region of the Americas,2014,336.9,327.276659717,285.637706981,370.175903747,ensemble_top4,,,,,,
maternal_deaths,7,Argentina,Argentina,Region of the Americas,2015,296.6,308.380178854,267.352566265,351.386620487,ensemble_top4,,,,,,
maternal_deaths,7,Argentina,Argentina,Region of the Americas,2016,291.2,291.973698614,251.659297062,335.269260836,ensemble_top4,,,,,,
maternal_deaths,7,Argentina,Argentina,Region of the Americas,2017,274.3,274.792888377,233.234247385,321.583703647,ensemble_top4,,,,,,
maternal_deaths,7,Argentina,Argentina,Region of the Americas,2018,263.5,259.772486333,218.806167108,305.90620293,ensemble_top4,,,,,,
maternal_deaths,7,Argentina,Argentina,Region of the Americas,2019,227.6,245.115452136,201.557232093,293.037382933,ensemble_top4,,,,,,
maternal_deaths,7,Argentina,Argentina,Region of the Americas,2020,211.6,230.708623894,186.500645092,280.129073754,ensemble_top4,0,0,25.0993549079,-19.1086238936,0.917174210608,-0.0864578459168
maternal_deaths,7,Argentina,Argentina,Region of the Americas,2021,404.9,218.833876418,173.247275196,269.90919387,ensemble_top4,186.066123582,134.99080613,231.652724804,186.066123582,1.85026197327,0.61532723624
maternal_deaths,7,Argentina,Argentina,Region of the Americas,2022,195.1,205.540423333,157.574183231,260.529845212,ensemble_top4,0,0,37.5258167691,-10.4404233327,0.94920501202,-0.0521304741779
maternal_deaths,7,Argentina,Argentina,Region of the Americas,2023,167.4,193.628123478,146.018591616,252.592306036,ensemble_top4,0,0,21.3814083837,-26.2281234777,0.864543832752,-0.145553272134
maternal_deaths,8,Armenia,Armenia,European Region,2000,14.45,14.45,13.45,14.45,ensemble_top4,,,,,,
maternal_deaths,8,Armenia,Armenia,European Region,2001,13.66,13.4234182606,12.0830168726,17.2910916751,ensemble_top4,,,,,,
maternal_deaths,8,Armenia,Armenia,European Region,2002,13.24,13.9218258001,12.649156204,18.0519585673,ensemble_top4,,,,,,
maternal_deaths,8,Armenia,Armenia,European Region,2003,13.6,13.863760751,12.7990759641,17.6764878207,ensemble_top4,,,,,,
maternal_deaths,8,Armenia,Armenia,European Region,2004,13.52,13.6734426431,12.6273646623,16.6219989299,ensemble_top4,,,,,,
maternal_deaths,8,Armenia,Armenia,European Region,2005,13.12,13.5443756038,12.452083155,15.7060189537,ensemble_top4,,,,,,
maternal_deaths,8,Armenia,Armenia,European Region,2006,12.8,13.4318535819,12.3957390421,14.89412787,ensemble_top4,,,,,,
maternal_deaths,8,Armenia,Armenia,European Region,2007,12.82,13.220230233,12.2695581392,14.3007489894,ensemble_top4,,,,,,
maternal_deaths,8,Armenia,Armenia,European Region,2008,12.77,12.9784232256,12.004057122,13.8436339669,ensemble_top4,,,,,,
maternal_deaths,8,Armenia,Armenia,European Region,2009,12.67,12.6884096646,11.7046486843,13.4448009831,ensemble_top4,,,,,,
maternal_deaths,8,Armenia,Armenia,European Region,2010,12.28,12.3697230124,11.3426339123,13.1011535282,ensemble_top4,,,,,,
maternal_deaths,8,Armenia,Armenia,European Region,2011,12.15,11.979404943,10.9653723739,12.7705106287,ensemble_top4,,,,,,
maternal_deaths,8,Armenia,Armenia,European Region,2012,12.01,11.5663623721,10.5945316237,12.4221727186,ensemble_top4,,,,,,
maternal_deaths,8,Armenia,Armenia,European Region,2013,11.75,11.1149277874,10.2076782353,12.0020170821,ensemble_top4,,,,,,
maternal_deaths,8,Armenia,Armenia,European Region,2014,11.24,10.6558479245,9.74891618221,11.5640843334,ensemble_top4,,,,,,
maternal_deaths,8,Armenia,Armenia,European Region,2015,10.47,10.1934853612,9.20707258503,11.1318956216,ensemble_top4,,,,,,
maternal_deaths,8,Armenia,Armenia,European Region,2016,9.98,9.71758486275,8.67247633968,10.7175153728,ensemble_top4,,,,,,
maternal_deaths,8,Armenia,Armenia,European Region,2017,9.03,9.22429982861,8.09335760603,10.4006121054,ensemble_top4,,,,,,
maternal_deaths,8,Armenia,Armenia,European Region,2018,8.61,8.71906087404,7.47595869219,10.0845253728,ensemble_top4,,,,,,
maternal_deaths,8,Armenia,Armenia,European Region,2019,8.33,8.19525527773,6.92734986638,9.74692148953,ensemble_top4,,,,,,
maternal_deaths,8,Armenia,Armenia,European Region,2020,15.12,7.69113923862,6.35857334564,9.46813201707,ensemble_top4,7.42886076138,5.65186798293,8.76142665436,7.42886076138,1.96589861799,0.675949452743
maternal_deaths,8,Armenia,Armenia,European Region,2021,20.42,7.15028926953,5.8252260746,9.18661670175,ensemble_top4,13.2697107305,11.2333832983,14.5947739254,13.2697107305,2.8558285169,1.04936199957
maternal_deaths,8,Armenia,Armenia,European Region,2022,9.23,6.62335747412,5.33031410825,8.89089186371,ensemble_top4,2.60664252588,0.339108136288,3.89968589175,2.60664252588,1.3935530486,0.331856635816
maternal_deaths,8,Armenia,Armenia,European Region,2023,6.76,6.13222309232,4.82486418575,8.71590335858,ensemble_top4,0.62777690768,0,1.93513581425,0.62777690768,1.10237346199,0.0974655480502
maternal_deaths,9,Australia,Australia,Western Pacific Region,2000,16.51,16.51,15.51,16.51,ensemble_top4,,,,,,
maternal_deaths,9,Australia,Australia,Western Pacific Region,2001,14.29,13.8352240794,12.5403548361,17.8495437533,ensemble_top4,,,,,,
maternal_deaths,9,Australia,Australia,Western Pacific Region,2002,13.81,13.7994646985,12.5563031342,18.1104932481,ensemble_top4,,,,,,
maternal_deaths,9,Australia,Australia,Western Pacific Region,2003,13.65,13.6809383526,12.5670143093,18.4957944645,ensemble_top4,,,,,,
maternal_deaths,9,Australia,Australia,Western Pacific Region,2004,13.07,13.5503349838,12.4670405019,18.9774946631,ensemble_top4,,,,,,
maternal_deaths,9,Australia,Australia,Western Pacific Region,2005,12.79,13.6257552618,12.5037788245,19.5977316693,ensemble_top4,,,,,,
maternal_deaths,9,Australia,Australia,Western Pacific Region,2006,13.34,14.3132852754,13.0347488801,20.180330756,ensemble_top4,,,,,,
maternal_deaths,9,Australia,Australia,Western Pacific Region,2007,14.67,14.881840358,13.4677686834,20.7563226479,ensemble_top4,,,,,,
maternal_deaths,9,Australia,Australia,Western Pacific Region,2008,14.87,15.4854174317,14.196229543,21.1419369531,ensemble_top4,,,,,,
maternal_deaths,9,Australia,Australia,Western Pacific Region,2009,16,16.1747995197,14.7965271815,21.4037722287,ensemble_top4,,,,,,
maternal_deaths,9,Australia,Australia,Western Pacific Region,2010,16.27,16.8696716176,15.4908763688,21.3630193407,ensemble_top4,,,,,,
maternal_deaths,9,Australia,Australia,Western Pacific Region,2011,17.56,17.5432988201,16.1681257232,21.0485091085,ensemble_top4,,,,,,
maternal_deaths,9,Australia,Australia,Western Pacific Region,2012,17.91,18.0498192206,16.7807231324,20.4875684233,ensemble_top4,,,,,,
maternal_deaths,9,Australia,Australia,Western Pacific Region,2013,18.1,18.3586000699,17.1832310453,19.6986982572,ensemble_top4,,,,,,
maternal_deaths,9,Australia,Australia,Western Pacific Region,2014,17.95,18.1980422406,17.1495361737,19.2346567245,ensemble_top4,,,,,,
maternal_deaths,9,Australia,Australia,Western Pacific Region,2015,18.03,17.9019744749,16.1776767105,19.1562044369,ensemble_top4,,,,,,
maternal_deaths,9,Australia,Australia,Western Pacific Region,2016,18.36,17.5701756177,14.8899173361,18.8138657888,ensemble_top4,,,,,,
maternal_deaths,9,Australia,Australia,Western Pacific Region,2017,17.34,17.0695486414,13.5093979512,18.3254045186,ensemble_top4,,,,,,
maternal_deaths,9,Australia,Australia,Western Pacific Region,2018,16.81,16.4199368355,12.0444789035,17.737839792,ensemble_top4,,,,,,
maternal_deaths,9,Australia,Australia,Western Pacific Region,2019,16.16,15.7146769325,10.8163636799,17.1577017137,ensemble_top4,,,,,,
maternal_deaths,9,Australia,Australia,Western Pacific Region,2020,15.17,14.9111027433,9.54746829997,16.6677274558,ensemble_top4,0.258897256652,0,5.62253170003,0.258897256652,1.01736271697,0.0172137073356
maternal_deaths,9,Australia,Australia,Western Pacific Region,2021,13.16,14.1058535692,8.47749195934,16.1945664629,ensemble_top4,0,0,4.68250804066,-0.945853569156,0.932946023825,-0.0694079320861
maternal_deaths,9,Australia,Australia,Western Pacific Region,2022,10.91,13.1220650548,7.44372295185,15.807312761,ensemble_top4,0,0,3.46627704815,-2.21206505482,0.831424014012,-0.184615368756
maternal_deaths,9,Australia,Australia,Western Pacific Region,2023,7.1,12.085665607,6.5191798053,15.5628218324,ensemble_top4,0,0,0.580820194697,-4.98566560703,0.587472815388,-0.531925305714
maternal_deaths,10,Austria,Austria,European Region,2000,5.2,5.2,4.2,5.2,ensemble_top4,,,,,,
maternal_deaths,10,Austria,Austria,European Region,2001,4.63,4.8212909084,4.26658835143,5.50990957479,ensemble_top4,,,,,,
maternal_deaths,10,Austria,Austria,European Region,2002,4.77,4.76542787515,4.22852790021,5.55018868636,ensemble_top4,,,,,,
maternal_deaths,10,Austria,Austria,European Region,2003,4.77,4.69788373449,4.12806018295,5.57794717195,ensemble_top4,,,,,,
maternal_deaths,10,Austria,Austria,European Region,2004,4.37,4.65946111966,4.14844389546,5.60646059393,ensemble_top4,,,,,,
maternal_deaths,10,Austria,Austria,European Region,2005,4.61,4.57446093377,4.0724781929,5.65180869278,ensemble_top4,,,,,,
maternal_deaths,10,Austria,Austria,European Region,2006,4.35,4.51821594842,4.01696805846,5.72571406056,ensemble_top4,,,,,,
maternal_deaths,10,Austria,Austria,European Region,2007,4.29,4.50345728804,3.99894405809,5.81812239251,ensemble_top4,,,,,,
maternal_deaths,10,Austria,Austria,European Region,2008,4.27,4.54507301481,4.03795040573,5.94804569313,ensemble_top4,,,,,,
maternal_deaths,10,Austria,Austria,European Region,2009,4.48,4.64878588026,4.14577115625,6.09903108308,ensemble_top4,,,,,,
maternal_deaths,10,Austria,Austria,European Region,2010,4.78,4.73074873769,4.2207481513,6.25752189893,ensemble_top4,,,,,,
maternal_deaths,10,Austria,Austria,European Region,2011,4.83,4.85067508857,4.35152252732,6.40325609755,ensemble_top4,,,,,,
maternal_deaths,10,Austria,Austria,European Region,2012,4.69,4.98759211464,4.48312908137,6.51241577497,ensemble_top4,,,,,,
maternal_deaths,10,Austria,Austria,European Region,2013,4.8,5.14885574709,4.64089413717,6.58585702384,ensemble_top4,,,,,,
maternal_deaths,10,Austria,Austria,European Region,2014,5.29,5.32034474239,4.78155413895,6.6132811739,ensemble_top4,,,,,,
maternal_deaths,10,Austria,Austria,European Region,2015,5.49,5.49094885897,4.93788694698,6.5815346507,ensemble_top4,,,,,,
maternal_deaths,10,Austria,Austria,European Region,2016,5.65,5.64528005931,5.09266883821,6.49227135933,ensemble_top4,,,,,,
maternal_deaths,10,Austria,Austria,European Region,2017,5.5,5.71337833059,5.19165638547,6.36648554469,ensemble_top4,,,,,,
maternal_deaths,10,Austria,Austria,European Region,2018,5.92,5.713888849,5.14347605698,6.2774719017,ensemble_top4,,,,,,
maternal_deaths,10,Austria,Austria,European Region,2019,5.6,5.68285010196,4.74686201495,6.29936837534,ensemble_top4,,,,,,
maternal_deaths,10,Austria,Austria,European Region,2020,4.63,5.59495820159,4.29688976445,6.41049074199,ensemble_top4,0,0,0.333110235553,-0.964958201589,0.827530757725,-0.189309002966
maternal_deaths,10,Austria,Austria,European Region,2021,5.09,5.43822989022,3.83577433741,6.63015461454,ensemble_top4,0,0,1.25422566259,-0.348229890218,0.935966316752,-0.0661757895277
maternal_deaths,10,Austria,Austria,European Region,2022,6.12,5.18534045705,3.35820984619,6.88253178667,ensemble_top4,0.934659542954,0,2.76179015381,0.934659542954,1.18025037135,0.16572659508
maternal_deaths,10,Austria,Austria,European Region,2023,4.7,4.84491760762,2.91926359741,7.18429377562,ensemble_top4,0,0,1.78073640259,-0.144917607617,0.970088736413,-0.0303677308304
maternal_deaths,11,Azerbaijan,Azerbaijan,European Region,2000,57.48,57.48,57.48,57.48,ensemble_top4,,,,,,
maternal_deaths,11,Azerbaijan,Azerbaijan,European Region,2001,53.08,47.5453654738,37.8238422067,57.6567707901,ensemble_top4,,,,,,
maternal_deaths,11,Azerbaijan,Azerbaijan,European Region,2002,47.81,52.0716643673,43.1660251977,61.1294236982,ensemble_top4,,,,,,
maternal_deaths,11,Azerbaijan,Azerbaijan,European Region,2003,50.13,55.5152834248,46.4069768656,64.4059149967,ensemble_top4,,,,,,
maternal_deaths,11,Azerbaijan,Azerbaijan,European Region,2004,60.59,57.3852904201,48.7378547207,65.9521270983,ensemble_top4,,,,,,
maternal_deaths,11,Azerbaijan,Azerbaijan,European Region,2005,62.57,57.0702526284,48.2830536874,65.8127747032,ensemble_top4,,,,,,
maternal_deaths,11,Azerbaijan,Azerbaijan,European Region,2006,54.89,56.1036891,47.3836622796,64.6461994088,ensemble_top4,,,,,,
maternal_deaths,11,Azerbaijan,Azerbaijan,European Region,2007,54.13,54.2826301863,45.874361593,62.7062014356,ensemble_top4,,,,,,
maternal_deaths,11,Azerbaijan,Azerbaijan,European Region,2008,48.86,52.0745768888,43.3625861418,60.748868811,ensemble_top4,,,,,,
maternal_deaths,11,Azerbaijan,Azerbaijan,European Region,2009,46.01,49.6971671553,40.2375252381,58.8426105533,ensemble_top4,,,,,,
maternal_deaths,11,Azerbaijan,Azerbaijan,European Region,2010,47.82,48.7529489762,39.223940601,57.7626859558,ensemble_top4,,,,,,
maternal_deaths,11,Azerbaijan,Azerbaijan,European Region,2011,48.3,48.9100090035,40.1248488269,58.0384727226,ensemble_top4,,,,,,
maternal_deaths,11,Azerbaijan,Azerbaijan,European Region,2012,53.72,47.423485233,38.8717477475,56.1811526157,ensemble_top4,,,,,,
maternal_deaths,11,Azerbaijan,Azerbaijan,European Region,2013,45.78,45.3006029259,36.8619006481,53.5810982062,ensemble_top4,,,,,,
maternal_deaths,11,Azerbaijan,Azerbaijan,European Region,2014,42.92,42.9790297262,34.44490142,51.3219585805,ensemble_top4,,,,,,
maternal_deaths,11,Azerbaijan,Azerbaijan,European Region,2015,39.13,40.8452961377,32.4266497215,48.9198707255,ensemble_top4,,,,,,
maternal_deaths,11,Azerbaijan,Azerbaijan,European Region,2016,38.81,38.7225183028,30.3758981823,47.1743481489,ensemble_top4,,,,,,
maternal_deaths,11,Azerbaijan,Azerbaijan,European Region,2017,36.35,36.4960124064,28.3415747517,44.8451831535,ensemble_top4,,,,,,
maternal_deaths,11,Azerbaijan,Azerbaijan,European Region,2018,33.07,34.6109362227,26.1686067946,43.0062777824,ensemble_top4,,,,,,
maternal_deaths,11,Azerbaijan,Azerbaijan,European Region,2019,32.24,32.7111147023,24.4301925745,41.6226008786,ensemble_top4,,,,,,
maternal_deaths,11,Azerbaijan,Azerbaijan,European Region,2020,30.16,31.0275039411,22.373733728,40.0080279307,ensemble_top4,0,0,7.78626627202,-0.867503941083,0.972040807964,-0.0283574919008
maternal_deaths,11,Azerbaijan,Azerbaijan,European Region,2021,74.28,29.4276103577,20.6354269334,38.4554031559,ensemble_top4,44.8523896423,35.8245968441,53.6445730666,44.8523896423,2.52416010328,0.92590837503
maternal_deaths,11,Azerbaijan,Azerbaijan,European Region,2022,41.05,27.898058779,18.5238348325,37.1831678395,ensemble_top4,13.151941221,3.86683216052,22.5261651675,13.151941221,1.47142854365,0.386233727304
maternal_deaths,11,Azerbaijan,Azerbaijan,European Region,2023,22.39,26.3922575902,17.4366942899,35.7081382782,ensemble_top4,0,0,4.95330571013,-4.00225759018,0.848354860265,-0.16445626343
maternal_deaths,12,Bahamas,Bahamas,Region of the Americas,2000,2.86,2.86,2.86,2.86,ensemble_top4,,,,,,
maternal_deaths,12,Bahamas,Bahamas,Region of the Americas,2001,2.65,2.29505642028,1.7075500917,2.93700821057,ensemble_top4,,,,,,
maternal_deaths,12,Bahamas,Bahamas,Region of the Americas,2002,2.5,2.79911867716,2.23636362832,3.42150690162,ensemble_top4,,,,,,
maternal_deaths,12,Bahamas,Bahamas,Region of the Americas,2003,3.08,3.25734932119,2.70459582261,3.8490127388,ensemble_top4,,,,,,
maternal_deaths,12,Bahamas,Bahamas,Region of the Americas,2004,3.74,3.63385001265,3.10440145363,4.17517617202,ensemble_top4,,,,,,
maternal_deaths,12,Bahamas,Bahamas,Region of the Americas,2005,3.84,3.92892502322,3.38622466106,4.48693267886,ensemble_top4,,,,,,
maternal_deaths,12,Bahamas,Bahamas,Region of the Americas,2006,4.14,4.17948362276,3.57470856802,4.73812505654,ensemble_top4,,,,,,
maternal_deaths,12,Bahamas,Bahamas,Region of the Americas,2007,4.46,4.3565319803,3.7204622677,4.90797099025,ensemble_top4,,,,,,
maternal_deaths,12,Bahamas,Bahamas,Region of the Americas,2008,4.56,4.42193033239,3.83491376767,4.96678512603,ensemble_top4,,,,,,
maternal_deaths,12,Bahamas,Bahamas,Region of the Americas,2009,4.84,4.39967623646,3.83489243119,4.93458716512,ensemble_top4,,,,,,
maternal_deaths,12,Bahamas,Bahamas,Region of the Americas,2010,4.25,4.314778581,3.78102173702,4.86300761896,ensemble_top4,,,,,,
maternal_deaths,12,Bahamas,Bahamas,Region of the Americas,2011,3.94,4.20990175418,3.68000650659,4.78880808119,ensemble_top4,,,,,,
maternal_deaths,12,Bahamas,Bahamas,Region of the Americas,2012,3.74,4.06977662017,3.51009039367,4.69465301948,ensemble_top4,,,,,,
maternal_deaths,12,Bahamas,Bahamas,Region of the Americas,2013,3.91,4.02954998863,3.46176015536,4.61719930231,ensemble_top4,,,,,,
maternal_deaths,12,Bahamas,Bahamas,Region of the Americas,2014,4.01,3.91449074592,3.38040063731,4.48346078048,ensemble_top4,,,,,,
maternal_deaths,12,Bahamas,Bahamas,Region of the Americas,2015,4.02,3.80168961381,3.25390521131,4.38872432573,ensemble_top4,,,,,,
maternal_deaths,12,Bahamas,Bahamas,Region of the Americas,2016,3.59,3.70886389683,3.18724076874,4.279359778,ensemble_top4,,,,,,
maternal_deaths,12,Bahamas,Bahamas,Region of the Americas,2017,3.52,3.63294516127,3.09472632817,4.1816786621,ensemble_top4,,,,,,
maternal_deaths,12,Bahamas,Bahamas,Region of the Americas,2018,3.63,3.56568471229,2.98826239531,4.12445135322,ensemble_top4,,,,,,
maternal_deaths,12,Bahamas,Bahamas,Region of the Americas,2019,3.63,3.51669773291,2.84835782263,4.09781899463,ensemble_top4,,,,,,
maternal_deaths,12,Bahamas,Bahamas,Region of the Americas,2020,3.71,3.48118832512,2.68968954365,4.1144030034,ensemble_top4,0.22881167488,0,1.02031045635,0.22881167488,1.06572803695,0.0636581683858
maternal_deaths,12,Bahamas,Bahamas,Region of the Americas,2021,7.61,3.45399948841,2.54395957277,4.17366719231,ensemble_top4,4.15600051159,3.43633280769,5.06604042723,4.15600051159,2.20324294359,0.789930340265
maternal_deaths,12,Bahamas,Bahamas,Region of the Americas,2022,3.48,3.45577188432,2.37815263116,4.21346231467,ensemble_top4,0.0242281156825,0,1.10184736884,0.0242281156825,1.0070109129,0.0069864507182
maternal_deaths,12,Bahamas,Bahamas,Region of the Americas,2023,3.29,3.45120824419,2.19638007337,4.28688309484,ensemble_top4,0,0,1.09361992663,-0.161208244193,0.953289331508,-0.0478368206629
maternal_deaths,13,Bahrain,Bahrain,Eastern Mediterranean,2000,3.45,3.45,3.45,3.45,ensemble_top4,,,,,,
maternal_deaths,13,Bahrain,Bahrain,Eastern Mediterranean,2001,3.15,3.13854561425,2.87381219461,3.45050527062,ensemble_top4,,,,,,
maternal_deaths,13,Bahrain,Bahrain,Eastern Mediterranean,2002,3.24,3.32330214431,3.09640959986,3.58124573276,ensemble_top4,,,,,,
maternal_deaths,13,Bahrain,Bahrain,Eastern Mediterranean,2003,3.47,3.50002337235,3.24774146926,3.72131596023,ensemble_top4,,,,,,
maternal_deaths,13,Bahrain,Bahrain,Eastern Mediterranean,2004,3.64,3.5621259196,3.28352965908,3.78052733288,ensemble_top4,,,,,,
maternal_deaths,13,Bahrain,Bahrain,Eastern Mediterranean,2005,3.7,3.5597710559,3.30194213594,3.77758553913,ensemble_top4,,,,,,
maternal_deaths,13,Bahrain,Bahrain,Eastern Mediterranean,2006,3.61,3.53760346813,3.30360552298,3.75078600518,ensemble_top4,,,,,,
maternal_deaths,13,Bahrain,Bahrain,Eastern Mediterranean,2007,3.45,3.50833204439,3.29322010873,3.72386199015,ensemble_top4,,,,,,
maternal_deaths,13,Bahrain,Bahrain,Eastern Mediterranean,2008,3.41,3.47315427003,3.26015653894,3.69696181279,ensemble_top4,,,,,,
maternal_deaths,13,Bahrain,Bahrain,Eastern Mediterranean,2009,3.36,3.43780608367,3.22597393883,3.67297881589,ensemble_top4,,,,,,
maternal_deaths,13,Bahrain,Bahrain,Eastern Mediterranean,2010,3.45,3.41160209883,3.20249071331,3.65607333946,ensemble_top4,,,,,,
maternal_deaths,13,Bahrain,Bahrain,Eastern Mediterranean,2011,3.39,3.39274291717,3.18355147452,3.63716302513,ensemble_top4,,,,,,
maternal_deaths,13,Bahrain,Bahrain,Eastern Mediterranean,2012,3.24,3.37892780683,3.16740571644,3.61727804606,ensemble_top4,,,,,,
maternal_deaths,13,Bahrain,Bahrain,Eastern Mediterranean,2013,3.33,3.37357983537,3.15376391543,3.60142771466,ensemble_top4,,,,,,
maternal_deaths,13,Bahrain,Bahrain,Eastern Mediterranean,2014,3.38,3.36890794352,3.14299190124,3.59297206694,ensemble_top4,,,,,,
maternal_deaths,13,Bahrain,Bahrain,Eastern Mediterranean,2015,3.47,3.37000866841,3.14138763788,3.59086504537,ensemble_top4,,,,,,
maternal_deaths,13,Bahrain,Bahrain,Eastern Mediterranean,2016,3.47,3.37403030447,3.15176105717,3.57868200428,ensemble_top4,,,,,,
maternal_deaths,13,Bahrain,Bahrain,Eastern Mediterranean,2017,3.45,3.37332291301,3.14053816002,3.5874641604,ensemble_top4,,,,,,
maternal_deaths,13,Bahrain,Bahrain,Eastern Mediterranean,2018,3.33,3.37324208164,3.13774844295,3.6012273348,ensemble_top4,,,,,,
maternal_deaths,13,Bahrain,Bahrain,Eastern Mediterranean,2019,3.3,3.37091625929,3.11513677471,3.62480603514,ensemble_top4,,,,,,
maternal_deaths,13,Bahrain,Bahrain,Eastern Mediterranean,2020,1.32,3.36229251786,3.07787382167,3.66088973795,ensemble_top4,0,0,0,-2.04229251786,0.392589280376,-0.934991301699
maternal_deaths,13,Bahrain,Bahrain,Eastern Mediterranean,2021,1.87,3.36408879801,3.02630618747,3.70754428694,ensemble_top4,0,0,0,-1.49408879801,0.555871177094,-0.587218707452
maternal_deaths,13,Bahrain,Bahrain,Eastern Mediterranean,2022,1.01,3.36646782176,2.9281728256,3.75902425411,ensemble_top4,0,0,0,-2.35646782176,0.3000177199,-1.20391373974
maternal_deaths,13,Bahrain,Bahrain,Eastern Mediterranean,2023,3.28,3.36981282276,2.80177670384,3.81087947151,ensemble_top4,0,0,0.478223296162,-0.0898128227601,0.973347830433,-0.027013778218
maternal_deaths,14,Bangladesh,Bangladesh,Southeast Asia Region,2000,20807,20807,20806,20807,ensemble_top4,,,,,,
maternal_deaths,14,Bangladesh,Bangladesh,Southeast Asia Region,2001,19748,19930.5967307,19513.8496728,20461.5038994,ensemble_top4,,,,,,
maternal_deaths,14,Bangladesh,Bangladesh,Southeast Asia Region,2002,18440,18522.8789188,18143.9598562,19407.6713757,ensemble_top4,,,,,,
maternal_deaths,14,Bangladesh,Bangladesh,Southeast Asia Region,2003,17040,17050.2566648,16683.1851268,18078.119444,ensemble_top4,,,,,,
maternal_deaths,14,Bangladesh,Bangladesh,Southeast Asia Region,2004,15664,15646.7446987,15306.3481399,16648.0785721,ensemble_top4,,,,,,
maternal_deaths,14,Bangladesh,Bangladesh,Southeast Asia Region,2005,14235,14328.0223789,13989.3187615,15302.2921149,ensemble_top4,,,,,,
maternal_deaths,14,Bangladesh,Bangladesh,Southeast Asia Region,2006,13025,13109.2886015,12780.7910032,13988.1501974,ensemble_top4,,,,,,
maternal_deaths,14,Bangladesh,Bangladesh,Southeast Asia Region,2007,12126,11998.7936514,11672.9523751,12784.9358722,ensemble_top4,,,,,,
maternal_deaths,14,Bangladesh,Bangladesh,Southeast Asia Region,2008,10976,10989.1561028,10652.854515,11690.8263224,ensemble_top4,,,,,,
maternal_deaths,14,Bangladesh,Bangladesh,Southeast Asia Region,2009,10083,10062.4424458,9713.40223258,10721.4378062,ensemble_top4,,,,,,
maternal_deaths,14,Bangladesh,Bangladesh,Southeast Asia Region,2010,9143,9245.93108712,8829.59154936,9851.0553762,ensemble_top4,,,,,,
maternal_deaths,14,Bangladesh,Bangladesh,Southeast Asia Region,2011,8378,8583.06047251,8156.5371112,9096.92556179,ensemble_top4,,,,,,
maternal_deaths,14,Bangladesh,Bangladesh,Southeast Asia Region,2012,7841,8083.70762171,7716.41348294,8436.80352281,ensemble_top4,,,,,,
maternal_deaths,14,Bangladesh,Bangladesh,Southeast Asia Region,2013,7411,7568.90147665,7223.70184385,7879.99809963,ensemble_top4,,,,,,
maternal_deaths,14,Bangladesh,Bangladesh,Southeast Asia Region,2014,6948,7070.28276624,6741.68211358,7369.031394,ensemble_top4,,,,,,
maternal_deaths,14,Bangladesh,Bangladesh,Southeast Asia Region,2015,6570,6607.83883364,6299.92333987,6903.61853556,ensemble_top4,,,,,,
maternal_deaths,14,Bangladesh,Bangladesh,Southeast Asia Region,2016,6214,6199.9312376,5890.47334947,6498.49019873,ensemble_top4,,,,,,
maternal_deaths,14,Bangladesh,Bangladesh,Southeast Asia Region,2017,5805,5831.77445972,5494.81006831,6146.71072311,ensemble_top4,,,,,,
maternal_deaths,14,Bangladesh,Bangladesh,Southeast Asia Region,2018,5511,5503.65762718,5136.65199568,5842.95186226,ensemble_top4,,,,,,
maternal_deaths,14,Bangladesh,Bangladesh,Southeast Asia Region,2019,5219,5225.6580978,4785.39481186,5582.8955335,ensemble_top4,,,,,,
maternal_deaths,14,Bangladesh,Bangladesh,Southeast Asia Region,2020,5123,4972.49080106,4476.8073143,5358.12298974,ensemble_top4,150.509198937,0,646.192685699,150.509198937,1.03026837152,0.029819323175
maternal_deaths,14,Bangladesh,Bangladesh,Southeast Asia Region,2021,6636,4745.85667373,4176.38013425,5176.49240529,ensemble_top4,1890.14332627,1459.50759471,2459.61986575,1890.14332627,1.39827231546,0.335237414154
maternal_deaths,14,Bangladesh,Bangladesh,Southeast Asia Region,2022,4550,4553.31529444,3916.25858721,5002.06443462,ensemble_top4,0,0,633.741412792,-3.31529444086,0.999271894383,-0.000728370814412
maternal_deaths,14,Bangladesh,Bangladesh,Southeast Asia Region,2023,4017,4388.13593362,3678.35066611,4861.94072111,ensemble_top4,0,0,338.649333894,-371.135933622,0.915422872209,-0.0883691650478
maternal_deaths,15,Barbados,Barbados,Region of the Americas,2000,1.81,1.81,0.81,1.81,ensemble_top4,,,,,,
maternal_deaths,15,Barbados,Barbados,Region of the Americas,2001,1.81,1.72236580183,1.5931916102,1.88607071582,ensemble_top4,,,,,,
maternal_deaths,15,Barbados,Barbados,Region of the Americas,2002,1.62,1.68416314015,1.56728226207,1.81122701876,ensemble_top4,,,,,,
maternal_deaths,15,Barbados,Barbados,Region of the Americas,2003,1.67,1.64196914782,1.52513595815,1.7574813027,ensemble_top4,,,,,,
maternal_deaths,15,Barbados,Barbados,Region of the Americas,2004,1.54,1.60146995585,1.48858977611,1.7076405538,ensemble_top4,,,,,,
maternal_deaths,15,Barbados,Barbados,Region of the Americas,2005,1.52,1.57078656052,1.46512486495,1.67690014448,ensemble_top4,,,,,,
maternal_deaths,15,Barbados,Barbados,Region of the Americas,2006,1.51,1.53649522073,1.42662570308,1.64225334855,ensemble_top4,,,,,,
maternal_deaths,15,Barbados,Barbados,Region of the Americas,2007,1.46,1.50171155974,1.39459713,1.60474796172,ensemble_top4,,,,,,
maternal_deaths,15,Barbados,Barbados,Region of the Americas,2008,1.44,1.46777509288,1.3591463061,1.57226870395,ensemble_top4,,,,,,
maternal_deaths,15,Barbados,Barbados,Region of the Americas,2009,1.46,1.43455347443,1.331804692,1.53717790444,ensemble_top4,,,,,,
maternal_deaths,15,Barbados,Barbados,Region of the Americas,2010,1.47,1.40313505388,1.2966312737,1.50869913143,ensemble_top4,,,,,,
maternal_deaths,15,Barbados,Barbados,Region of the Americas,2011,1.42,1.37431896234,1.26867263515,1.48040044426,ensemble_top4,,,,,,
maternal_deaths,15,Barbados,Barbados,Region of the Americas,2012,1.33,1.34568140467,1.23756080985,1.44952214052,ensemble_top4,,,,,,
maternal_deaths,15,Barbados,Barbados,Region of the Americas,2013,1.32,1.31904088533,1.20945890439,1.43229509056,ensemble_top4,,,,,,
maternal_deaths,15,Barbados,Barbados,Region of the Americas,2014,1.28,1.28947223454,1.18207791247,1.39782672965,ensemble_top4,,,,,,
maternal_deaths,15,Barbados,Barbados,Region of the Americas,2015,1.22,1.26078985635,1.1522379737,1.37262499961,ensemble_top4,,,,,,
maternal_deaths,15,Barbados,Barbados,Region of the Americas,2016,1.19,1.23407828364,1.12408796048,1.34251101753,ensemble_top4,,,,,,
maternal_deaths,15,Barbados,Barbados,Region of the Americas,2017,1.19,1.20481565518,1.10093211234,1.31204250456,ensemble_top4,,,,,,
maternal_deaths,15,Barbados,Barbados,Region of the Americas,2018,1.19,1.17668633709,1.06999771479,1.28721660722,ensemble_top4,,,,,,
maternal_deaths,15,Barbados,Barbados,Region of the Americas,2019,1.17,1.14842325754,1.03532794446,1.26088090437,ensemble_top4,,,,,,
maternal_deaths,15,Barbados,Barbados,Region of the Americas,2020,1.23,1.11865851847,0.994342910514,1.24094291097,ensemble_top4,0.111341481529,0,0.235657089486,0.111341481529,1.09953125077,0.0948839533198
maternal_deaths,15,Barbados,Barbados,Region of the Americas,2021,1.23,1.09238085149,0.948674651851,1.22353480375,ensemble_top4,0.137619148508,0.0064651962509,0.281325348149,0.137619148508,1.12598092352,0.118654587764
maternal_deaths,15,Barbados,Barbados,Region of the Americas,2022,1.2,1.06490587763,0.889491065498,1.20658763207,ensemble_top4,0.135094122374,0,0.310508934502,0.135094122374,1.12686015282,0.119435139354
maternal_deaths,15,Barbados,Barbados,Region of the Americas,2023,1.1,1.04005153999,0.825035278514,1.20312324308,ensemble_top4,0.0599484600081,0,0.274964721486,0.0599484600081,1.05763989351,0.0560399101945
maternal_deaths,16,Belarus,Belarus,European Region,2000,18.32,18.32,18.32,18.32,ranked_top1_fallback,,,,,,
maternal_deaths,16,Belarus,Belarus,European Region,2001,15.83,15.7342703166,15.4530672533,16.0080132104,ranked_top1_fallback,,,,,,
maternal_deaths,16,Belarus,Belarus,European Region,2002,13.51,13.64349367,13.4070399476,13.8807361423,ranked_top1_fallback,,,,,,
maternal_deaths,16,Belarus,Belarus,European Region,2003,11.86,11.8965635876,11.6554888553,12.1366372082,ranked_top1_fallback,,,,,,
maternal_deaths,16,Belarus,Belarus,European Region,2004,10.01,9.96742876939,9.7377300493,10.1833772199,ranked_top1_fallback,,,,,,
maternal_deaths,16,Belarus,Belarus,European Region,2005,8.33,8.26268081748,8.04689628732,8.48521386906,ranked_top1_fallback,,,,,,
maternal_deaths,16,Belarus,Belarus,European Region,2006,6.94,6.82760732252,6.60495584378,7.04503093932,ranked_top1_fallback,,,,,,
maternal_deaths,16,Belarus,Belarus,European Region,2007,5.64,5.63304114024,5.41346107092,5.84938907906,ranked_top1_fallback,,,,,,
maternal_deaths,16,Belarus,Belarus,European Region,2008,4.59,4.66570631666,4.44324812622,4.88129873855,ranked_top1_fallback,,,,,,
maternal_deaths,16,Belarus,Belarus,European Region,2009,3.8,3.89304083486,3.68469633907,4.10933817606,ranked_top1_fallback,,,,,,
maternal_deaths,16,Belarus,Belarus,European Region,2010,3.19,3.26806256162,3.05077253794,3.47988955928,ranked_top1_fallback,,,,,,
maternal_deaths,16,Belarus,Belarus,European Region,2011,2.69,2.78045164513,2.57481772825,3.003074668,ranked_top1_fallback,,,,,,
maternal_deaths,16,Belarus,Belarus,European Region,2012,2.43,2.3862207446,2.16883959516,2.60043661358,ranked_top1_fallback,,,,,,
maternal_deaths,16,Belarus,Belarus,European Region,2013,2.14,2.07107987849,1.85831236383,2.28460727289,ranked_top1_fallback,,,,,,
maternal_deaths,16,Belarus,Belarus,European Region,2014,1.94,1.8157826663,1.60504252708,2.02709430993,ranked_top1_fallback,,,,,,
maternal_deaths,16,Belarus,Belarus,European Region,2015,1.73,1.60874694788,1.39104452321,1.832072843,ranked_top1_fallback,,,,,,
maternal_deaths,16,Belarus,Belarus,European Region,2016,1.52,1.45230629236,1.23675993061,1.67080956265,ranked_top1_fallback,,,,,,
maternal_deaths,16,Belarus,Belarus,European Region,2017,1.27,1.32175753866,1.1014102378,1.53676581843,ranked_top1_fallback,,,,,,
maternal_deaths,16,Belarus,Belarus,European Region,2018,1.14,1.22283183984,1.0021521955,1.44304247496,ranked_top1_fallback,,,,,,
maternal_deaths,16,Belarus,Belarus,European Region,2019,1.05,1.1416100246,0.913910395946,1.3605395284,ranked_top1_fallback,,,,,,
maternal_deaths,16,Belarus,Belarus,European Region,2020,1.41,1.07791033962,0.846585639054,1.30570888122,ranked_top1_fallback,0.332089660381,0.10429111878,0.563414360946,0.332089660381,1.30808653389,0.268565408258
maternal_deaths,16,Belarus,Belarus,European Region,2021,1.46,1.02736549343,0.793548752436,1.25439170766,ranked_top1_fallback,0.432634506573,0.205608292339,0.666451247564,0.432634506573,1.42111060702,0.351438683542
maternal_deaths,16,Belarus,Belarus,European Region,2022,0.81,0.987043133743,0.761319834932,1.21659504977,ranked_top1_fallback,0,0,0.0486801650676,-0.177043133743,0.820632829822,-0.197679492679
maternal_deaths,16,Belarus,Belarus,European Region,2023,0.71,0.953706223711,0.725639385368,1.18494750924,ranked_top1_fallback,0,0,0,-0.243706223711,0.744464052292,-0.295090712387
maternal_deaths,17,Belgium,Belgium,European Region,2000,9.29,9.29,8.29,9.29,ensemble_top4,,,,,,
maternal_deaths,17,Belgium,Belgium,European Region,2001,8.77,8.4558023296,7.616415857,9.58786943297,ensemble_top4,,,,,,
maternal_deaths,17,Belgium,Belgium,European Region,2002,8.19,8.37081809791,7.70427287922,9.55182067629,ensemble_top4,,,,,,
maternal_deaths,17,Belgium,Belgium,European Region,2003,7.84,8.24667368112,7.58921566736,9.48631026132,ensemble_top4,,,,,,
maternal_deaths,17,Belgium,Belgium,European Region,2004,7.74,8.13826262325,7.41164559895,9.33917868946,ensemble_top4,,,,,,
maternal_deaths,17,Belgium,Belgium,European Region,2005,7.85,8.14145525999,7.50843803346,9.17965018256,ensemble_top4,,,,,,
maternal_deaths,17,Belgium,Belgium,European Region,2006,7.82,8.17649325023,7.4937052222,8.94477084885,ensemble_top4,,,,,,
maternal_deaths,17,Belgium,Belgium,European Region,2007,8.29,8.06870387665,7.38531961295,8.68179526041,ensemble_top4,,,,,,
maternal_deaths,17,Belgium,Belgium,European Region,2008,8,7.90095174134,7.17526620925,8.46290429124,ensemble_top4,,,,,,
maternal_deaths,17,Belgium,Belgium,European Region,2009,7.89,7.69830872729,6.93594381236,8.28831149764,ensemble_top4,,,,,,
maternal_deaths,17,Belgium,Belgium,European Region,2010,7.9,7.48149809268,6.64312117905,8.09935053076,ensemble_top4,,,,,,
maternal_deaths,17,Belgium,Belgium,European Region,2011,7.45,7.2329768109,6.36708500038,7.8881411346,ensemble_top4,,,,,,
maternal_deaths,17,Belgium,Belgium,European Region,2012,6.74,6.98750955091,6.06446107029,7.60020375689,ensemble_top4,,,,,,
maternal_deaths,17,Belgium,Belgium,European Region,2013,6.88,6.70614337772,5.76526607512,7.32621152421,ensemble_top4,,,,,,
maternal_deaths,17,Belgium,Belgium,European Region,2014,6.45,6.40618832694,5.51107041684,7.05193264136,ensemble_top4,,,,,,
maternal_deaths,17,Belgium,Belgium,European Region,2015,6.14,6.11091246365,5.24531836971,6.75828416423,ensemble_top4,,,,,,
maternal_deaths,17,Belgium,Belgium,European Region,2016,5.85,5.82573740541,5.02730030732,6.53517711327,ensemble_top4,,,,,,
maternal_deaths,17,Belgium,Belgium,European Region,2017,5.62,5.55596415053,4.78643378155,6.31551911998,ensemble_top4,,,,,,
maternal_deaths,17,Belgium,Belgium,European Region,2018,5.49,5.28512493965,4.56052876153,6.11432531367,ensemble_top4,,,,,,
maternal_deaths,17,Belgium,Belgium,European Region,2019,5.07,5.04759669002,4.36934721023,5.91231474051,ensemble_top4,,,,,,
maternal_deaths,17,Belgium,Belgium,European Region,2020,4.8,4.80017122597,4.15853164017,5.71506038613,ensemble_top4,0,0,0.641468359829,-0.00017122597016,0.999964329195,-3.56714408832e-05
maternal_deaths,17,Belgium,Belgium,European Region,2021,8.63,4.60131290224,3.92835792404,5.54158090105,ensemble_top4,4.02868709776,3.08841909895,4.70164207596,4.02868709776,1.87555164871,0.628902828794
maternal_deaths,17,Belgium,Belgium,European Region,2022,12.25,4.38887773326,3.70581034167,5.35673492951,ensemble_top4,7.86112226674,6.89326507049,8.54418965833,7.86112226674,2.79114633501,1.02645238421
maternal_deaths,17,Belgium,Belgium,European Region,2023,3.91,4.21109459055,3.52238723343,5.18585712448,ensemble_top4,0,0,0.387612766566,-0.301094590552,0.928499684802,-0.0741852376594
maternal_deaths,18,Belize,Belize,Region of the Americas,2000,5.68,5.68,4.68,5.68,ensemble_top4,,,,,,
maternal_deaths,18,Belize,Belize,Region of the Americas,2001,5.57,5.25116260299,4.6125282619,6.07632882505,ensemble_top4,,,,,,
maternal_deaths,18,Belize,Belize,Region of the Americas,2002,5.01,5.42548234338,4.84739302368,6.23857776765,ensemble_top4,,,,,,
maternal_deaths,18,Belize,Belize,Region of the Americas,2003,4.92,5.24770388823,4.59230164556,6.16846276696,ensemble_top4,,,,,,
maternal_deaths,18,Belize,Belize,Region of the Americas,2004,4.65,4.86817806659,4.23094079556,5.96507737749,ensemble_top4,,,,,,
maternal_deaths,18,Belize,Belize,Region of the Americas,2005,4.49,4.42490139559,3.81887746862,5.6123722452,ensemble_top4,,,,,,
maternal_deaths,18,Belize,Belize,Region of the Americas,2006,4.07,4.08430725403,3.49327303375,5.30441574373,ensemble_top4,,,,,,
maternal_deaths,18,Belize,Belize,Region of the Americas,2007,3.73,3.7437809441,3.16136370816,5.03954545245,ensemble_top4,,,,,,
maternal_deaths,18,Belize,Belize,Region of the Americas,2008,3.44,3.45616271842,2.8900129801,4.90044813415,ensemble_top4,,,,,,
maternal_deaths,18,Belize,Belize,Region of the Americas,2009,3.17,3.25173137666,2.69864824918,4.82573055119,ensemble_top4,,,,,,
maternal_deaths,18,Belize,Belize,Region of the Americas,2010,2.88,3.13681390083,2.57236249331,4.82879833053,ensemble_top4,,,,,,
maternal_deaths,18,Belize,Belize,Region of the Americas,2011,2.83,3.10926443574,2.53759449237,4.96272096703,ensemble_top4,,,,,,
maternal_deaths,18,Belize,Belize,Region of the Americas,2012,2.96,3.17515930136,2.58120069105,5.1809581654,ensemble_top4,,,,,,
maternal_deaths,18,Belize,Belize,Region of the Americas,2013,3.12,3.31379822402,2.71943602677,5.49489024354,ensemble_top4,,,,,,
maternal_deaths,18,Belize,Belize,Region of the Americas,2014,3.35,3.5173690586,2.92507182864,5.94521309762,ensemble_top4,,,,,,
maternal_deaths,18,Belize,Belize,Region of the Americas,2015,3.65,3.77962727603,3.18660545428,6.44520110615,ensemble_top4,,,,,,
maternal_deaths,18,Belize,Belize,Region of the Americas,2016,4.01,4.06848248707,3.46938406171,7.10861021437,ensemble_top4,,,,,,
maternal_deaths,18,Belize,Belize,Region of the Americas,2017,4.44,4.36690233349,3.79024162515,7.81738847753,ensemble_top4,,,,,,
maternal_deaths,18,Belize,Belize,Region of the Americas,2018,4.82,4.66042528741,4.04719143738,8.70073646826,ensemble_top4,,,,,,
maternal_deaths,18,Belize,Belize,Region of the Americas,2019,4.57,4.91827707499,4.26306255321,9.72421727125,ensemble_top4,,,,,,
maternal_deaths,18,Belize,Belize,Region of the Americas,2020,6.35,5.08230784879,4.43206549906,10.9817179859,ensemble_top4,1.26769215121,0,1.91793450094,1.26769215121,1.24943238169,0.222689353535
maternal_deaths,18,Belize,Belize,Region of the Americas,2021,10.24,5.15988044453,4.46025178719,12.2953987898,ensemble_top4,5.08011955547,0,5.77974821281,5.08011955547,1.98454210521,0.685388210051
maternal_deaths,18,Belize,Belize,Region of the Americas,2022,7.68,5.12795449246,4.39128341526,13.8563186839,ensemble_top4,2.55204550754,0,3.28871658474,2.55204550754,1.49767319724,0.403912701907
maternal_deaths,18,Belize,Belize,Region of the Americas,2023,4.95,5.00569397733,4.22688255776,15.5308397432,ensemble_top4,0,0,0.723117442236,-0.0556939773308,0.988873874915,-0.011188483384
maternal_deaths,19,Benin,Benin,African Region,2000,1609,1609,1609,1609,ensemble_top4,,,,,,
maternal_deaths,19,Benin,Benin,African Region,2001,1653,1636.14310038,1502.37911355,1787.11745741,ensemble_top4,,,,,,
maternal_deaths,19,Benin,Benin,African Region,2002,1701,1697.80365955,1582.58643499,1809.88860036,ensemble_top4,,,,,,
maternal_deaths,19,Benin,Benin,African Region,2003,1747,1738.5343649,1622.17964339,1849.72487541,ensemble_top4,,,,,,
maternal_deaths,19,Benin,Benin,African Region,2004,1789,1775.69399137,1655.08027424,1891.49700112,ensemble_top4,,,,,,
maternal_deaths,19,Benin,Benin,African Region,2005,1780,1808.03424521,1664.74321185,1992.3474493,ensemble_top4,,,,,,
maternal_deaths,19,Benin,Benin,African Region,2006,1831,1830.89845988,1689.34415449,2135.60077459,ensemble_top4,,,,,,
maternal_deaths,19,Benin,Benin,African Region,2007,1837,1886.77661587,1760.52974614,2273.69440137,ensemble_top4,,,,,,
maternal_deaths,19,Benin,Benin,African Region,2008,2099,2101.22420552,1918.61508681,2393.00614127,ensemble_top4,,,,,,
maternal_deaths,19,Benin,Benin,African Region,2009,2273,2314.59496201,2150.54578275,2509.17897342,ensemble_top4,,,,,,
maternal_deaths,19,Benin,Benin,African Region,2010,2364,2404.12709797,2260.8538763,2596.1306624,ensemble_top4,,,,,,
maternal_deaths,19,Benin,Benin,African Region,2011,2457,2472.52298969,2346.70170336,2673.43363554,ensemble_top4,,,,,,
maternal_deaths,19,Benin,Benin,African Region,2012,2551,2529.55112613,2409.9820952,2720.57214139,ensemble_top4,,,,,,
maternal_deaths,19,Benin,Benin,African Region,2013,2574,2576.47245005,2452.78236084,2750.40537515,ensemble_top4,,,,,,
maternal_deaths,19,Benin,Benin,African Region,2014,2626,2611.5862216,2490.93975291,2759.92981945,ensemble_top4,,,,,,
maternal_deaths,19,Benin,Benin,African Region,2015,2687,2643.02424135,2526.04802618,2768.28853071,ensemble_top4,,,,,,
maternal_deaths,19,Benin,Benin,African Region,2016,2725,2663.76939371,2549.69898132,2779.392069,ensemble_top4,,,,,,
maternal_deaths,19,Benin,Benin,African Region,2017,2695,2677.90493744,2560.47100554,2802.38758133,ensemble_top4,,,,,,
maternal_deaths,19,Benin,Benin,African Region,2018,2679,2692.00491758,2532.80919159,2816.44297072,ensemble_top4,,,,,,
maternal_deaths,19,Benin,Benin,African Region,2019,2624,2707.03367489,2493.50398639,2841.59628152,ensemble_top4,,,,,,
maternal_deaths,19,Benin,Benin,African Region,2020,2668,2722.21102331,2432.36793738,2865.96899368,ensemble_top4,0,0,235.632062617,-54.2110233135,0.980085664613,-0.0201152982678
maternal_deaths,19,Benin,Benin,African Region,2021,2722,2739.15081132,2371.26592592,2887.32402954,ensemble_top4,0,0,350.734074077,-17.1508113221,0.993738639271,-0.00628104525955
maternal_deaths,19,Benin,Benin,African Region,2022,2586,2756.29370241,2313.14668191,2905.05741961,ensemble_top4,0,0,272.85331809,-170.293702405,0.938216416394,-0.0637746354857
maternal_deaths,19,Benin,Benin,African Region,2023,2477,2768.31703494,2256.71645503,2920.63872809,ensemble_top4,0,0,220.283544967,-291.317034944,0.894767459338,-0.111191416435
maternal_deaths,20,Bhutan,Bhutan,Southeast Asia Region,2000,48.65,48.65,48.65,48.65,ensemble_top4,,,,,,
maternal_deaths,20,Bhutan,Bhutan,Southeast Asia Region,2001,41.63,41.1977510445,40.1840816634,42.2007964125,ensemble_top4,,,,,,
maternal_deaths,20,Bhutan,Bhutan,Southeast Asia Region,2002,36.3,36.6847510344,35.8156882021,37.6322204174,ensemble_top4,,,,,,
maternal_deaths,20,Bhutan,Bhutan,Southeast Asia Region,2003,31.73,32.5263132997,31.5867207567,33.5145707073,ensemble_top4,,,,,,
maternal_deaths,20,Bhutan,Bhutan,Southeast Asia Region,2004,28.65,28.936215148,28.0111663777,29.8474226021,ensemble_top4,,,,,,
maternal_deaths,20,Bhutan,Bhutan,Southeast Asia Region,2005,26.06,25.9298208004,24.9582600873,26.8564326728,ensemble_top4,,,,,,
maternal_deaths,20,Bhutan,Bhutan,Southeast Asia Region,2006,23.45,23.0495459075,22.1070089666,23.9130159115,ensemble_top4,,,,,,
maternal_deaths,20,Bhutan,Bhutan,Southeast Asia Region,2007,21.02,20.4336005852,19.5728853398,21.2906127198,ensemble_top4,,,,,,
maternal_deaths,20,Bhutan,Bhutan,Southeast Asia Region,2008,18.48,18.1121505037,17.2446149146,18.9469426226,ensemble_top4,,,,,,
maternal_deaths,20,Bhutan,Bhutan,Southeast Asia Region,2009,16.52,16.0515555636,15.2036111706,16.8982015879,ensemble_top4,,,,,,
maternal_deaths,20,Bhutan,Bhutan,Southeast Asia Region,2010,14.13,14.2194801436,13.3729347157,15.093953466,ensemble_top4,,,,,,
maternal_deaths,20,Bhutan,Bhutan,Southeast Asia Region,2011,12.38,12.6266493911,11.7952145918,13.498768248,ensemble_top4,,,,,,
maternal_deaths,20,Bhutan,Bhutan,Southeast Asia Region,2012,10.85,11.2090658106,10.368997144,12.1080966956,ensemble_top4,,,,,,
maternal_deaths,20,Bhutan,Bhutan,Southeast Asia Region,2013,9.8,9.97098009934,9.13971901211,10.8467272463,ensemble_top4,,,,,,
maternal_deaths,20,Bhutan,Bhutan,Southeast Asia Region,2014,8.83,8.8841523765,8.03522790646,9.73162209167,ensemble_top4,,,,,,
maternal_deaths,20,Bhutan,Bhutan,Southeast Asia Region,2015,7.93,7.90425779425,7.04596911978,8.76802231169,ensemble_top4,,,,,,
maternal_deaths,20,Bhutan,Bhutan,Southeast Asia Region,2016,7.01,7.06385593801,6.19968115761,7.94630044377,ensemble_top4,,,,,,
maternal_deaths,20,Bhutan,Bhutan,Southeast Asia Region,2017,6.06,6.31585196919,5.4316966614,7.16123390476,ensemble_top4,,,,,,
maternal_deaths,20,Bhutan,Bhutan,Southeast Asia Region,2018,5.43,5.65655244512,4.77067766274,6.51072997033,ensemble_top4,,,,,,
maternal_deaths,20,Bhutan,Bhutan,Southeast Asia Region,2019,4.97,5.07987142308,4.16625741409,5.95440754663,ensemble_top4,,,,,,
maternal_deaths,20,Bhutan,Bhutan,Southeast Asia Region,2020,5.12,4.58096075444,3.64770245557,5.48429301145,ensemble_top4,0.53903924556,0,1.47229754443,0.53903924556,1.11766947469,0.111245691212
maternal_deaths,20,Bhutan,Bhutan,Southeast Asia Region,2021,4.99,4.10774592353,3.17769957895,5.05130286408,ensemble_top4,0.882254076471,0,1.81230042105,0.882254076471,1.21477815154,0.1945614688
maternal_deaths,20,Bhutan,Bhutan,Southeast Asia Region,2022,4.86,3.71156212281,2.71607708864,4.69585236936,ensemble_top4,1.14843787719,0.164147630636,2.14392291136,1.14843787719,1.30942170417,0.269585592551
maternal_deaths,20,Bhutan,Bhutan,Southeast Asia Region,2023,4.65,3.35554355441,2.35425920419,4.41379588967,ensemble_top4,1.29445644559,0.236204110333,2.29574079581,1.29445644559,1.3857665456,0.326253449062
maternal_deaths,21,Bolivia,Bolivia (Plurinational State of),Region of the Americas,2000,737,737,737,737,ensemble_top4,,,,,,
maternal_deaths,21,Bolivia,Bolivia (Plurinational State of),Region of the Americas,2001,702.8,705.425811177,678.104639398,727.1480792,ensemble_top4,,,,,,
maternal_deaths,21,Bolivia,Bolivia (Plurinational State of),Region of the Americas,2002,665.9,670.200682473,647.686275381,694.54010183,ensemble_top4,,,,,,
maternal_deaths,21,Bolivia,Bolivia (Plurinational State of),Region of the Americas,2003,652.3,648.586450304,623.608613896,676.073768125,ensemble_top4,,,,,,
maternal_deaths,21,Bolivia,Bolivia (Plurinational State of),Region of the Americas,2004,638.6,640.316787233,617.85040852,659.856867323,ensemble_top4,,,,,,
maternal_deaths,21,Bolivia,Bolivia (Plurinational State of),Region of the Americas,2005,619.8,620.252218091,597.375213283,639.842833797,ensemble_top4,,,,,,
maternal_deaths,21,Bolivia,Bolivia (Plurinational State of),Region of the Americas,2006,615.2,598.407892333,576.21743167,617.980614792,ensemble_top4,,,,,,
maternal_deaths,21,Bolivia,Bolivia (Plurinational State of),Region of the Americas,2007,583.2,576.541013202,556.470051395,596.201420172,ensemble_top4,,,,,,
maternal_deaths,21,Bolivia,Bolivia (Plurinational State of),Region of the Americas,2008,558.3,554.985361857,535.323269576,574.545830787,ensemble_top4,,,,,,
maternal_deaths,21,Bolivia,Bolivia (Plurinational State of),Region of the Americas,2009,534.1,534.47329495,515.894082581,554.605622929,ensemble_top4,,,,,,
maternal_deaths,21,Bolivia,Bolivia (Plurinational State of),Region of the Americas,2010,510.8,515.179756227,496.384767905,535.918494855,ensemble_top4,,,,,,
maternal_deaths,21,Bolivia,Bolivia (Plurinational State of),Region of the Americas,2011,488.5,497.186871452,479.201077607,519.086477867,ensemble_top4,,,,,,
maternal_deaths,21,Bolivia,Bolivia (Plurinational State of),Region of the Americas,2012,470.8,480.387520938,461.547482592,501.941037293,ensemble_top4,,,,,,
maternal_deaths,21,Bolivia,Bolivia (Plurinational State of),Region of the Americas,2013,457.4,464.675540166,446.280636708,486.973135019,ensemble_top4,,,,,,
maternal_deaths,21,Bolivia,Bolivia (Plurinational State of),Region of the Americas,2014,445.3,450.018149151,431.455548266,470.899776269,ensemble_top4,,,,,,
maternal_deaths,21,Bolivia,Bolivia (Plurinational State of),Region of the Americas,2015,432.8,436.872834086,417.789354205,457.283615697,ensemble_top4,,,,,,
maternal_deaths,21,Bolivia,Bolivia (Plurinational State of),Region of the Americas,2016,421.8,424.212456461,404.578792276,444.832209126,ensemble_top4,,,,,,
maternal_deaths,21,Bolivia,Bolivia (Plurinational State of),Region of the Americas,2017,415.2,412.918765524,392.524142335,432.340003701,ensemble_top4,,,,,,
maternal_deaths,21,Bolivia,Bolivia (Plurinational State of),Region of the Americas,2018,408.7,402.269004802,379.791924897,422.063144363,ensemble_top4,,,,,,
maternal_deaths,21,Bolivia,Bolivia (Plurinational State of),Region of the Americas,2019,406.5,393.040657153,365.662649153,412.948958629,ensemble_top4,,,,,,
maternal_deaths,21,Bolivia,Bolivia (Plurinational State of),Region of the Americas,2020,566.2,384.521196783,354.205080227,405.638625507,ensemble_top4,181.678803217,160.561374493,211.994919773,181.678803217,1.47248059336,0.386948457077
maternal_deaths,21,Bolivia,Bolivia (Plurinational State of),Region of the Americas,2021,702.9,377.065760491,341.530029794,398.722178128,ensemble_top4,325.834239509,304.177821872,361.369970206,325.834239509,1.86413107115,0.622795030934
maternal_deaths,21,Bolivia,Bolivia (Plurinational State of),Region of the Americas,2022,428,370.525891884,329.726921135,393.489095973,ensemble_top4,57.4741081163,34.5109040266,98.2730788648,57.4741081163,1.15511495789,0.144199869661
maternal_deaths,21,Bolivia,Bolivia (Plurinational State of),Region of the Americas,2023,380.8,364.485630333,316.854199206,388.11403764,ensemble_top4,16.3143696667,0,63.9458007936,16.3143696667,1.04475998039,0.0437871751996
maternal_deaths,22,Bosnia,Bosnia and Herzegovina,European Region,2000,4.89,4.89,3.89,4.89,ensemble_top4,,,,,,
maternal_deaths,22,Bosnia,Bosnia and Herzegovina,European Region,2001,4.49,4.4572650792,4.19372687565,4.72365564845,ensemble_top4,,,,,,
maternal_deaths,22,Bosnia,Bosnia and Herzegovina,European Region,2002,4.3,4.39220701513,4.13967851647,4.79065072454,ensemble_top4,,,,,,
maternal_deaths,22,Bosnia,Bosnia and Herzegovina,European Region,2003,4.16,4.2517380269,4.00730770284,4.72374114747,ensemble_top4,,,,,,
maternal_deaths,22,Bosnia,Bosnia and Herzegovina,European Region,2004,4.01,4.02633513633,3.79146434569,4.55485739539,ensemble_top4,,,,,,
maternal_deaths,22,Bosnia,Bosnia and Herzegovina,European Region,2005,3.73,3.77262050799,3.53933190234,4.35445195559,ensemble_top4,,,,,,
maternal_deaths,22,Bosnia,Bosnia and Herzegovina,European Region,2006,3.43,3.52445528948,3.28868403994,4.11352419721,ensemble_top4,,,,,,
maternal_deaths,22,Bosnia,Bosnia and Herzegovina,European Region,2007,3.26,3.28302141267,3.05050845301,3.89972399106,ensemble_top4,,,,,,
maternal_deaths,22,Bosnia,Bosnia and Herzegovina,European Region,2008,3.11,3.06202011437,2.83082040999,3.68601368458,ensemble_top4,,,,,,
maternal_deaths,22,Bosnia,Bosnia and Herzegovina,European Region,2009,2.97,2.85357233332,2.62660935096,3.49122481304,ensemble_top4,,,,,,
maternal_deaths,22,Bosnia,Bosnia and Herzegovina,European Region,2010,2.72,2.6688651032,2.43913220704,3.3158110149,ensemble_top4,,,,,,
maternal_deaths,22,Bosnia,Bosnia and Herzegovina,European Region,2011,2.35,2.50412551084,2.28145651573,3.18045654779,ensemble_top4,,,,,,
maternal_deaths,22,Bosnia,Bosnia and Herzegovina,European Region,2012,2.22,2.36297733837,2.13452134819,3.05499590221,ensemble_top4,,,,,,
maternal_deaths,22,Bosnia,Bosnia and Herzegovina,European Region,2013,2.14,2.24397796285,2.01822955863,2.94897123691,ensemble_top4,,,,,,
maternal_deaths,22,Bosnia,Bosnia and Herzegovina,European Region,2014,2.02,2.14322642097,1.91420742981,2.88322622361,ensemble_top4,,,,,,
maternal_deaths,22,Bosnia,Bosnia and Herzegovina,European Region,2015,2,2.06101652701,1.82756804071,2.81127331914,ensemble_top4,,,,,,
maternal_deaths,22,Bosnia,Bosnia and Herzegovina,European Region,2016,1.92,1.99889534764,1.7742189611,2.76590382309,ensemble_top4,,,,,,
maternal_deaths,22,Bosnia,Bosnia and Herzegovina,European Region,2017,1.93,1.95329414828,1.7119497874,2.719306504,ensemble_top4,,,,,,
maternal_deaths,22,Bosnia,Bosnia and Herzegovina,European Region,2018,2.03,1.92743587072,1.6858151983,2.6785215333,ensemble_top4,,,,,,
maternal_deaths,22,Bosnia,Bosnia and Herzegovina,European Region,2019,1.83,1.91299764626,1.66657704619,2.64824063979,ensemble_top4,,,,,,
maternal_deaths,22,Bosnia,Bosnia and Herzegovina,European Region,2020,2.04,1.91699921522,1.64761601624,2.61240391877,ensemble_top4,0.123000784777,0,0.39238398376,0.123000784777,1.06416318995,0.0621887531706
maternal_deaths,22,Bosnia,Bosnia and Herzegovina,European Region,2021,3.3,1.9307818217,1.63189482309,2.56478773089,ensemble_top4,1.3692181783,0.735212269114,1.66810517691,1.3692181783,1.70915220089,0.53599745862
maternal_deaths,22,Bosnia,Bosnia and Herzegovina,European Region,2022,2.93,1.95721066771,1.60939059458,2.5282453815,ensemble_top4,0.972789332287,0.401754618503,1.32060940542,0.972789332287,1.49702842332,0.403482092114
maternal_deaths,22,Bosnia,Bosnia and Herzegovina,European Region,2023,1.52,1.99284955151,1.58821276738,2.48306603324,ensemble_top4,0,0,0,-0.472849551508,0.762726919777,-0.270855215067
maternal_deaths,23,Botswana,Botswana,African Region,2000,63.57,63.57,62.57,63.57,ensemble_top4,,,,,,
maternal_deaths,23,Botswana,Botswana,African Region,2001,65.91,49.0660593999,-0,104.517147126,ensemble_top4,,,,,,
maternal_deaths,23,Botswana,Botswana,African Region,2002,67.41,55.2909328472,-0,107.14719936,ensemble_top4,,,,,,
maternal_deaths,23,Botswana,Botswana,African Region,2003,69.31,61.1994712041,7.24899746262,111.317281909,ensemble_top4,,,,,,
maternal_deaths,23,Botswana,Botswana,African Region,2004,74.65,68.3043062138,15.7829127395,121.415824608,ensemble_top4,,,,,,
maternal_deaths,23,Botswana,Botswana,African Region,2005,84.77,78.1240114634,25.2084703879,132.489190498,ensemble_top4,,,,,,
maternal_deaths,23,Botswana,Botswana,African Region,2006,107.7,88.4892797337,33.2522821042,145.30013149,ensemble_top4,,,,,,
maternal_deaths,23,Botswana,Botswana,African Region,2007,109,101.453382564,43.4358314137,158.257572216,ensemble_top4,,,,,,
maternal_deaths,23,Botswana,Botswana,African Region,2008,110,116.443863026,58.1160965849,170.786125457,ensemble_top4,,,,,,
maternal_deaths,23,Botswana,Botswana,African Region,2009,120.2,129.943039026,75.9833965825,180.052223135,ensemble_top4,,,,,,
maternal_deaths,23,Botswana,Botswana,African Region,2010,131.7,140.36375145,87.9759876104,191.492702084,ensemble_top4,,,,,,
maternal_deaths,23,Botswana,Botswana,African Region,2011,156.4,144.921891338,91.8681494672,199.048888625,ensemble_top4,,,,,,
maternal_deaths,23,Botswana,Botswana,African Region,2012,168.5,140.570546164,86.4520462888,195.768383773,ensemble_top4,,,,,,
maternal_deaths,23,Botswana,Botswana,African Region,2013,128.7,128.039962727,74.5355192029,182.076589528,ensemble_top4,,,,,,
maternal_deaths,23,Botswana,Botswana,African Region,2014,123.1,112.157169228,59.5014662075,167.28392457,ensemble_top4,,,,,,
maternal_deaths,23,Botswana,Botswana,African Region,2015,81.97,96.5646215662,45.2427455042,156.589443395,ensemble_top4,,,,,,
maternal_deaths,23,Botswana,Botswana,African Region,2016,42.4,83.3097278713,35.6280928328,142.33539085,ensemble_top4,,,,,,
maternal_deaths,23,Botswana,Botswana,African Region,2017,27.34,72.6716608645,22.1479479698,127.718840923,ensemble_top4,,,,,,
maternal_deaths,23,Botswana,Botswana,African Region,2018,59.05,64.2143592187,12.856035148,117.795182648,ensemble_top4,,,,,,
maternal_deaths,23,Botswana,Botswana,African Region,2019,60.12,56.2459003282,3.69565594217,112.413886443,ensemble_top4,,,,,,
maternal_deaths,23,Botswana,Botswana,African Region,2020,59.08,49.3234414667,-0,107.680609829,ensemble_top4,9.75655853332,0,59.08,9.75655853332,1.19780774097,0.180493003483
maternal_deaths,23,Botswana,Botswana,African Region,2021,101,45.0522430572,-0,104.311833092,ensemble_top4,55.9477569428,0,101,55.9477569428,2.24184176294,0.807297743633
maternal_deaths,23,Botswana,Botswana,African Region,2022,74.19,41.4192815612,-0,104.202632348,ensemble_top4,32.7707184388,0,74.19,32.7707184388,1.7911947577,0.5828828596
maternal_deaths,23,Botswana,Botswana,African Region,2023,95.07,37.351566084,-0,103.094582414,ensemble_top4,57.718433916,0,95.07,57.718433916,2.54527480283,0.934238621711
maternal_deaths,24,Brazil,Brazil,Region of the Americas,2000,2375,2375,2375,2375,ensemble_top4,,,,,,
maternal_deaths,24,Brazil,Brazil,Region of the Americas,2001,2247,2229.1235826,1997.04196105,2463.88109651,ensemble_top4,,,,,,
maternal_deaths,24,Brazil,Brazil,Region of the Americas,2002,2177,2205.05117447,2000.12548116,2414.29724063,ensemble_top4,,,,,,
maternal_deaths,24,Brazil,Brazil,Region of the Americas,2003,2158,2225.35973911,1999.4437047,2426.82669812,ensemble_top4,,,,,,
maternal_deaths,24,Brazil,Brazil,Region of the Americas,2004,2224,2246.08678829,2044.31107366,2440.18270345,ensemble_top4,,,,,,
maternal_deaths,24,Brazil,Brazil,Region of the Americas,2005,2268,2216.4067029,2023.90367526,2405.04258447,ensemble_top4,,,,,,
maternal_deaths,24,Brazil,Brazil,Region of the Americas,2006,2249,2175.08726413,1990.44230676,2354.90500207,ensemble_top4,,,,,,
maternal_deaths,24,Brazil,Brazil,Region of the Americas,2007,2221,2131.653533,1952.22092057,2304.50047992,ensemble_top4,,,,,,
maternal_deaths,24,Brazil,Brazil,Region of the Americas,2008,2148,2085.08884655,1911.26514815,2257.25024105,ensemble_top4,,,,,,
maternal_deaths,24,Brazil,Brazil,Region of the Americas,2009,2067,2034.76403546,1855.27292138,2216.02313655,ensemble_top4,,,,,,
maternal_deaths,24,Brazil,Brazil,Region of the Americas,2010,1959,1989.0429665,1811.66229416,2169.38498859,ensemble_top4,,,,,,
maternal_deaths,24,Brazil,Brazil,Region of the Americas,2011,1829,1943.43611974,1770.67631319,2131.1574454,ensemble_top4,,,,,,
maternal_deaths,24,Brazil,Brazil,Region of the Americas,2012,1756,1906.89393281,1727.18636152,2095.81172289,ensemble_top4,,,,,,
maternal_deaths,24,Brazil,Brazil,Region of the Americas,2013,1791,1883.54869974,1701.45720283,2078.04756658,ensemble_top4,,,,,,
maternal_deaths,24,Brazil,Brazil,Region of the Americas,2014,1875,1862.69660948,1677.06466467,2063.66945832,ensemble_top4,,,,,,
maternal_deaths,24,Brazil,Brazil,Region of the Americas,2015,1864,1836.73345274,1652.49359746,2046.57617618,ensemble_top4,,,,,,
maternal_deaths,24,Brazil,Brazil,Region of the Americas,2016,1830,1819.05800906,1632.64177786,2026.33620069,ensemble_top4,,,,,,
maternal_deaths,24,Brazil,Brazil,Region of the Americas,2017,1764,1797.34874025,1605.82268579,2001.47333684,ensemble_top4,,,,,,
maternal_deaths,24,Brazil,Brazil,Region of the Americas,2018,1801,1780.63506338,1579.45359614,1986.69755206,ensemble_top4,,,,,,
maternal_deaths,24,Brazil,Brazil,Region of the Americas,2019,1817,1766.5989512,1563.78818683,1975.70970435,ensemble_top4,,,,,,
maternal_deaths,24,Brazil,Brazil,Region of the Americas,2020,2302,1752.23288663,1528.38158851,1982.02529705,ensemble_top4,549.767113365,319.974702954,773.61841149,549.767113365,1.31375230859,0.272887400458
maternal_deaths,24,Brazil,Brazil,Region of the Americas,2021,3421,1737.02504887,1494.76579635,1993.76022175,ensemble_top4,1683.97495113,1427.23977825,1926.23420365,1683.97495113,1.96945922123,0.677758998076
maternal_deaths,24,Brazil,Brazil,Region of the Americas,2022,2745,1718.22374681,1467.09615114,2011.91956365,ensemble_top4,1026.77625319,733.080436353,1277.90384886,1026.77625319,1.59758006203,0.468490023089
maternal_deaths,24,Brazil,Brazil,Region of the Americas,2023,1741,1702.76619502,1433.35965417,2041.22839945,ensemble_top4,38.2338049819,0,307.640345827,38.2338049819,1.02245393707,0.0222055585963
maternal_deaths,25,Brunei Darussalam,Brunei Darussalam,Western Pacific Region,2000,3.1,3.1,3.1,3.1,ranked_top1_fallback,,,,,,
maternal_deaths,25,Brunei Darussalam,Brunei Darussalam,Western Pacific Region,2001,2.98,3.05659075094,2.8263469692,3.26179080823,ranked_top1_fallback,,,,,,
maternal_deaths,25,Brunei Darussalam,Brunei Darussalam,Western Pacific Region,2002,2.92,2.91748416913,2.70774052314,3.12074999803,ranked_top1_fallback,,,,,,
maternal_deaths,25,Brunei Darussalam,Brunei Darussalam,Western Pacific Region,2003,2.81,2.70456255627,2.49603941416,2.9100080324,ranked_top1_fallback,,,,,,
maternal_deaths,25,Brunei Darussalam,Brunei Darussalam,Western Pacific Region,2004,2.67,2.57452246121,2.36264875657,2.80262867974,ranked_top1_fallback,,,,,,
maternal_deaths,25,Brunei Darussalam,Brunei Darussalam,Western Pacific Region,2005,2.55,2.66431589199,2.47067343037,2.86279054973,ranked_top1_fallback,,,,,,
maternal_deaths,25,Brunei Darussalam,Brunei Darussalam,Western Pacific Region,2006,2.48,2.55924615982,2.36648334648,2.7533042171,ranked_top1_fallback,,,,,,
maternal_deaths,25,Brunei Darussalam,Brunei Darussalam,Western Pacific Region,2007,2.42,2.49559334717,2.29432428923,2.68997155057,ranked_top1_fallback,,,,,,
maternal_deaths,25,Brunei Darussalam,Brunei Darussalam,Western Pacific Region,2008,2.45,2.47314384444,2.27256736728,2.6694836335,ranked_top1_fallback,,,,,,
maternal_deaths,25,Brunei Darussalam,Brunei Darussalam,Western Pacific Region,2009,2.49,2.48656281156,2.29398734964,2.68547985424,ranked_top1_fallback,,,,,,
maternal_deaths,25,Brunei Darussalam,Brunei Darussalam,Western Pacific Region,2010,2.57,2.52975247041,2.33405224372,2.7296425385,ranked_top1_fallback,,,,,,
maternal_deaths,25,Brunei Darussalam,Brunei Darussalam,Western Pacific Region,2011,2.69,2.59414522598,2.39739179623,2.80086346546,ranked_top1_fallback,,,,,,
maternal_deaths,25,Brunei Darussalam,Brunei Darussalam,Western Pacific Region,2012,2.78,2.66554133864,2.46153708554,2.87015320506,ranked_top1_fallback,,,,,,
maternal_deaths,25,Brunei Darussalam,Brunei Darussalam,Western Pacific Region,2013,2.76,2.73026934084,2.53035847202,2.93484899535,ranked_top1_fallback,,,,,,
maternal_deaths,25,Brunei Darussalam,Brunei Darussalam,Western Pacific Region,2014,2.75,2.77455192321,2.57327442618,2.97572570627,ranked_top1_fallback,,,,,,
maternal_deaths,25,Brunei Darussalam,Brunei Darussalam,Western Pacific Region,2015,2.71,2.77879354255,2.57151885667,2.98780154366,ranked_top1_fallback,,,,,,
maternal_deaths,25,Brunei Darussalam,Brunei Darussalam,Western Pacific Region,2016,2.66,2.74532449675,2.53962219492,2.95048549278,ranked_top1_fallback,,,,,,
maternal_deaths,25,Brunei Darussalam,Brunei Darussalam,Western Pacific Region,2017,2.61,2.66734999953,2.45937930944,2.86721784842,ranked_top1_fallback,,,,,,
maternal_deaths,25,Brunei Darussalam,Brunei Darussalam,Western Pacific Region,2018,2.56,2.5406000501,2.33653503354,2.74043322414,ranked_top1_fallback,,,,,,
maternal_deaths,25,Brunei Darussalam,Brunei Darussalam,Western Pacific Region,2019,2.48,2.38250375475,2.17394568177,2.58316517014,ranked_top1_fallback,,,,,,
maternal_deaths,25,Brunei Darussalam,Brunei Darussalam,Western Pacific Region,2020,2.46,2.19503963949,1.97038016873,2.40728074242,ranked_top1_fallback,0.26496036051,0.0527192575761,0.489619831267,0.26496036051,1.12070869051,0.113961244587
maternal_deaths,25,Brunei Darussalam,Brunei Darussalam,Western Pacific Region,2021,2.78,1.98867428687,1.75669233325,2.20113504216,ranked_top1_fallback,0.791325713129,0.578864957843,1.02330766675,0.791325713129,1.39791619892,0.33498269847
maternal_deaths,25,Brunei Darussalam,Brunei Darussalam,Western Pacific Region,2022,5.56,1.77400815504,1.52573942853,1.98642023454,ranked_top1_fallback,3.78599184496,3.57357976546,4.03426057147,3.78599184496,3.13414568258,1.1423566274
maternal_deaths,25,Brunei Darussalam,Brunei Darussalam,Western Pacific Region,2023,2.27,1.54932377869,1.29950340927,1.768458812,ranked_top1_fallback,0.720676221306,0.501541188,0.970496590735,0.720676221306,1.465155335,0.381961267567
maternal_deaths,26,Bulgaria,Bulgaria,European Region,2000,13.64,13.64,13.64,13.64,ensemble_top4,,,,,,
maternal_deaths,26,Bulgaria,Bulgaria,European Region,2001,11.65,11.2051990684,10.2704932139,12.1357914518,ensemble_top4,,,,,,
maternal_deaths,26,Bulgaria,Bulgaria,European Region,2002,10.18,10.6197430612,9.79049127128,11.4779135959,ensemble_top4,,,,,,
maternal_deaths,26,Bulgaria,Bulgaria,European Region,2003,9.57,9.97682336513,9.10924692833,10.8169687149,ensemble_top4,,,,,,
maternal_deaths,26,Bulgaria,Bulgaria,European Region,2004,9.54,9.53862818111,8.64828754947,10.3800004723,ensemble_top4,,,,,,
maternal_deaths,26,Bulgaria,Bulgaria,European Region,2005,9.13,9.08237601519,8.22941996478,10.0818858532,ensemble_top4,,,,,,
maternal_deaths,26,Bulgaria,Bulgaria,European Region,2006,8.64,8.5180667578,7.66265281292,9.40181100628,ensemble_top4,,,,,,
maternal_deaths,26,Bulgaria,Bulgaria,European Region,2007,8.03,7.9596558114,7.15479027227,8.79185321938,ensemble_top4,,,,,,
maternal_deaths,26,Bulgaria,Bulgaria,European Region,2008,7.6,7.44792747163,6.63848305433,8.24853724489,ensemble_top4,,,,,,
maternal_deaths,26,Bulgaria,Bulgaria,European Region,2009,7.5,6.97295201527,6.17263397437,7.74186820875,ensemble_top4,,,,,,
maternal_deaths,26,Bulgaria,Bulgaria,European Region,2010,6.88,6.51357988136,5.68826031079,7.31573762089,ensemble_top4,,,,,,
maternal_deaths,26,Bulgaria,Bulgaria,European Region,2011,5.95,6.09848221922,5.31708166808,6.86558738578,ensemble_top4,,,,,,
maternal_deaths,26,Bulgaria,Bulgaria,European Region,2012,5.15,5.7123741527,4.91423797956,6.4835512429,ensemble_top4,,,,,,
maternal_deaths,26,Bulgaria,Bulgaria,European Region,2013,4.77,5.36599013463,4.58456582652,6.15924665801,ensemble_top4,,,,,,
maternal_deaths,26,Bulgaria,Bulgaria,European Region,2014,4.95,5.06554537228,4.26285960524,5.85168727506,ensemble_top4,,,,,,
maternal_deaths,26,Bulgaria,Bulgaria,European Region,2015,4.78,4.76067465424,3.97584813292,5.59421009861,ensemble_top4,,,,,,
maternal_deaths,26,Bulgaria,Bulgaria,European Region,2016,4.5,4.48533945313,3.70746621009,5.29395625541,ensemble_top4,,,,,,
maternal_deaths,26,Bulgaria,Bulgaria,European Region,2017,4.3,4.23581411841,3.44690939233,5.04694342204,ensemble_top4,,,,,,
maternal_deaths,26,Bulgaria,Bulgaria,European Region,2018,4.16,3.99018599318,3.19336867373,4.81978915417,ensemble_top4,,,,,,
maternal_deaths,26,Bulgaria,Bulgaria,European Region,2019,3.91,3.7797468835,2.96439752438,4.65247511107,ensemble_top4,,,,,,
maternal_deaths,26,Bulgaria,Bulgaria,European Region,2020,5.14,3.56145462942,2.72594733006,4.47616815902,ensemble_top4,1.57854537058,0.663831840978,2.41405266994,1.57854537058,1.44323051529,0.36688401429
maternal_deaths,26,Bulgaria,Bulgaria,European Region,2021,5.47,3.37815781275,2.53577305081,4.31274650006,ensemble_top4,2.09184218725,1.15725349994,2.93422694919,2.09184218725,1.61922571508,0.481948081334
maternal_deaths,26,Bulgaria,Bulgaria,European Region,2022,6.19,3.17227666378,2.34636864177,4.18797169607,ensemble_top4,3.01772333622,2.00202830393,3.84363135823,3.01772333622,1.95127999732,0.668485566116
maternal_deaths,26,Bulgaria,Bulgaria,European Region,2023,3.48,3.0070903064,2.16079125167,4.15079135739,ensemble_top4,0.472909693596,0,1.31920874833,0.472909693596,1.15726487914,0.146059358171
maternal_deaths,27,Burkina Faso,Burkina Faso,African Region,2000,2829,2829,2828,2829,ensemble_top4,,,,,,
maternal_deaths,27,Burkina Faso,Burkina Faso,African Region,2001,2831,2783.2579239,2555.33617469,4128.71587664,ensemble_top4,,,,,,
maternal_deaths,27,Burkina Faso,Burkina Faso,African Region,2002,2865,2893.86078647,2717.89762655,3721.59768165,ensemble_top4,,,,,,
maternal_deaths,27,Burkina Faso,Burkina Faso,African Region,2003,2884,2948.53879054,2774.52197723,3328.20899585,ensemble_top4,,,,,,
maternal_deaths,27,Burkina Faso,Burkina Faso,African Region,2004,2865,2967.43970515,2783.79156391,3143.16013974,ensemble_top4,,,,,,
maternal_deaths,27,Burkina Faso,Burkina Faso,African Region,2005,2866,2965.39451376,2780.54114667,3106.45518721,ensemble_top4,,,,,,
maternal_deaths,27,Burkina Faso,Burkina Faso,African Region,2006,2955,2968.74013312,2822.57709063,3106.52256171,ensemble_top4,,,,,,
maternal_deaths,27,Burkina Faso,Burkina Faso,African Region,2007,2966,2961.45884937,2823.52518121,3122.41114632,ensemble_top4,,,,,,
maternal_deaths,27,Burkina Faso,Burkina Faso,African Region,2008,2872,2917.56477629,2776.3273489,3069.66137757,ensemble_top4,,,,,,
maternal_deaths,27,Burkina Faso,Burkina Faso,African Region,2009,2866,2861.75799304,2715.77579344,3014.79507441,ensemble_top4,,,,,,
maternal_deaths,27,Burkina Faso,Burkina Faso,African Region,2010,2822,2797.68182123,2656.77499506,2945.89741038,ensemble_top4,,,,,,
maternal_deaths,27,Burkina Faso,Burkina Faso,African Region,2011,2761,2725.66566779,2585.64097036,2874.28906373,ensemble_top4,,,,,,
maternal_deaths,27,Burkina Faso,Burkina Faso,African Region,2012,2730,2646.54541182,2513.73814159,2791.14364774,ensemble_top4,,,,,,
maternal_deaths,27,Burkina Faso,Burkina Faso,African Region,2013,2666,2561.15587798,2427.16956603,2713.79968427,ensemble_top4,,,,,,
maternal_deaths,27,Burkina Faso,Burkina Faso,African Region,2014,2564,2477.17542393,2352.62401028,2628.33852088,ensemble_top4,,,,,,
maternal_deaths,27,Burkina Faso,Burkina Faso,African Region,2015,2465,2392.5363149,2266.9601412,2555.16102233,ensemble_top4,,,,,,
maternal_deaths,27,Burkina Faso,Burkina Faso,African Region,2016,2356,2306.37447682,2175.83534116,2471.07090616,ensemble_top4,,,,,,
maternal_deaths,27,Burkina Faso,Burkina Faso,African Region,2017,2239,2219.73361266,2084.76547536,2397.00873487,ensemble_top4,,,,,,
maternal_deaths,27,Burkina Faso,Burkina Faso,African Region,2018,2105,2139.33226759,1997.31604699,2320.79850197,ensemble_top4,,,,,,
maternal_deaths,27,Burkina Faso,Burkina Faso,African Region,2019,1973,2056.69774428,1907.69030938,2250.33593059,ensemble_top4,,,,,,
maternal_deaths,27,Burkina Faso,Burkina Faso,African Region,2020,2349,1974.91141161,1813.67160181,2173.56326779,ensemble_top4,374.088588391,175.436732211,535.328398193,374.088588391,1.18942043992,0.173466163211
maternal_deaths,27,Burkina Faso,Burkina Faso,African Region,2021,2524,1897.9059934,1729.07752372,2092.61480867,ensemble_top4,626.094006605,431.385191329,794.92247628,626.094006605,1.32988673242,0.285093775014
maternal_deaths,27,Burkina Faso,Burkina Faso,African Region,2022,2281,1824.65760663,1641.2942848,2030.19413441,ensemble_top4,456.342393369,250.805865587,639.705715198,456.342393369,1.25009754801,0.223221586674
maternal_deaths,27,Burkina Faso,Burkina Faso,African Region,2023,1762,1750.01080463,1555.95492753,1959.92104874,ensemble_top4,11.9891953682,0,206.045072468,11.9891953682,1.00685092648,0.00682756552232
maternal_deaths,28,Burundi,Burundi,African Region,2000,2378,2378,2378,2378,ensemble_top4,,,,,,
maternal_deaths,28,Burundi,Burundi,African Region,2001,2281,2144.64831504,1793.13367877,2343.86138628,ensemble_top4,,,,,,
maternal_deaths,28,Burundi,Burundi,African Region,2002,2235,2216.96381785,2007.20143807,2424.66144617,ensemble_top4,,,,,,
maternal_deaths,28,Burundi,Burundi,African Region,2003,2210,2268.55671698,2106.71043844,2530.16908162,ensemble_top4,,,,,,
maternal_deaths,28,Burundi,Burundi,African Region,2004,2273,2320.39858514,2163.353892,2621.31668007,ensemble_top4,,,,,,
maternal_deaths,28,Burundi,Burundi,African Region,2005,2399,2379.77194006,2192.62725614,2682.38592449,ensemble_top4,,,,,,
maternal_deaths,28,Burundi,Burundi,African Region,2006,2456,2465.65837647,2290.58064071,2716.08166458,ensemble_top4,,,,,,
maternal_deaths,28,Burundi,Burundi,African Region,2007,2496,2535.65739354,2359.77378016,2754.84347317,ensemble_top4,,,,,,
maternal_deaths,28,Burundi,Burundi,African Region,2008,2518,2580.42275482,2387.47444085,2774.0605766,ensemble_top4,,,,,,
maternal_deaths,28,Burundi,Burundi,African Region,2009,2547,2606.52135895,2382.27225849,2774.58023933,ensemble_top4,,,,,,
maternal_deaths,28,Burundi,Burundi,African Region,2010,2705,2609.77445936,2350.89133353,2762.53330312,ensemble_top4,,,,,,
maternal_deaths,28,Burundi,Burundi,African Region,2011,2668,2595.45564737,2325.02247586,2747.69848754,ensemble_top4,,,,,,
maternal_deaths,28,Burundi,Burundi,African Region,2012,2592,2560.44462347,2303.4524658,2706.78057238,ensemble_top4,,,,,,
maternal_deaths,28,Burundi,Burundi,African Region,2013,2545,2509.3310975,2265.88678827,2666.95835182,ensemble_top4,,,,,,
maternal_deaths,28,Burundi,Burundi,African Region,2014,2471,2447.28849229,2209.00028167,2601.28309113,ensemble_top4,,,,,,
maternal_deaths,28,Burundi,Burundi,African Region,2015,2452,2370.93241637,2163.03490819,2543.626291,ensemble_top4,,,,,,
maternal_deaths,28,Burundi,Burundi,African Region,2016,2256,2288.66425087,2106.7175458,2485.59542837,ensemble_top4,,,,,,
maternal_deaths,28,Burundi,Burundi,African Region,2017,2141,2196.24201013,2029.71491965,2414.10972543,ensemble_top4,,,,,,
maternal_deaths,28,Burundi,Burundi,African Region,2018,2046,2103.97538037,1949.48530052,2380.77071997,ensemble_top4,,,,,,
maternal_deaths,28,Burundi,Burundi,African Region,2019,2015,2014.15835571,1848.545684,2320.86740179,ensemble_top4,,,,,,
maternal_deaths,28,Burundi,Burundi,African Region,2020,1995,1930.97933178,1725.20684583,2257.13520736,ensemble_top4,64.0206682184,0,269.793154173,64.0206682184,1.03315450723,0.0326167503284
maternal_deaths,28,Burundi,Burundi,African Region,2021,2031,1852.28566728,1596.19608599,2205.27915968,ensemble_top4,178.714332718,0,434.803914011,178.714332718,1.0964831375,0.0921079102768
maternal_deaths,28,Burundi,Burundi,African Region,2022,1884,1777.00619201,1467.64090515,2153.1361146,ensemble_top4,106.993807988,0,416.359094848,106.993807988,1.06021014922,0.0584671424568
maternal_deaths,28,Burundi,Burundi,African Region,2023,1807,1710.71741307,1339.81978058,2100.34532148,ensemble_top4,96.2825869276,0,467.180219422,96.2825869276,1.05628199385,0.0547551892693
maternal_deaths,29,Cabo Verde,Cabo Verde,African Region,2000,13.92,13.92,12.92,13.92,ensemble_top4,,,,,,
maternal_deaths,29,Cabo Verde,Cabo Verde,African Region,2001,12.48,12.4874004632,11.394690713,16.6708800689,ensemble_top4,,,,,,
maternal_deaths,29,Cabo Verde,Cabo Verde,African Region,2002,11.1,11.2180538935,10.5158883128,13.6168331249,ensemble_top4,,,,,,
maternal_deaths,29,Cabo Verde,Cabo Verde,African Region,2003,10.06,10.2743111122,9.67815840769,11.5892212838,ensemble_top4,,,,,,
maternal_deaths,29,Cabo Verde,Cabo Verde,African Region,2004,9.17,9.38853904617,8.81415100309,10.057486735,ensemble_top4,,,,,,
maternal_deaths,29,Cabo Verde,Cabo Verde,African Region,2005,8.28,8.55417260532,8.1041336892,9.15137134501,ensemble_top4,,,,,,
maternal_deaths,29,Cabo Verde,Cabo Verde,African Region,2006,8.01,7.87026565209,7.44497815762,8.49582757328,ensemble_top4,,,,,,
maternal_deaths,29,Cabo Verde,Cabo Verde,African Region,2007,7.46,7.29361602285,6.82912633938,7.88307044133,ensemble_top4,,,,,,
maternal_deaths,29,Cabo Verde,Cabo Verde,African Region,2008,6.78,6.77741317327,6.32124010421,7.31017556965,ensemble_top4,,,,,,
maternal_deaths,29,Cabo Verde,Cabo Verde,African Region,2009,6.14,6.31169769495,5.84236552384,6.84826540555,ensemble_top4,,,,,,
maternal_deaths,29,Cabo Verde,Cabo Verde,African Region,2010,6.32,5.88512231431,5.38674722698,6.39015134486,ensemble_top4,,,,,,
maternal_deaths,29,Cabo Verde,Cabo Verde,African Region,2011,5.74,5.48108886278,4.98489303731,5.99423405644,ensemble_top4,,,,,,
maternal_deaths,29,Cabo Verde,Cabo Verde,African Region,2012,4.99,5.1124765557,4.59449808477,5.59792071036,ensemble_top4,,,,,,
maternal_deaths,29,Cabo Verde,Cabo Verde,African Region,2013,4.7,4.73343870738,4.23298074354,5.24852957917,ensemble_top4,,,,,,
maternal_deaths,29,Cabo Verde,Cabo Verde,African Region,2014,4.44,4.39897572752,3.88727586151,4.88399165438,ensemble_top4,,,,,,
maternal_deaths,29,Cabo Verde,Cabo Verde,African Region,2015,4.15,4.07085424314,3.54986113607,4.5639224679,ensemble_top4,,,,,,
maternal_deaths,29,Cabo Verde,Cabo Verde,African Region,2016,3.93,3.77112090551,3.25383309273,4.26981632621,ensemble_top4,,,,,,
maternal_deaths,29,Cabo Verde,Cabo Verde,African Region,2017,3.7,3.47588214682,2.98906974469,3.96614146081,ensemble_top4,,,,,,
maternal_deaths,29,Cabo Verde,Cabo Verde,African Region,2018,3.39,3.20477900706,2.70750414747,3.69377488167,ensemble_top4,,,,,,
maternal_deaths,29,Cabo Verde,Cabo Verde,African Region,2019,2.99,2.95139158758,2.47058788314,3.41056776053,ensemble_top4,,,,,,
maternal_deaths,29,Cabo Verde,Cabo Verde,African Region,2020,3.79,2.71046896445,2.23395984093,3.18971480367,ensemble_top4,1.07953103555,0.60028519633,1.55604015907,1.07953103555,1.39828201308,0.335244349562
maternal_deaths,29,Cabo Verde,Cabo Verde,African Region,2021,3.62,2.48928532014,2.02018001372,2.96855606885,ensemble_top4,1.13071467986,0.651443931153,1.59981998628,1.13071467986,1.45423265494,0.374478376585
maternal_deaths,29,Cabo Verde,Cabo Verde,African Region,2022,2.69,2.28364477152,1.80850509849,2.76483415155,ensemble_top4,0.406355228477,0,0.88149490151,0.406355228477,1.17794152293,0.163768443021
maternal_deaths,29,Cabo Verde,Cabo Verde,African Region,2023,2.58,2.08458600152,1.58960177572,2.59639267107,ensemble_top4,0.495413998479,0,0.990398224281,0.495413998479,1.2376558214,0.21321912382
maternal_deaths,30,Cambodia,Cambodia,Western Pacific Region,2000,1689,1689,1689,1689,ensemble_top4,,,,,,
maternal_deaths,30,Cambodia,Cambodia,Western Pacific Region,2001,1556,1527.44343196,1417.98175941,1598.49095346,ensemble_top4,,,,,,
maternal_deaths,30,Cambodia,Cambodia,Western Pacific Region,2002,1411,1415.31420127,1337.88810851,1479.02077783,ensemble_top4,,,,,,
maternal_deaths,30,Cambodia,Cambodia,Western Pacific Region,2003,1282,1305.51682776,1242.39306685,1376.53997436,ensemble_top4,,,,,,
maternal_deaths,30,Cambodia,Cambodia,Western Pacific Region,2004,1196,1211.4021678,1138.62448207,1297.67994477,ensemble_top4,,,,,,
maternal_deaths,30,Cambodia,Cambodia,Western Pacific Region,2005,1132,1137.37889866,1055.00842239,1223.58420167,ensemble_top4,,,,,,
maternal_deaths,30,Cambodia,Cambodia,Western Pacific Region,2006,1078,1083.844593,1021.26200809,1154.22111798,ensemble_top4,,,,,,
maternal_deaths,30,Cambodia,Cambodia,Western Pacific Region,2007,1052,1020.3357551,958.056366913,1091.65554992,ensemble_top4,,,,,,
maternal_deaths,30,Cambodia,Cambodia,Western Pacific Region,2008,988.6,958.09228776,895.525828833,1026.93834913,ensemble_top4,,,,,,
maternal_deaths,30,Cambodia,Cambodia,Western Pacific Region,2009,919,898.753760565,837.684287575,970.698007432,ensemble_top4,,,,,,
maternal_deaths,30,Cambodia,Cambodia,Western Pacific Region,2010,850,844.212608886,782.457146865,914.4700184,ensemble_top4,,,,,,
maternal_deaths,30,Cambodia,Cambodia,Western Pacific Region,2011,777,794.355391354,734.427734306,862.287528285,ensemble_top4,,,,,,
maternal_deaths,30,Cambodia,Cambodia,Western Pacific Region,2012,722.8,749.092200725,691.385587808,816.163627868,ensemble_top4,,,,,,
maternal_deaths,30,Cambodia,Cambodia,Western Pacific Region,2013,677.6,707.994619788,647.169328529,772.482819963,ensemble_top4,,,,,,
maternal_deaths,30,Cambodia,Cambodia,Western Pacific Region,2014,646,670.154831874,610.927096697,732.568921468,ensemble_top4,,,,,,
maternal_deaths,30,Cambodia,Cambodia,Western Pacific Region,2015,627.2,635.221762427,572.520923031,697.805191971,ensemble_top4,,,,,,
maternal_deaths,30,Cambodia,Cambodia,Western Pacific Region,2016,604.5,604.104481771,535.776772916,662.897076816,ensemble_top4,,,,,,
maternal_deaths,30,Cambodia,Cambodia,Western Pacific Region,2017,588.1,575.407894843,508.138183882,636.226119252,ensemble_top4,,,,,,
maternal_deaths,30,Cambodia,Cambodia,Western Pacific Region,2018,575.1,551.22794126,472.569767361,614.028842712,ensemble_top4,,,,,,
maternal_deaths,30,Cambodia,Cambodia,Western Pacific Region,2019,563.9,528.25878409,442.594164288,589.772470416,ensemble_top4,,,,,,
maternal_deaths,30,Cambodia,Cambodia,Western Pacific Region,2020,614.6,508.319756016,414.525430788,575.503433853,ensemble_top4,106.280243984,39.0965661475,200.074569212,106.280243984,1.20908147426,0.189860959156
maternal_deaths,30,Cambodia,Cambodia,Western Pacific Region,2021,702.1,490.563717037,385.140854082,562.622671406,ensemble_top4,211.536282963,139.477328594,316.959145918,211.536282963,1.43121061672,0.358520671237
maternal_deaths,30,Cambodia,Cambodia,Western Pacific Region,2022,580.4,474.78604311,362.30184367,544.95293241,ensemble_top4,105.61395689,35.4470675896,218.09815633,105.61395689,1.2224453697,0.200853254009
maternal_deaths,30,Cambodia,Cambodia,Western Pacific Region,2023,496.8,459.219531569,335.810867465,538.097043108,ensemble_top4,37.5804684307,0,160.989132535,37.5804684307,1.08183551841,0.0786591526132
maternal_deaths,31,Cameroon,Cameroon,African Region,2000,4133,4133,4133,4133,ensemble_top4,,,,,,
maternal_deaths,31,Cameroon,Cameroon,African Region,2001,4186,4033.86130883,3732.16366394,4264.20419768,ensemble_top4,,,,,,
maternal_deaths,31,Cameroon,Cameroon,African Region,2002,4223,4274.63562823,4024.62650351,4517.43023525,ensemble_top4,,,,,,
maternal_deaths,31,Cameroon,Cameroon,African Region,2003,4280,4391.2787351,4180.32037783,4667.53148124,ensemble_top4,,,,,,
maternal_deaths,31,Cameroon,Cameroon,African Region,2004,4342,4442.54695586,4214.78389926,4732.51477207,ensemble_top4,,,,,,
maternal_deaths,31,Cameroon,Cameroon,African Region,2005,4435,4451.14830744,4208.32989988,4742.61801652,ensemble_top4,,,,,,
maternal_deaths,31,Cameroon,Cameroon,African Region,2006,4439,4464.27599021,4219.64522841,4719.83656797,ensemble_top4,,,,,,
maternal_deaths,31,Cameroon,Cameroon,African Region,2007,4465,4463.98518289,4152.43064078,4686.90590061,ensemble_top4,,,,,,
maternal_deaths,31,Cameroon,Cameroon,African Region,2008,4469,4421.81401522,4121.59906817,4659.33108697,ensemble_top4,,,,,,
maternal_deaths,31,Cameroon,Cameroon,African Region,2009,4470,4391.35778358,4092.83754835,4636.47309879,ensemble_top4,,,,,,
maternal_deaths,31,Cameroon,Cameroon,African Region,2010,4402,4293.11052657,4000.69121355,4592.1374416,ensemble_top4,,,,,,
maternal_deaths,31,Cameroon,Cameroon,African Region,2011,4290,4168.54597205,3901.39203731,4473.627432,ensemble_top4,,,,,,
maternal_deaths,31,Cameroon,Cameroon,African Region,2012,4020,4014.6791762,3762.48445067,4253.38471361,ensemble_top4,,,,,,
maternal_deaths,31,Cameroon,Cameroon,African Region,2013,3820,3877.59211571,3634.7529459,4117.93130395,ensemble_top4,,,,,,
maternal_deaths,31,Cameroon,Cameroon,African Region,2014,3643,3746.28633585,3518.1130194,3977.89011201,ensemble_top4,,,,,,
maternal_deaths,31,Cameroon,Cameroon,African Region,2015,3583,3614.77845399,3388.96046801,3846.93392593,ensemble_top4,,,,,,
maternal_deaths,31,Cameroon,Cameroon,African Region,2016,3485,3486.61796491,3254.30733048,3724.09299103,ensemble_top4,,,,,,
maternal_deaths,31,Cameroon,Cameroon,African Region,2017,3369,3362.28547633,3128.72409844,3599.95151031,ensemble_top4,,,,,,
maternal_deaths,31,Cameroon,Cameroon,African Region,2018,3244,3241.68096693,2994.00242035,3469.32829661,ensemble_top4,,,,,,
maternal_deaths,31,Cameroon,Cameroon,African Region,2019,3101,3123.60729162,2859.92894843,3350.43776058,ensemble_top4,,,,,,
maternal_deaths,31,Cameroon,Cameroon,African Region,2020,2931,3007.44961729,2720.87642834,3234.22084158,ensemble_top4,0,0,210.123571659,-76.4496172917,0.974579917531,-0.0257487546424
maternal_deaths,31,Cameroon,Cameroon,African Region,2021,3203,2895.19300581,2598.00771612,3129.40802066,ensemble_top4,307.806994188,73.5919793426,604.992283883,307.806994188,1.10631657149,0.10103609315
maternal_deaths,31,Cameroon,Cameroon,African Region,2022,2613,2785.40662727,2468.95595362,3022.21788945,ensemble_top4,0,0,144.044046381,-172.406627275,0.938103605561,-0.0638948823857
maternal_deaths,31,Cameroon,Cameroon,African Region,2023,2472,2674.89679308,2344.23896509,2910.70980304,ensemble_top4,0,0,127.761034909,-202.896793083,0.924147805026,-0.0788832579833
maternal_deaths,32,Canada,Canada,Region of the Americas,2000,29.63,29.63,29.63,29.63,ensemble_top4,,,,,,
maternal_deaths,32,Canada,Canada,Region of the Americas,2001,31.83,31.1037562459,27.4857831782,34.9380919609,ensemble_top4,,,,,,
maternal_deaths,32,Canada,Canada,Region of the Americas,2002,32.86,33.2046838091,29.9688709563,36.4286173597,ensemble_top4,,,,,,
maternal_deaths,32,Canada,Canada,Region of the Americas,2003,34.37,34.7749358831,31.0657414096,38.2523843707,ensemble_top4,,,,,,
maternal_deaths,32,Canada,Canada,Region of the Americas,2004,34.87,36.0980797683,31.680620098,39.91803422,ensemble_top4,,,,,,
maternal_deaths,32,Canada,Canada,Region of the Americas,2005,38.3,37.8529041556,34.390466306,42.0062265913,ensemble_top4,,,,,,
maternal_deaths,32,Canada,Canada,Region of the Americas,2006,39.75,39.617179865,36.3601425664,43.7698369226,ensemble_top4,,,,,,
maternal_deaths,32,Canada,Canada,Region of the Americas,2007,41.86,41.9387890577,38.5376453422,45.401590132,ensemble_top4,,,,,,
maternal_deaths,32,Canada,Canada,Region of the Americas,2008,44.89,43.3679902752,39.4530260593,48.1831894575,ensemble_top4,,,,,,
maternal_deaths,32,Canada,Canada,Region of the Americas,2009,45.84,43.7932024457,39.9846687097,47.6420465263,ensemble_top4,,,,,,
maternal_deaths,32,Canada,Canada,Region of the Americas,2010,43.01,43.898238444,40.5505726094,46.9844401935,ensemble_top4,,,,,,
maternal_deaths,32,Canada,Canada,Region of the Americas,2011,42.94,43.9538542879,40.8155994895,46.9541805954,ensemble_top4,,,,,,
maternal_deaths,32,Canada,Canada,Region of the Americas,2012,43.92,44.1629567678,41.2318657142,47.2690433341,ensemble_top4,,,,,,
maternal_deaths,32,Canada,Canada,Region of the Americas,2013,42.64,44.3681799905,41.3623264154,47.6421018587,ensemble_top4,,,,,,
maternal_deaths,32,Canada,Canada,Region of the Americas,2014,44.45,44.64412957,41.727855856,47.8116483398,ensemble_top4,,,,,,
maternal_deaths,32,Canada,Canada,Region of the Americas,2015,43.5,44.9116107297,41.9399252205,48.2163965513,ensemble_top4,,,,,,
maternal_deaths,32,Canada,Canada,Region of the Americas,2016,46.04,45.1839399052,42.14510637,48.3637782316,ensemble_top4,,,,,,
maternal_deaths,32,Canada,Canada,Region of the Americas,2017,46.35,45.4210991767,42.4775569428,48.8293286835,ensemble_top4,,,,,,
maternal_deaths,32,Canada,Canada,Region of the Americas,2018,47.08,45.6799309646,42.604006734,49.0082412535,ensemble_top4,,,,,,
maternal_deaths,32,Canada,Canada,Region of the Americas,2019,45.67,45.9438166363,42.6586578198,49.2258386196,ensemble_top4,,,,,,
maternal_deaths,32,Canada,Canada,Region of the Americas,2020,60.32,46.131813869,42.8261661527,49.2617893416,ensemble_top4,14.188186131,11.0582106584,17.4938338473,14.188186131,1.30755751706,0.268160906091
maternal_deaths,32,Canada,Canada,Region of the Americas,2021,50.22,46.3512310381,42.8252937624,49.6801117523,ensemble_top4,3.8687689619,0.539888247733,7.39470623765,3.8687689619,1.08346636918,0.0801655024565
maternal_deaths,32,Canada,Canada,Region of the Americas,2022,51.91,46.5440930401,42.8845250646,49.7905190244,ensemble_top4,5.36590695993,2.11948097556,9.02547493538,5.36590695993,1.1152865296,0.109111349118
maternal_deaths,32,Canada,Canada,Region of the Americas,2023,42.04,46.6914806641,42.9629037981,49.9685464143,ensemble_top4,0,0,0,-4.65148066411,0.900378385994,-0.104940175131
maternal_deaths,33,Central African Republic,Central African Republic,African Region,2000,2402,2402,2402,2402,ensemble_top4,,,,,,
maternal_deaths,33,Central African Republic,Central African Republic,African Region,2001,2473,2425.1111772,1751.59445506,2938.77636205,ensemble_top4,,,,,,
maternal_deaths,33,Central African Republic,Central African Republic,African Region,2002,2481,2449.25891673,1771.12055465,2998.1126394,ensemble_top4,,,,,,
maternal_deaths,33,Central African Republic,Central African Republic,African Region,2003,2545,2448.46968902,1777.60296252,3007.41556774,ensemble_top4,,,,,,
maternal_deaths,33,Central African Republic,Central African Republic,African Region,2004,2526,2439.77441777,1791.94126625,3014.25641624,ensemble_top4,,,,,,
maternal_deaths,33,Central African Republic,Central African Republic,African Region,2005,2488,2425.63164584,1784.5336332,3021.40362639,ensemble_top4,,,,,,
maternal_deaths,33,Central African Republic,Central African Republic,African Region,2006,2469,2401.90595051,1792.56317289,2988.1780529,ensemble_top4,,,,,,
maternal_deaths,33,Central African Republic,Central African Republic,African Region,2007,2394,2386.11266626,1788.22825944,2966.89280517,ensemble_top4,,,,,,
maternal_deaths,33,Central African Republic,Central African Republic,African Region,2008,2388,2354.62182242,1765.55380022,2949.50520558,ensemble_top4,,,,,,
maternal_deaths,33,Central African Republic,Central African Republic,African Region,2009,2514,2328.18115823,1763.93949012,2949.11648732,ensemble_top4,,,,,,
maternal_deaths,33,Central African Republic,Central African Republic,African Region,2010,2485,2295.6350906,1752.9240587,2913.32118374,ensemble_top4,,,,,,
maternal_deaths,33,Central African Republic,Central African Republic,African Region,2011,2341,2263.71492547,1711.77743821,2874.78431862,ensemble_top4,,,,,,
maternal_deaths,33,Central African Republic,Central African Republic,African Region,2012,2274,2239.01229166,1682.13884558,2899.68732702,ensemble_top4,,,,,,
maternal_deaths,33,Central African Republic,Central African Republic,African Region,2013,2263,2208.95356447,1652.72610978,2894.03993109,ensemble_top4,,,,,,
maternal_deaths,33,Central African Republic,Central African Republic,African Region,2014,2135,2180.99750349,1602.66242793,2899.76168336,ensemble_top4,,,,,,
maternal_deaths,33,Central African Republic,Central African Republic,African Region,2015,1967,2158.94846962,1540.15094808,2908.70300775,ensemble_top4,,,,,,
maternal_deaths,33,Central African Republic,Central African Republic,African Region,2016,1969,2143.8615405,1502.74914702,2886.71407873,ensemble_top4,,,,,,
maternal_deaths,33,Central African Republic,Central African Republic,African Region,2017,2293,2256.96948729,1611.55700267,3682.41503404,ensemble_top4,,,,,,
maternal_deaths,33,Central African Republic,Central African Republic,African Region,2018,1885,2587.74657213,1785.84006387,4140.41755347,ensemble_top4,,,,,,
maternal_deaths,33,Central African Republic,Central African Republic,African Region,2019,3599,2986.83976774,1787.16904212,4738.69998528,ensemble_top4,,,,,,
maternal_deaths,33,Central African Republic,Central African Republic,African Region,2020,2898,2572.66824689,1739.36839805,6010.46986436,ensemble_top4,325.331753106,0,1158.63160195,325.331753106,1.1264569396,0.119077255214
maternal_deaths,33,Central African Republic,Central African Republic,African Region,2021,2606,2473.10141708,1690.87856094,7686.83315132,ensemble_top4,132.898582924,0,915.121439058,132.898582924,1.0537376195,0.0523434812686
maternal_deaths,33,Central African Republic,Central African Republic,African Region,2022,1947,2419.22637311,1679.45249268,9840.35914227,ensemble_top4,0,0,267.547507325,-472.226373114,0.804802734311,-0.217158082139
maternal_deaths,33,Central African Republic,Central African Republic,African Region,2023,1652,2360.97369459,1658.86532776,12683.5649032,ensemble_top4,0,0,0,-708.973694588,0.699711311391,-0.357087441303
maternal_deaths,34,Chad,Chad,African Region,2000,5304,5304,5304,5304,ensemble_top4,,,,,,
maternal_deaths,34,Chad,Chad,African Region,2001,5433,5327.3390898,4467.44368406,6032.38434296,ensemble_top4,,,,,,
maternal_deaths,34,Chad,Chad,African Region,2002,5517,5590.30683762,4952.51725682,6117.28477391,ensemble_top4,,,,,,
maternal_deaths,34,Chad,Chad,African Region,2003,5554,5756.27867269,5251.43571805,6240.24100469,ensemble_top4,,,,,,
maternal_deaths,34,Chad,Chad,African Region,2004,5832,5886.7605068,5386.2359321,6453.6487729,ensemble_top4,,,,,,
maternal_deaths,34,Chad,Chad,African Region,2005,6220,6085.57332437,5485.62426253,6716.21566629,ensemble_top4,,,,,,
maternal_deaths,34,Chad,Chad,African Region,2006,6570,6435.27350631,5803.76235252,7066.85613388,ensemble_top4,,,,,,
maternal_deaths,34,Chad,Chad,African Region,2007,6887,6857.81551413,6310.39877735,7460.11663351,ensemble_top4,,,,,,
maternal_deaths,34,Chad,Chad,African Region,2008,7186,7250.67828853,6788.86536689,7771.58088777,ensemble_top4,,,,,,
maternal_deaths,34,Chad,Chad,African Region,2009,7527,7527.28495336,7061.1743643,8017.34099557,ensemble_top4,,,,,,
maternal_deaths,34,Chad,Chad,African Region,2010,7746,7716.04081594,7228.1642356,8186.76823852,ensemble_top4,,,,,,
maternal_deaths,34,Chad,Chad,African Region,2011,7819,7833.46316339,7346.06217975,8310.33430291,ensemble_top4,,,,,,
maternal_deaths,34,Chad,Chad,African Region,2012,7923,7894.83827361,7383.81130541,8357.26252494,ensemble_top4,,,,,,
maternal_deaths,34,Chad,Chad,African Region,2013,7897,7904.3702745,7382.26659381,8353.70388133,ensemble_top4,,,,,,
maternal_deaths,34,Chad,Chad,African Region,2014,7997,7865.00530742,7347.61931148,8297.23354994,ensemble_top4,,,,,,
maternal_deaths,34,Chad,Chad,African Region,2015,8012,7795.00307536,7291.18240261,8219.99690215,ensemble_top4,,,,,,
maternal_deaths,34,Chad,Chad,African Region,2016,7799,7685.01586109,7196.08226139,8121.20430853,ensemble_top4,,,,,,
maternal_deaths,34,Chad,Chad,African Region,2017,7614,7568.03540298,7100.81911649,8003.04546875,ensemble_top4,,,,,,
maternal_deaths,34,Chad,Chad,African Region,2018,7319,7439.17634044,6966.93645641,7883.45570407,ensemble_top4,,,,,,
maternal_deaths,34,Chad,Chad,African Region,2019,7082,7300.12859324,6818.06343044,7762.44609838,ensemble_top4,,,,,,
maternal_deaths,34,Chad,Chad,African Region,2020,6611,7157.63744661,6682.27845619,7645.26803685,ensemble_top4,0,0,0,-546.637446612,0.923628788034,-0.0794450326135
maternal_deaths,34,Chad,Chad,African Region,2021,6703,7015.93655718,6517.83041701,7551.86507395,ensemble_top4,0,0,185.169582986,-312.936557179,0.955396324549,-0.0456290250618
maternal_deaths,34,Chad,Chad,African Region,2022,6204,6871.8844025,6377.677241,7422.10178786,ensemble_top4,0,0,0,-667.884402505,0.902809133073,-0.102244117705
maternal_deaths,34,Chad,Chad,African Region,2023,6123,6733.03302326,6206.4177504,7284.03778803,ensemble_top4,0,0,0,-610.033023262,0.909396995209,-0.0949735417429
maternal_deaths,35,Chile,Chile,Region of the Americas,2000,83.36,83.36,82.36,83.36,ensemble_top4,,,,,,
maternal_deaths,35,Chile,Chile,Region of the Americas,2001,78.82,75.8004362019,67.8984836295,101.684009269,ensemble_top4,,,,,,
maternal_deaths,35,Chile,Chile,Region of the Americas,2002,73.5,76.107158563,68.95158595,110.201444045,ensemble_top4,,,,,,
maternal_deaths,35,Chile,Chile,Region of the Americas,2003,69.37,72.5567195912,66.0997184424,101.761766844,ensemble_top4,,,,,,
maternal_deaths,35,Chile,Chile,Region of the Americas,2004,65.56,69.3033106532,61.2420038435,87.6200101372,ensemble_top4,,,,,,
maternal_deaths,35,Chile,Chile,Region of the Americas,2005,63.94,66.0906264404,58.8119399598,76.4846348924,ensemble_top4,,,,,,
maternal_deaths,35,Chile,Chile,Region of the Americas,2006,61.83,62.7930752102,57.3038790741,69.3223655836,ensemble_top4,,,,,,
maternal_deaths,35,Chile,Chile,Region of the Americas,2007,60.79,59.6802110117,54.2898882277,65.4287818125,ensemble_top4,,,,,,
maternal_deaths,35,Chile,Chile,Region of the Americas,2008,58.98,57.806510861,51.8771534584,63.5841604711,ensemble_top4,,,,,,
maternal_deaths,35,Chile,Chile,Region of the Americas,2009,58.4,55.2404702399,47.5631857073,61.7268917716,ensemble_top4,,,,,,
maternal_deaths,35,Chile,Chile,Region of the Americas,2010,53.06,51.4817569948,43.6825787289,57.1491652215,ensemble_top4,,,,,,
maternal_deaths,35,Chile,Chile,Region of the Americas,2011,48.56,47.4506390649,39.1616499826,53.4161619408,ensemble_top4,,,,,,
maternal_deaths,35,Chile,Chile,Region of the Americas,2012,44.37,43.5884011614,35.2610021752,49.5021285988,ensemble_top4,,,,,,
maternal_deaths,35,Chile,Chile,Region of the Americas,2013,40.83,39.8000577594,30.8121448429,45.4873365972,ensemble_top4,,,,,,
maternal_deaths,35,Chile,Chile,Region of the Americas,2014,37.9,36.1814228172,27.0266294046,41.8160507774,ensemble_top4,,,,,,
maternal_deaths,35,Chile,Chile,Region of the Americas,2015,34.28,32.9378155482,23.4031869615,39.0468770297,ensemble_top4,,,,,,
maternal_deaths,35,Chile,Chile,Region of the Americas,2016,30.52,29.731165138,20.253882333,36.0920512004,ensemble_top4,,,,,,
maternal_deaths,35,Chile,Chile,Region of the Americas,2017,26.42,26.6262731751,17.2400684568,33.5443520104,ensemble_top4,,,,,,
maternal_deaths,35,Chile,Chile,Region of the Americas,2018,25.19,23.8425061691,14.5057343702,31.2329470985,ensemble_top4,,,,,,
maternal_deaths,35,Chile,Chile,Region of the Americas,2019,23.3,21.323883991,12.2451207667,29.2180538593,ensemble_top4,,,,,,
maternal_deaths,35,Chile,Chile,Region of the Americas,2020,24.06,19.1853989194,10.2428697647,27.2362718904,ensemble_top4,4.87460108057,0,13.8171302353,4.87460108057,1.25407869292,0.226401193766
maternal_deaths,35,Chile,Chile,Region of the Americas,2021,25.39,17.0369660009,8.31967001762,25.3632583526,ensemble_top4,8.35303399906,0.02674164744,17.0703299824,8.35303399906,1.49028882247,0.398969941757
maternal_deaths,35,Chile,Chile,Region of the Americas,2022,22.15,15.1525916962,6.57692660188,23.6863228845,ensemble_top4,6.99740830383,0,15.5730733981,6.99740830383,1.46179613654,0.379665910112
maternal_deaths,35,Chile,Chile,Region of the Americas,2023,17.42,13.5874626846,5.41120486173,22.0092493856,ensemble_top4,3.83253731542,0,12.0087951383,3.83253731542,1.28206423851,0.248471465286
maternal_deaths,36,China,China,Western Pacific Region,2000,9771,9771,9771,9771,ensemble_top4,,,,,,
maternal_deaths,36,China,China,Western Pacific Region,2001,8689,8551.07892033,7606.99789788,9308.57027523,ensemble_top4,,,,,,
maternal_deaths,36,China,China,Western Pacific Region,2002,8153,8156.91299405,7405.83382201,8870.97421717,ensemble_top4,,,,,,
maternal_deaths,36,China,China,Western Pacific Region,2003,7633,7706.70070358,6959.76095768,8549.15866689,ensemble_top4,,,,,,
maternal_deaths,36,China,China,Western Pacific Region,2004,7350,7292.66206634,6554.31664463,8240.91177336,ensemble_top4,,,,,,
maternal_deaths,36,China,China,Western Pacific Region,2005,6968,7027.91194506,6245.83798396,7930.87197519,ensemble_top4,,,,,,
maternal_deaths,36,China,China,Western Pacific Region,2006,6682,6845.6863302,6070.52053559,7688.19087413,ensemble_top4,,,,,,
maternal_deaths,36,China,China,Western Pacific Region,2007,6465,6670.27669269,5828.85613245,7438.60067582,ensemble_top4,,,,,,
maternal_deaths,36,China,China,Western Pacific Region,2008,6726,6553.25318751,5745.76714396,7246.15252747,ensemble_top4,,,,,,
maternal_deaths,36,China,China,Western Pacific Region,2009,6251,6400.88706063,5595.23070614,7094.6249313,ensemble_top4,,,,,,
maternal_deaths,36,China,China,Western Pacific Region,2010,6029,6122.4068853,5293.61636984,6805.48011113,ensemble_top4,,,,,,
maternal_deaths,36,China,China,Western Pacific Region,2011,5794,5842.08667596,5042.32261669,6539.84267972,ensemble_top4,,,,,,
maternal_deaths,36,China,China,Western Pacific Region,2012,6102,5561.56415174,4736.83879557,6245.18217704,ensemble_top4,,,,,,
maternal_deaths,36,China,China,Western Pacific Region,2013,5450,5262.78521329,4479.5205071,5942.41623255,ensemble_top4,,,,,,
maternal_deaths,36,China,China,Western Pacific Region,2014,5277,4950.1400595,4225.53006521,5632.93121833,ensemble_top4,,,,,,
maternal_deaths,36,China,China,Western Pacific Region,2015,4581,4668.32762302,3959.23058478,5353.223293,ensemble_top4,,,,,,
maternal_deaths,36,China,China,Western Pacific Region,2016,4542,4385.60140918,3681.16517538,5108.13056707,ensemble_top4,,,,,,
maternal_deaths,36,China,China,Western Pacific Region,2017,4325,4098.83949056,3421.04220431,4856.01890009,ensemble_top4,,,,,,
maternal_deaths,36,China,China,Western Pacific Region,2018,3372,3824.02628862,3151.09736589,4609.62396234,ensemble_top4,,,,,,
maternal_deaths,36,China,China,Western Pacific Region,2019,3081,3565.44339463,2879.87283884,4444.09563353,ensemble_top4,,,,,,
maternal_deaths,36,China,China,Western Pacific Region,2020,2348,3333.91485567,2599.03152499,4231.40931381,ensemble_top4,0,0,0,-985.914855668,0.704277134135,-0.350583343845
maternal_deaths,36,China,China,Western Pacific Region,2021,2190,3095.9192481,2343.78038327,4040.60252401,ensemble_top4,0,0,0,-905.919248096,0.707382791507,-0.346183328903
maternal_deaths,36,China,China,Western Pacific Region,2022,1730,2880.98812966,2086.67668487,3887.42491238,ensemble_top4,0,0,0,-1150.98812966,0.600488416522,-0.510011927371
maternal_deaths,36,China,China,Western Pacific Region,2023,1446,2664.86039503,1875.27050002,3735.22836468,ensemble_top4,0,0,0,-1218.86039503,0.542617543004,-0.611350547906
maternal_deaths,37,Colombia,Colombia,Region of the Americas,2000,827.5,827.5,826.5,827.5,ensemble_top4,,,,,,
maternal_deaths,37,Colombia,Colombia,Region of the Americas,2001,809.1,813.779831146,779.592248078,927.851695035,ensemble_top4,,,,,,
maternal_deaths,37,Colombia,Colombia,Region of the Americas,2002,785.9,783.725845965,755.439294178,894.80781366,ensemble_top4,,,,,,
maternal_deaths,37,Colombia,Colombia,Region of the Americas,2003,743.4,751.75837924,721.78550429,863.824692429,ensemble_top4,,,,,,
maternal_deaths,37,Colombia,Colombia,Region of the Americas,2004,708.9,718.434100942,692.786566664,831.705824422,ensemble_top4,,,,,,
maternal_deaths,37,Colombia,Colombia,Region of the Americas,2005,673.2,690.263444746,664.631014695,801.044836946,ensemble_top4,,,,,,
maternal_deaths,37,Colombia,Colombia,Region of the Americas,2006,652.8,665.771965495,639.612877981,773.689347306,ensemble_top4,,,,,,
maternal_deaths,37,Colombia,Colombia,Region of the Americas,2007,640.4,641.467221101,616.770306049,746.628282257,ensemble_top4,,,,,,
maternal_deaths,37,Colombia,Colombia,Region of the Americas,2008,622.1,618.597435853,592.042009108,723.047213898,ensemble_top4,,,,,,
maternal_deaths,37,Colombia,Colombia,Region of the Americas,2009,600.7,596.441891512,571.974904259,699.582185781,ensemble_top4,,,,,,
maternal_deaths,37,Colombia,Colombia,Region of the Americas,2010,579,575.466079312,551.112852452,678.778356748,ensemble_top4,,,,,,
maternal_deaths,37,Colombia,Colombia,Region of the Americas,2011,554.6,557.103329458,532.596927744,661.001692996,ensemble_top4,,,,,,
maternal_deaths,37,Colombia,Colombia,Region of the Americas,2012,533.3,539.677165183,515.204371324,643.036706275,ensemble_top4,,,,,,
maternal_deaths,37,Colombia,Colombia,Region of the Americas,2013,517.6,524.20703161,499.08469054,627.259160432,ensemble_top4,,,,,,
maternal_deaths,37,Colombia,Colombia,Region of the Americas,2014,502.5,510.091510507,485.189243694,611.830930174,ensemble_top4,,,,,,
maternal_deaths,37,Colombia,Colombia,Region of the Americas,2015,487.2,497.527603474,472.128691171,600.233109482,ensemble_top4,,,,,,
maternal_deaths,37,Colombia,Colombia,Region of the Americas,2016,465.9,486.6887885,462.068129323,588.497787041,ensemble_top4,,,,,,
maternal_deaths,37,Colombia,Colombia,Region of the Americas,2017,464.3,476.868420772,451.357201656,577.474513116,ensemble_top4,,,,,,
maternal_deaths,37,Colombia,Colombia,Region of the Americas,2018,468.6,469.067157776,443.039858601,568.226236478,ensemble_top4,,,,,,
maternal_deaths,37,Colombia,Colombia,Region of the Americas,2019,469.7,462.316441048,434.092503167,561.407291551,ensemble_top4,,,,,,
maternal_deaths,37,Colombia,Colombia,Region of the Americas,2020,669,456.250910488,426.099394007,554.82832414,ensemble_top4,212.749089512,114.17167586,242.900605993,212.749089512,1.46629844373,0.382741159643
maternal_deaths,37,Colombia,Colombia,Region of the Americas,2021,1047,452.032146373,418.155058123,546.926734383,ensemble_top4,594.967853627,500.073265617,628.844941877,594.967853627,2.3162069521,0.839930913273
maternal_deaths,37,Colombia,Colombia,Region of the Americas,2022,528.1,448.282016155,412.666686423,543.482451032,ensemble_top4,79.8179838452,0,115.433313577,79.8179838452,1.17805305805,0.163863125005
maternal_deaths,37,Colombia,Colombia,Region of the Americas,2023,418.6,445.905549505,406.090791575,539.38324525,ensemble_top4,0,0,12.5092084251,-27.305549505,0.9387638267,-0.063191347171
maternal_deaths,38,Comoros,Comoros,African Region,2000,90.29,90.29,90.29,90.29,ensemble_top4,,,,,,
maternal_deaths,38,Comoros,Comoros,African Region,2001,84.54,81.8809993922,78.5350222413,84.9450296843,ensemble_top4,,,,,,
maternal_deaths,38,Comoros,Comoros,African Region,2002,83.05,81.7436289026,78.7984350288,84.6769113724,ensemble_top4,,,,,,
maternal_deaths,38,Comoros,Comoros,African Region,2003,78.52,80.5693480467,77.6986988842,83.5925674247,ensemble_top4,,,,,,
maternal_deaths,38,Comoros,Comoros,African Region,2004,76.77,78.9437283664,76.0877467113,81.9673062722,ensemble_top4,,,,,,
maternal_deaths,38,Comoros,Comoros,African Region,2005,76.13,77.0697541349,74.3038937417,80.1752205668,ensemble_top4,,,,,,
maternal_deaths,38,Comoros,Comoros,African Region,2006,74.67,75.2853652923,72.3019132968,78.2746083494,ensemble_top4,,,,,,
maternal_deaths,38,Comoros,Comoros,African Region,2007,74.04,73.8680774965,70.6607114725,76.9412493014,ensemble_top4,,,,,,
maternal_deaths,38,Comoros,Comoros,African Region,2008,71.72,72.3021094519,69.0985805548,75.4186893531,ensemble_top4,,,,,,
maternal_deaths,38,Comoros,Comoros,African Region,2009,70.51,70.4300063843,67.3887325529,73.3367643201,ensemble_top4,,,,,,
maternal_deaths,38,Comoros,Comoros,African Region,2010,68.82,68.1323914455,65.1834473831,71.0142013169,ensemble_top4,,,,,,
maternal_deaths,38,Comoros,Comoros,African Region,2011,67.05,65.8833491597,62.879909783,68.8243397708,ensemble_top4,,,,,,
maternal_deaths,38,Comoros,Comoros,African Region,2012,64.05,63.5233267245,60.5458307093,66.3007180874,ensemble_top4,,,,,,
maternal_deaths,38,Comoros,Comoros,African Region,2013,61.2,61.217697452,58.3919306888,63.9656456421,ensemble_top4,,,,,,
maternal_deaths,38,Comoros,Comoros,African Region,2014,58.55,58.8743973209,56.1875184301,61.6066357469,ensemble_top4,,,,,,
maternal_deaths,38,Comoros,Comoros,African Region,2015,56.36,56.6076789164,53.8624843123,59.4777186187,ensemble_top4,,,,,,
maternal_deaths,38,Comoros,Comoros,African Region,2016,53.67,54.4804214391,51.7652956438,57.2198598128,ensemble_top4,,,,,,
maternal_deaths,38,Comoros,Comoros,African Region,2017,51.88,52.3357927111,49.6349402397,55.2325492426,ensemble_top4,,,,,,
maternal_deaths,38,Comoros,Comoros,African Region,2018,49.96,50.3686053251,47.663894389,53.2907993138,ensemble_top4,,,,,,
maternal_deaths,38,Comoros,Comoros,African Region,2019,48.48,48.3910869288,45.6076557031,51.2687269438,ensemble_top4,,,,,,
maternal_deaths,38,Comoros,Comoros,African Region,2020,47.74,46.4517934185,43.7367750506,49.3165788117,ensemble_top4,1.28820658155,0,4.00322494944,1.28820658155,1.02773211725,0.0273545467416
maternal_deaths,38,Comoros,Comoros,African Region,2021,51.84,44.6673668222,41.8240241632,47.621667125,ensemble_top4,7.17263317782,4.21833287503,10.0159758368,7.17263317782,1.16057882271,0.148918865761
maternal_deaths,38,Comoros,Comoros,African Region,2022,45.13,42.8774786592,40.115633529,45.878912087,ensemble_top4,2.25252134076,0,5.01436647104,2.25252134076,1.05253390384,0.0512004987295
maternal_deaths,38,Comoros,Comoros,African Region,2023,43.59,41.1948798239,38.4108721705,44.1523636324,ensemble_top4,2.39512017615,0,5.1791278295,2.39512017615,1.05814121042,0.0565137937379
maternal_deaths,39,Congo,Congo,African Region,2000,580.7,580.7,580.7,580.7,ensemble_top4,,,,,,
maternal_deaths,39,Congo,Congo,African Region,2001,593.4,522.06135574,396.046496208,636.475263821,ensemble_top4,,,,,,
maternal_deaths,39,Congo,Congo,African Region,2002,580.7,527.511459322,417.386323704,652.032807513,ensemble_top4,,,,,,
maternal_deaths,39,Congo,Congo,African Region,2003,554.6,535.445114526,421.627719425,670.623319749,ensemble_top4,,,,,,
maternal_deaths,39,Congo,Congo,African Region,2004,529.2,544.72668816,422.56265994,688.06954817,ensemble_top4,,,,,,
maternal_deaths,39,Congo,Congo,African Region,2005,527,552.216475834,427.370029529,698.358598885,ensemble_top4,,,,,,
maternal_deaths,39,Congo,Congo,African Region,2006,560.5,566.469771546,432.194332234,703.492229141,ensemble_top4,,,,,,
maternal_deaths,39,Congo,Congo,African Region,2007,548.8,584.384076241,446.000830425,718.271190951,ensemble_top4,,,,,,
maternal_deaths,39,Congo,Congo,African Region,2008,616.8,609.929476362,470.145395282,751.003092546,ensemble_top4,,,,,,
maternal_deaths,39,Congo,Congo,African Region,2009,674,637.930117671,502.193424311,776.220714759,ensemble_top4,,,,,,
maternal_deaths,39,Congo,Congo,African Region,2010,664.1,649.426027326,506.734455695,789.267973563,ensemble_top4,,,,,,
maternal_deaths,39,Congo,Congo,African Region,2011,669.3,635.479644234,491.440500708,782.487551252,ensemble_top4,,,,,,
maternal_deaths,39,Congo,Congo,African Region,2012,670.9,608.263162428,469.117854212,730.186555275,ensemble_top4,,,,,,
maternal_deaths,39,Congo,Congo,African Region,2013,572.8,579.797374556,454.882187186,691.878279003,ensemble_top4,,,,,,
maternal_deaths,39,Congo,Congo,African Region,2014,538.9,556.374561284,438.230465343,665.167533476,ensemble_top4,,,,,,
maternal_deaths,39,Congo,Congo,African Region,2015,505.8,536.97022749,420.366940916,648.280872003,ensemble_top4,,,,,,
maternal_deaths,39,Congo,Congo,African Region,2016,467.8,520.198327217,413.099825763,635.811162396,ensemble_top4,,,,,,
maternal_deaths,39,Congo,Congo,African Region,2017,468.5,506.736424102,390.653153448,628.155199975,ensemble_top4,,,,,,
maternal_deaths,39,Congo,Congo,African Region,2018,465.7,494.9191286,365.841014139,623.043836759,ensemble_top4,,,,,,
maternal_deaths,39,Congo,Congo,African Region,2019,443.3,482.808115865,337.708900394,623.693233735,ensemble_top4,,,,,,
maternal_deaths,39,Congo,Congo,African Region,2020,451.4,472.363886034,309.271847801,620.000994602,ensemble_top4,0,0,142.128152199,-20.9638860344,0.955619202369,-0.0453957691648
maternal_deaths,39,Congo,Congo,African Region,2021,557.2,467.901392413,288.670004114,616.745828156,ensemble_top4,89.2986075871,0,268.529995886,89.2986075871,1.19084920249,0.174666668161
maternal_deaths,39,Congo,Congo,African Region,2022,449.7,462.87347533,262.898655889,621.680137896,ensemble_top4,0,0,186.801344111,-13.1734753298,0.97153979212,-0.0288730515382
maternal_deaths,39,Congo,Congo,African Region,2023,456.5,455.487246878,242.083098591,623.064751267,ensemble_top4,1.01275312178,0,214.416901409,1.01275312178,1.00222345001,0.00222098179893
maternal_deaths,40,Cook Islands,Cook Islands,Western Pacific Region,2000,0.001,0.001,0,0.001,ensemble_top4,,,,,,
maternal_deaths,40,Cook Islands,Cook Islands,Western Pacific Region,2001,0.001,0.000432475190841,0,0.000820119408759,ensemble_top4,,,,,,
maternal_deaths,40,Cook Islands,Cook Islands,Western Pacific Region,2002,0.0007,0.000435956583642,0,0.000817713364722,ensemble_top4,,,,,,
maternal_deaths,40,Cook Islands,Cook Islands,Western Pacific Region,2003,0.0006,0.000437172767773,0,0.000830330313588,ensemble_top4,,,,,,
maternal_deaths,40,Cook Islands,Cook Islands,Western Pacific Region,2004,0.0004,0.000440586825644,0,0.000825398865127,ensemble_top4,,,,,,
maternal_deaths,40,Cook Islands,Cook Islands,Western Pacific Region,2005,0.0004,0.000435731325634,0,0.000830830448875,ensemble_top4,,,,,,
maternal_deaths,40,Cook Islands,Cook Islands,Western Pacific Region,2006,0.0006,0.000443254876904,0,0.000835880193142,ensemble_top4,,,,,,
maternal_deaths,40,Cook Islands,Cook Islands,Western Pacific Region,2007,0.0005,0.000455005519988,0,0.000836283688709,ensemble_top4,,,,,,
maternal_deaths,40,Cook Islands,Cook Islands,Western Pacific Region,2008,0.0005,0.000452454075588,0,0.000829126207489,ensemble_top4,,,,,,
maternal_deaths,40,Cook Islands,Cook Islands,Western Pacific Region,2009,0.0005,0.000448950357373,0,0.000841179681717,ensemble_top4,,,,,,
maternal_deaths,40,Cook Islands,Cook Islands,Western Pacific Region,2010,0.0004,0.000451336346532,0,0.000831843948385,ensemble_top4,,,,,,
maternal_deaths,40,Cook Islands,Cook Islands,Western Pacific Region,2011,0.0004,0.000454248594592,0,0.00085145074482,ensemble_top4,,,,,,
maternal_deaths,40,Cook Islands,Cook Islands,Western Pacific Region,2012,0.0004,0.000452516982078,0,0.000836830600031,ensemble_top4,,,,,,
maternal_deaths,40,Cook Islands,Cook Islands,Western Pacific Region,2013,0.0004,0.000455175858653,0,0.00084199759229,ensemble_top4,,,,,,
maternal_deaths,40,Cook Islands,Cook Islands,Western Pacific Region,2014,0.0004,0.000459950869932,0,0.00083904073448,ensemble_top4,,,,,,
maternal_deaths,40,Cook Islands,Cook Islands,Western Pacific Region,2015,0.0004,0.000457642784647,0,0.000841016323413,ensemble_top4,,,,,,
maternal_deaths,40,Cook Islands,Cook Islands,Western Pacific Region,2016,0.0004,0.000463386302887,0,0.00084954275053,ensemble_top4,,,,,,
maternal_deaths,40,Cook Islands,Cook Islands,Western Pacific Region,2017,0.0004,0.000469555947482,0,0.000872146403903,ensemble_top4,,,,,,
maternal_deaths,40,Cook Islands,Cook Islands,Western Pacific Region,2018,0.0004,0.000474664315126,0,0.000908271952155,ensemble_top4,,,,,,
maternal_deaths,40,Cook Islands,Cook Islands,Western Pacific Region,2019,0.0004,0.000477857590133,0,0.000965574234023,ensemble_top4,,,,,,
maternal_deaths,40,Cook Islands,Cook Islands,Western Pacific Region,2020,0.0003,0.000484060675634,0,0.00352092040694,ensemble_top4,0,0,0.0003,-0.000184060675634,0.619757016219,-0.478427787083
maternal_deaths,40,Cook Islands,Cook Islands,Western Pacific Region,2021,0.0003,0.000493939956706,0,0.00657161730179,ensemble_top4,0,0,0.0003,-0.000193939956706,0.607361271198,-0.498631490014
maternal_deaths,40,Cook Islands,Cook Islands,Western Pacific Region,2022,0.0006,0.000495845147199,0,0.00905587134371,ensemble_top4,0.0001041548528,0,0.0006,0.0001041548528,1.21005520249,0.190665980464
maternal_deaths,40,Cook Islands,Cook Islands,Western Pacific Region,2023,0.0002,0.000491827848883,0,0.0105525099653,ensemble_top4,0,0,0.0002,-0.000291827848883,0.406646350861,-0.89981138807
maternal_deaths,41,Costa Rica,Costa Rica,Region of the Americas,2000,28.31,28.31,27.31,28.31,ensemble_top4,,,,,,
maternal_deaths,41,Costa Rica,Costa Rica,Region of the Americas,2001,27.48,26.7309788983,23.8780104106,42.9089685752,ensemble_top4,,,,,,
maternal_deaths,41,Costa Rica,Costa Rica,Region of the Americas,2002,25.19,24.7122395639,22.7516010375,26.8320742761,ensemble_top4,,,,,,
maternal_deaths,41,Costa Rica,Costa Rica,Region of the Americas,2003,24.16,24.1847262997,22.2711508342,26.1817943641,ensemble_top4,,,,,,
maternal_deaths,41,Costa Rica,Costa Rica,Region of the Americas,2004,23.65,23.6812665309,21.7998913241,25.5570852913,ensemble_top4,,,,,,
maternal_deaths,41,Costa Rica,Costa Rica,Region of the Americas,2005,22.94,23.1213691689,21.3395748248,24.9838764588,ensemble_top4,,,,,,
maternal_deaths,41,Costa Rica,Costa Rica,Region of the Americas,2006,21.37,22.5865675351,20.7931126051,24.4597929636,ensemble_top4,,,,,,
maternal_deaths,41,Costa Rica,Costa Rica,Region of the Americas,2007,22.05,22.0967052817,20.3301292981,23.8684439923,ensemble_top4,,,,,,
maternal_deaths,41,Costa Rica,Costa Rica,Region of the Americas,2008,22.35,21.6481728332,19.8428313369,23.5036652274,ensemble_top4,,,,,,
maternal_deaths,41,Costa Rica,Costa Rica,Region of the Americas,2009,21.55,21.2088501278,19.4413511317,22.9660451889,ensemble_top4,,,,,,
maternal_deaths,41,Costa Rica,Costa Rica,Region of the Americas,2010,20.24,20.7270189384,18.9534102369,22.4760536855,ensemble_top4,,,,,,
maternal_deaths,41,Costa Rica,Costa Rica,Region of the Americas,2011,20.66,20.2568118287,18.50630658,22.0831278592,ensemble_top4,,,,,,
maternal_deaths,41,Costa Rica,Costa Rica,Region of the Americas,2012,19.8,19.8218412965,18.0319743199,21.5992039925,ensemble_top4,,,,,,
maternal_deaths,41,Costa Rica,Costa Rica,Region of the Americas,2013,18.52,19.4011303888,17.652928287,21.1499251014,ensemble_top4,,,,,,
maternal_deaths,41,Costa Rica,Costa Rica,Region of the Americas,2014,18.81,18.9745542979,17.1925955154,20.7144527714,ensemble_top4,,,,,,
maternal_deaths,41,Costa Rica,Costa Rica,Region of the Americas,2015,18.1,18.5716362745,16.7785766658,20.3271078417,ensemble_top4,,,,,,
maternal_deaths,41,Costa Rica,Costa Rica,Region of the Americas,2016,18.66,18.176213883,16.4202619109,19.9010212941,ensemble_top4,,,,,,
maternal_deaths,41,Costa Rica,Costa Rica,Region of the Americas,2017,18.32,17.7872592112,15.9554435792,19.5472748318,ensemble_top4,,,,,,
maternal_deaths,41,Costa Rica,Costa Rica,Region of the Americas,2018,19.16,17.3757411855,15.5612323983,19.1936168462,ensemble_top4,,,,,,
maternal_deaths,41,Costa Rica,Costa Rica,Region of the Americas,2019,16.29,17.0818532539,15.2512690614,18.9088971869,ensemble_top4,,,,,,
maternal_deaths,41,Costa Rica,Costa Rica,Region of the Americas,2020,19.5,16.709370368,14.8489380835,18.7377871799,ensemble_top4,2.79062963199,0.762212820112,4.65106191651,2.79062963199,1.16700986156,0.154444803624
maternal_deaths,41,Costa Rica,Costa Rica,Region of the Americas,2021,23.45,16.3450687829,14.4295951358,18.5641104906,ensemble_top4,7.1049312171,4.88588950936,9.02040486425,7.1049312171,1.43468347007,0.360944246533
maternal_deaths,41,Costa Rica,Costa Rica,Region of the Americas,2022,14.38,16.0283945878,14.0614640387,18.4533013228,ensemble_top4,0,0,0.318535961306,-1.64839458777,0.897157848296,-0.108523458831
maternal_deaths,41,Costa Rica,Costa Rica,Region of the Americas,2023,12.53,15.6545661837,13.6724148286,18.5962830407,ensemble_top4,0,0,0,-3.12456618371,0.800405444198,-0.222636874449
maternal_deaths,42,Cote d'Ivoire,Cote d'Ivoire,African Region,2000,2960,2960,2959,2960,ensemble_top4,,,,,,
maternal_deaths,42,Cote d'Ivoire,Cote d'Ivoire,African Region,2001,3228,2971.80661369,2173.7368674,3747.69179093,ensemble_top4,,,,,,
maternal_deaths,42,Cote d'Ivoire,Cote d'Ivoire,African Region,2002,3455,3378.72364566,2626.40351411,3953.23316414,ensemble_top4,,,,,,
maternal_deaths,42,Cote d'Ivoire,Cote d'Ivoire,African Region,2003,3692,3638.9621534,3044.51454335,4269.99918874,ensemble_top4,,,,,,
maternal_deaths,42,Cote d'Ivoire,Cote d'Ivoire,African Region,2004,3779,3974.3693831,3411.47647064,4555.24713493,ensemble_top4,,,,,,
maternal_deaths,42,Cote d'Ivoire,Cote d'Ivoire,African Region,2005,4144,4281.83829598,3780.72491828,4843.29730497,ensemble_top4,,,,,,
maternal_deaths,42,Cote d'Ivoire,Cote d'Ivoire,African Region,2006,4636,4535.6915711,4028.9490419,5078.77599379,ensemble_top4,,,,,,
maternal_deaths,42,Cote d'Ivoire,Cote d'Ivoire,African Region,2007,4888,4757.61907072,4161.70824285,5280.27925703,ensemble_top4,,,,,,
maternal_deaths,42,Cote d'Ivoire,Cote d'Ivoire,African Region,2008,4895,4965.95208215,4368.19779051,5456.68857896,ensemble_top4,,,,,,
maternal_deaths,42,Cote d'Ivoire,Cote d'Ivoire,African Region,2009,5266,5186.66846431,4707.54836075,5668.51814066,ensemble_top4,,,,,,
maternal_deaths,42,Cote d'Ivoire,Cote d'Ivoire,African Region,2010,5446,5273.27756873,4828.30351667,5799.41055904,ensemble_top4,,,,,,
maternal_deaths,42,Cote d'Ivoire,Cote d'Ivoire,African Region,2011,5345,5289.97254855,4834.25717256,5778.6462187,ensemble_top4,,,,,,
maternal_deaths,42,Cote d'Ivoire,Cote d'Ivoire,African Region,2012,5408,5257.23362008,4822.14137139,5682.52050487,ensemble_top4,,,,,,
maternal_deaths,42,Cote d'Ivoire,Cote d'Ivoire,African Region,2013,5268,5178.97540192,4734.91663896,5599.30523644,ensemble_top4,,,,,,
maternal_deaths,42,Cote d'Ivoire,Cote d'Ivoire,African Region,2014,5101,5074.55567004,4635.38676305,5491.1161262,ensemble_top4,,,,,,
maternal_deaths,42,Cote d'Ivoire,Cote d'Ivoire,African Region,2015,4944,4943.24675685,4484.09664974,5375.86777072,ensemble_top4,,,,,,
maternal_deaths,42,Cote d'Ivoire,Cote d'Ivoire,African Region,2016,4784,4808.75671959,4329.41756462,5258.86962801,ensemble_top4,,,,,,
maternal_deaths,42,Cote d'Ivoire,Cote d'Ivoire,African Region,2017,4549,4659.06890417,4194.42222393,5096.86830858,ensemble_top4,,,,,,
maternal_deaths,42,Cote d'Ivoire,Cote d'Ivoire,African Region,2018,4327,4505.82784645,4036.69525865,4943.23734594,ensemble_top4,,,,,,
maternal_deaths,42,Cote d'Ivoire,Cote d'Ivoire,African Region,2019,4154,4365.57438933,3894.41489064,4809.38417834,ensemble_top4,,,,,,
maternal_deaths,42,Cote d'Ivoire,Cote d'Ivoire,African Region,2020,4353,4216.46370479,3745.71419555,4636.12011625,ensemble_top4,136.536295206,0,607.285804452,136.536295206,1.0323817077,0.0318684704736
maternal_deaths,42,Cote d'Ivoire,Cote d'Ivoire,African Region,2021,4500,4070.56802939,3571.27049493,4507.89212055,ensemble_top4,429.431970614,0,928.72950507,429.431970614,1.10549681703,0.1002948421
maternal_deaths,42,Cote d'Ivoire,Cote d'Ivoire,African Region,2022,4043,3930.36132051,3410.22434066,4379.97240044,ensemble_top4,112.638679489,0,632.775659339,112.638679489,1.02865860675,0.0282556299423
maternal_deaths,42,Cote d'Ivoire,Cote d'Ivoire,African Region,2023,3579,3784.2423588,3242.92601177,4259.93665726,ensemble_top4,0,0,336.073988231,-205.242358796,0.945763949732,-0.0557622656624
maternal_deaths,43,Croatia,Croatia,European Region,2000,3.1,3.1,3.1,3.1,ensemble_top4,,,,,,
maternal_deaths,43,Croatia,Croatia,European Region,2001,3.05,2.91560308078,2.62272754988,3.19600200164,ensemble_top4,,,,,,
maternal_deaths,43,Croatia,Croatia,European Region,2002,2.95,3.05039000301,2.78538053072,3.2983833274,ensemble_top4,,,,,,
maternal_deaths,43,Croatia,Croatia,European Region,2003,3.05,3.05923385612,2.80685199064,3.31352135682,ensemble_top4,,,,,,
maternal_deaths,43,Croatia,Croatia,European Region,2004,2.82,2.98560942657,2.73820069002,3.24547005752,ensemble_top4,,,,,,
maternal_deaths,43,Croatia,Croatia,European Region,2005,2.9,2.87199265769,2.62538327302,3.14392861011,ensemble_top4,,,,,,
maternal_deaths,43,Croatia,Croatia,European Region,2006,2.67,2.76434132106,2.50453587172,3.03617219115,ensemble_top4,,,,,,
maternal_deaths,43,Croatia,Croatia,European Region,2007,2.63,2.67019144247,2.39355951088,2.97425836241,ensemble_top4,,,,,,
maternal_deaths,43,Croatia,Croatia,European Region,2008,2.67,2.60504261056,2.33361815518,2.86734753383,ensemble_top4,,,,,,
maternal_deaths,43,Croatia,Croatia,European Region,2009,2.62,2.45535757778,2.19626059501,2.69214916925,ensemble_top4,,,,,,
maternal_deaths,43,Croatia,Croatia,European Region,2010,2.41,2.29628525251,2.04660992749,2.53128039872,ensemble_top4,,,,,,
maternal_deaths,43,Croatia,Croatia,European Region,2011,2.16,2.13621677806,1.90236785884,2.37489833977,ensemble_top4,,,,,,
maternal_deaths,43,Croatia,Croatia,European Region,2012,2.07,1.98619296668,1.74091825646,2.21737898144,ensemble_top4,,,,,,
maternal_deaths,43,Croatia,Croatia,European Region,2013,1.81,1.84172894437,1.60388105142,2.08424617216,ensemble_top4,,,,,,
maternal_deaths,43,Croatia,Croatia,European Region,2014,1.72,1.70409719849,1.47008652241,1.94189341764,ensemble_top4,,,,,,
maternal_deaths,43,Croatia,Croatia,European Region,2015,1.46,1.57950424425,1.343492318,1.81695618162,ensemble_top4,,,,,,
maternal_deaths,43,Croatia,Croatia,European Region,2016,1.36,1.45877601655,1.22399986121,1.70555057861,ensemble_top4,,,,,,
maternal_deaths,43,Croatia,Croatia,European Region,2017,1.27,1.34864887625,1.11353116442,1.58706091936,ensemble_top4,,,,,,
maternal_deaths,43,Croatia,Croatia,European Region,2018,1.17,1.24366622338,1.00979535401,1.49408868963,ensemble_top4,,,,,,
maternal_deaths,43,Croatia,Croatia,European Region,2019,1.19,1.15458329573,0.907461801186,1.40580754803,ensemble_top4,,,,,,
maternal_deaths,43,Croatia,Croatia,European Region,2020,1.74,1.06599794141,0.822001639762,1.31676319789,ensemble_top4,0.67400205859,0.423236802112,0.917998360238,0.67400205859,1.632273321,0.48997371862
maternal_deaths,43,Croatia,Croatia,European Region,2021,4.41,0.991845062357,0.7395338034,1.25004200643,ensemble_top4,3.41815493764,3.15995799357,3.6704661966,3.41815493764,4.4462589646,1.49206306049
maternal_deaths,43,Croatia,Croatia,European Region,2022,1.83,0.920050766107,0.671907730065,1.18959139943,ensemble_top4,0.909949233893,0.640408600572,1.15809226993,0.909949233893,1.98902067952,0.687642396763
maternal_deaths,43,Croatia,Croatia,European Region,2023,0.96,0.851619953426,0.591422969798,1.1294797989,ensemble_top4,0.108380046574,0,0.368577030202,0.108380046574,1.12726339506,0.119792921203
maternal_deaths,44,Cuba,Cuba,Region of the Americas,2000,68.84,68.84,68.84,68.84,ensemble_top4,,,,,,
maternal_deaths,44,Cuba,Cuba,Region of the Americas,2001,64.01,59.2999902048,50.0154295382,68.8529233103,ensemble_top4,,,,,,
maternal_deaths,44,Cuba,Cuba,Region of the Americas,2002,63.55,60.3332322381,49.7626509385,70.5026210897,ensemble_top4,,,,,,
maternal_deaths,44,Cuba,Cuba,Region of the Americas,2003,60.25,59.9909339488,49.5090224514,70.6026085674,ensemble_top4,,,,,,
maternal_deaths,44,Cuba,Cuba,Region of the Americas,2004,55.85,58.5735374043,48.6046514892,68.2435858663,ensemble_top4,,,,,,
maternal_deaths,44,Cuba,Cuba,Region of the Americas,2005,51.37,56.2345035205,47.2634318143,65.3635432067,ensemble_top4,,,,,,
maternal_deaths,44,Cuba,Cuba,Region of the Americas,2006,46.76,53.7143626143,44.0161451559,63.9398707807,ensemble_top4,,,,,,
maternal_deaths,44,Cuba,Cuba,Region of the Americas,2007,47.38,52.4046436966,38.4860916442,63.3250774145,ensemble_top4,,,,,,
maternal_deaths,44,Cuba,Cuba,Region of the Americas,2008,53.75,52.9155236029,42.8641255698,63.3365100014,ensemble_top4,,,,,,
maternal_deaths,44,Cuba,Cuba,Region of the Americas,2009,58.63,54.8434319076,43.8891027453,65.2486384057,ensemble_top4,,,,,,
maternal_deaths,44,Cuba,Cuba,Region of the Americas,2010,56.65,54.6185667885,44.6483451188,64.216966575,ensemble_top4,,,,,,
maternal_deaths,44,Cuba,Cuba,Region of the Americas,2011,57.98,54.4213669452,44.5977380193,63.5058768738,ensemble_top4,,,,,,
maternal_deaths,44,Cuba,Cuba,Region of the Americas,2012,53.99,53.2623793056,43.4706667053,61.6747122537,ensemble_top4,,,,,,
maternal_deaths,44,Cuba,Cuba,Region of the Americas,2013,53.29,51.6121688335,42.6368681513,60.4629943212,ensemble_top4,,,,,,
maternal_deaths,44,Cuba,Cuba,Region of the Americas,2014,51.72,50.4164278178,41.5464079818,59.015657629,ensemble_top4,,,,,,
maternal_deaths,44,Cuba,Cuba,Region of the Americas,2015,51.16,49.1819520798,40.4420748036,58.056730222,ensemble_top4,,,,,,
maternal_deaths,44,Cuba,Cuba,Region of the Americas,2016,46.94,48.1597080558,39.61889118,56.8042551075,ensemble_top4,,,,,,
maternal_deaths,44,Cuba,Cuba,Region of the Americas,2017,44.67,46.9746566076,38.3421128511,56.0274296761,ensemble_top4,,,,,,
maternal_deaths,44,Cuba,Cuba,Region of the Americas,2018,44.74,46.0986159657,37.1830270303,55.2638315768,ensemble_top4,,,,,,
maternal_deaths,44,Cuba,Cuba,Region of the Americas,2019,43.02,45.2159986632,36.1909220003,54.9489116162,ensemble_top4,,,,,,
maternal_deaths,44,Cuba,Cuba,Region of the Americas,2020,41.34,44.5384650414,34.813755003,54.3515666265,ensemble_top4,0,0,6.526244997,-3.19846504138,0.928186455496,-0.0745226445071
maternal_deaths,44,Cuba,Cuba,Region of the Americas,2021,168.3,43.7672112111,33.5089989533,53.9963158474,ensemble_top4,124.532788789,114.303684153,134.791001047,124.532788789,3.8453443878,1.34686316664
maternal_deaths,44,Cuba,Cuba,Region of the Americas,2022,39.23,43.1827357964,32.2655632569,53.6086398027,ensemble_top4,0,0,6.96443674306,-3.95273579641,0.908464905627,-0.0959990208111
maternal_deaths,44,Cuba,Cuba,Region of the Americas,2023,33.38,42.4201678643,31.0190953863,53.1622735693,ensemble_top4,0,0,2.36090461371,-9.0401678643,0.786889861134,-0.239666988092
maternal_deaths,45,Cyprus,Cyprus,European Region,2000,1.4,1.4,0.4,1.4,ensemble_top4,,,,,,
maternal_deaths,45,Cyprus,Cyprus,European Region,2001,1.29,1.22165921014,1.11456318916,1.32506922874,ensemble_top4,,,,,,
maternal_deaths,45,Cyprus,Cyprus,European Region,2002,1.21,1.22814693224,1.10925843596,1.31719100369,ensemble_top4,,,,,,
maternal_deaths,45,Cyprus,Cyprus,European Region,2003,1.23,1.22950915802,1.08413639626,1.32126953208,ensemble_top4,,,,,,
maternal_deaths,45,Cyprus,Cyprus,European Region,2004,1.25,1.23142156113,1.06237121456,1.32445354173,ensemble_top4,,,,,,
maternal_deaths,45,Cyprus,Cyprus,European Region,2005,1.25,1.23282908285,1.04300169614,1.33035329565,ensemble_top4,,,,,,
maternal_deaths,45,Cyprus,Cyprus,European Region,2006,1.25,1.2379785051,1.0264566785,1.33628023059,ensemble_top4,,,,,,
maternal_deaths,45,Cyprus,Cyprus,European Region,2007,1.2,1.24166433908,1.01044478278,1.34200451815,ensemble_top4,,,,,,
maternal_deaths,45,Cyprus,Cyprus,European Region,2008,1.28,1.25000996628,0.999756351113,1.34917280799,ensemble_top4,,,,,,
maternal_deaths,45,Cyprus,Cyprus,European Region,2009,1.27,1.25849547617,0.995303155508,1.35149410461,ensemble_top4,,,,,,
maternal_deaths,45,Cyprus,Cyprus,European Region,2010,1.29,1.27074104051,0.996532634788,1.35887568028,ensemble_top4,,,,,,
maternal_deaths,45,Cyprus,Cyprus,European Region,2011,1.29,1.28174097289,0.995876885985,1.37607328613,ensemble_top4,,,,,,
maternal_deaths,45,Cyprus,Cyprus,European Region,2012,1.35,1.29194815995,1.0060098432,1.4046714772,ensemble_top4,,,,,,
maternal_deaths,45,Cyprus,Cyprus,European Region,2013,1.33,1.31020428941,1.01985550331,1.50425764901,ensemble_top4,,,,,,
maternal_deaths,45,Cyprus,Cyprus,European Region,2014,1.45,1.3538721422,1.03872203786,1.60332100443,ensemble_top4,,,,,,
maternal_deaths,45,Cyprus,Cyprus,European Region,2015,1.54,1.48264687654,1.06129857625,1.66338439483,ensemble_top4,,,,,,
maternal_deaths,45,Cyprus,Cyprus,European Region,2016,1.65,1.57347783634,1.09620184276,1.72681772075,ensemble_top4,,,,,,
maternal_deaths,45,Cyprus,Cyprus,European Region,2017,1.68,1.6389791715,1.13663388712,1.80792735094,ensemble_top4,,,,,,
maternal_deaths,45,Cyprus,Cyprus,European Region,2018,1.75,1.71289696009,1.18098115866,1.90339829794,ensemble_top4,,,,,,
maternal_deaths,45,Cyprus,Cyprus,European Region,2019,1.86,1.79424626872,1.23203593056,2.02037350443,ensemble_top4,,,,,,
maternal_deaths,45,Cyprus,Cyprus,European Region,2020,12.62,1.88631199478,1.29981893515,2.17033747372,ensemble_top4,10.7336880052,10.4496625263,11.3201810649,10.7336880052,6.69030363744,1.90065925987
maternal_deaths,45,Cyprus,Cyprus,European Region,2021,14.46,1.99128192046,1.36997696888,2.35582110178,ensemble_top4,12.4687180795,12.1041788982,13.0900230311,12.4687180795,7.26165383787,1.98260760425
maternal_deaths,45,Cyprus,Cyprus,European Region,2022,7.8,2.10833233298,1.45494464504,2.57729124889,ensemble_top4,5.69166766702,5.22270875111,6.34505535496,5.69166766702,3.69960649846,1.30822646223
maternal_deaths,45,Cyprus,Cyprus,European Region,2023,1.98,2.24364279736,1.54441885582,2.85606270783,ensemble_top4,0,0,0.435581144184,-0.263642797363,0.882493417547,-0.125003949073
maternal_deaths,46,Czechia,Czechia,European Region,2000,5.9,5.9,5.9,5.9,ensemble_top4,,,,,,
maternal_deaths,46,Czechia,Czechia,European Region,2001,5.63,5.48273267263,4.79216704624,6.10013780363,ensemble_top4,,,,,,
maternal_deaths,46,Czechia,Czechia,European Region,2002,5.31,5.45285141358,4.86015403528,6.02698059502,ensemble_top4,,,,,,
maternal_deaths,46,Czechia,Czechia,European Region,2003,5.19,5.362678492,4.79675152759,5.9428354584,ensemble_top4,,,,,,
maternal_deaths,46,Czechia,Czechia,European Region,2004,5.02,5.23700185679,4.63602662042,5.84793251802,ensemble_top4,,,,,,
maternal_deaths,46,Czechia,Czechia,European Region,2005,5.19,5.16909113501,4.6101770907,5.73067712898,ensemble_top4,,,,,,
maternal_deaths,46,Czechia,Czechia,European Region,2006,4.98,5.04771407865,4.47468648423,5.58846023738,ensemble_top4,,,,,,
maternal_deaths,46,Czechia,Czechia,European Region,2007,5.01,4.89098336278,4.33769463241,5.44374706683,ensemble_top4,,,,,,
maternal_deaths,46,Czechia,Czechia,European Region,2008,5.16,4.74482792407,4.16097244391,5.27183667364,ensemble_top4,,,,,,
maternal_deaths,46,Czechia,Czechia,European Region,2009,5,4.57520466395,4.02089894887,5.10859159603,ensemble_top4,,,,,,
maternal_deaths,46,Czechia,Czechia,European Region,2010,4.55,4.42182206745,3.87165981961,4.9675438159,ensemble_top4,,,,,,
maternal_deaths,46,Czechia,Czechia,European Region,2011,4.13,4.26399876576,3.71641207123,4.81865447317,ensemble_top4,,,,,,
maternal_deaths,46,Czechia,Czechia,European Region,2012,3.95,4.11496544954,3.56832787519,4.6391088511,ensemble_top4,,,,,,
maternal_deaths,46,Czechia,Czechia,European Region,2013,3.62,3.97137106222,3.42208359568,4.49250353946,ensemble_top4,,,,,,
maternal_deaths,46,Czechia,Czechia,European Region,2014,3.52,3.82146238185,3.28036804202,4.37932619668,ensemble_top4,,,,,,
maternal_deaths,46,Czechia,Czechia,European Region,2015,3.47,3.69027622318,3.13910939554,4.23790838869,ensemble_top4,,,,,,
maternal_deaths,46,Czechia,Czechia,European Region,2016,3.62,3.5562358962,3.02179382937,4.08749712516,ensemble_top4,,,,,,
maternal_deaths,46,Czechia,Czechia,European Region,2017,3.36,3.43433948023,2.89602310652,3.98383282219,ensemble_top4,,,,,,
maternal_deaths,46,Czechia,Czechia,European Region,2018,3.41,3.30766864473,2.76651522452,3.88047857703,ensemble_top4,,,,,,
maternal_deaths,46,Czechia,Czechia,European Region,2019,3.5,3.19692702923,2.63158941356,3.77935942266,ensemble_top4,,,,,,
maternal_deaths,46,Czechia,Czechia,European Region,2020,3.58,3.07631821024,2.52225691376,3.69758235099,ensemble_top4,0.503681789758,0,1.05774308624,0.503681789758,1.16372876775,0.151629304756
maternal_deaths,46,Czechia,Czechia,European Region,2021,4.91,2.97488899677,2.39941534928,3.64619776632,ensemble_top4,1.93511100323,1.26380223368,2.51058465072,1.93511100323,1.65048175086,0.501067215514
maternal_deaths,46,Czechia,Czechia,European Region,2022,2.94,2.85977221041,2.28860403733,3.60680383479,ensemble_top4,0.0802277895889,0,0.651395962674,0.0802277895889,1.02805390908,0.0276676064002
maternal_deaths,46,Czechia,Czechia,European Region,2023,2.48,2.75165072196,2.18806442705,3.58430464554,ensemble_top4,0,0,0.291935572951,-0.271650721961,0.901277178897,-0.103942433947
maternal_deaths,47,North Korea,Democratic People's Republic of Korea,Southeast Asia Region,2000,534.3,534.3,533.3,534.3,ensemble_top4,,,,,,
maternal_deaths,47,North Korea,Democratic People's Republic of Korea,Southeast Asia Region,2001,521.6,522.286132038,459.890310761,588.138379447,ensemble_top4,,,,,,
maternal_deaths,47,North Korea,Democratic People's Republic of Korea,Southeast Asia Region,2002,504.9,483.062397059,233.893187442,541.298243989,ensemble_top4,,,,,,
maternal_deaths,47,North Korea,Democratic People's Republic of Korea,Southeast Asia Region,2003,280.9,275.482829829,223.586192203,343.262354647,ensemble_top4,,,,,,
maternal_deaths,47,North Korea,Democratic People's Republic of Korea,Southeast Asia Region,2004,274.2,268.931244296,227.172043243,361.29373713,ensemble_top4,,,,,,
maternal_deaths,47,North Korea,Democratic People's Republic of Korea,Southeast Asia Region,2005,264.9,264.604936034,215.004173856,311.035264789,ensemble_top4,,,,,,
maternal_deaths,47,North Korea,Democratic People's Republic of Korea,Southeast Asia Region,2006,274.3,262.561337138,202.164132973,295.399178577,ensemble_top4,,,,,,
maternal_deaths,47,North Korea,Democratic People's Republic of Korea,Southeast Asia Region,2007,274.4,261.260252352,200.993804752,294.01846947,ensemble_top4,,,,,,
maternal_deaths,47,North Korea,Democratic People's Republic of Korea,Southeast Asia Region,2008,273.9,261.511478168,195.910681236,293.402825853,ensemble_top4,,,,,,
maternal_deaths,47,North Korea,Democratic People's Republic of Korea,Southeast Asia Region,2009,260.9,260.730943429,196.680180175,294.587148012,ensemble_top4,,,,,,
maternal_deaths,47,North Korea,Democratic People's Republic of Korea,Southeast Asia Region,2010,256.2,259.705882476,200.491639436,292.263224589,ensemble_top4,,,,,,
maternal_deaths,47,North Korea,Democratic People's Republic of Korea,Southeast Asia Region,2011,254.3,258.250367094,201.13851478,293.925784776,ensemble_top4,,,,,,
maternal_deaths,47,North Korea,Democratic People's Republic of Korea,Southeast Asia Region,2012,253.9,256.799242725,200.20594638,295.494090976,ensemble_top4,,,,,,
maternal_deaths,47,North Korea,Democratic People's Republic of Korea,Southeast Asia Region,2013,252.7,255.061725806,205.305858232,296.798786854,ensemble_top4,,,,,,
maternal_deaths,47,North Korea,Democratic People's Republic of Korea,Southeast Asia Region,2014,249.1,252.669910893,204.695712418,297.922902912,ensemble_top4,,,,,,
maternal_deaths,47,North Korea,Democratic People's Republic of Korea,Southeast Asia Region,2015,246.7,250.510422344,204.411262766,299.815958252,ensemble_top4,,,,,,
maternal_deaths,47,North Korea,Democratic People's Republic of Korea,Southeast Asia Region,2016,246.6,248.382652492,206.80026183,299.99253575,ensemble_top4,,,,,,
maternal_deaths,47,North Korea,Democratic People's Republic of Korea,Southeast Asia Region,2017,243.8,246.725978665,207.792702369,300.998405853,ensemble_top4,,,,,,
maternal_deaths,47,North Korea,Democratic People's Republic of Korea,Southeast Asia Region,2018,240.2,245.80341778,207.928658764,303.230062397,ensemble_top4,,,,,,
maternal_deaths,47,North Korea,Democratic People's Republic of Korea,Southeast Asia Region,2019,232,245.999804264,203.291955405,301.680207793,ensemble_top4,,,,,,
maternal_deaths,47,North Korea,Democratic People's Republic of Korea,Southeast Asia Region,2020,231.9,246.078451183,199.293993024,302.554170827,ensemble_top4,0,0,32.6060069756,-14.1784511835,0.942382394252,-0.0593441480806
maternal_deaths,47,North Korea,Democratic People's Republic of Korea,Southeast Asia Region,2021,249.6,246.561876524,194.334795812,307.718373724,ensemble_top4,3.03812347603,0,55.2652041881,3.03812347603,1.01232195147,0.0122466541317
maternal_deaths,47,North Korea,Democratic People's Republic of Korea,Southeast Asia Region,2022,231,246.309722664,189.41719565,304.430976959,ensemble_top4,0,0,41.5828043496,-15.3097226636,0.937843612107,-0.0641720687083
maternal_deaths,47,North Korea,Democratic People's Republic of Korea,Southeast Asia Region,2023,228.8,247.389331209,183.638595965,306.109941091,ensemble_top4,0,0,45.1614040349,-18.5893312092,0.924857991578,-0.0781150758736
maternal_deaths,48,DR Congo,Democratic Republic of the Congo,African Region,2000,13393,13393,13393,13393,ensemble_top4,,,,,,
maternal_deaths,48,DR Congo,Democratic Republic of the Congo,African Region,2001,13797,13728.0443746,12856.7303802,14399.686917,ensemble_top4,,,,,,
maternal_deaths,48,DR Congo,Democratic Republic of the Congo,African Region,2002,14405,14361.4511353,13851.7998395,14875.9683958,ensemble_top4,,,,,,
maternal_deaths,48,DR Congo,Democratic Republic of the Congo,African Region,2003,14777,14816.6949063,14294.009341,15475.2440173,ensemble_top4,,,,,,
maternal_deaths,48,DR Congo,Democratic Republic of the Congo,African Region,2004,15139,15216.1917611,14735.6585738,16100.1645234,ensemble_top4,,,,,,
maternal_deaths,48,DR Congo,Democratic Republic of the Congo,African Region,2005,15742,15973.8308672,15093.6610321,16620.3493067,ensemble_top4,,,,,,
maternal_deaths,48,DR Congo,Democratic Republic of the Congo,African Region,2006,16494,16651.156335,16172.0097677,17102.8507899,ensemble_top4,,,,,,
maternal_deaths,48,DR Congo,Democratic Republic of the Congo,African Region,2007,17317,17113.0754944,16580.3886066,17549.4511858,ensemble_top4,,,,,,
maternal_deaths,48,DR Congo,Democratic Republic of the Congo,African Region,2008,17559,17468.671435,16947.8471137,17895.3897866,ensemble_top4,,,,,,
maternal_deaths,48,DR Congo,Democratic Republic of the Congo,African Region,2009,17791,17763.0781919,17230.6928141,18200.3585707,ensemble_top4,,,,,,
maternal_deaths,48,DR Congo,Democratic Republic of the Congo,African Region,2010,18090,18041.4964314,17519.0531193,18467.8510876,ensemble_top4,,,,,,
maternal_deaths,48,DR Congo,Democratic Republic of the Congo,African Region,2011,18362,18275.5338853,17780.2446258,18709.154852,ensemble_top4,,,,,,
maternal_deaths,48,DR Congo,Democratic Republic of the Congo,African Region,2012,18612,18496.0258793,17993.0507812,18919.7423282,ensemble_top4,,,,,,
maternal_deaths,48,DR Congo,Democratic Republic of the Congo,African Region,2013,18762,18698.2926887,18227.8006565,19141.9392241,ensemble_top4,,,,,,
maternal_deaths,48,DR Congo,Democratic Republic of the Congo,African Region,2014,19032,18886.9568277,18420.4262361,19338.2010586,ensemble_top4,,,,,,
maternal_deaths,48,DR Congo,Democratic Republic of the Congo,African Region,2015,19109,19065.0914266,18606.0429575,19521.4752404,ensemble_top4,,,,,,
maternal_deaths,48,DR Congo,Democratic Republic of the Congo,African Region,2016,18951,19241.9259394,18797.4000955,19705.7980632,ensemble_top4,,,,,,
maternal_deaths,48,DR Congo,Democratic Republic of the Congo,African Region,2017,19428,19403.8519663,18939.4686613,19891.8909028,ensemble_top4,,,,,,
maternal_deaths,48,DR Congo,Democratic Republic of the Congo,African Region,2018,19624,19547.2589083,19094.0858578,20038.2599228,ensemble_top4,,,,,,
maternal_deaths,48,DR Congo,Democratic Republic of the Congo,African Region,2019,19494,19702.0265581,19248.1268453,20226.8394742,ensemble_top4,,,,,,
maternal_deaths,48,DR Congo,Democratic Republic of the Congo,African Region,2020,19823,19834.9772533,19371.9192116,20369.9434943,ensemble_top4,0,0,451.080788361,-11.9772533247,0.999396154925,-0.00060402746274
maternal_deaths,48,DR Congo,Democratic Republic of the Congo,African Region,2021,21080,19964.3236258,19496.2015604,20506.4470733,ensemble_top4,1115.67637419,573.552926731,1583.79843957,1115.67637419,1.05588350475,0.0543778617278
maternal_deaths,48,DR Congo,Democratic Republic of the Congo,African Region,2022,19427,20088.0420477,19612.5517526,20665.2843478,ensemble_top4,0,0,0,-661.042047746,0.967092758658,-0.0334608639737
maternal_deaths,48,DR Congo,Democratic Republic of the Congo,African Region,2023,18661,20214.8600702,19718.3237451,20807.5488332,ensemble_top4,0,0,0,-1553.86007021,0.92313278129,-0.0799821964404
maternal_deaths,49,Denmark,Denmark,European Region,2000,5.88,5.88,5.88,5.88,ensemble_top4,,,,,,
maternal_deaths,49,Denmark,Denmark,European Region,2001,5.72,5.63837094461,5.05659612974,6.21239150074,ensemble_top4,,,,,,
maternal_deaths,49,Denmark,Denmark,European Region,2002,5.56,5.5944531931,5.08224180005,6.08589654599,ensemble_top4,,,,,,
maternal_deaths,49,Denmark,Denmark,European Region,2003,5.35,5.43430222332,4.94471334854,5.90814414069,ensemble_top4,,,,,,
maternal_deaths,49,Denmark,Denmark,European Region,2004,5.2,5.22125644966,4.72970682075,5.69436740479,ensemble_top4,,,,,,
maternal_deaths,49,Denmark,Denmark,European Region,2005,4.81,5.01203801801,4.47707893228,5.49564753482,ensemble_top4,,,,,,
maternal_deaths,49,Denmark,Denmark,European Region,2006,4.66,4.84748029309,4.37255702899,5.34357106115,ensemble_top4,,,,,,
maternal_deaths,49,Denmark,Denmark,European Region,2007,4.77,4.62838258606,4.13952453496,5.11233120749,ensemble_top4,,,,,,
maternal_deaths,49,Denmark,Denmark,European Region,2008,4.72,4.4071444905,3.94365920481,4.85364138528,ensemble_top4,,,,,,
maternal_deaths,49,Denmark,Denmark,European Region,2009,4.39,4.17692881849,3.709942824,4.65001933635,ensemble_top4,,,,,,
maternal_deaths,49,Denmark,Denmark,European Region,2010,4.18,3.95006329384,3.49122888864,4.41143796177,ensemble_top4,,,,,,
maternal_deaths,49,Denmark,Denmark,European Region,2011,3.68,3.74966022211,3.29075626809,4.22385730302,ensemble_top4,,,,,,
maternal_deaths,49,Denmark,Denmark,European Region,2012,3.33,3.55836636322,3.09084588424,4.02803247078,ensemble_top4,,,,,,
maternal_deaths,49,Denmark,Denmark,European Region,2013,2.98,3.38100269283,2.90398938942,3.83805214882,ensemble_top4,,,,,,
maternal_deaths,49,Denmark,Denmark,European Region,2014,3.06,3.19775797086,2.72780665676,3.67268255375,ensemble_top4,,,,,,
maternal_deaths,49,Denmark,Denmark,European Region,2015,2.89,3.04217297151,2.56947034876,3.53058173047,ensemble_top4,,,,,,
maternal_deaths,49,Denmark,Denmark,European Region,2016,3.15,2.94468902574,2.47564752467,3.40683028065,ensemble_top4,,,,,,
maternal_deaths,49,Denmark,Denmark,European Region,2017,2.84,2.80934117672,2.34409576216,3.30592848889,ensemble_top4,,,,,,
maternal_deaths,49,Denmark,Denmark,European Region,2018,2.86,2.67692012035,2.20100108673,3.19257401217,ensemble_top4,,,,,,
maternal_deaths,49,Denmark,Denmark,European Region,2019,2.59,2.5717157686,2.07073428872,3.09659039018,ensemble_top4,,,,,,
maternal_deaths,49,Denmark,Denmark,European Region,2020,2.49,2.44574355569,1.95065154955,3.04245018469,ensemble_top4,0.0442564443115,0,0.539348450448,0.0442564443115,1.01809529221,0.0179335210267
maternal_deaths,49,Denmark,Denmark,European Region,2021,4.86,2.34052914762,1.83143211289,3.00769956896,ensemble_top4,2.51947085238,1.85230043104,3.02856788711,2.51947085238,2.07645352545,0.730661402644
maternal_deaths,49,Denmark,Denmark,European Region,2022,3.23,2.22590082815,1.70673075053,2.9811673594,ensemble_top4,1.00409917185,0.248832640597,1.52326924947,1.00409917185,1.45109789221,0.372320436969
maternal_deaths,49,Denmark,Denmark,European Region,2023,2.12,2.11128531863,1.60973795188,3.01158494431,ensemble_top4,0.00871468137202,0,0.510262048124,0.00871468137202,1.00412766635,0.00411917090814
maternal_deaths,50,Djibouti,Djibouti,Eastern Mediterranean,2000,125.3,125.3,124.3,125.3,ensemble_top4,,,,,,
maternal_deaths,50,Djibouti,Djibouti,Eastern Mediterranean,2001,113.3,113.416315702,105.955071685,125.565479519,ensemble_top4,,,,,,
maternal_deaths,50,Djibouti,Djibouti,Eastern Mediterranean,2002,106,110.19323315,103.887339277,122.97368143,ensemble_top4,,,,,,
maternal_deaths,50,Djibouti,Djibouti,Eastern Mediterranean,2003,103.9,102.957026503,96.0248516512,115.534614794,ensemble_top4,,,,,,
maternal_deaths,50,Djibouti,Djibouti,Eastern Mediterranean,2004,94.9,94.037452956,87.3510203048,105.694170721,ensemble_top4,,,,,,
maternal_deaths,50,Djibouti,Djibouti,Eastern Mediterranean,2005,80.91,84.9162762718,79.427040155,96.0239376452,ensemble_top4,,,,,,
maternal_deaths,50,Djibouti,Djibouti,Eastern Mediterranean,2006,74.94,77.3791237889,70.2244452286,86.9826160225,ensemble_top4,,,,,,
maternal_deaths,50,Djibouti,Djibouti,Eastern Mediterranean,2007,70.97,71.6386777716,64.3496573087,79.6261016377,ensemble_top4,,,,,,
maternal_deaths,50,Djibouti,Djibouti,Eastern Mediterranean,2008,67.05,67.8205032636,62.560133447,73.4568926769,ensemble_top4,,,,,,
maternal_deaths,50,Djibouti,Djibouti,Eastern Mediterranean,2009,64.41,63.5974535867,58.4629752892,68.6947455594,ensemble_top4,,,,,,
maternal_deaths,50,Djibouti,Djibouti,Eastern Mediterranean,2010,59.39,59.9571195851,55.1599813716,64.8693041177,ensemble_top4,,,,,,
maternal_deaths,50,Djibouti,Djibouti,Eastern Mediterranean,2011,55.85,56.9786162436,52.3343266632,61.7713187832,ensemble_top4,,,,,,
maternal_deaths,50,Djibouti,Djibouti,Eastern Mediterranean,2012,53.64,54.5106706288,49.9952460995,59.1247177922,ensemble_top4,,,,,,
maternal_deaths,50,Djibouti,Djibouti,Eastern Mediterranean,2013,53.02,52.5989874854,47.8926401874,57.124118537,ensemble_top4,,,,,,
maternal_deaths,50,Djibouti,Djibouti,Eastern Mediterranean,2014,51.1,50.9823827854,46.1969554699,55.5293909989,ensemble_top4,,,,,,
maternal_deaths,50,Djibouti,Djibouti,Eastern Mediterranean,2015,50.52,49.7331186291,45.0012478046,54.4253242373,ensemble_top4,,,,,,
maternal_deaths,50,Djibouti,Djibouti,Eastern Mediterranean,2016,48.93,48.8663545161,44.150901453,53.4377976664,ensemble_top4,,,,,,
maternal_deaths,50,Djibouti,Djibouti,Eastern Mediterranean,2017,48.15,48.0917955647,43.305429415,52.8617267013,ensemble_top4,,,,,,
maternal_deaths,50,Djibouti,Djibouti,Eastern Mediterranean,2018,47.6,47.5683003757,42.8336339243,52.3655219673,ensemble_top4,,,,,,
maternal_deaths,50,Djibouti,Djibouti,Eastern Mediterranean,2019,46.28,47.2202948993,42.4228413322,52.3345056781,ensemble_top4,,,,,,
maternal_deaths,50,Djibouti,Djibouti,Eastern Mediterranean,2020,45.69,46.9344223424,41.9393358389,52.6861772106,ensemble_top4,0,0,3.75066416109,-1.24442234244,0.973485934623,-0.0268719025305
maternal_deaths,50,Djibouti,Djibouti,Eastern Mediterranean,2021,52.87,46.8418217378,41.4093001297,53.122829288,ensemble_top4,6.02817826222,0,11.4606998703,6.02817826222,1.12869222499,0.121059639495
maternal_deaths,50,Djibouti,Djibouti,Eastern Mediterranean,2022,41.71,46.6864626046,41.0132744161,54.0209542321,ensemble_top4,0,0,0.696725583865,-4.97646260457,0.893406732339,-0.112713334455
maternal_deaths,50,Djibouti,Djibouti,Eastern Mediterranean,2023,38.76,46.6768379282,40.5750333582,55.2723037666,ensemble_top4,0,0,0,-7.91683792821,0.830390440321,-0.185859278774
maternal_deaths,51,Dominica,Dominica,Region of the Americas,2000,0.75,0.75,0.75,0.75,ensemble_top4,,,,,,
maternal_deaths,51,Dominica,Dominica,Region of the Americas,2001,0.72,0.655945692233,0.521613843056,0.78251560038,ensemble_top4,,,,,,
maternal_deaths,51,Dominica,Dominica,Region of the Americas,2002,0.62,0.640863271433,0.514215525477,0.762055385539,ensemble_top4,,,,,,
maternal_deaths,51,Dominica,Dominica,Region of the Americas,2003,0.59,0.620708982021,0.497169032381,0.74596125088,ensemble_top4,,,,,,
maternal_deaths,51,Dominica,Dominica,Region of the Americas,2004,0.57,0.601683901581,0.478725301262,0.723364317893,ensemble_top4,,,,,,
maternal_deaths,51,Dominica,Dominica,Region of the Americas,2005,0.56,0.581871813082,0.460824300244,0.702225022159,ensemble_top4,,,,,,
maternal_deaths,51,Dominica,Dominica,Region of the Americas,2006,0.58,0.564033140124,0.444881955846,0.682120378226,ensemble_top4,,,,,,
maternal_deaths,51,Dominica,Dominica,Region of the Americas,2007,0.55,0.546488463684,0.424712239862,0.665145775997,ensemble_top4,,,,,,
maternal_deaths,51,Dominica,Dominica,Region of the Americas,2008,0.53,0.529588260972,0.408343806659,0.64347065472,ensemble_top4,,,,,,
maternal_deaths,51,Dominica,Dominica,Region of the Americas,2009,0.49,0.509793468662,0.388401675416,0.628938937315,ensemble_top4,,,,,,
maternal_deaths,51,Dominica,Dominica,Region of the Americas,2010,0.48,0.495144295062,0.373164431566,0.617608744373,ensemble_top4,,,,,,
maternal_deaths,51,Dominica,Dominica,Region of the Americas,2011,0.47,0.486729837787,0.36489694624,0.606507817937,ensemble_top4,,,,,,
maternal_deaths,51,Dominica,Dominica,Region of the Americas,2012,0.49,0.475520986336,0.357537517504,0.594675010685,ensemble_top4,,,,,,
maternal_deaths,51,Dominica,Dominica,Region of the Americas,2013,0.46,0.464858382644,0.348605376864,0.586703100323,ensemble_top4,,,,,,
maternal_deaths,51,Dominica,Dominica,Region of the Americas,2014,0.51,0.452987918199,0.334067761164,0.57532382682,ensemble_top4,,,,,,
maternal_deaths,51,Dominica,Dominica,Region of the Americas,2015,0.58,0.440613659228,0.317869187853,0.564300636086,ensemble_top4,,,,,,
maternal_deaths,51,Dominica,Dominica,Region of the Americas,2016,0.43,0.426175196328,0.308060756447,0.54988742112,ensemble_top4,,,,,,
maternal_deaths,51,Dominica,Dominica,Region of the Americas,2017,0.35,0.41260506017,0.29378581267,0.536285681835,ensemble_top4,,,,,,
maternal_deaths,51,Dominica,Dominica,Region of the Americas,2018,0.34,0.399547210401,0.282491058777,0.522269360611,ensemble_top4,,,,,,
maternal_deaths,51,Dominica,Dominica,Region of the Americas,2019,0.32,0.388949023476,0.270479506404,0.513969310858,ensemble_top4,,,,,,
maternal_deaths,51,Dominica,Dominica,Region of the Americas,2020,0.36,0.374100486459,0.256066953878,0.495627806124,ensemble_top4,0,0,0.103933046122,-0.0141004864589,0.962308291571,-0.0384204102477
maternal_deaths,51,Dominica,Dominica,Region of the Americas,2021,0.83,0.36345678383,0.244024202459,0.493270658302,ensemble_top4,0.46654321617,0.336729341698,0.585975797541,0.46654321617,2.28362775693,0.825765299935
maternal_deaths,51,Dominica,Dominica,Region of the Americas,2022,0.33,0.352213610318,0.231934050036,0.476831262099,ensemble_top4,0,0,0.0980659499636,-0.0222136103177,0.936931425513,-0.0651451845736
maternal_deaths,51,Dominica,Dominica,Region of the Americas,2023,0.26,0.34221786945,0.219441709605,0.468546288662,ensemble_top4,0,0,0.0405582903954,-0.0822178694503,0.759749923105,-0.274765948396
maternal_deaths,52,Dominican Republic,Dominican Republic,Region of the Americas,2000,165.9,165.9,165.9,165.9,ensemble_top4,,,,,,
maternal_deaths,52,Dominican Republic,Dominican Republic,Region of the Americas,2001,148.8,139.497713959,118.06037203,159.304309042,ensemble_top4,,,,,,
maternal_deaths,52,Dominican Republic,Dominican Republic,Region of the Americas,2002,147.3,151.272023614,131.196954907,169.728880847,ensemble_top4,,,,,,
maternal_deaths,52,Dominican Republic,Dominican Republic,Region of the Americas,2003,152.1,160.475903335,141.016783587,179.275645747,ensemble_top4,,,,,,
maternal_deaths,52,Dominican Republic,Dominican Republic,Region of the Americas,2004,163.8,167.649959175,149.156512669,186.349543683,ensemble_top4,,,,,,
maternal_deaths,52,Dominican Republic,Dominican Republic,Region of the Americas,2005,173,173.793552429,155.261101895,192.648818928,ensemble_top4,,,,,,
maternal_deaths,52,Dominican Republic,Dominican Republic,Region of the Americas,2006,176.9,179.333539459,161.146039264,197.471780452,ensemble_top4,,,,,,
maternal_deaths,52,Dominican Republic,Dominican Republic,Region of the Americas,2007,185.8,184.344473284,165.644080758,203.110233432,ensemble_top4,,,,,,
maternal_deaths,52,Dominican Republic,Dominican Republic,Region of the Americas,2008,198.3,188.726068647,170.77058235,207.176589906,ensemble_top4,,,,,,
maternal_deaths,52,Dominican Republic,Dominican Republic,Region of the Americas,2009,207.4,192.52384729,173.641912469,211.458424409,ensemble_top4,,,,,,
maternal_deaths,52,Dominican Republic,Dominican Republic,Region of the Americas,2010,199.5,196.183479598,177.801492418,215.369761701,ensemble_top4,,,,,,
maternal_deaths,52,Dominican Republic,Dominican Republic,Region of the Americas,2011,197.2,200.12833731,181.519151764,220.159991292,ensemble_top4,,,,,,
maternal_deaths,52,Dominican Republic,Dominican Republic,Region of the Americas,2012,191.9,203.713915174,185.017296896,222.902287415,ensemble_top4,,,,,,
maternal_deaths,52,Dominican Republic,Dominican Republic,Region of the Americas,2013,196.4,207.632814275,189.036344578,227.792562885,ensemble_top4,,,,,,
maternal_deaths,52,Dominican Republic,Dominican Republic,Region of the Americas,2014,204.9,211.879442586,192.673904465,231.64449672,ensemble_top4,,,,,,
maternal_deaths,52,Dominican Republic,Dominican Republic,Region of the Americas,2015,219.2,217.071330924,196.981052584,236.795392036,ensemble_top4,,,,,,
maternal_deaths,52,Dominican Republic,Dominican Republic,Region of the Americas,2016,225.8,222.766293024,201.146642593,243.709929177,ensemble_top4,,,,,,
maternal_deaths,52,Dominican Republic,Dominican Republic,Region of the Americas,2017,221.5,228.881219819,205.832928922,252.74445261,ensemble_top4,,,,,,
maternal_deaths,52,Dominican Republic,Dominican Republic,Region of the Americas,2018,228.4,235.022193607,209.191348487,268.531734443,ensemble_top4,,,,,,
maternal_deaths,52,Dominican Republic,Dominican Republic,Region of the Americas,2019,250,241.208482728,214.061819213,294.200432072,ensemble_top4,,,,,,
maternal_deaths,52,Dominican Republic,Dominican Republic,Region of the Americas,2020,253.5,249.562839469,216.572981937,333.773912481,ensemble_top4,3.93716053105,0,36.9270180626,3.93716053105,1.0157762291,0.0156530779525
maternal_deaths,52,Dominican Republic,Dominican Republic,Region of the Americas,2021,315.1,261.552323514,217.994887938,382.739643648,ensemble_top4,53.547676486,0,97.1051120617,53.547676486,1.20473026493,0.186255695354
maternal_deaths,52,Dominican Republic,Dominican Republic,Region of the Americas,2022,254.5,273.356925114,220.177121274,448.65953067,ensemble_top4,0,0,34.3228787262,-18.8569251137,0.931017203585,-0.0714775232667
maternal_deaths,52,Dominican Republic,Dominican Republic,Region of the Americas,2023,252.9,282.63271525,221.812773427,602.725910556,ensemble_top4,0,0,31.0872265732,-29.7327152504,0.894800871781,-0.111154075092
maternal_deaths,53,Ecuador,Ecuador,Region of the Americas,2000,399.4,399.4,399.4,399.4,ensemble_top4,,,,,,
maternal_deaths,53,Ecuador,Ecuador,Region of the Americas,2001,377.1,369.411354096,345.543663148,391.27711747,ensemble_top4,,,,,,
maternal_deaths,53,Ecuador,Ecuador,Region of the Americas,2002,354.1,352.791877086,330.725608881,373.186010084,ensemble_top4,,,,,,
maternal_deaths,53,Ecuador,Ecuador,Region of the Americas,2003,329.1,336.186306997,315.263054582,357.191119014,ensemble_top4,,,,,,
maternal_deaths,53,Ecuador,Ecuador,Region of the Americas,2004,312.8,320.077647516,298.405657469,341.025958922,ensemble_top4,,,,,,
maternal_deaths,53,Ecuador,Ecuador,Region of the Americas,2005,301.9,304.6612586,282.714948745,326.846799119,ensemble_top4,,,,,,
maternal_deaths,53,Ecuador,Ecuador,Region of the Americas,2006,291.3,290.798384185,268.547528117,312.97676275,ensemble_top4,,,,,,
maternal_deaths,53,Ecuador,Ecuador,Region of the Americas,2007,278.1,282.485323737,260.841401374,305.251871459,ensemble_top4,,,,,,
maternal_deaths,53,Ecuador,Ecuador,Region of the Americas,2008,273,272.112350233,248.818001602,294.865091875,ensemble_top4,,,,,,
maternal_deaths,53,Ecuador,Ecuador,Region of the Americas,2009,271.1,263.780893525,242.81764134,284.90103898,ensemble_top4,,,,,,
maternal_deaths,53,Ecuador,Ecuador,Region of the Americas,2010,263,252.838223647,232.636045511,273.245369617,ensemble_top4,,,,,,
maternal_deaths,53,Ecuador,Ecuador,Region of the Americas,2011,255.8,241.973642121,221.413210044,261.830562514,ensemble_top4,,,,,,
maternal_deaths,53,Ecuador,Ecuador,Region of the Americas,2012,236.3,231.244440261,210.854960532,251.274088456,ensemble_top4,,,,,,
maternal_deaths,53,Ecuador,Ecuador,Region of the Americas,2013,211.7,220.975876477,201.417662598,241.033879016,ensemble_top4,,,,,,
maternal_deaths,53,Ecuador,Ecuador,Region of the Americas,2014,196.6,211.304938759,191.411613265,230.836848994,ensemble_top4,,,,,,
maternal_deaths,53,Ecuador,Ecuador,Region of the Americas,2015,191.8,202.187668611,182.033180973,222.348731877,ensemble_top4,,,,,,
maternal_deaths,53,Ecuador,Ecuador,Region of the Americas,2016,188.2,192.882983948,173.170140804,213.179711804,ensemble_top4,,,,,,
maternal_deaths,53,Ecuador,Ecuador,Region of the Americas,2017,182.2,184.721518657,165.19334878,205.430875894,ensemble_top4,,,,,,
maternal_deaths,53,Ecuador,Ecuador,Region of the Americas,2018,182,176.952667091,156.960233295,197.261434821,ensemble_top4,,,,,,
maternal_deaths,53,Ecuador,Ecuador,Region of the Americas,2019,180.6,169.303447023,149.275219639,190.081716374,ensemble_top4,,,,,,
maternal_deaths,53,Ecuador,Ecuador,Region of the Americas,2020,263.1,161.939307453,141.50043431,182.448860807,ensemble_top4,101.160692547,80.6511391928,121.59956569,101.160692547,1.62468275392,0.485312568364
maternal_deaths,53,Ecuador,Ecuador,Region of the Americas,2021,262.2,155.27388467,134.709229107,176.534699509,ensemble_top4,106.92611533,85.6653004911,127.490770893,106.92611533,1.6886290992,0.523917015841
maternal_deaths,53,Ecuador,Ecuador,Region of the Americas,2022,188.9,148.417973508,128.49209559,169.837130712,ensemble_top4,40.4820264919,19.0628692875,60.4079044105,40.4820264919,1.2727569009,0.241185335824
maternal_deaths,53,Ecuador,Ecuador,Region of the Americas,2023,149.7,142.356384941,121.544464537,163.709687162,ensemble_top4,7.34361505883,0,28.1555354627,7.34361505883,1.05158613055,0.0502996248882
maternal_deaths,54,Egypt,Egypt,Eastern Mediterranean,2000,1057,1057,1057,1057,ensemble_top4,,,,,,
maternal_deaths,54,Egypt,Egypt,Eastern Mediterranean,2001,1015,972.493506303,874.835119988,1081.32814308,ensemble_top4,,,,,,
maternal_deaths,54,Egypt,Egypt,Eastern Mediterranean,2002,981.7,974.911213652,887.088328071,1060.89134379,ensemble_top4,,,,,,
maternal_deaths,54,Egypt,Egypt,Eastern Mediterranean,2003,950.7,964.018037573,879.83386433,1050.10945391,ensemble_top4,,,,,,
maternal_deaths,54,Egypt,Egypt,Eastern Mediterranean,2004,916.4,945.308072052,860.824816763,1031.00293715,ensemble_top4,,,,,,
maternal_deaths,54,Egypt,Egypt,Eastern Mediterranean,2005,893.5,922.032564401,836.578297411,1007.66916821,ensemble_top4,,,,,,
maternal_deaths,54,Egypt,Egypt,Eastern Mediterranean,2006,871.6,892.895827892,805.449710727,980.155605589,ensemble_top4,,,,,,
maternal_deaths,54,Egypt,Egypt,Eastern Mediterranean,2007,856.9,866.072739307,781.277243208,952.319912224,ensemble_top4,,,,,,
maternal_deaths,54,Egypt,Egypt,Eastern Mediterranean,2008,835.5,846.173201619,761.363300144,934.093275166,ensemble_top4,,,,,,
maternal_deaths,54,Egypt,Egypt,Eastern Mediterranean,2009,814,820.507088188,730.706269074,903.666814477,ensemble_top4,,,,,,
maternal_deaths,54,Egypt,Egypt,Eastern Mediterranean,2010,796.7,788.88753769,702.003029009,872.121542607,ensemble_top4,,,,,,
maternal_deaths,54,Egypt,Egypt,Eastern Mediterranean,2011,768.2,756.988485998,672.589158991,840.240036868,ensemble_top4,,,,,,
maternal_deaths,54,Egypt,Egypt,Eastern Mediterranean,2012,758.6,725.469098358,642.705793707,805.328222952,ensemble_top4,,,,,,
maternal_deaths,54,Egypt,Egypt,Eastern Mediterranean,2013,748.3,695.467122055,609.194841455,779.213305074,ensemble_top4,,,,,,
maternal_deaths,54,Egypt,Egypt,Eastern Mediterranean,2014,712.8,669.764950251,587.08596876,762.04278928,ensemble_top4,,,,,,
maternal_deaths,54,Egypt,Egypt,Eastern Mediterranean,2015,681.8,639.817806869,554.611411913,731.889444918,ensemble_top4,,,,,,
maternal_deaths,54,Egypt,Egypt,Eastern Mediterranean,2016,612.8,609.700062902,530.296088588,693.448525744,ensemble_top4,,,,,,
maternal_deaths,54,Egypt,Egypt,Eastern Mediterranean,2017,577.8,581.047632501,500.694621043,664.139414091,ensemble_top4,,,,,,
maternal_deaths,54,Egypt,Egypt,Eastern Mediterranean,2018,499.5,554.315240754,471.645391666,636.390904576,ensemble_top4,,,,,,
maternal_deaths,54,Egypt,Egypt,Eastern Mediterranean,2019,458.1,529.539441692,445.48540481,615.620134362,ensemble_top4,,,,,,
maternal_deaths,54,Egypt,Egypt,Eastern Mediterranean,2020,751.1,503.31832391,418.327307661,589.426917433,ensemble_top4,247.78167609,161.673082567,332.772692339,247.78167609,1.49229615597,0.400315978042
maternal_deaths,54,Egypt,Egypt,Eastern Mediterranean,2021,978.5,480.66165338,394.595609932,572.584169172,ensemble_top4,497.83834662,405.915830828,583.904390068,497.83834662,2.03573551815,0.710857187575
maternal_deaths,54,Egypt,Egypt,Eastern Mediterranean,2022,570.7,457.453302208,373.322418602,546.39482313,ensemble_top4,113.246697792,24.3051768696,197.377581398,113.246697792,1.24755903443,0.221188869713
maternal_deaths,54,Egypt,Egypt,Eastern Mediterranean,2023,407.8,435.329629591,346.370699414,528.269023905,ensemble_top4,0,0,61.429300586,-27.5296295911,0.936761415443,-0.0653266551612
maternal_deaths,55,El Salvador,El Salvador,Region of the Americas,2000,76.91,76.91,75.91,76.91,ensemble_top4,,,,,,
maternal_deaths,55,El Salvador,El Salvador,Region of the Americas,2001,69.8,69.7335035488,60.3498609755,84.348841527,ensemble_top4,,,,,,
maternal_deaths,55,El Salvador,El Salvador,Region of the Americas,2002,58.25,59.8371853954,51.4420751568,79.2126555238,ensemble_top4,,,,,,
maternal_deaths,55,El Salvador,El Salvador,Region of the Americas,2003,52.41,54.0715540699,45.9106129067,69.7325873619,ensemble_top4,,,,,,
maternal_deaths,55,El Salvador,El Salvador,Region of the Americas,2004,45.86,49.0588199624,41.6317938302,58.2961484986,ensemble_top4,,,,,,
maternal_deaths,55,El Salvador,El Salvador,Region of the Americas,2005,43.36,44.594208712,37.9027327811,51.6646361937,ensemble_top4,,,,,,
maternal_deaths,55,El Salvador,El Salvador,Region of the Americas,2006,41.71,42.240308345,36.0932146831,48.4409163632,ensemble_top4,,,,,,
maternal_deaths,55,El Salvador,El Salvador,Region of the Americas,2007,41.02,41.0162098344,34.4802413876,47.1779317051,ensemble_top4,,,,,,
maternal_deaths,55,El Salvador,El Salvador,Region of the Americas,2008,40.13,41.0878541445,34.3056528774,47.0851843563,ensemble_top4,,,,,,
maternal_deaths,55,El Salvador,El Salvador,Region of the Americas,2009,41.45,41.9285783032,35.9458951551,47.7545101678,ensemble_top4,,,,,,
maternal_deaths,55,El Salvador,El Salvador,Region of the Americas,2010,41.01,42.7044756321,37.0957128709,48.1127694931,ensemble_top4,,,,,,
maternal_deaths,55,El Salvador,El Salvador,Region of the Americas,2011,42.33,43.3410676518,37.6559077554,49.0213519178,ensemble_top4,,,,,,
maternal_deaths,55,El Salvador,El Salvador,Region of the Americas,2012,42.96,44.0021194583,38.5266016929,49.7026693673,ensemble_top4,,,,,,
maternal_deaths,55,El Salvador,El Salvador,Region of the Americas,2013,45.62,44.5164419241,38.9415716808,50.269206745,ensemble_top4,,,,,,
maternal_deaths,55,El Salvador,El Salvador,Region of the Americas,2014,47.75,44.9429451385,39.5799355882,50.5831483282,ensemble_top4,,,,,,
maternal_deaths,55,El Salvador,El Salvador,Region of the Americas,2015,49.34,45.3806016008,39.8578838405,50.9651699697,ensemble_top4,,,,,,
maternal_deaths,55,El Salvador,El Salvador,Region of the Americas,2016,47.72,45.6923106788,40.2428502116,51.3109625922,ensemble_top4,,,,,,
maternal_deaths,55,El Salvador,El Salvador,Region of the Americas,2017,46.68,45.9901446145,40.2360799221,51.7476826258,ensemble_top4,,,,,,
maternal_deaths,55,El Salvador,El Salvador,Region of the Americas,2018,44.44,46.1691699997,40.3768546388,51.8476515151,ensemble_top4,,,,,,
maternal_deaths,55,El Salvador,El Salvador,Region of the Americas,2019,41.54,46.3078189336,40.2965743142,52.2645103012,ensemble_top4,,,,,,
maternal_deaths,55,El Salvador,El Salvador,Region of the Americas,2020,48.81,46.3885721037,39.7179018295,52.5461055686,ensemble_top4,2.4214278963,0,9.09209817048,2.4214278963,1.05219880213,0.05088207187
maternal_deaths,55,El Salvador,El Salvador,Region of the Americas,2021,59.08,46.480716915,38.92282661,52.9151492442,ensemble_top4,12.599283085,6.16485075581,20.15717339,12.599283085,1.27106473224,0.239854921077
maternal_deaths,55,El Salvador,El Salvador,Region of the Americas,2022,38.76,46.5621708457,38.0288450527,53.0846460327,ensemble_top4,0,0,0.731154947336,-7.80217084568,0.832435414759,-0.183399640006
maternal_deaths,55,El Salvador,El Salvador,Region of the Americas,2023,38.88,46.6459081257,36.5972502583,53.5241816292,ensemble_top4,0,0,2.28274974169,-7.76590812571,0.833513625573,-0.182105229507
maternal_deaths,56,Equatorial Guinea,Equatorial Guinea,African Region,2000,116.4,116.4,115.4,116.4,ensemble_top4,,,,,,
maternal_deaths,56,Equatorial Guinea,Equatorial Guinea,African Region,2001,117.6,114.809980957,107.197089112,120.036803194,ensemble_top4,,,,,,
maternal_deaths,56,Equatorial Guinea,Equatorial Guinea,African Region,2002,116.8,115.743545185,109.217961213,119.895197669,ensemble_top4,,,,,,
maternal_deaths,56,Equatorial Guinea,Equatorial Guinea,African Region,2003,116.3,115.904221963,110.847928538,120.744778952,ensemble_top4,,,,,,
maternal_deaths,56,Equatorial Guinea,Equatorial Guinea,African Region,2004,115.7,116.755907053,111.94776901,121.229580828,ensemble_top4,,,,,,
maternal_deaths,56,Equatorial Guinea,Equatorial Guinea,African Region,2005,118,118.084069522,114.084544793,121.917056293,ensemble_top4,,,,,,
maternal_deaths,56,Equatorial Guinea,Equatorial Guinea,African Region,2006,117.5,118.347838647,114.767619159,121.882253705,ensemble_top4,,,,,,
maternal_deaths,56,Equatorial Guinea,Equatorial Guinea,African Region,2007,117.9,118.26450191,114.802570188,121.651950845,ensemble_top4,,,,,,
maternal_deaths,56,Equatorial Guinea,Equatorial Guinea,African Region,2008,116.7,117.983762866,114.536821717,121.324705412,ensemble_top4,,,,,,
maternal_deaths,56,Equatorial Guinea,Equatorial Guinea,African Region,2009,116.8,117.405002318,113.953658873,120.931758218,ensemble_top4,,,,,,
maternal_deaths,56,Equatorial Guinea,Equatorial Guinea,African Region,2010,117.2,116.73132486,113.141825189,120.564354704,ensemble_top4,,,,,,
maternal_deaths,56,Equatorial Guinea,Equatorial Guinea,African Region,2011,118.2,115.960905528,112.341114352,120.021822194,ensemble_top4,,,,,,
maternal_deaths,56,Equatorial Guinea,Equatorial Guinea,African Region,2012,116.4,115.038082201,111.255429213,119.400986127,ensemble_top4,,,,,,
maternal_deaths,56,Equatorial Guinea,Equatorial Guinea,African Region,2013,114.4,114.113780209,110.344647104,118.646141462,ensemble_top4,,,,,,
maternal_deaths,56,Equatorial Guinea,Equatorial Guinea,African Region,2014,112.2,113.040041651,109.355254808,117.804470731,ensemble_top4,,,,,,
maternal_deaths,56,Equatorial Guinea,Equatorial Guinea,African Region,2015,111.6,112.041429026,108.284044632,116.751306387,ensemble_top4,,,,,,
maternal_deaths,56,Equatorial Guinea,Equatorial Guinea,African Region,2016,110.2,110.899160517,107.050579924,115.740840821,ensemble_top4,,,,,,
maternal_deaths,56,Equatorial Guinea,Equatorial Guinea,African Region,2017,109.4,109.794594113,106.006030293,114.617845163,ensemble_top4,,,,,,
maternal_deaths,56,Equatorial Guinea,Equatorial Guinea,African Region,2018,106.8,108.708769487,104.885257206,113.491422389,ensemble_top4,,,,,,
maternal_deaths,56,Equatorial Guinea,Equatorial Guinea,African Region,2019,105.1,107.653371378,103.800440854,112.19261175,ensemble_top4,,,,,,
maternal_deaths,56,Equatorial Guinea,Equatorial Guinea,African Region,2020,105.3,106.621321526,102.682773273,111.082791449,ensemble_top4,0,0,2.61722672659,-1.32132152572,0.987607342445,-0.0124700869042
maternal_deaths,56,Equatorial Guinea,Equatorial Guinea,African Region,2021,108.9,105.517611788,101.461522579,110.020010591,ensemble_top4,3.38238821167,0,7.43847742099,3.38238821167,1.03205520059,0.0315521545729
maternal_deaths,56,Equatorial Guinea,Equatorial Guinea,African Region,2022,99.48,104.459067921,100.457357233,108.942507196,ensemble_top4,0,0,0,-4.97906792053,0.952334746809,-0.0488386811969
maternal_deaths,56,Equatorial Guinea,Equatorial Guinea,African Region,2023,94.98,103.471684068,99.4220605197,107.941122157,ensemble_top4,0,0,0,-8.49168406772,0.917932290904,-0.0856316482668
maternal_deaths,57,Eritrea,Eritrea,African Region,2000,632.6,632.6,631.6,632.6,ensemble_top4,,,,,,
maternal_deaths,57,Eritrea,Eritrea,African Region,2001,547.1,535.356714976,435.727626855,571.497812325,ensemble_top4,,,,,,
maternal_deaths,57,Eritrea,Eritrea,African Region,2002,564.6,548.838038027,451.867666847,581.965541117,ensemble_top4,,,,,,
maternal_deaths,57,Eritrea,Eritrea,African Region,2003,526,551.001385702,463.603562077,582.05687261,ensemble_top4,,,,,,
maternal_deaths,57,Eritrea,Eritrea,African Region,2004,565.5,547.763129269,472.675092185,580.128521171,ensemble_top4,,,,,,
maternal_deaths,57,Eritrea,Eritrea,African Region,2005,548.3,542.199520271,478.484535245,571.733630492,ensemble_top4,,,,,,
maternal_deaths,57,Eritrea,Eritrea,African Region,2006,542.4,533.74739943,480.234224282,562.591622931,ensemble_top4,,,,,,
maternal_deaths,57,Eritrea,Eritrea,African Region,2007,519.3,523.402365389,480.417315211,551.154097242,ensemble_top4,,,,,,
maternal_deaths,57,Eritrea,Eritrea,African Region,2008,509.4,510.744856534,476.545809843,538.239559743,ensemble_top4,,,,,,
maternal_deaths,57,Eritrea,Eritrea,African Region,2009,508.4,497.260301706,469.186758704,523.852033715,ensemble_top4,,,,,,
maternal_deaths,57,Eritrea,Eritrea,African Region,2010,490.8,483.125873302,457.677695424,508.515180285,ensemble_top4,,,,,,
maternal_deaths,57,Eritrea,Eritrea,African Region,2011,473,467.806561264,442.758347497,492.747538444,ensemble_top4,,,,,,
maternal_deaths,57,Eritrea,Eritrea,African Region,2012,450.6,451.596981859,426.042867924,475.591999634,ensemble_top4,,,,,,
maternal_deaths,57,Eritrea,Eritrea,African Region,2013,432.2,434.352604541,408.856560875,460.577034719,ensemble_top4,,,,,,
maternal_deaths,57,Eritrea,Eritrea,African Region,2014,418.4,416.753576473,391.046511023,441.625761089,ensemble_top4,,,,,,
maternal_deaths,57,Eritrea,Eritrea,African Region,2015,391.7,398.748513491,372.546378195,426.72783364,ensemble_top4,,,,,,
maternal_deaths,57,Eritrea,Eritrea,African Region,2016,371,380.58650501,354.26940876,408.730741935,ensemble_top4,,,,,,
maternal_deaths,57,Eritrea,Eritrea,African Region,2017,352.9,362.589908361,336.208955407,391.358165471,ensemble_top4,,,,,,
maternal_deaths,57,Eritrea,Eritrea,African Region,2018,338.7,345.280711548,317.956000608,373.228211183,ensemble_top4,,,,,,
maternal_deaths,57,Eritrea,Eritrea,African Region,2019,330.9,327.577332179,298.904785818,356.77886023,ensemble_top4,,,,,,
maternal_deaths,57,Eritrea,Eritrea,African Region,2020,317.1,310.939926301,281.102634327,339.214418323,ensemble_top4,6.16007369872,0,35.9973656725,6.16007369872,1.01981113771,0.0196174510418
maternal_deaths,57,Eritrea,Eritrea,African Region,2021,326.8,293.830840796,263.68387274,323.766049966,ensemble_top4,32.9691592042,3.03395003443,63.1161272596,32.9691592042,1.11220455659,0.10634413268
maternal_deaths,57,Eritrea,Eritrea,African Region,2022,294.6,277.454681466,246.639348913,308.388512367,ensemble_top4,17.1453185342,0,47.9606510869,17.1453185342,1.0617950234,0.0599608942117
maternal_deaths,57,Eritrea,Eritrea,African Region,2023,288.6,261.543185521,229.38472958,293.158111203,ensemble_top4,27.0568144788,0,59.2152704203,27.0568144788,1.10345065739,0.0984422310733
maternal_deaths,58,Estonia,Estonia,European Region,2000,3.54,3.54,3.54,3.54,ensemble_top4,,,,,,
maternal_deaths,58,Estonia,Estonia,European Region,2001,3.15,3.05733043298,2.72693354053,3.37255893653,ensemble_top4,,,,,,
maternal_deaths,58,Estonia,Estonia,European Region,2002,2.88,2.80228633476,2.49207573116,3.11344583255,ensemble_top4,,,,,,
maternal_deaths,58,Estonia,Estonia,European Region,2003,2.35,2.55838324584,2.25902896102,2.85221532111,ensemble_top4,,,,,,
maternal_deaths,58,Estonia,Estonia,European Region,2004,2.16,2.3364032174,2.05316026676,2.62097950769,ensemble_top4,,,,,,
maternal_deaths,58,Estonia,Estonia,European Region,2005,2.12,2.12706323498,1.84081288125,2.42006555725,ensemble_top4,,,,,,
maternal_deaths,58,Estonia,Estonia,European Region,2006,1.89,1.9470976353,1.66386641638,2.23229971237,ensemble_top4,,,,,,
maternal_deaths,58,Estonia,Estonia,European Region,2007,2.01,1.77997633167,1.49853305663,2.05611967408,ensemble_top4,,,,,,
maternal_deaths,58,Estonia,Estonia,European Region,2008,1.7,1.62037804201,1.33876097092,1.89758719596,ensemble_top4,,,,,,
maternal_deaths,58,Estonia,Estonia,European Region,2009,1.55,1.47321764066,1.18136410394,1.7535555493,ensemble_top4,,,,,,
maternal_deaths,58,Estonia,Estonia,European Region,2010,1.24,1.34137537567,1.06430815483,1.62436782563,ensemble_top4,,,,,,
maternal_deaths,58,Estonia,Estonia,European Region,2011,1.31,1.22912978934,0.949894593808,1.50457125922,ensemble_top4,,,,,,
maternal_deaths,58,Estonia,Estonia,European Region,2012,1.1,1.11692957352,0.832112459432,1.39794430283,ensemble_top4,,,,,,
maternal_deaths,58,Estonia,Estonia,European Region,2013,0.88,1.02401642579,0.746530273655,1.30393106494,ensemble_top4,,,,,,
maternal_deaths,58,Estonia,Estonia,European Region,2014,0.93,0.945809095574,0.651399669659,1.25271274305,ensemble_top4,,,,,,
maternal_deaths,58,Estonia,Estonia,European Region,2015,0.88,0.910631562586,0.619128621322,1.22437024643,ensemble_top4,,,,,,
maternal_deaths,58,Estonia,Estonia,European Region,2016,1,0.902403468088,0.610507663091,1.19482987926,ensemble_top4,,,,,,
maternal_deaths,58,Estonia,Estonia,European Region,2017,0.73,0.849024436477,0.557421413981,1.14853811606,ensemble_top4,,,,,,
maternal_deaths,58,Estonia,Estonia,European Region,2018,0.76,0.806926155062,0.501122919023,1.11564745224,ensemble_top4,,,,,,
maternal_deaths,58,Estonia,Estonia,European Region,2019,0.85,0.763986808764,0.453652380505,1.08881486924,ensemble_top4,,,,,,
maternal_deaths,58,Estonia,Estonia,European Region,2020,0.78,0.724987224977,0.412160176662,1.06584435356,ensemble_top4,0.0550127750232,0,0.367839823338,0.0550127750232,1.07588102677,0.0731398857059
maternal_deaths,58,Estonia,Estonia,European Region,2021,1.11,0.68845927542,0.366281505198,1.04866840444,ensemble_top4,0.42154072458,0.0613315955581,0.743718494802,0.42154072458,1.61229580257,0.477659127604
maternal_deaths,58,Estonia,Estonia,European Region,2022,0.83,0.661490097037,0.335524882489,1.05419576562,ensemble_top4,0.168509902963,0,0.494475117511,0.168509902963,1.25474289595,0.226930687813
maternal_deaths,58,Estonia,Estonia,European Region,2023,0.55,0.634887879796,0.290433987778,1.07210289828,ensemble_top4,0,0,0.259566012222,-0.0848878797956,0.866294691556,-0.143530137825
maternal_deaths,59,Eswatini,Eswatini,African Region,2000,122.4,122.4,121.4,122.4,ensemble_top4,,,,,,
maternal_deaths,59,Eswatini,Eswatini,African Region,2001,104.5,88.2958988432,24.081492123,143.342085188,ensemble_top4,,,,,,
maternal_deaths,59,Eswatini,Eswatini,African Region,2002,113.2,95.6266580384,43.895727721,200.777332316,ensemble_top4,,,,,,
maternal_deaths,59,Eswatini,Eswatini,African Region,2003,135.3,125.302187642,73.9295619324,263.658492811,ensemble_top4,,,,,,
maternal_deaths,59,Eswatini,Eswatini,African Region,2004,157.5,161.171416072,108.856859709,310.805298837,ensemble_top4,,,,,,
maternal_deaths,59,Eswatini,Eswatini,African Region,2005,185.6,197.748787103,144.250820727,329.864702446,ensemble_top4,,,,,,
maternal_deaths,59,Eswatini,Eswatini,African Region,2006,178.7,233.370367642,177.843390142,315.468486738,ensemble_top4,,,,,,
maternal_deaths,59,Eswatini,Eswatini,African Region,2007,226.9,252.37462151,204.396127569,297.318004857,ensemble_top4,,,,,,
maternal_deaths,59,Eswatini,Eswatini,African Region,2008,271.6,257.058846439,195.798732168,316.347077839,ensemble_top4,,,,,,
maternal_deaths,59,Eswatini,Eswatini,African Region,2009,301.4,264.251223553,165.379939001,331.609048517,ensemble_top4,,,,,,
maternal_deaths,59,Eswatini,Eswatini,African Region,2010,258.1,245.571684587,138.291747056,302.660493686,ensemble_top4,,,,,,
maternal_deaths,59,Eswatini,Eswatini,African Region,2011,260,221.028742699,115.406470785,276.462510067,ensemble_top4,,,,,,
maternal_deaths,59,Eswatini,Eswatini,African Region,2012,206.2,190.282395115,95.5080753152,244.829359391,ensemble_top4,,,,,,
maternal_deaths,59,Eswatini,Eswatini,African Region,2013,164.6,154.594110092,78.4483788346,209.570762877,ensemble_top4,,,,,,
maternal_deaths,59,Eswatini,Eswatini,African Region,2014,121.6,120.90162821,64.8035283254,176.715915316,ensemble_top4,,,,,,
maternal_deaths,59,Eswatini,Eswatini,African Region,2015,91.54,92.9210647542,47.5410550986,146.324721159,ensemble_top4,,,,,,
maternal_deaths,59,Eswatini,Eswatini,African Region,2016,67.59,72.2396883147,32.1136986313,122.840854415,ensemble_top4,,,,,,
maternal_deaths,59,Eswatini,Eswatini,African Region,2017,47.22,55.5902986456,15.225242138,101.7571739,ensemble_top4,,,,,,
maternal_deaths,59,Eswatini,Eswatini,African Region,2018,40.94,42.4594593328,0.318204485707,85.9881326534,ensemble_top4,,,,,,
maternal_deaths,59,Eswatini,Eswatini,African Region,2019,29.4,32.8585135123,-0,73.4268761544,ensemble_top4,,,,,,
maternal_deaths,59,Eswatini,Eswatini,African Region,2020,30.97,25.0910991966,-0,65.2703363105,ensemble_top4,5.8789008034,0,30.97,5.8789008034,1.23430224229,0.210505824419
maternal_deaths,59,Eswatini,Eswatini,African Region,2021,66.05,20.0134880829,-0,59.898536896,ensemble_top4,46.0365119171,6.15146310396,66.05,46.0365119171,3.30027428134,1.19400558058
maternal_deaths,59,Eswatini,Eswatini,African Region,2022,33.45,15.2308270502,-0,54.5850008893,ensemble_top4,18.2191729498,0,33.45,18.2191729498,2.19620378392,0.786730317121
maternal_deaths,59,Eswatini,Eswatini,African Region,2023,34.93,12.3041019305,-0,52.322065018,ensemble_top4,22.6258980695,0,34.93,22.6258980695,2.83889065593,1.04341336176
maternal_deaths,60,Ethiopia,Ethiopia,African Region,2000,26752,26752,26751,26752,ensemble_top4,,,,,,
maternal_deaths,60,Ethiopia,Ethiopia,African Region,2001,26773,25950.2716894,10618.4741274,28194.7319103,ensemble_top4,,,,,,
maternal_deaths,60,Ethiopia,Ethiopia,African Region,2002,26190,25974.371982,23945.1091859,27941.3871942,ensemble_top4,,,,,,
maternal_deaths,60,Ethiopia,Ethiopia,African Region,2003,25504,25911.4551843,24419.7499791,27621.6428312,ensemble_top4,,,,,,
maternal_deaths,60,Ethiopia,Ethiopia,African Region,2004,24821,25564.7231077,23476.5193499,27053.5155106,ensemble_top4,,,,,,
maternal_deaths,60,Ethiopia,Ethiopia,African Region,2005,24872,25183.7534407,23512.8369993,26642.7884075,ensemble_top4,,,,,,
maternal_deaths,60,Ethiopia,Ethiopia,African Region,2006,24165,24450.5162226,22746.1804714,25920.0123686,ensemble_top4,,,,,,
maternal_deaths,60,Ethiopia,Ethiopia,African Region,2007,23439,23381.207464,21745.7749287,24928.8603296,ensemble_top4,,,,,,
maternal_deaths,60,Ethiopia,Ethiopia,African Region,2008,22543,22221.1261775,20631.9545556,23814.5069374,ensemble_top4,,,,,,
maternal_deaths,60,Ethiopia,Ethiopia,African Region,2009,21444,21040.7653609,19444.8025508,22678.0389922,ensemble_top4,,,,,,
maternal_deaths,60,Ethiopia,Ethiopia,African Region,2010,20480,19866.7365044,18273.9225098,21468.9633937,ensemble_top4,,,,,,
maternal_deaths,60,Ethiopia,Ethiopia,African Region,2011,19526,18723.8830006,17163.1213289,20276.9082071,ensemble_top4,,,,,,
maternal_deaths,60,Ethiopia,Ethiopia,African Region,2012,18058,17611.8564217,16036.7045672,19109.7991433,ensemble_top4,,,,,,
maternal_deaths,60,Ethiopia,Ethiopia,African Region,2013,16362,16551.1580433,14988.4029764,17966.9815098,ensemble_top4,,,,,,
maternal_deaths,60,Ethiopia,Ethiopia,African Region,2014,15014,15492.0994737,13948.6993909,16877.2244099,ensemble_top4,,,,,,
maternal_deaths,60,Ethiopia,Ethiopia,African Region,2015,13872,14508.4658505,13024.8167264,15816.4175483,ensemble_top4,,,,,,
maternal_deaths,60,Ethiopia,Ethiopia,African Region,2016,12947,13563.3911432,12147.9463409,14851.3548026,ensemble_top4,,,,,,
maternal_deaths,60,Ethiopia,Ethiopia,African Region,2017,11918,12651.5096975,11252.6130732,13950.8461205,ensemble_top4,,,,,,
maternal_deaths,60,Ethiopia,Ethiopia,African Region,2018,11157,11771.6029869,10403.0075817,13115.5688764,ensemble_top4,,,,,,
maternal_deaths,60,Ethiopia,Ethiopia,African Region,2019,10437,10999.9634708,9613.77270856,12400.4686854,ensemble_top4,,,,,,
maternal_deaths,60,Ethiopia,Ethiopia,African Region,2020,9661,10215.1727572,8850.45551774,11639.1026466,ensemble_top4,0,0,810.54448226,-554.172757185,0.945750035721,-0.0557769776993
maternal_deaths,60,Ethiopia,Ethiopia,African Region,2021,10023,9497.87782282,8176.70644462,11011.3044549,ensemble_top4,525.122177183,0,1846.29355538,525.122177183,1.05528836936,0.0538140654628
maternal_deaths,60,Ethiopia,Ethiopia,African Region,2022,8432,8852.07026002,7492.28764852,10426.0640595,ensemble_top4,0,0,939.712351476,-420.070260018,0.952545534809,-0.0486173675497
maternal_deaths,60,Ethiopia,Ethiopia,African Region,2023,8003,8228.11044974,6849.42843799,9908.08296518,ensemble_top4,0,0,1153.57156201,-225.110449744,0.972641294606,-0.0277399239598
maternal_deaths,61,Fiji,Fiji,Western Pacific Region,2000,9.62,9.62,9.62,9.62,ensemble_top4,,,,,,
maternal_deaths,61,Fiji,Fiji,Western Pacific Region,2001,9.46,9.62985698411,9.084401809,10.1478116435,ensemble_top4,,,,,,
maternal_deaths,61,Fiji,Fiji,Western Pacific Region,2002,10.04,9.84840090815,9.34132849067,10.3243454203,ensemble_top4,,,,,,
maternal_deaths,61,Fiji,Fiji,Western Pacific Region,2003,9.91,9.83264655816,9.37234045285,10.3144777441,ensemble_top4,,,,,,
maternal_deaths,61,Fiji,Fiji,Western Pacific Region,2004,9.69,9.70384305192,9.23851954869,10.167081,ensemble_top4,,,,,,
maternal_deaths,61,Fiji,Fiji,Western Pacific Region,2005,9.42,9.5152227449,9.06825315272,9.97829051949,ensemble_top4,,,,,,
maternal_deaths,61,Fiji,Fiji,Western Pacific Region,2006,9.25,9.30911838038,8.84337483887,9.76264010139,ensemble_top4,,,,,,
maternal_deaths,61,Fiji,Fiji,Western Pacific Region,2007,9.15,9.08861692463,8.61702078905,9.54928504262,ensemble_top4,,,,,,
maternal_deaths,61,Fiji,Fiji,Western Pacific Region,2008,8.89,8.85424182301,8.37621687606,9.30077718767,ensemble_top4,,,,,,
maternal_deaths,61,Fiji,Fiji,Western Pacific Region,2009,8.56,8.59710010256,8.1396679546,9.07902307353,ensemble_top4,,,,,,
maternal_deaths,61,Fiji,Fiji,Western Pacific Region,2010,8.08,8.35176309994,7.88666170073,8.80983405248,ensemble_top4,,,,,,
maternal_deaths,61,Fiji,Fiji,Western Pacific Region,2011,7.71,8.10040860458,7.64951142592,8.56100202544,ensemble_top4,,,,,,
maternal_deaths,61,Fiji,Fiji,Western Pacific Region,2012,8.22,7.85735556117,7.3931137172,8.31046218088,ensemble_top4,,,,,,
maternal_deaths,61,Fiji,Fiji,Western Pacific Region,2013,7.86,7.6066580297,7.13854180215,8.06646788803,ensemble_top4,,,,,,
maternal_deaths,61,Fiji,Fiji,Western Pacific Region,2014,7.35,7.34520980119,6.89551166781,7.81385155906,ensemble_top4,,,,,,
maternal_deaths,61,Fiji,Fiji,Western Pacific Region,2015,7.15,7.08876598093,6.61680587342,7.556021,ensemble_top4,,,,,,
maternal_deaths,61,Fiji,Fiji,Western Pacific Region,2016,7.09,6.8221125783,6.36066616376,7.29683841783,ensemble_top4,,,,,,
maternal_deaths,61,Fiji,Fiji,Western Pacific Region,2017,6.29,6.55560224425,6.10553167742,7.01679082781,ensemble_top4,,,,,,
maternal_deaths,61,Fiji,Fiji,Western Pacific Region,2018,6.21,6.28246273688,5.81482261134,6.75964217191,ensemble_top4,,,,,,
maternal_deaths,61,Fiji,Fiji,Western Pacific Region,2019,5.96,6.01901050468,5.47105554542,6.52345031033,ensemble_top4,,,,,,
maternal_deaths,61,Fiji,Fiji,Western Pacific Region,2020,5.77,5.75864459511,5.07121761782,6.2757406856,ensemble_top4,0.0113554048871,0,0.698782382178,0.0113554048871,1.00197188847,0.00196994685119
maternal_deaths,61,Fiji,Fiji,Western Pacific Region,2021,11.54,5.51955884399,4.6582339705,6.08329650189,ensemble_top4,6.02044115601,5.45670349811,6.8817660295,6.02044115601,2.09074680173,0.737521323552
maternal_deaths,61,Fiji,Fiji,Western Pacific Region,2022,5.32,5.2854533809,4.22676423541,5.86000047512,ensemble_top4,0.0345466190979,0,1.09323576459,0.0345466190979,1.00653616948,0.00651490135277
maternal_deaths,61,Fiji,Fiji,Western Pacific Region,2023,5.03,5.06172402801,3.75021386247,5.65627242668,ensemble_top4,0,0,1.27978613753,-0.0317240280141,0.993732564668,-0.0062871581557
maternal_deaths,62,Finland,Finland,European Region,2000,4.07,4.07,3.07,4.07,ensemble_top4,,,,,,
maternal_deaths,62,Finland,Finland,European Region,2001,3.89,3.6423454579,3.08131354728,4.1805688382,ensemble_top4,,,,,,
maternal_deaths,62,Finland,Finland,European Region,2002,3.91,3.91207560489,3.30158576305,4.40087535734,ensemble_top4,,,,,,
maternal_deaths,62,Finland,Finland,European Region,2003,3.84,4.09109949426,3.46932070578,4.58102600696,ensemble_top4,,,,,,
maternal_deaths,62,Finland,Finland,European Region,2004,4.23,4.21606064296,3.6184970543,4.67257379796,ensemble_top4,,,,,,
maternal_deaths,62,Finland,Finland,European Region,2005,4.48,4.28140651883,3.71963741226,4.76889684654,ensemble_top4,,,,,,
maternal_deaths,62,Finland,Finland,European Region,2006,4.09,4.33547296066,3.77860688707,4.81508754796,ensemble_top4,,,,,,
maternal_deaths,62,Finland,Finland,European Region,2007,4.29,4.38368635804,3.87466339941,4.84744374088,ensemble_top4,,,,,,
maternal_deaths,62,Finland,Finland,European Region,2008,4.32,4.43325632846,3.93812210891,4.89672026904,ensemble_top4,,,,,,
maternal_deaths,62,Finland,Finland,European Region,2009,4.71,4.41681726226,3.94050379898,4.88059722469,ensemble_top4,,,,,,
maternal_deaths,62,Finland,Finland,European Region,2010,4.63,4.39403994709,3.92833255308,4.84310445038,ensemble_top4,,,,,,
maternal_deaths,62,Finland,Finland,European Region,2011,4.31,4.35665430868,3.90348046115,4.7899136897,ensemble_top4,,,,,,
maternal_deaths,62,Finland,Finland,European Region,2012,4.57,4.30458628152,3.85823583447,4.73997309989,ensemble_top4,,,,,,
maternal_deaths,62,Finland,Finland,European Region,2013,4.49,4.24971060294,3.80564495875,4.68408352761,ensemble_top4,,,,,,
maternal_deaths,62,Finland,Finland,European Region,2014,3.92,4.18061497668,3.75409144502,4.61986600719,ensemble_top4,,,,,,
maternal_deaths,62,Finland,Finland,European Region,2015,3.95,4.10599747589,3.65906159653,4.55395568683,ensemble_top4,,,,,,
maternal_deaths,62,Finland,Finland,European Region,2016,3.91,4.02997569965,3.59075376401,4.46902982643,ensemble_top4,,,,,,
maternal_deaths,62,Finland,Finland,European Region,2017,3.93,3.94406755485,3.49238587144,4.38698594725,ensemble_top4,,,,,,
maternal_deaths,62,Finland,Finland,European Region,2018,3.76,3.8543154061,3.38858648209,4.30284600368,ensemble_top4,,,,,,
maternal_deaths,62,Finland,Finland,European Region,2019,3.83,3.7676136168,3.28238974458,4.22963068968,ensemble_top4,,,,,,
maternal_deaths,62,Finland,Finland,European Region,2020,3.97,3.67237964556,3.17459306527,4.15349437974,ensemble_top4,0.297620354437,0,0.795406934733,0.297620354437,1.08104291581,0.0779262379706
maternal_deaths,62,Finland,Finland,European Region,2021,4.19,3.5792613109,3.05425132471,4.09888346307,ensemble_top4,0.610738689102,0.0911165369289,1.13574867529,0.610738689102,1.17063260714,0.15754429255
maternal_deaths,62,Finland,Finland,European Region,2022,3.73,3.48367619302,2.92358523832,4.01857093448,ensemble_top4,0.246323806981,0,0.806414761679,0.246323806981,1.07070800882,0.068320120139
maternal_deaths,62,Finland,Finland,European Region,2023,3.43,3.37935559035,2.79637061449,3.94876900449,ensemble_top4,0.050644409653,0,0.633629385511,0.050644409653,1.01498641037,0.0148752236031
maternal_deaths,63,France,France,European Region,2000,73.64,73.64,72.64,73.64,ensemble_top4,,,,,,
maternal_deaths,63,France,France,European Region,2001,72.32,66.8550129109,59.0972530609,72.8252329282,ensemble_top4,,,,,,
maternal_deaths,63,France,France,European Region,2002,71.24,69.8209721647,61.1343066195,75.8082653553,ensemble_top4,,,,,,
maternal_deaths,63,France,France,European Region,2003,70.83,71.5941549585,62.8734912906,77.5861959963,ensemble_top4,,,,,,
maternal_deaths,63,France,France,European Region,2004,70.17,72.5169161994,64.9200011183,78.8829079344,ensemble_top4,,,,,,
maternal_deaths,63,France,France,European Region,2005,71.32,72.7533590846,66.7206252822,79.2325237655,ensemble_top4,,,,,,
maternal_deaths,63,France,France,European Region,2006,74.41,72.993782776,67.2194040831,79.5916330277,ensemble_top4,,,,,,
maternal_deaths,63,France,France,European Region,2007,73.31,74.4655006173,69.08556834,79.6885920246,ensemble_top4,,,,,,
maternal_deaths,63,France,France,European Region,2008,76.74,75.4022274983,70.0681055044,80.7763905705,ensemble_top4,,,,,,
maternal_deaths,63,France,France,European Region,2009,77.58,75.0559584622,69.4261983978,80.0236230544,ensemble_top4,,,,,,
maternal_deaths,63,France,France,European Region,2010,75.92,74.3383555692,68.6342133224,79.2943094014,ensemble_top4,,,,,,
maternal_deaths,63,France,France,European Region,2011,73.58,73.2964628097,67.4744494512,78.5338253272,ensemble_top4,,,,,,
maternal_deaths,63,France,France,European Region,2012,71.71,72.1106461085,66.4393457928,78.0229575123,ensemble_top4,,,,,,
maternal_deaths,63,France,France,European Region,2013,69.38,70.5409190145,64.7689321059,77.3765321449,ensemble_top4,,,,,,
maternal_deaths,63,France,France,European Region,2014,68.8,68.9410417645,63.4343963013,76.0311578759,ensemble_top4,,,,,,
maternal_deaths,63,France,France,European Region,2015,66.72,67.4104451511,61.7728950846,74.7021198819,ensemble_top4,,,,,,
maternal_deaths,63,France,France,European Region,2016,65.22,65.8123729996,60.2348257894,73.1673662523,ensemble_top4,,,,,,
maternal_deaths,63,France,France,European Region,2017,61.26,64.2617960332,58.7556827004,71.6176201885,ensemble_top4,,,,,,
maternal_deaths,63,France,France,European Region,2018,61.6,62.7137092264,57.1880351352,70.1344301185,ensemble_top4,,,,,,
maternal_deaths,63,France,France,European Region,2019,59.51,61.222307252,55.4860223703,68.5887442395,ensemble_top4,,,,,,
maternal_deaths,63,France,France,European Region,2020,61.87,59.6794636105,53.8163380232,67.0866912468,ensemble_top4,2.19053638948,0,8.05366197684,2.19053638948,1.03670502811,0.0360474414472
maternal_deaths,63,France,France,European Region,2021,61.72,58.3090168068,52.3104462462,65.7489489648,ensemble_top4,3.41098319321,0,9.40955375383,3.41098319321,1.05849838293,0.0568512838883
maternal_deaths,63,France,France,European Region,2022,59.85,56.9477391002,50.5749837247,64.6612526604,ensemble_top4,2.9022608998,0,9.27501627526,2.9022608998,1.05096358426,0.049707442632
maternal_deaths,63,France,France,European Region,2023,46.67,55.6585426775,49.2430383267,63.4641823744,ensemble_top4,0,0,0,-8.98854267754,0.838505604978,-0.176134013212
maternal_deaths,64,Gabon,Gabon,African Region,2000,75.95,75.95,75.95,75.95,ensemble_top4,,,,,,
maternal_deaths,64,Gabon,Gabon,African Region,2001,69.43,52.6696595848,24.7593585158,93.0722533972,ensemble_top4,,,,,,
maternal_deaths,64,Gabon,Gabon,African Region,2002,67.11,58.7133192566,30.0157965095,93.8262639316,ensemble_top4,,,,,,
maternal_deaths,64,Gabon,Gabon,African Region,2003,60.81,63.768210679,35.7194957648,94.6955550091,ensemble_top4,,,,,,
maternal_deaths,64,Gabon,Gabon,African Region,2004,66.33,68.2835223788,40.6875809231,95.1769484387,ensemble_top4,,,,,,
maternal_deaths,64,Gabon,Gabon,African Region,2005,83.81,72.1015287191,44.2654765207,96.5328120383,ensemble_top4,,,,,,
maternal_deaths,64,Gabon,Gabon,African Region,2006,91.38,76.1167205284,48.9617555912,100.107910964,ensemble_top4,,,,,,
maternal_deaths,64,Gabon,Gabon,African Region,2007,87.68,80.1620358405,52.4677664017,103.868027095,ensemble_top4,,,,,,
maternal_deaths,64,Gabon,Gabon,African Region,2008,82.68,83.9277545839,55.345562918,106.69798862,ensemble_top4,,,,,,
maternal_deaths,64,Gabon,Gabon,African Region,2009,86.25,88.078641749,60.6621121587,111.711421988,ensemble_top4,,,,,,
maternal_deaths,64,Gabon,Gabon,African Region,2010,81.95,93.5211389319,66.6136611433,120.141063374,ensemble_top4,,,,,,
maternal_deaths,64,Gabon,Gabon,African Region,2011,87.38,102.057924822,76.1704729254,141.16399243,ensemble_top4,,,,,,
maternal_deaths,64,Gabon,Gabon,African Region,2012,103.6,114.943462084,86.3234966274,171.483652211,ensemble_top4,,,,,,
maternal_deaths,64,Gabon,Gabon,African Region,2013,143.3,143.647868023,111.731908056,179.517417744,ensemble_top4,,,,,,
maternal_deaths,64,Gabon,Gabon,African Region,2014,169.6,158.830197336,116.455927947,190.286439125,ensemble_top4,,,,,,
maternal_deaths,64,Gabon,Gabon,African Region,2015,151.7,151.831357759,104.005748285,183.801229022,ensemble_top4,,,,,,
maternal_deaths,64,Gabon,Gabon,African Region,2016,139.8,134.106002629,97.8219102258,174.669515594,ensemble_top4,,,,,,
maternal_deaths,64,Gabon,Gabon,African Region,2017,122.2,124.333078898,93.6416585291,157.591989053,ensemble_top4,,,,,,
maternal_deaths,64,Gabon,Gabon,African Region,2018,118.8,119.321133457,90.265036065,144.27969649,ensemble_top4,,,,,,
maternal_deaths,64,Gabon,Gabon,African Region,2019,122.6,117.365005568,79.5513294876,143.922762268,ensemble_top4,,,,,,
maternal_deaths,64,Gabon,Gabon,African Region,2020,133,118.34131861,70.1219501797,146.130829164,ensemble_top4,14.6586813895,0,62.8780498203,14.6586813895,1.12386782201,0.116776148476
maternal_deaths,64,Gabon,Gabon,African Region,2021,171.6,120.153802452,65.6335856154,148.917644415,ensemble_top4,51.4461975479,22.6823555849,105.966414385,51.4461975479,1.42816953353,0.356393577831
maternal_deaths,64,Gabon,Gabon,African Region,2022,148.5,122.207279029,61.7914424164,151.430241524,ensemble_top4,26.2927209712,0,86.7085575836,26.2927209712,1.21514856709,0.194866346759
maternal_deaths,64,Gabon,Gabon,African Region,2023,159.9,124.373696488,60.6068400202,154.429126189,ensemble_top4,35.526303512,5.47087381108,99.2931599798,35.526303512,1.28564161487,0.251257904914
maternal_deaths,65,Gambia,Gambia,African Region,2000,484.1,484.1,484.1,484.1,ensemble_top4,,,,,,
maternal_deaths,65,Gambia,Gambia,African Region,2001,480.8,466.138540715,387.470907619,572.090994723,ensemble_top4,,,,,,
maternal_deaths,65,Gambia,Gambia,African Region,2002,474.6,478.385072659,416.461787163,531.656971853,ensemble_top4,,,,,,
maternal_deaths,65,Gambia,Gambia,African Region,2003,469.3,478.350080978,422.619520812,535.21712276,ensemble_top4,,,,,,
maternal_deaths,65,Gambia,Gambia,African Region,2004,462.7,475.472314106,418.642363875,537.327977171,ensemble_top4,,,,,,
maternal_deaths,65,Gambia,Gambia,African Region,2005,467.9,471.858768624,416.316400156,535.688125494,ensemble_top4,,,,,,
maternal_deaths,65,Gambia,Gambia,African Region,2006,466.8,466.744733283,415.908473004,533.99876953,ensemble_top4,,,,,,
maternal_deaths,65,Gambia,Gambia,African Region,2007,471,468.458090575,423.13011285,537.164484225,ensemble_top4,,,,,,
maternal_deaths,65,Gambia,Gambia,African Region,2008,464.7,472.480386012,427.356534902,538.716509739,ensemble_top4,,,,,,
maternal_deaths,65,Gambia,Gambia,African Region,2009,462.1,475.361265842,424.968603927,535.227953159,ensemble_top4,,,,,,
maternal_deaths,65,Gambia,Gambia,African Region,2010,473.1,477.383461794,417.407310712,526.638575507,ensemble_top4,,,,,,
maternal_deaths,65,Gambia,Gambia,African Region,2011,488.4,476.123702892,406.929197271,519.706346034,ensemble_top4,,,,,,
maternal_deaths,65,Gambia,Gambia,African Region,2012,498,469.17428402,397.486807783,513.51403216,ensemble_top4,,,,,,
maternal_deaths,65,Gambia,Gambia,African Region,2013,485.9,457.92052699,381.935698287,502.540089531,ensemble_top4,,,,,,
maternal_deaths,65,Gambia,Gambia,African Region,2014,447.9,441.329022671,372.53159219,485.212372858,ensemble_top4,,,,,,
maternal_deaths,65,Gambia,Gambia,African Region,2015,418.8,421.168831887,359.014350145,468.850464975,ensemble_top4,,,,,,
maternal_deaths,65,Gambia,Gambia,African Region,2016,386.7,398.950039295,345.665393798,452.463766532,ensemble_top4,,,,,,
maternal_deaths,65,Gambia,Gambia,African Region,2017,367.2,377.433895619,332.074439164,440.635509042,ensemble_top4,,,,,,
maternal_deaths,65,Gambia,Gambia,African Region,2018,349.4,356.414526268,314.043978486,426.940087376,ensemble_top4,,,,,,
maternal_deaths,65,Gambia,Gambia,African Region,2019,331,338.100898325,294.339196131,416.269878602,ensemble_top4,,,,,,
maternal_deaths,65,Gambia,Gambia,African Region,2020,317.3,318.683073614,272.813165059,406.839532325,ensemble_top4,0,0,44.4868349408,-1.38307361352,0.995660034285,-0.00434941070368
maternal_deaths,65,Gambia,Gambia,African Region,2021,337.3,300.823175359,252.047488189,395.918356053,ensemble_top4,36.4768246413,0,85.2525118112,36.4768246413,1.12125669705,0.11445010722
maternal_deaths,65,Gambia,Gambia,African Region,2022,296.1,282.781562892,229.068927305,385.365879892,ensemble_top4,13.3184371081,0,67.0310726954,13.3184371081,1.04709796838,0.0460224980763
maternal_deaths,65,Gambia,Gambia,African Region,2023,290.9,265.824583884,206.533903552,376.260138306,ensemble_top4,25.0754161161,0,84.366096448,25.0754161161,1.09433068887,0.0901429333412
maternal_deaths,66,Georgia,Georgia,European Region,2000,22.95,22.95,22.95,22.95,ensemble_top4,,,,,,
maternal_deaths,66,Georgia,Georgia,European Region,2001,23.01,20.1455967492,12.6703656488,26.3998370757,ensemble_top4,,,,,,
maternal_deaths,66,Georgia,Georgia,European Region,2002,23.1,21.8216428865,15.4906066841,28.0621781325,ensemble_top4,,,,,,
maternal_deaths,66,Georgia,Georgia,European Region,2003,20.66,22.8666929764,17.2147217295,29.6784684423,ensemble_top4,,,,,,
maternal_deaths,66,Georgia,Georgia,European Region,2004,21.38,23.6927722269,17.8801201021,30.790716593,ensemble_top4,,,,,,
maternal_deaths,66,Georgia,Georgia,European Region,2005,27.04,24.3839910565,18.7241528556,31.6642990465,ensemble_top4,,,,,,
maternal_deaths,66,Georgia,Georgia,European Region,2006,23.18,25.0568646944,18.8734846402,32.6484902314,ensemble_top4,,,,,,
maternal_deaths,66,Georgia,Georgia,European Region,2007,27.8,26.8632347129,19.0382145007,33.9198286636,ensemble_top4,,,,,,
maternal_deaths,66,Georgia,Georgia,European Region,2008,31.28,29.1741904376,18.5889437994,38.3837734677,ensemble_top4,,,,,,
maternal_deaths,66,Georgia,Georgia,European Region,2009,34.87,31.090054685,21.2676228997,44.5390509478,ensemble_top4,,,,,,
maternal_deaths,66,Georgia,Georgia,European Region,2010,24.71,25.1780621142,17.0588744091,31.9991921579,ensemble_top4,,,,,,
maternal_deaths,66,Georgia,Georgia,European Region,2011,21.47,22.5446126988,16.1531840072,29.0170766543,ensemble_top4,,,,,,
maternal_deaths,66,Georgia,Georgia,European Region,2012,19.89,20.6273275163,14.9820670901,27.4805169607,ensemble_top4,,,,,,
maternal_deaths,66,Georgia,Georgia,European Region,2013,19.36,19.1939625666,13.458793436,25.8165125122,ensemble_top4,,,,,,
maternal_deaths,66,Georgia,Georgia,European Region,2014,19.42,17.9906616576,12.4356567118,24.3795641171,ensemble_top4,,,,,,
maternal_deaths,66,Georgia,Georgia,European Region,2015,17.98,16.9204708278,11.4897865967,23.1219365971,ensemble_top4,,,,,,
maternal_deaths,66,Georgia,Georgia,European Region,2016,16.76,16.1009541878,10.2492477332,21.9038658874,ensemble_top4,,,,,,
maternal_deaths,66,Georgia,Georgia,European Region,2017,15.19,15.1386096751,9.01189038289,21.1362192941,ensemble_top4,,,,,,
maternal_deaths,66,Georgia,Georgia,European Region,2018,13.25,14.2778736045,7.84399933294,20.2453334598,ensemble_top4,,,,,,
maternal_deaths,66,Georgia,Georgia,European Region,2019,11.48,13.440748873,6.70240956046,19.666887083,ensemble_top4,,,,,,
maternal_deaths,66,Georgia,Georgia,European Region,2020,14.73,12.6322746181,5.68507448093,18.761737936,ensemble_top4,2.09772538193,0,9.04492551907,2.09772538193,1.16606078045,0.153631213885
maternal_deaths,66,Georgia,Georgia,European Region,2021,29.22,11.9507498078,4.55087372891,18.1075519577,ensemble_top4,17.2692501922,11.1124480423,24.6691262711,17.2692501922,2.44503486977,0.89405938449
maternal_deaths,66,Georgia,Georgia,European Region,2022,9.66,11.2427233694,3.77803459718,17.5822296638,ensemble_top4,0,0,5.88196540282,-1.58272336944,0.8592224217,-0.151727459548
maternal_deaths,66,Georgia,Georgia,European Region,2023,8.62,10.5644231116,2.85831409357,16.9896496509,ensemble_top4,0,0,5.76168590643,-1.94442311162,0.81594611546,-0.203406961174
maternal_deaths,67,Germany,Germany,European Region,2000,51.51,51.51,50.51,51.51,ensemble_top4,,,,,,
maternal_deaths,67,Germany,Germany,European Region,2001,46.38,45.5796228647,41.3241672952,51.2965790417,ensemble_top4,,,,,,
maternal_deaths,67,Germany,Germany,European Region,2002,44.66,44.3553140891,40.6099766695,48.9082732015,ensemble_top4,,,,,,
maternal_deaths,67,Germany,Germany,European Region,2003,42.43,43.0616596544,39.6628282685,46.932065507,ensemble_top4,,,,,,
maternal_deaths,67,Germany,Germany,European Region,2004,41.08,41.7597737563,38.7953328184,45.2358733776,ensemble_top4,,,,,,
maternal_deaths,67,Germany,Germany,European Region,2005,39.27,40.5452745594,37.7517948643,43.7938299277,ensemble_top4,,,,,,
maternal_deaths,67,Germany,Germany,European Region,2006,38.44,39.4460110049,36.7719481363,42.4997661895,ensemble_top4,,,,,,
maternal_deaths,67,Germany,Germany,European Region,2007,37.32,38.4892900261,35.7485591112,41.4395661212,ensemble_top4,,,,,,
maternal_deaths,67,Germany,Germany,European Region,2008,37.38,37.5204332352,34.8640917502,40.3978373089,ensemble_top4,,,,,,
maternal_deaths,67,Germany,Germany,European Region,2009,36.36,36.6153638053,34.174455675,39.5465820871,ensemble_top4,,,,,,
maternal_deaths,67,Germany,Germany,European Region,2010,36.47,35.8704550313,33.4533011111,38.6467917468,ensemble_top4,,,,,,
maternal_deaths,67,Germany,Germany,European Region,2011,34.85,35.1860951685,32.7740399471,38.1242579769,ensemble_top4,,,,,,
maternal_deaths,67,Germany,Germany,European Region,2012,33.68,34.6194450979,32.1983866273,37.3294276507,ensemble_top4,,,,,,
maternal_deaths,67,Germany,Germany,European Region,2013,33.16,34.0990437775,31.6203085784,36.8313474917,ensemble_top4,,,,,,
maternal_deaths,67,Germany,Germany,European Region,2014,32.17,33.6115446578,31.0518258742,36.0647614556,ensemble_top4,,,,,,
maternal_deaths,67,Germany,Germany,European Region,2015,33.21,33.2046725631,30.7298331352,35.6468252236,ensemble_top4,,,,,,
maternal_deaths,67,Germany,Germany,European Region,2016,34.96,32.8933170408,30.2753706366,35.268391062,ensemble_top4,,,,,,
maternal_deaths,67,Germany,Germany,European Region,2017,33,32.6072496792,29.5625541007,35.0007032173,ensemble_top4,,,,,,
maternal_deaths,67,Germany,Germany,European Region,2018,33.14,32.3985635571,28.9398895669,34.8326496672,ensemble_top4,,,,,,
maternal_deaths,67,Germany,Germany,European Region,2019,30.89,32.2846704419,28.3231988141,34.9294711829,ensemble_top4,,,,,,
maternal_deaths,67,Germany,Germany,European Region,2020,32.81,32.1802819755,27.6206813722,35.3365962417,ensemble_top4,0.629718024529,0,5.18931862784,0.629718024529,1.01956844334,0.0193794430024
maternal_deaths,67,Germany,Germany,European Region,2021,35.46,32.1008262337,27.0180993514,36.1350142289,ensemble_top4,3.35917376627,0,8.44190064861,3.35917376627,1.10464446435,0.0995235314727
maternal_deaths,67,Germany,Germany,European Region,2022,29.45,32.0216430274,26.4004531915,37.3421470244,ensemble_top4,0,0,3.04954680852,-2.5716430274,0.91969047231,-0.0837181086904
maternal_deaths,67,Germany,Germany,European Region,2023,26.04,31.9532723375,25.842258853,39.094412819,ensemble_top4,0,0,0.197741146968,-5.91327233749,0.814940007551,-0.204640778817
maternal_deaths,68,Ghana,Ghana,African Region,2000,3331,3331,3331,3331,ensemble_top4,,,,,,
maternal_deaths,68,Ghana,Ghana,African Region,2001,3304,3147.55916497,2893.0422336,3394.69380835,ensemble_top4,,,,,,
maternal_deaths,68,Ghana,Ghana,African Region,2002,3171,3177.81169612,2941.67187848,3404.77969044,ensemble_top4,,,,,,
maternal_deaths,68,Ghana,Ghana,African Region,2003,3033,3165.31777087,2945.8885145,3392.17063654,ensemble_top4,,,,,,
maternal_deaths,68,Ghana,Ghana,African Region,2004,3019,3125.29494566,2915.76288377,3357.07951838,ensemble_top4,,,,,,
maternal_deaths,68,Ghana,Ghana,African Region,2005,3008,3073.80966955,2878.59519583,3325.85744507,ensemble_top4,,,,,,
maternal_deaths,68,Ghana,Ghana,African Region,2006,3001,3010.13274579,2819.66531048,3297.00624376,ensemble_top4,,,,,,
maternal_deaths,68,Ghana,Ghana,African Region,2007,2963,2960.56330588,2755.36599398,3253.67009637,ensemble_top4,,,,,,
maternal_deaths,68,Ghana,Ghana,African Region,2008,3022,2956.5167048,2705.48313063,3214.21654735,ensemble_top4,,,,,,
maternal_deaths,68,Ghana,Ghana,African Region,2009,2990,2971.92257205,2718.34553478,3196.08259362,ensemble_top4,,,,,,
maternal_deaths,68,Ghana,Ghana,African Region,2010,3022,2978.48902956,2701.52461951,3193.37217286,ensemble_top4,,,,,,
maternal_deaths,68,Ghana,Ghana,African Region,2011,3040,2983.21255828,2679.91041027,3206.04894017,ensemble_top4,,,,,,
maternal_deaths,68,Ghana,Ghana,African Region,2012,3049,2990.27490228,2648.51181171,3188.29785544,ensemble_top4,,,,,,
maternal_deaths,68,Ghana,Ghana,African Region,2013,2986,2928.87758273,2594.83185616,3135.72747481,ensemble_top4,,,,,,
maternal_deaths,68,Ghana,Ghana,African Region,2014,2803,2833.50359788,2538.30810239,3031.33671167,ensemble_top4,,,,,,
maternal_deaths,68,Ghana,Ghana,African Region,2015,2771,2731.64365713,2470.88271023,2933.47664729,ensemble_top4,,,,,,
maternal_deaths,68,Ghana,Ghana,African Region,2016,2623,2628.82651515,2414.19336273,2841.17300684,ensemble_top4,,,,,,
maternal_deaths,68,Ghana,Ghana,African Region,2017,2490,2520.48605738,2324.55769688,2772.3119555,ensemble_top4,,,,,,
maternal_deaths,68,Ghana,Ghana,African Region,2018,2397,2417.63570837,2201.03388379,2712.8953749,ensemble_top4,,,,,,
maternal_deaths,68,Ghana,Ghana,African Region,2019,2265,2309.21842694,2083.19141172,2664.10344976,ensemble_top4,,,,,,
maternal_deaths,68,Ghana,Ghana,African Region,2020,2211,2218.90653094,1953.55209702,2616.73660087,ensemble_top4,0,0,257.447902979,-7.90653093801,0.996436744483,-0.00356961903296
maternal_deaths,68,Ghana,Ghana,African Region,2021,2320,2127.09872817,1840.50781069,2567.89954294,ensemble_top4,192.901271829,0,479.492189307,192.901271829,1.09068750278,0.0868082339079
maternal_deaths,68,Ghana,Ghana,African Region,2022,2108,2036.89781824,1722.52050587,2519.02132966,ensemble_top4,71.1021817626,0,385.47949413,71.1021817626,1.03490709309,0.0343116575609
maternal_deaths,68,Ghana,Ghana,African Region,2023,2083,1949.43886831,1613.16503015,2476.16566332,ensemble_top4,133.56113169,0,469.83496985,133.56113169,1.06851260322,0.0662675909552
maternal_deaths,69,Greece,Greece,European Region,2000,3.79,3.79,3.79,3.79,ensemble_top4,,,,,,
maternal_deaths,69,Greece,Greece,European Region,2001,3.51,3.29324685291,2.64442753898,3.75145091297,ensemble_top4,,,,,,
maternal_deaths,69,Greece,Greece,European Region,2002,3.46,3.35174202094,2.82404260406,3.79133124385,ensemble_top4,,,,,,
maternal_deaths,69,Greece,Greece,European Region,2003,3.42,3.38983439296,2.92335420171,3.8540213921,ensemble_top4,,,,,,
maternal_deaths,69,Greece,Greece,European Region,2004,3.31,3.42711781839,2.98478199937,3.91496893707,ensemble_top4,,,,,,
maternal_deaths,69,Greece,Greece,European Region,2005,3.24,3.48939462149,3.02554449926,4.04210813045,ensemble_top4,,,,,,
maternal_deaths,69,Greece,Greece,European Region,2006,3.45,3.56911316696,3.08345937502,4.11193140005,ensemble_top4,,,,,,
maternal_deaths,69,Greece,Greece,European Region,2007,3.63,3.68055346454,3.1633835875,4.19428463636,ensemble_top4,,,,,,
maternal_deaths,69,Greece,Greece,European Region,2008,3.82,3.77986083496,3.3295740995,4.26834169598,ensemble_top4,,,,,,
maternal_deaths,69,Greece,Greece,European Region,2009,3.89,3.85394931658,3.40874988063,4.32296117931,ensemble_top4,,,,,,
maternal_deaths,69,Greece,Greece,European Region,2010,4.03,3.90927337007,3.46848534651,4.3926598558,ensemble_top4,,,,,,
maternal_deaths,69,Greece,Greece,European Region,2011,3.87,3.97401094646,3.53569838428,4.44971052969,ensemble_top4,,,,,,
maternal_deaths,69,Greece,Greece,European Region,2012,4.02,4.04286912339,3.60296198359,4.51264206431,ensemble_top4,,,,,,
maternal_deaths,69,Greece,Greece,European Region,2013,3.73,4.11012159466,3.66227758593,4.56707565085,ensemble_top4,,,,,,
maternal_deaths,69,Greece,Greece,European Region,2014,3.93,4.17517847309,3.71009230437,4.63713237241,ensemble_top4,,,,,,
maternal_deaths,69,Greece,Greece,European Region,2015,4.39,4.2340423526,3.76414096354,4.69850950141,ensemble_top4,,,,,,
maternal_deaths,69,Greece,Greece,European Region,2016,4.58,4.29753255531,3.81869885078,4.76307134755,ensemble_top4,,,,,,
maternal_deaths,69,Greece,Greece,European Region,2017,4.64,4.36391719672,3.8510573484,4.82900367919,ensemble_top4,,,,,,
maternal_deaths,69,Greece,Greece,European Region,2018,4.37,4.42356049068,3.90969607879,4.90767644345,ensemble_top4,,,,,,
maternal_deaths,69,Greece,Greece,European Region,2019,4.36,4.48568833409,3.93188774622,5.01027252076,ensemble_top4,,,,,,
maternal_deaths,69,Greece,Greece,European Region,2020,6.1,4.53306010535,3.95152434065,5.09799954669,ensemble_top4,1.56693989465,1.00200045331,2.14847565935,1.56693989465,1.34566933997,0.2968915398
maternal_deaths,69,Greece,Greece,European Region,2021,7.47,4.58157679681,3.99365537654,5.2378419238,ensemble_top4,2.88842320319,2.2321580762,3.47634462346,2.88842320319,1.63044303987,0.488851781489
maternal_deaths,69,Greece,Greece,European Region,2022,7.33,4.62815296634,4.0016162935,5.41787442879,ensemble_top4,2.70184703366,1.91212557121,3.3283837065,2.70184703366,1.58378516296,0.459817654749
maternal_deaths,69,Greece,Greece,European Region,2023,3.53,4.66147982037,4.01603784754,5.59828697539,ensemble_top4,0,0,0,-1.13147982037,0.757270252373,-0.2780350848
maternal_deaths,70,Grenada,Grenada,Region of the Americas,2000,0.86,0.86,0.86,0.86,ensemble_top4,,,,,,
maternal_deaths,70,Grenada,Grenada,Region of the Americas,2001,0.84,0.810944198677,0.694227999851,0.923631693795,ensemble_top4,,,,,,
maternal_deaths,70,Grenada,Grenada,Region of the Americas,2002,0.79,0.821452322412,0.713400948542,0.929566282297,ensemble_top4,,,,,,
maternal_deaths,70,Grenada,Grenada,Region of the Americas,2003,0.79,0.817561236224,0.712870973181,0.925183427264,ensemble_top4,,,,,,
maternal_deaths,70,Grenada,Grenada,Region of the Americas,2004,0.9,0.8044079312,0.699667463748,0.9074738041,ensemble_top4,,,,,,
maternal_deaths,70,Grenada,Grenada,Region of the Americas,2005,0.75,0.786092592474,0.680985454478,0.888503187541,ensemble_top4,,,,,,
maternal_deaths,70,Grenada,Grenada,Region of the Americas,2006,0.72,0.766566828375,0.654669692509,0.873088690699,ensemble_top4,,,,,,
maternal_deaths,70,Grenada,Grenada,Region of the Americas,2007,0.74,0.747084121605,0.634509426033,0.864519624349,ensemble_top4,,,,,,
maternal_deaths,70,Grenada,Grenada,Region of the Americas,2008,0.76,0.739378510406,0.614100866608,0.872262063881,ensemble_top4,,,,,,
maternal_deaths,70,Grenada,Grenada,Region of the Americas,2009,0.75,0.765156074685,0.611520932406,0.891706617934,ensemble_top4,,,,,,
maternal_deaths,70,Grenada,Grenada,Region of the Americas,2010,0.78,0.785068103414,0.672054247491,0.897505860825,ensemble_top4,,,,,,
maternal_deaths,70,Grenada,Grenada,Region of the Americas,2011,0.79,0.770770195264,0.663985249524,0.876574396737,ensemble_top4,,,,,,
maternal_deaths,70,Grenada,Grenada,Region of the Americas,2012,0.78,0.75569547109,0.645584806343,0.859063359103,ensemble_top4,,,,,,
maternal_deaths,70,Grenada,Grenada,Region of the Americas,2013,0.78,0.739563792883,0.634970557905,0.842212407383,ensemble_top4,,,,,,
maternal_deaths,70,Grenada,Grenada,Region of the Americas,2014,0.74,0.72171066941,0.618612040464,0.824546276586,ensemble_top4,,,,,,
maternal_deaths,70,Grenada,Grenada,Region of the Americas,2015,0.73,0.707208626827,0.601444507498,0.81196278929,ensemble_top4,,,,,,
maternal_deaths,70,Grenada,Grenada,Region of the Americas,2016,0.66,0.694724000083,0.590427047796,0.800528443086,ensemble_top4,,,,,,
maternal_deaths,70,Grenada,Grenada,Region of the Americas,2017,0.6,0.680656243413,0.570771624407,0.785348121131,ensemble_top4,,,,,,
maternal_deaths,70,Grenada,Grenada,Region of the Americas,2018,0.67,0.665561773571,0.55906184827,0.777310854078,ensemble_top4,,,,,,
maternal_deaths,70,Grenada,Grenada,Region of the Americas,2019,0.7,0.653752191414,0.546642025366,0.76285312951,ensemble_top4,,,,,,
maternal_deaths,70,Grenada,Grenada,Region of the Americas,2020,0.72,0.642726962297,0.531310576837,0.759696266062,ensemble_top4,0.0772730377028,0,0.188689423163,0.0772730377028,1.1202268494,0.113531208907
maternal_deaths,70,Grenada,Grenada,Region of the Americas,2021,0.74,0.632040973926,0.514143524581,0.756983475734,ensemble_top4,0.107959026074,0,0.225856475419,0.107959026074,1.17081016979,0.157695961991
maternal_deaths,70,Grenada,Grenada,Region of the Americas,2022,0.7,0.621951067109,0.502047917154,0.756190440798,ensemble_top4,0.0780489328912,0,0.197952082846,0.0780489328912,1.12549047187,0.118218915642
maternal_deaths,70,Grenada,Grenada,Region of the Americas,2023,0.66,0.611367152782,0.490397827584,0.758642505889,ensemble_top4,0.0486328472175,0,0.169602172416,0.0486328472175,1.07954769404,0.0765421516022
maternal_deaths,71,Guatemala,Guatemala,Region of the Americas,2000,673.2,673.2,673.2,673.2,ensemble_top4,,,,,,
maternal_deaths,71,Guatemala,Guatemala,Region of the Americas,2001,662.9,656.010914687,615.881499329,694.017385299,ensemble_top4,,,,,,
maternal_deaths,71,Guatemala,Guatemala,Region of the Americas,2002,624.9,632.377274503,599.188058751,662.29925369,ensemble_top4,,,,,,
maternal_deaths,71,Guatemala,Guatemala,Region of the Americas,2003,608.5,613.520433648,579.036842034,644.061658751,ensemble_top4,,,,,,
maternal_deaths,71,Guatemala,Guatemala,Region of the Americas,2004,601.5,603.262480062,573.131309779,631.665661487,ensemble_top4,,,,,,
maternal_deaths,71,Guatemala,Guatemala,Region of the Americas,2005,615.7,587.90547215,557.965785266,617.092943638,ensemble_top4,,,,,,
maternal_deaths,71,Guatemala,Guatemala,Region of the Americas,2006,568.9,571.692889648,543.812140246,600.158001936,ensemble_top4,,,,,,
maternal_deaths,71,Guatemala,Guatemala,Region of the Americas,2007,542.3,555.789307034,527.718624517,584.250473024,ensemble_top4,,,,,,
maternal_deaths,71,Guatemala,Guatemala,Region of the Americas,2008,533.1,539.84075246,512.091025051,569.384318923,ensemble_top4,,,,,,
maternal_deaths,71,Guatemala,Guatemala,Region of the Americas,2009,523,524.88770884,497.741736531,554.692486458,ensemble_top4,,,,,,
maternal_deaths,71,Guatemala,Guatemala,Region of the Americas,2010,512.3,509.886771916,481.720037769,541.811794362,ensemble_top4,,,,,,
maternal_deaths,71,Guatemala,Guatemala,Region of the Americas,2011,488.5,496.075901297,469.167076125,528.70201073,ensemble_top4,,,,,,
maternal_deaths,71,Guatemala,Guatemala,Region of the Americas,2012,471.4,483.478431236,456.23384111,514.965570539,ensemble_top4,,,,,,
maternal_deaths,71,Guatemala,Guatemala,Region of the Americas,2013,457.3,471.317205037,443.877492226,504.3511627,ensemble_top4,,,,,,
maternal_deaths,71,Guatemala,Guatemala,Region of the Americas,2014,459,466.412798517,435.681560065,496.260743706,ensemble_top4,,,,,,
maternal_deaths,71,Guatemala,Guatemala,Region of the Americas,2015,469.1,459.070057135,427.977606806,491.267348656,ensemble_top4,,,,,,
maternal_deaths,71,Guatemala,Guatemala,Region of the Americas,2016,465,450.329854858,418.940649898,480.670510587,ensemble_top4,,,,,,
maternal_deaths,71,Guatemala,Guatemala,Region of the Americas,2017,446,441.110863636,408.724595525,471.070923505,ensemble_top4,,,,,,
maternal_deaths,71,Guatemala,Guatemala,Region of the Americas,2018,438.7,433.278061667,399.249333205,461.848339629,ensemble_top4,,,,,,
maternal_deaths,71,Guatemala,Guatemala,Region of the Americas,2019,419.2,425.177904749,389.426538302,455.170842292,ensemble_top4,,,,,,
maternal_deaths,71,Guatemala,Guatemala,Region of the Americas,2020,392.1,417.744211658,379.624777581,452.29906071,ensemble_top4,0,0,12.4752224193,-25.6442116581,0.938612646346,-0.0633524020863
maternal_deaths,71,Guatemala,Guatemala,Region of the Americas,2021,471.9,410.443865353,368.718846126,449.689546508,ensemble_top4,61.4561346471,22.2104534923,103.181153874,61.4561346471,1.14973091288,0.139527926199
maternal_deaths,71,Guatemala,Guatemala,Region of the Americas,2022,363,403.161994213,359.596587503,447.767205447,ensemble_top4,0,0,3.40341249675,-40.1619942126,0.900382489448,-0.104935617664
maternal_deaths,71,Guatemala,Guatemala,Region of the Americas,2023,353.5,396.149223197,350.325348337,448.751640158,ensemble_top4,0,0,3.17465166345,-42.6492231969,0.892340510344,-0.113907481192
maternal_deaths,72,Guinea,Guinea,African Region,2000,3355,3355,3355,3355,ensemble_top4,,,,,,
maternal_deaths,72,Guinea,Guinea,African Region,2001,3337,3261.63096409,3127.08059576,3409.5271359,ensemble_top4,,,,,,
maternal_deaths,72,Guinea,Guinea,African Region,2002,3223,3255.74427422,3132.06386254,3377.92197149,ensemble_top4,,,,,,
maternal_deaths,72,Guinea,Guinea,African Region,2003,3189,3232.58425629,3111.05017086,3356.0264255,ensemble_top4,,,,,,
maternal_deaths,72,Guinea,Guinea,African Region,2004,3168,3201.59545449,3073.91014625,3328.42107178,ensemble_top4,,,,,,
maternal_deaths,72,Guinea,Guinea,African Region,2005,3149,3164.6396634,3025.79391266,3295.36402982,ensemble_top4,,,,,,
maternal_deaths,72,Guinea,Guinea,African Region,2006,3139,3131.13313212,2978.45760761,3262.48441418,ensemble_top4,,,,,,
maternal_deaths,72,Guinea,Guinea,African Region,2007,3115,3117.6624699,2997.10726,3249.64650157,ensemble_top4,,,,,,
maternal_deaths,72,Guinea,Guinea,African Region,2008,3065,3092.81599814,2969.307633,3235.26027305,ensemble_top4,,,,,,
maternal_deaths,72,Guinea,Guinea,African Region,2009,3103,3073.38214965,2933.99797584,3205.76118175,ensemble_top4,,,,,,
maternal_deaths,72,Guinea,Guinea,African Region,2010,3088,3032.85497022,2890.64473711,3177.32122125,ensemble_top4,,,,,,
maternal_deaths,72,Guinea,Guinea,African Region,2011,3037,2995.82275491,2866.78293118,3130.92165258,ensemble_top4,,,,,,
maternal_deaths,72,Guinea,Guinea,African Region,2012,2971,2960.34883261,2837.44134153,3109.84905215,ensemble_top4,,,,,,
maternal_deaths,72,Guinea,Guinea,African Region,2013,2931,2906.56467172,2788.95022316,3030.78090369,ensemble_top4,,,,,,
maternal_deaths,72,Guinea,Guinea,African Region,2014,2898,2851.28876326,2735.72170882,2969.54022885,ensemble_top4,,,,,,
maternal_deaths,72,Guinea,Guinea,African Region,2015,2852,2799.41257163,2683.92507581,2916.11755137,ensemble_top4,,,,,,
maternal_deaths,72,Guinea,Guinea,African Region,2016,2737,2752.34290732,2640.03978831,2865.19045491,ensemble_top4,,,,,,
maternal_deaths,72,Guinea,Guinea,African Region,2017,2660,2704.22345581,2586.65924956,2816.30785541,ensemble_top4,,,,,,
maternal_deaths,72,Guinea,Guinea,African Region,2018,2586,2656.44379138,2539.58768284,2774.61487036,ensemble_top4,,,,,,
maternal_deaths,72,Guinea,Guinea,African Region,2019,2569,2613.69047426,2490.40006378,2729.58297169,ensemble_top4,,,,,,
maternal_deaths,72,Guinea,Guinea,African Region,2020,2509,2569.23646124,2445.39627298,2688.20863132,ensemble_top4,0,0,63.6037270152,-60.2364612387,0.976554722717,-0.0237244905866
maternal_deaths,72,Guinea,Guinea,African Region,2021,2558,2524.29932004,2400.12640647,2646.30504276,ensemble_top4,33.7006799632,0,157.873593533,33.7006799632,1.01335050867,0.0132621759539
maternal_deaths,72,Guinea,Guinea,African Region,2022,2418,2481.70702467,2356.87848564,2602.48596611,ensemble_top4,0,0,61.1215143601,-63.707024666,0.97432935313,-0.0260058876008
maternal_deaths,72,Guinea,Guinea,African Region,2023,2409,2438.94333841,2310.01059617,2559.62334587,ensemble_top4,0,0,98.9894038322,-29.9433384076,0.987722823267,-0.012353163846
maternal_deaths,73,Guinea-Bissau,Guinea-Bissau,African Region,2000,677.3,677.3,677.3,677.3,ensemble_top4,,,,,,
maternal_deaths,73,Guinea-Bissau,Guinea-Bissau,African Region,2001,644.2,644.20800252,601.990408722,688.845192656,ensemble_top4,,,,,,
maternal_deaths,73,Guinea-Bissau,Guinea-Bissau,African Region,2002,611.5,615.882622138,579.124182459,654.105954981,ensemble_top4,,,,,,
maternal_deaths,73,Guinea-Bissau,Guinea-Bissau,African Region,2003,582.3,582.613274624,545.946389644,620.410331311,ensemble_top4,,,,,,
maternal_deaths,73,Guinea-Bissau,Guinea-Bissau,African Region,2004,539.3,548.395502341,510.515146978,585.32811693,ensemble_top4,,,,,,
maternal_deaths,73,Guinea-Bissau,Guinea-Bissau,African Region,2005,536,514.935246224,474.932553982,558.231141509,ensemble_top4,,,,,,
maternal_deaths,73,Guinea-Bissau,Guinea-Bissau,African Region,2006,473.7,487.047496735,445.841763202,531.822609275,ensemble_top4,,,,,,
maternal_deaths,73,Guinea-Bissau,Guinea-Bissau,African Region,2007,459.6,464.130499602,419.4838954,511.160355578,ensemble_top4,,,,,,
maternal_deaths,73,Guinea-Bissau,Guinea-Bissau,African Region,2008,469.6,456.635531409,416.25323377,495.43286312,ensemble_top4,,,,,,
maternal_deaths,73,Guinea-Bissau,Guinea-Bissau,African Region,2009,445.3,446.751674288,409.863157414,486.57004185,ensemble_top4,,,,,,
maternal_deaths,73,Guinea-Bissau,Guinea-Bissau,African Region,2010,418.9,435.851800614,396.250496475,477.685314864,ensemble_top4,,,,,,
maternal_deaths,73,Guinea-Bissau,Guinea-Bissau,African Region,2011,414.7,425.638289252,378.460492193,467.841557504,ensemble_top4,,,,,,
maternal_deaths,73,Guinea-Bissau,Guinea-Bissau,African Region,2012,436.7,416.476249786,362.51389647,459.617390695,ensemble_top4,,,,,,
maternal_deaths,73,Guinea-Bissau,Guinea-Bissau,African Region,2013,444.7,408.123759599,347.407383803,452.142250738,ensemble_top4,,,,,,
maternal_deaths,73,Guinea-Bissau,Guinea-Bissau,African Region,2014,416.3,409.145073802,370.553177116,446.508246333,ensemble_top4,,,,,,
maternal_deaths,73,Guinea-Bissau,Guinea-Bissau,African Region,2015,396.9,400.14122724,362.939646123,438.458638564,ensemble_top4,,,,,,
maternal_deaths,73,Guinea-Bissau,Guinea-Bissau,African Region,2016,386.7,391.10519343,352.391213722,427.591802705,ensemble_top4,,,,,,
maternal_deaths,73,Guinea-Bissau,Guinea-Bissau,African Region,2017,370.2,380.614339989,342.772861868,418.808950464,ensemble_top4,,,,,,
maternal_deaths,73,Guinea-Bissau,Guinea-Bissau,African Region,2018,363.9,370.82123424,332.288954917,410.774506881,ensemble_top4,,,,,,
maternal_deaths,73,Guinea-Bissau,Guinea-Bissau,African Region,2019,374.4,360.980813279,320.222374705,402.254138446,ensemble_top4,,,,,,
maternal_deaths,73,Guinea-Bissau,Guinea-Bissau,African Region,2020,381.2,351.168274239,306.947100599,398.051522868,ensemble_top4,30.0317257609,0,74.2528994014,30.0317257609,1.08551947304,0.0820586494095
maternal_deaths,73,Guinea-Bissau,Guinea-Bissau,African Region,2021,393.5,340.9624382,292.734428131,394.572224263,ensemble_top4,52.5375618003,0,100.765571869,52.5375618003,1.15408606906,0.143308748548
maternal_deaths,73,Guinea-Bissau,Guinea-Bissau,African Region,2022,345.8,331.457286669,275.149410036,393.500998997,ensemble_top4,14.3427133311,0,70.650589964,14.3427133311,1.04327167906,0.0423616205858
maternal_deaths,73,Guinea-Bissau,Guinea-Bissau,African Region,2023,326.9,322.512640438,256.7832931,388.098726765,ensemble_top4,4.38735956225,0,70.1167068997,4.38735956225,1.0136036825,0.0135119831066
maternal_deaths,74,Guyana,Guyana,Region of the Americas,2000,34.22,34.22,34.22,34.22,ensemble_top4,,,,,,
maternal_deaths,74,Guyana,Guyana,Region of the Americas,2001,31.16,30.7053385927,29.4106914533,31.9489612788,ensemble_top4,,,,,,
maternal_deaths,74,Guyana,Guyana,Region of the Americas,2002,29.81,29.7849047763,28.537321101,31.0305700219,ensemble_top4,,,,,,
maternal_deaths,74,Guyana,Guyana,Region of the Americas,2003,28.35,28.8231078446,27.4906717651,30.1130518736,ensemble_top4,,,,,,
maternal_deaths,74,Guyana,Guyana,Region of the Americas,2004,27.25,28.052391992,26.8165246576,29.2814784517,ensemble_top4,,,,,,
maternal_deaths,74,Guyana,Guyana,Region of the Americas,2005,27.43,27.3851414313,26.0706534305,28.6152113399,ensemble_top4,,,,,,
maternal_deaths,74,Guyana,Guyana,Region of the Americas,2006,27.45,26.6999066602,25.5051553449,27.8854241502,ensemble_top4,,,,,,
maternal_deaths,74,Guyana,Guyana,Region of the Americas,2007,26.09,25.912324083,24.7278782512,27.0709394641,ensemble_top4,,,,,,
maternal_deaths,74,Guyana,Guyana,Region of the Americas,2008,25.42,25.1344735411,23.9310220773,26.2697002284,ensemble_top4,,,,,,
maternal_deaths,74,Guyana,Guyana,Region of the Americas,2009,24.27,24.3430878186,23.1615371981,25.5043268787,ensemble_top4,,,,,,
maternal_deaths,74,Guyana,Guyana,Region of the Americas,2010,23.3,23.5757213681,22.4359485287,24.7432367647,ensemble_top4,,,,,,
maternal_deaths,74,Guyana,Guyana,Region of the Americas,2011,22.44,22.8546641489,21.7204085124,24.0346656758,ensemble_top4,,,,,,
maternal_deaths,74,Guyana,Guyana,Region of the Americas,2012,22.15,22.1513204068,20.9889544858,23.2763064006,ensemble_top4,,,,,,
maternal_deaths,74,Guyana,Guyana,Region of the Americas,2013,21.69,21.4645307211,20.319838277,22.6095606478,ensemble_top4,,,,,,
maternal_deaths,74,Guyana,Guyana,Region of the Americas,2014,20.56,20.8045829355,19.6538760335,21.9751935887,ensemble_top4,,,,,,
maternal_deaths,74,Guyana,Guyana,Region of the Americas,2015,20.02,20.1739433249,19.0050254142,21.3570217697,ensemble_top4,,,,,,
maternal_deaths,74,Guyana,Guyana,Region of the Americas,2016,19.46,19.5672380453,18.4088631477,20.7313380666,ensemble_top4,,,,,,
maternal_deaths,74,Guyana,Guyana,Region of the Americas,2017,18.61,18.9643406429,17.8028210514,20.1174391886,ensemble_top4,,,,,,
maternal_deaths,74,Guyana,Guyana,Region of the Americas,2018,17.67,18.3989160574,17.2188515918,19.5999781671,ensemble_top4,,,,,,
maternal_deaths,74,Guyana,Guyana,Region of the Americas,2019,18.96,17.840625481,16.6624097251,19.0715132404,ensemble_top4,,,,,,
maternal_deaths,74,Guyana,Guyana,Region of the Americas,2020,18.63,17.3255083308,16.1270286639,18.5588336212,ensemble_top4,1.30449166921,0.0711663788417,2.5029713361,1.30449166921,1.07529312528,0.0725932990856
maternal_deaths,74,Guyana,Guyana,Region of the Americas,2021,32.31,16.8016310297,15.5461108105,18.116972039,ensemble_top4,15.5083689703,14.193027961,16.7638891895,15.5083689703,1.92302758838,0.653900813037
maternal_deaths,74,Guyana,Guyana,Region of the Americas,2022,14.14,16.317343734,15.0385935283,17.6761021306,ensemble_top4,0,0,0,-2.17734373397,0.86656261157,-0.143220914422
maternal_deaths,74,Guyana,Guyana,Region of the Americas,2023,12.53,15.8160383851,14.5771070217,17.2614531785,ensemble_top4,0,0,0,-3.28603838514,0.792233787936,-0.232898743939
maternal_deaths,75,Haiti,Haiti,Region of the Americas,2000,1174,1174,1174,1174,ensemble_top4,,,,,,
maternal_deaths,75,Haiti,Haiti,Region of the Americas,2001,1132,1099.94935021,960.816462014,1278.10991177,ensemble_top4,,,,,,
maternal_deaths,75,Haiti,Haiti,Region of the Americas,2002,1080,1053.57068231,911.22676447,1184.61734913,ensemble_top4,,,,,,
maternal_deaths,75,Haiti,Haiti,Region of the Americas,2003,1017,1055.04529625,927.194079468,1182.54969337,ensemble_top4,,,,,,
maternal_deaths,75,Haiti,Haiti,Region of the Americas,2004,1128,1052.57023266,932.564068658,1173.89119279,ensemble_top4,,,,,,
maternal_deaths,75,Haiti,Haiti,Region of the Americas,2005,938.1,1050.62346637,930.124479127,1173.52212036,ensemble_top4,,,,,,
maternal_deaths,75,Haiti,Haiti,Region of the Americas,2006,978.6,1053.86400955,941.554578994,1173.52941574,ensemble_top4,,,,,,
maternal_deaths,75,Haiti,Haiti,Region of the Americas,2007,1024,1054.52578862,937.937751291,1168.47109701,ensemble_top4,,,,,,
maternal_deaths,75,Haiti,Haiti,Region of the Americas,2008,1062,1054.8733581,930.188780011,1171.45768842,ensemble_top4,,,,,,
maternal_deaths,75,Haiti,Haiti,Region of the Americas,2009,1079,1045.62334348,922.660936394,1163.65852714,ensemble_top4,,,,,,
maternal_deaths,75,Haiti,Haiti,Region of the Americas,2010,1077,1039.8422677,917.474322458,1153.41723271,ensemble_top4,,,,,,
maternal_deaths,75,Haiti,Haiti,Region of the Americas,2011,1110,1029.35888861,911.898231979,1147.30962052,ensemble_top4,,,,,,
maternal_deaths,75,Haiti,Haiti,Region of the Americas,2012,1035,1021.84771585,903.114088833,1134.35711806,ensemble_top4,,,,,,
maternal_deaths,75,Haiti,Haiti,Region of the Americas,2013,1013,1010.92101925,890.104009149,1127.27655706,ensemble_top4,,,,,,
maternal_deaths,75,Haiti,Haiti,Region of the Americas,2014,995.7,999.963765371,883.702986934,1113.13284464,ensemble_top4,,,,,,
maternal_deaths,75,Haiti,Haiti,Region of the Americas,2015,974,985.51398249,869.442451788,1102.19990941,ensemble_top4,,,,,,
maternal_deaths,75,Haiti,Haiti,Region of the Americas,2016,954,972.118384513,856.426818788,1091.93884349,ensemble_top4,,,,,,
maternal_deaths,75,Haiti,Haiti,Region of the Americas,2017,934.8,959.735227939,844.543909892,1081.72324115,ensemble_top4,,,,,,
maternal_deaths,75,Haiti,Haiti,Region of the Americas,2018,951.8,944.528336105,827.485794955,1068.49115161,ensemble_top4,,,,,,
maternal_deaths,75,Haiti,Haiti,Region of the Americas,2019,925.7,932.867196748,814.145925667,1058.6753861,ensemble_top4,,,,,,
maternal_deaths,75,Haiti,Haiti,Region of the Americas,2020,908.6,917.965765928,798.213880942,1050.2553177,ensemble_top4,0,0,110.386119058,-9.36576592787,0.989797260121,-0.0102551445823
maternal_deaths,75,Haiti,Haiti,Region of the Americas,2021,1003,907.668924211,781.261341451,1041.55385341,ensemble_top4,95.331075789,0,221.738658549,95.331075789,1.10502846715,0.099871096764
maternal_deaths,75,Haiti,Haiti,Region of the Americas,2022,858.1,892.748069609,763.655869935,1032.32041066,ensemble_top4,0,0,94.4441300647,-34.6480696092,0.961189420858,-0.039583781362
maternal_deaths,75,Haiti,Haiti,Region of the Americas,2023,846.3,880.33224314,747.347828878,1019.11490308,ensemble_top4,0,0,98.9521711225,-34.0322431399,0.961341591876,-0.0394254785651
maternal_deaths,76,Honduras,Honduras,Region of the Americas,2000,183.6,183.6,183.6,183.6,ensemble_top4,,,,,,
maternal_deaths,76,Honduras,Honduras,Region of the Americas,2001,175.2,169.82419478,160.652940927,178.822400564,ensemble_top4,,,,,,
maternal_deaths,76,Honduras,Honduras,Region of the Americas,2002,169.3,170.726762177,162.144806529,178.758982442,ensemble_top4,,,,,,
maternal_deaths,76,Honduras,Honduras,Region of the Americas,2003,167.9,169.03522901,160.7960812,177.080136681,ensemble_top4,,,,,,
maternal_deaths,76,Honduras,Honduras,Region of the Americas,2004,165.3,166.442982216,158.431924993,174.646473063,ensemble_top4,,,,,,
maternal_deaths,76,Honduras,Honduras,Region of the Americas,2005,162.7,164.363130501,156.048981336,172.624285762,ensemble_top4,,,,,,
maternal_deaths,76,Honduras,Honduras,Region of the Americas,2006,159,162.843222023,154.747726226,171.04360306,ensemble_top4,,,,,,
maternal_deaths,76,Honduras,Honduras,Region of the Americas,2007,158.8,160.727082714,152.621781788,169.369679439,ensemble_top4,,,,,,
maternal_deaths,76,Honduras,Honduras,Region of the Americas,2008,158.3,157.578899822,149.29424846,165.671920586,ensemble_top4,,,,,,
maternal_deaths,76,Honduras,Honduras,Region of the Americas,2009,156.5,153.664010649,145.860606078,162.051527016,ensemble_top4,,,,,,
maternal_deaths,76,Honduras,Honduras,Region of the Americas,2010,157.7,149.812151857,141.714611821,157.916599208,ensemble_top4,,,,,,
maternal_deaths,76,Honduras,Honduras,Region of the Americas,2011,148.7,145.694766916,138.081686825,153.970084585,ensemble_top4,,,,,,
maternal_deaths,76,Honduras,Honduras,Region of the Americas,2012,141.9,141.723233727,133.837221802,149.529006428,ensemble_top4,,,,,,
maternal_deaths,76,Honduras,Honduras,Region of the Americas,2013,136.4,137.643032408,130.002627934,145.180873614,ensemble_top4,,,,,,
maternal_deaths,76,Honduras,Honduras,Region of the Americas,2014,132,133.620009852,126.129003094,141.198655745,ensemble_top4,,,,,,
maternal_deaths,76,Honduras,Honduras,Region of the Americas,2015,127,129.569684491,121.844358355,137.353502127,ensemble_top4,,,,,,
maternal_deaths,76,Honduras,Honduras,Region of the Americas,2016,122.4,125.710997025,117.979166086,133.272817874,ensemble_top4,,,,,,
maternal_deaths,76,Honduras,Honduras,Region of the Americas,2017,119.4,121.856545086,113.712688235,129.680161981,ensemble_top4,,,,,,
maternal_deaths,76,Honduras,Honduras,Region of the Americas,2018,118.2,118.046064474,109.771188517,126.261656395,ensemble_top4,,,,,,
maternal_deaths,76,Honduras,Honduras,Region of the Americas,2019,117.5,114.500808825,106.282968699,122.833927545,ensemble_top4,,,,,,
maternal_deaths,76,Honduras,Honduras,Region of the Americas,2020,131.9,110.966713874,102.392315439,119.724752573,ensemble_top4,20.933286126,12.1752474274,29.5076845606,20.933286126,1.18864473314,0.172813778391
maternal_deaths,76,Honduras,Honduras,Region of the Americas,2021,204.6,107.61138835,98.6449322279,116.254481748,ensemble_top4,96.98861165,88.345518252,105.955067772,96.98861165,1.90128575736,0.642530371707
maternal_deaths,76,Honduras,Honduras,Region of the Americas,2022,111.9,104.357662311,95.3042344718,113.161947285,ensemble_top4,7.54233768869,0,16.5957655282,7.54233768869,1.07227392337,0.0697815555369
maternal_deaths,76,Honduras,Honduras,Region of the Americas,2023,109.3,101.000765497,91.3601126766,110.491440962,ensemble_top4,8.2992345029,0,17.9398873234,8.2992345029,1.08217001586,0.0789682991908
maternal_deaths,77,Hungary,Hungary,European Region,2000,13.48,13.48,13.48,13.48,ensemble_top4,,,,,,
maternal_deaths,77,Hungary,Hungary,European Region,2001,12.61,12.3257040363,11.2516673698,13.3686285499,ensemble_top4,,,,,,
maternal_deaths,77,Hungary,Hungary,European Region,2002,12.66,12.3457819957,11.301445226,13.374665519,ensemble_top4,,,,,,
maternal_deaths,77,Hungary,Hungary,European Region,2003,12.04,12.3499386784,11.3339528731,13.3937743602,ensemble_top4,,,,,,
maternal_deaths,77,Hungary,Hungary,European Region,2004,11.72,12.3596803731,11.3380356664,13.3927914204,ensemble_top4,,,,,,
maternal_deaths,77,Hungary,Hungary,European Region,2005,12.41,12.3929764053,11.3735357134,13.4509227919,ensemble_top4,,,,,,
maternal_deaths,77,Hungary,Hungary,European Region,2006,12.4,12.415172403,11.3970494553,13.4291227625,ensemble_top4,,,,,,
maternal_deaths,77,Hungary,Hungary,European Region,2007,13.16,12.4033034919,11.4152158472,13.4441980373,ensemble_top4,,,,,,
maternal_deaths,77,Hungary,Hungary,European Region,2008,12.98,12.4168771771,11.3831721157,13.4258763118,ensemble_top4,,,,,,
maternal_deaths,77,Hungary,Hungary,European Region,2009,12.8,12.3978611438,11.3821588373,13.4074585966,ensemble_top4,,,,,,
maternal_deaths,77,Hungary,Hungary,European Region,2010,11.64,12.3685965201,11.3560628545,13.3989527215,ensemble_top4,,,,,,
maternal_deaths,77,Hungary,Hungary,European Region,2011,12.04,12.3799527242,11.3849525678,13.3699895756,ensemble_top4,,,,,,
maternal_deaths,77,Hungary,Hungary,European Region,2012,11.9,12.4175400528,11.401007249,13.423617017,ensemble_top4,,,,,,
maternal_deaths,77,Hungary,Hungary,European Region,2013,11.84,12.4326584021,11.4296477757,13.4080192722,ensemble_top4,,,,,,
maternal_deaths,77,Hungary,Hungary,European Region,2014,12.4,12.4218777623,11.4279145075,13.4507769933,ensemble_top4,,,,,,
maternal_deaths,77,Hungary,Hungary,European Region,2015,12.41,12.4353182382,11.3776075531,13.4309715934,ensemble_top4,,,,,,
maternal_deaths,77,Hungary,Hungary,European Region,2016,12.56,12.3992563301,11.3780455155,13.422911834,ensemble_top4,,,,,,
maternal_deaths,77,Hungary,Hungary,European Region,2017,12.77,12.4251696726,11.348884171,13.4532801873,ensemble_top4,,,,,,
maternal_deaths,77,Hungary,Hungary,European Region,2018,12.56,12.400719387,11.3291997233,13.4571553411,ensemble_top4,,,,,,
maternal_deaths,77,Hungary,Hungary,European Region,2019,11.96,12.4088944236,11.3445447613,13.45073122,ensemble_top4,,,,,,
maternal_deaths,77,Hungary,Hungary,European Region,2020,17.21,12.4105830107,11.3405632984,13.5325453081,ensemble_top4,4.79941698927,3.67745469185,5.86943670161,4.79941698927,1.38671970407,0.326941033002
maternal_deaths,77,Hungary,Hungary,European Region,2021,27.81,12.3885437837,11.2882464046,13.5853013645,ensemble_top4,15.4214562163,14.2246986355,16.5217535954,15.4214562163,2.24481589488,0.808623511097
maternal_deaths,77,Hungary,Hungary,European Region,2022,12.14,12.3750962678,11.2320080689,13.6799503897,ensemble_top4,0,0,0.907991931077,-0.23509626785,0.981002469576,-0.0191803020133
maternal_deaths,77,Hungary,Hungary,European Region,2023,9.95,12.3771137897,11.2186076169,13.8396859796,ensemble_top4,0,0,0,-2.42711378973,0.803903088316,-0.218276553989
maternal_deaths,78,Iceland,Iceland,European Region,2000,0.28,0.28,-0,0.28,ensemble_top4,,,,,,
maternal_deaths,78,Iceland,Iceland,European Region,2001,0.26,0.22054144242,0.131047579156,0.302485309363,ensemble_top4,,,,,,
maternal_deaths,78,Iceland,Iceland,European Region,2002,0.29,0.219449249935,0.134026767965,0.303123375423,ensemble_top4,,,,,,
maternal_deaths,78,Iceland,Iceland,European Region,2003,0.23,0.218398078951,0.134706022439,0.300622415768,ensemble_top4,,,,,,
maternal_deaths,78,Iceland,Iceland,European Region,2004,0.25,0.217013252717,0.132174626036,0.299267011773,ensemble_top4,,,,,,
maternal_deaths,78,Iceland,Iceland,European Region,2005,0.22,0.213553798045,0.131583918834,0.298063939369,ensemble_top4,,,,,,
maternal_deaths,78,Iceland,Iceland,European Region,2006,0.21,0.214244719696,0.132330501244,0.294759257806,ensemble_top4,,,,,,
maternal_deaths,78,Iceland,Iceland,European Region,2007,0.21,0.212123841003,0.129440617196,0.295192467036,ensemble_top4,,,,,,
maternal_deaths,78,Iceland,Iceland,European Region,2008,0.21,0.209347461645,0.127928495342,0.291090884844,ensemble_top4,,,,,,
maternal_deaths,78,Iceland,Iceland,European Region,2009,0.24,0.206860459038,0.124919834203,0.288176064128,ensemble_top4,,,,,,
maternal_deaths,78,Iceland,Iceland,European Region,2010,0.23,0.204500486802,0.122096020852,0.289894460787,ensemble_top4,,,,,,
maternal_deaths,78,Iceland,Iceland,European Region,2011,0.17,0.203535340912,0.125330960175,0.285475195819,ensemble_top4,,,,,,
maternal_deaths,78,Iceland,Iceland,European Region,2012,0.17,0.202603256363,0.120298455821,0.282706996511,ensemble_top4,,,,,,
maternal_deaths,78,Iceland,Iceland,European Region,2013,0.18,0.201369723814,0.120820070829,0.281070169264,ensemble_top4,,,,,,
maternal_deaths,78,Iceland,Iceland,European Region,2014,0.18,0.198751230057,0.118255848297,0.279497535529,ensemble_top4,,,,,,
maternal_deaths,78,Iceland,Iceland,European Region,2015,0.16,0.197918990187,0.115773766036,0.278457574387,ensemble_top4,,,,,,
maternal_deaths,78,Iceland,Iceland,European Region,2016,0.13,0.196726886853,0.115186584936,0.279519395666,ensemble_top4,,,,,,
maternal_deaths,78,Iceland,Iceland,European Region,2017,0.12,0.193582483674,0.114154518453,0.276956675204,ensemble_top4,,,,,,
maternal_deaths,78,Iceland,Iceland,European Region,2018,0.17,0.193197431274,0.112828266675,0.278426698594,ensemble_top4,,,,,,
maternal_deaths,78,Iceland,Iceland,European Region,2019,0.18,0.192213604662,0.111312156827,0.278375118294,ensemble_top4,,,,,,
maternal_deaths,78,Iceland,Iceland,European Region,2020,0.53,0.190610624536,0.110865388517,0.276071128328,ensemble_top4,0.339389375464,0.253928871672,0.419134611483,0.339389375464,2.7805375555,1.0226442743
maternal_deaths,78,Iceland,Iceland,European Region,2021,0.26,0.190049115215,0.106124257097,0.278437015362,ensemble_top4,0.0699508847846,0,0.153875742903,0.0699508847846,1.36806740566,0.313399091127
maternal_deaths,78,Iceland,Iceland,European Region,2022,0.22,0.187514007357,0.106639966387,0.275258987754,ensemble_top4,0.0324859926431,0,0.113360033613,0.0324859926431,1.17324568495,0.159773997829
maternal_deaths,78,Iceland,Iceland,European Region,2023,0.13,0.185191905805,0.102552108117,0.273861087892,ensemble_top4,0,0,0.0274478918833,-0.0551919058054,0.701974524397,-0.353858165647
maternal_deaths,79,India,India,Southeast Asia Region,2000,105471,105471,105470,105471,ensemble_top4,,,,,,
maternal_deaths,79,India,India,Southeast Asia Region,2001,102386,102611.884697,100790.172619,104482.997754,ensemble_top4,,,,,,
maternal_deaths,79,India,India,Southeast Asia Region,2002,96157,96995.4520193,95108.4352331,100829.237754,ensemble_top4,,,,,,
maternal_deaths,79,India,India,Southeast Asia Region,2003,90124,90463.0332033,88750.7932725,95413.2979476,ensemble_top4,,,,,,
maternal_deaths,79,India,India,Southeast Asia Region,2004,84577,84094.8008632,82301.8215681,88979.9962148,ensemble_top4,,,,,,
maternal_deaths,79,India,India,Southeast Asia Region,2005,77603,77741.035379,76006.2743526,82431.9691793,ensemble_top4,,,,,,
maternal_deaths,79,India,India,Southeast Asia Region,2006,71395,71564.5631915,69894.5498912,76059.8136779,ensemble_top4,,,,,,
maternal_deaths,79,India,India,Southeast Asia Region,2007,65609,65851.2554541,64268.6374121,69925.2184593,ensemble_top4,,,,,,
maternal_deaths,79,India,India,Southeast Asia Region,2008,60545,60581.0358064,58977.0215125,64101.839911,ensemble_top4,,,,,,
maternal_deaths,79,India,India,Southeast Asia Region,2009,55814,55529.9605271,53930.2236657,58674.0096028,ensemble_top4,,,,,,
maternal_deaths,79,India,India,Southeast Asia Region,2010,50662,50975.7262476,49418.7787008,53774.0645751,ensemble_top4,,,,,,
maternal_deaths,79,India,India,Southeast Asia Region,2011,46265,46746.0468152,45191.0432922,49247.8397174,ensemble_top4,,,,,,
maternal_deaths,79,India,India,Southeast Asia Region,2012,42310,42822.3575622,41257.1071141,45146.65752,ensemble_top4,,,,,,
maternal_deaths,79,India,India,Southeast Asia Region,2013,38512,39301.3375999,37717.9506416,41466.4620079,ensemble_top4,,,,,,
maternal_deaths,79,India,India,Southeast Asia Region,2014,34298,36014.6064476,34424.3978873,38143.4794248,ensemble_top4,,,,,,
maternal_deaths,79,India,India,Southeast Asia Region,2015,32318,33014.7529064,31422.2712221,35216.4136067,ensemble_top4,,,,,,
maternal_deaths,79,India,India,Southeast Asia Region,2016,30439,30397.0931039,28812.9466363,32518.7013793,ensemble_top4,,,,,,
maternal_deaths,79,India,India,Southeast Asia Region,2017,27650,28191.2929501,26408.8685372,30303.2251328,ensemble_top4,,,,,,
maternal_deaths,79,India,India,Southeast Asia Region,2018,26345,25983.709686,24122.2453165,28130.9912282,ensemble_top4,,,,,,
maternal_deaths,79,India,India,Southeast Asia Region,2019,24379,23966.0532638,22067.192944,26211.1939022,ensemble_top4,,,,,,
maternal_deaths,79,India,India,Southeast Asia Region,2020,23610,22089.2679548,20099.1561708,24464.2543169,ensemble_top4,1520.73204522,0,3510.84382919,1520.73204522,1.0688448367,0.0665784734278
maternal_deaths,79,India,India,Southeast Asia Region,2021,36102,20390.2149711,18364.2942154,22829.9391573,ensemble_top4,15711.7850289,13272.0608427,17737.7057846,15711.7850289,1.77055514379,0.571293137968
maternal_deaths,79,India,India,Southeast Asia Region,2022,20875,18806.339509,16763.0047772,21455.4609891,ensemble_top4,2068.66049103,0,4111.99522284,2068.66049103,1.10999804029,0.104358249819
maternal_deaths,79,India,India,Southeast Asia Region,2023,18687,17383.1341132,15287.2904067,20204.4119288,ensemble_top4,1303.8658868,0,3399.70959328,1303.8658868,1.07500752616,0.0723276626372
maternal_deaths,80,Indonesia,Indonesia,Southeast Asia Region,2000,14586,14586,14585,14586,ensemble_top4,,,,,,
maternal_deaths,80,Indonesia,Indonesia,Southeast Asia Region,2001,14066,12859.365089,4611.08527737,14235.7846408,ensemble_top4,,,,,,
maternal_deaths,80,Indonesia,Indonesia,Southeast Asia Region,2002,13288,13459.5982836,12098.4622208,14666.3837242,ensemble_top4,,,,,,
maternal_deaths,80,Indonesia,Indonesia,Southeast Asia Region,2003,13076,13692.1238363,12531.2289613,14819.0408235,ensemble_top4,,,,,,
maternal_deaths,80,Indonesia,Indonesia,Southeast Asia Region,2004,13429,13679.6448119,12632.7217228,14741.5781788,ensemble_top4,,,,,,
maternal_deaths,80,Indonesia,Indonesia,Southeast Asia Region,2005,13008,13481.6460827,12394.5308355,14558.4187271,ensemble_top4,,,,,,
maternal_deaths,80,Indonesia,Indonesia,Southeast Asia Region,2006,12943,13227.7671976,12144.7821432,14259.1608313,ensemble_top4,,,,,,
maternal_deaths,80,Indonesia,Indonesia,Southeast Asia Region,2007,12757,12905.6623297,11821.4026295,13973.2669011,ensemble_top4,,,,,,
maternal_deaths,80,Indonesia,Indonesia,Southeast Asia Region,2008,12359,12526.2790238,11421.3947458,13599.076354,ensemble_top4,,,,,,
maternal_deaths,80,Indonesia,Indonesia,Southeast Asia Region,2009,12169,12127.5595556,10994.2451134,13256.3755863,ensemble_top4,,,,,,
maternal_deaths,80,Indonesia,Indonesia,Southeast Asia Region,2010,12130,11658.335019,10516.0421605,12769.9651615,ensemble_top4,,,,,,
maternal_deaths,80,Indonesia,Indonesia,Southeast Asia Region,2011,11850,11211.6549146,10125.3131046,12329.2997784,ensemble_top4,,,,,,
maternal_deaths,80,Indonesia,Indonesia,Southeast Asia Region,2012,11361,10771.3878953,9656.50722736,11853.3782179,ensemble_top4,,,,,,
maternal_deaths,80,Indonesia,Indonesia,Southeast Asia Region,2013,10477,10353.0688718,9235.93389244,11420.1086096,ensemble_top4,,,,,,
maternal_deaths,80,Indonesia,Indonesia,Southeast Asia Region,2014,9806,9880.36292351,8781.95229903,10927.2074481,ensemble_top4,,,,,,
maternal_deaths,80,Indonesia,Indonesia,Southeast Asia Region,2015,9246,9457.48467705,8352.30320781,10522.6152383,ensemble_top4,,,,,,
maternal_deaths,80,Indonesia,Indonesia,Southeast Asia Region,2016,8724,9014.15075923,7919.84921093,10091.5399685,ensemble_top4,,,,,,
maternal_deaths,80,Indonesia,Indonesia,Southeast Asia Region,2017,8118,8597.33248539,7522.02375173,9640.4417671,ensemble_top4,,,,,,
maternal_deaths,80,Indonesia,Indonesia,Southeast Asia Region,2018,7781,8180.32878628,7102.44670718,9269.43830342,ensemble_top4,,,,,,
maternal_deaths,80,Indonesia,Indonesia,Southeast Asia Region,2019,7427,7802.52022452,6675.05511616,8857.67401289,ensemble_top4,,,,,,
maternal_deaths,80,Indonesia,Indonesia,Southeast Asia Region,2020,8451,7416.4181401,6364.23095894,8480.99615577,ensemble_top4,1034.5818599,0,2086.76904106,1034.5818599,1.13949885785,0.13058856738
maternal_deaths,80,Indonesia,Indonesia,Southeast Asia Region,2021,10289,7045.10754454,5967.56295761,8154.79312435,ensemble_top4,3243.89245546,2134.20687565,4321.43704239,3243.89245546,1.46044612307,0.378741952788
maternal_deaths,80,Indonesia,Indonesia,Southeast Asia Region,2022,6698,6707.53816873,5589.5228157,7777.29366123,ensemble_top4,0,0,1108.4771843,-9.53816872771,0.998577992627,-0.00142301938456
maternal_deaths,80,Indonesia,Indonesia,Southeast Asia Region,2023,6298,6339.59265532,5236.95900871,7421.18935088,ensemble_top4,0,0,1061.04099129,-41.5926553185,0.993439222742,-0.00658239375642
maternal_deaths,81,Iran,Iran (Islamic Republic of),Eastern Mediterranean,2000,456.2,456.2,456.2,456.2,ensemble_top4,,,,,,
maternal_deaths,81,Iran,Iran (Islamic Republic of),Eastern Mediterranean,2001,432.6,408.23127438,364.791620756,454.143001678,ensemble_top4,,,,,,
maternal_deaths,81,Iran,Iran (Islamic Republic of),Eastern Mediterranean,2002,416.1,419.535483709,372.700808627,460.930909461,ensemble_top4,,,,,,
maternal_deaths,81,Iran,Iran (Islamic Republic of),Eastern Mediterranean,2003,405.5,417.049387515,371.961872813,457.535870798,ensemble_top4,,,,,,
maternal_deaths,81,Iran,Iran (Islamic Republic of),Eastern Mediterranean,2004,389.9,409.617954011,366.879259656,449.615891264,ensemble_top4,,,,,,
maternal_deaths,81,Iran,Iran (Islamic Republic of),Eastern Mediterranean,2005,388.7,399.952557057,358.875626262,443.875460626,ensemble_top4,,,,,,
maternal_deaths,81,Iran,Iran (Islamic Republic of),Eastern Mediterranean,2006,389,391.386584398,349.235190805,435.44979314,ensemble_top4,,,,,,
maternal_deaths,81,Iran,Iran (Islamic Republic of),Eastern Mediterranean,2007,388.4,383.97262717,342.982039645,428.054436421,ensemble_top4,,,,,,
maternal_deaths,81,Iran,Iran (Islamic Republic of),Eastern Mediterranean,2008,381.3,378.975297563,337.642002592,424.97369282,ensemble_top4,,,,,,
maternal_deaths,81,Iran,Iran (Islamic Republic of),Eastern Mediterranean,2009,372.1,372.679025888,333.580163729,415.949088911,ensemble_top4,,,,,,
maternal_deaths,81,Iran,Iran (Islamic Republic of),Eastern Mediterranean,2010,364.3,369.082269944,328.325348469,409.441504156,ensemble_top4,,,,,,
maternal_deaths,81,Iran,Iran (Islamic Republic of),Eastern Mediterranean,2011,362.7,364.765658397,322.589169059,404.750374132,ensemble_top4,,,,,,
maternal_deaths,81,Iran,Iran (Islamic Republic of),Eastern Mediterranean,2012,362.1,358.780683061,312.889373533,400.032295257,ensemble_top4,,,,,,
maternal_deaths,81,Iran,Iran (Islamic Republic of),Eastern Mediterranean,2013,359.1,350.824657197,307.059227625,392.535627946,ensemble_top4,,,,,,
maternal_deaths,81,Iran,Iran (Islamic Republic of),Eastern Mediterranean,2014,355.4,341.12128304,296.511757959,383.292707592,ensemble_top4,,,,,,
maternal_deaths,81,Iran,Iran (Islamic Republic of),Eastern Mediterranean,2015,346.2,330.74157518,286.759697999,372.48580925,ensemble_top4,,,,,,
maternal_deaths,81,Iran,Iran (Islamic Republic of),Eastern Mediterranean,2016,335.5,319.315402182,278.866937784,358.992686968,ensemble_top4,,,,,,
maternal_deaths,81,Iran,Iran (Islamic Republic of),Eastern Mediterranean,2017,314.2,306.048736885,267.360413422,347.755551256,ensemble_top4,,,,,,
maternal_deaths,81,Iran,Iran (Islamic Republic of),Eastern Mediterranean,2018,278.9,293.35860647,250.758560442,339.221130505,ensemble_top4,,,,,,
maternal_deaths,81,Iran,Iran (Islamic Republic of),Eastern Mediterranean,2019,240.2,281.838034001,229.113173455,330.65920212,ensemble_top4,,,,,,
maternal_deaths,81,Iran,Iran (Islamic Republic of),Eastern Mediterranean,2020,422,272.168149404,204.21205067,320.741754267,ensemble_top4,149.831850596,101.258245733,217.78794933,149.831850596,1.55051206735,0.438585242408
maternal_deaths,81,Iran,Iran (Islamic Republic of),Eastern Mediterranean,2021,615,263.899482151,177.645583106,314.120540165,ensemble_top4,351.100517849,300.879459835,437.354416894,351.100517849,2.33043276549,0.846053986593
maternal_deaths,81,Iran,Iran (Islamic Republic of),Eastern Mediterranean,2022,253,255.500475654,153.476619143,306.950286409,ensemble_top4,0,0,99.5233808573,-2.50047565447,0.990213420746,-0.00983478257585
maternal_deaths,81,Iran,Iran (Islamic Republic of),Eastern Mediterranean,2023,185.9,246.458352635,130.600539608,300.932456984,ensemble_top4,0,0,55.2994603919,-60.5583526346,0.754285655214,-0.281984129652
maternal_deaths,82,Iraq,Iraq,Eastern Mediterranean,2000,1284,1284,1284,1284,ensemble_top4,,,,,,
maternal_deaths,82,Iraq,Iraq,Eastern Mediterranean,2001,1231,1132.76583934,955.8278858,1262.43999396,ensemble_top4,,,,,,
maternal_deaths,82,Iraq,Iraq,Eastern Mediterranean,2002,1156,1171.50855815,1033.91947188,1293.83571357,ensemble_top4,,,,,,
maternal_deaths,82,Iraq,Iraq,Eastern Mediterranean,2003,1158,1187.96662982,1066.76726,1305.36859372,ensemble_top4,,,,,,
maternal_deaths,82,Iraq,Iraq,Eastern Mediterranean,2004,1152,1184.1542521,1069.85194499,1313.21899036,ensemble_top4,,,,,,
maternal_deaths,82,Iraq,Iraq,Eastern Mediterranean,2005,1135,1169.88518134,1054.35275334,1313.40441484,ensemble_top4,,,,,,
maternal_deaths,82,Iraq,Iraq,Eastern Mediterranean,2006,1201,1153.76045585,1034.53325083,1302.73821099,ensemble_top4,,,,,,
maternal_deaths,82,Iraq,Iraq,Eastern Mediterranean,2007,1148,1139.65360187,1030.67866509,1282.5136312,ensemble_top4,,,,,,
maternal_deaths,82,Iraq,Iraq,Eastern Mediterranean,2008,1063,1132.74761672,1019.6540402,1264.02385117,ensemble_top4,,,,,,
maternal_deaths,82,Iraq,Iraq,Eastern Mediterranean,2009,1092,1126.20813345,1002.86933464,1287.99835165,ensemble_top4,,,,,,
maternal_deaths,82,Iraq,Iraq,Eastern Mediterranean,2010,1151,1143.24449761,999.408371932,1300.91878008,ensemble_top4,,,,,,
maternal_deaths,82,Iraq,Iraq,Eastern Mediterranean,2011,1198,1162.25638683,990.290412004,1289.5569386,ensemble_top4,,,,,,
maternal_deaths,82,Iraq,Iraq,Eastern Mediterranean,2012,1172,1147.68421545,975.060340679,1272.84845742,ensemble_top4,,,,,,
maternal_deaths,82,Iraq,Iraq,Eastern Mediterranean,2013,1154,1115.70672778,951.073354787,1243.51400804,ensemble_top4,,,,,,
maternal_deaths,82,Iraq,Iraq,Eastern Mediterranean,2014,1090,1076.03689238,921.080546525,1197.0123621,ensemble_top4,,,,,,
maternal_deaths,82,Iraq,Iraq,Eastern Mediterranean,2015,1018,1026.70682092,896.379067895,1145.89099945,ensemble_top4,,,,,,
maternal_deaths,82,Iraq,Iraq,Eastern Mediterranean,2016,998.9,976.097517875,857.207017615,1099.82909596,ensemble_top4,,,,,,
maternal_deaths,82,Iraq,Iraq,Eastern Mediterranean,2017,905.8,924.722940065,815.535003395,1065.88294589,ensemble_top4,,,,,,
maternal_deaths,82,Iraq,Iraq,Eastern Mediterranean,2018,841.8,875.829186695,763.36514686,1030.60113587,ensemble_top4,,,,,,
maternal_deaths,82,Iraq,Iraq,Eastern Mediterranean,2019,833.7,828.451581027,702.853215145,1004.40303709,ensemble_top4,,,,,,
maternal_deaths,82,Iraq,Iraq,Eastern Mediterranean,2020,712.4,786.766079212,639.445545006,983.17023866,ensemble_top4,0,0,72.9544549937,-74.3660792121,0.905478793282,-0.0992914218316
maternal_deaths,82,Iraq,Iraq,Eastern Mediterranean,2021,872.8,751.558210458,577.139903711,960.467170967,ensemble_top4,121.241789542,0,295.660096289,121.241789542,1.16132055755,0.149557769299
maternal_deaths,82,Iraq,Iraq,Eastern Mediterranean,2022,675.2,711.964077848,514.127186434,936.612260474,ensemble_top4,0,0,161.072813566,-36.7640778483,0.948362453961,-0.0530185143972
maternal_deaths,82,Iraq,Iraq,Eastern Mediterranean,2023,765.3,676.928815417,458.909939476,920.321156433,ensemble_top4,88.371184583,0,306.390060524,88.371184583,1.13054723417,0.122701793526
maternal_deaths,83,Ireland,Ireland,European Region,2000,4.37,4.37,3.37,4.37,ensemble_top4,,,,,,
maternal_deaths,83,Ireland,Ireland,European Region,2001,4.21,3.45756312974,2.48580364443,4.47277950969,ensemble_top4,,,,,,
maternal_deaths,83,Ireland,Ireland,European Region,2002,4.05,3.72060109806,2.74586417264,4.67817806668,ensemble_top4,,,,,,
maternal_deaths,83,Ireland,Ireland,European Region,2003,3.64,3.8967684417,2.80627841259,4.89541204143,ensemble_top4,,,,,,
maternal_deaths,83,Ireland,Ireland,European Region,2004,3.8,4.00026706985,2.89738756312,4.96754505054,ensemble_top4,,,,,,
maternal_deaths,83,Ireland,Ireland,European Region,2005,3.84,4.01706985398,2.95851286629,5.05487670601,ensemble_top4,,,,,,
maternal_deaths,83,Ireland,Ireland,European Region,2006,3.85,4.01188397399,3.01330417363,5.01085961008,ensemble_top4,,,,,,
maternal_deaths,83,Ireland,Ireland,European Region,2007,3.97,4.03678154282,3.04898519383,5.09671389709,ensemble_top4,,,,,,
maternal_deaths,83,Ireland,Ireland,European Region,2008,4.75,4.24621091862,3.21400929369,5.41065569965,ensemble_top4,,,,,,
maternal_deaths,83,Ireland,Ireland,European Region,2009,4.61,4.2455179233,3.22610189486,5.35488556836,ensemble_top4,,,,,,
maternal_deaths,83,Ireland,Ireland,European Region,2010,4.17,4.15298112159,3.20539503927,5.08954498915,ensemble_top4,,,,,,
maternal_deaths,83,Ireland,Ireland,European Region,2011,4.63,4.03439984384,3.1269095472,4.87825177372,ensemble_top4,,,,,,
maternal_deaths,83,Ireland,Ireland,European Region,2012,4.13,3.89126984714,2.9792747027,4.73960582053,ensemble_top4,,,,,,
maternal_deaths,83,Ireland,Ireland,European Region,2013,3.48,3.72029492636,2.82329673418,4.59115520128,ensemble_top4,,,,,,
maternal_deaths,83,Ireland,Ireland,European Region,2014,3.19,3.54146386479,2.62715358446,4.4328452268,ensemble_top4,,,,,,
maternal_deaths,83,Ireland,Ireland,European Region,2015,3.1,3.33119813922,2.40987890833,4.25230910461,ensemble_top4,,,,,,
maternal_deaths,83,Ireland,Ireland,European Region,2016,2.78,3.13686443273,2.22310371657,4.08344351761,ensemble_top4,,,,,,
maternal_deaths,83,Ireland,Ireland,European Region,2017,2.62,2.92790005448,2.01039277242,3.92028189834,ensemble_top4,,,,,,
maternal_deaths,83,Ireland,Ireland,European Region,2018,2.87,2.72435332504,1.81459966012,3.69654478813,ensemble_top4,,,,,,
maternal_deaths,83,Ireland,Ireland,European Region,2019,2.53,2.52746005987,1.59633796365,3.53205128174,ensemble_top4,,,,,,
maternal_deaths,83,Ireland,Ireland,European Region,2020,3.16,2.34353689716,1.43813972094,3.28878931947,ensemble_top4,0.816463102837,0,1.72186027906,0.816463102837,1.34838926745,0.298910744873
maternal_deaths,83,Ireland,Ireland,European Region,2021,3.45,2.17361655211,1.24031876498,3.16546643968,ensemble_top4,1.27638344789,0.284533560321,2.20968123502,1.27638344789,1.58721647415,0.461981836876
maternal_deaths,83,Ireland,Ireland,European Region,2022,3.62,2.01317333063,1.09288778456,2.9833776565,ensemble_top4,1.60682666937,0.636622343504,2.52711221544,1.60682666937,1.79815614727,0.586761777256
maternal_deaths,83,Ireland,Ireland,European Region,2023,2.02,1.85834618942,0.975166413306,2.8535226038,ensemble_top4,0.161653810578,0,1.04483358669,0.161653810578,1.08698799583,0.0834105646844
maternal_deaths,84,Israel,Israel,European Region,2000,11.39,11.39,11.39,11.39,ensemble_top4,,,,,,
maternal_deaths,84,Israel,Israel,European Region,2001,9.75,9.60301624773,8.67714499229,10.4122320279,ensemble_top4,,,,,,
maternal_deaths,84,Israel,Israel,European Region,2002,8.88,8.73600935065,7.95467805275,9.5327530289,ensemble_top4,,,,,,
maternal_deaths,84,Israel,Israel,European Region,2003,7.48,7.71523153427,7.01960180434,8.56481395051,ensemble_top4,,,,,,
maternal_deaths,84,Israel,Israel,European Region,2004,6.5,6.87744869193,6.17449932544,7.58510596895,ensemble_top4,,,,,,
maternal_deaths,84,Israel,Israel,European Region,2005,6.22,6.27249076348,5.5980714323,7.0275645731,ensemble_top4,,,,,,
maternal_deaths,84,Israel,Israel,European Region,2006,6.12,5.8207548228,5.14189710425,6.4917690536,ensemble_top4,,,,,,
maternal_deaths,84,Israel,Israel,European Region,2007,5.5,5.56917975264,4.92518685202,6.18317002017,ensemble_top4,,,,,,
maternal_deaths,84,Israel,Israel,European Region,2008,5.48,5.43355160522,4.76885514168,6.02264000203,ensemble_top4,,,,,,
maternal_deaths,84,Israel,Israel,European Region,2009,5.59,5.38282440194,4.72561939635,6.00684325611,ensemble_top4,,,,,,
maternal_deaths,84,Israel,Israel,European Region,2010,5.39,5.36021417075,4.71049487548,5.98350493156,ensemble_top4,,,,,,
maternal_deaths,84,Israel,Israel,European Region,2011,5.43,5.3602900368,4.71658535681,5.99688061365,ensemble_top4,,,,,,
maternal_deaths,84,Israel,Israel,European Region,2012,5.43,5.36636160855,4.72236526008,5.99630597208,ensemble_top4,,,,,,
maternal_deaths,84,Israel,Israel,European Region,2013,5.13,5.36020737836,4.73976386507,6.00357859596,ensemble_top4,,,,,,
maternal_deaths,84,Israel,Israel,European Region,2014,5.51,5.33289822418,4.71265542439,5.97234802874,ensemble_top4,,,,,,
maternal_deaths,84,Israel,Israel,European Region,2015,4.98,5.27595097238,4.67418553343,5.91902988813,ensemble_top4,,,,,,
maternal_deaths,84,Israel,Israel,European Region,2016,5.45,5.21836432103,4.6132838661,5.82489699003,ensemble_top4,,,,,,
maternal_deaths,84,Israel,Israel,European Region,2017,5.25,5.12324202646,4.48752337124,5.72749141122,ensemble_top4,,,,,,
maternal_deaths,84,Israel,Israel,European Region,2018,4.84,5.00195024747,4.33496426497,5.64343328445,ensemble_top4,,,,,,
maternal_deaths,84,Israel,Israel,European Region,2019,4.82,4.86724055906,4.15321513703,5.58467164798,ensemble_top4,,,,,,
maternal_deaths,84,Israel,Israel,European Region,2020,5.46,4.68815038545,3.94926668685,5.55996684031,ensemble_top4,0.77184961455,0,1.51073331315,0.77184961455,1.16463840771,0.152410659189
maternal_deaths,84,Israel,Israel,European Region,2021,5.9,4.48884673978,3.65290414385,5.57846596432,ensemble_top4,1.41115326022,0.321534035684,2.24709585615,1.41115326022,1.31436877711,0.273356532978
maternal_deaths,84,Israel,Israel,European Region,2022,5.52,4.27427766934,3.39173624231,5.5760453817,ensemble_top4,1.24572233066,0,2.12826375769,1.24572233066,1.29144628099,0.255762738413
maternal_deaths,84,Israel,Israel,European Region,2023,4.29,4.0584004451,3.10890773103,5.57663994821,ensemble_top4,0.231599554901,0,1.18109226897,0.231599554901,1.05706670843,0.0554978159962
maternal_deaths,85,Italy,Italy,European Region,2000,57.43,57.43,57.43,57.43,ensemble_top4,,,,,,
maternal_deaths,85,Italy,Italy,European Region,2001,54.08,51.5035680016,45.2887095101,56.3301002708,ensemble_top4,,,,,,
maternal_deaths,85,Italy,Italy,European Region,2002,51.95,50.4388292672,44.853619884,55.6279153237,ensemble_top4,,,,,,
maternal_deaths,85,Italy,Italy,European Region,2003,43.41,48.3694474966,43.309008251,53.4431304841,ensemble_top4,,,,,,
maternal_deaths,85,Italy,Italy,European Region,2004,46.47,46.1373069243,41.1881165655,51.5892962501,ensemble_top4,,,,,,
maternal_deaths,85,Italy,Italy,European Region,2005,44.13,44.1950541796,38.9664673561,50.4585999771,ensemble_top4,,,,,,
maternal_deaths,85,Italy,Italy,European Region,2006,41.74,42.6306357577,37.7062561775,49.3218514259,ensemble_top4,,,,,,
maternal_deaths,85,Italy,Italy,European Region,2007,41.24,41.4866394148,36.6975059039,48.6220981867,ensemble_top4,,,,,,
maternal_deaths,85,Italy,Italy,European Region,2008,42.17,41.775771321,36.0821580394,48.0252278581,ensemble_top4,,,,,,
maternal_deaths,85,Italy,Italy,European Region,2009,44.07,43.250555646,37.3496006036,48.9059926413,ensemble_top4,,,,,,
maternal_deaths,85,Italy,Italy,European Region,2010,43.6,43.5014743893,37.4476528842,48.2949505514,ensemble_top4,,,,,,
maternal_deaths,85,Italy,Italy,European Region,2011,44.12,42.6480941656,36.5961494856,47.4733833269,ensemble_top4,,,,,,
maternal_deaths,85,Italy,Italy,European Region,2012,43.54,41.5632129725,35.6054122735,46.5950575352,ensemble_top4,,,,,,
maternal_deaths,85,Italy,Italy,European Region,2013,41.42,40.3896491701,34.6276426628,45.4966218134,ensemble_top4,,,,,,
maternal_deaths,85,Italy,Italy,European Region,2014,38.53,39.0288930352,33.5821337503,44.0115686887,ensemble_top4,,,,,,
maternal_deaths,85,Italy,Italy,European Region,2015,37.69,37.7248510442,32.5257438264,42.5262942547,ensemble_top4,,,,,,
maternal_deaths,85,Italy,Italy,European Region,2016,35.99,36.278378814,31.5296001584,41.1066519064,ensemble_top4,,,,,,
maternal_deaths,85,Italy,Italy,European Region,2017,35.29,34.7835329145,30.0405547979,39.8910472015,ensemble_top4,,,,,,
maternal_deaths,85,Italy,Italy,European Region,2018,32.51,33.2921558488,28.5107030038,38.8983457324,ensemble_top4,,,,,,
maternal_deaths,85,Italy,Italy,European Region,2019,30.43,32.0268304059,26.3634658306,38.1435009547,ensemble_top4,,,,,,
maternal_deaths,85,Italy,Italy,European Region,2020,31.17,31.0027051696,23.9988679377,37.3134427118,ensemble_top4,0.16729483045,0,7.17113206234,0.16729483045,1.00539613655,0.00538162956746
maternal_deaths,85,Italy,Italy,European Region,2021,29.96,30.0111576989,21.4824964005,36.5206666305,ensemble_top4,0,0,8.47750359951,-0.0511576989371,0.998295377358,-0.00170607716471
maternal_deaths,85,Italy,Italy,European Region,2022,39.13,28.9901649353,19.0598597444,35.7091816879,ensemble_top4,10.1398350647,3.42081831206,20.0701402556,10.1398350647,1.3497681054,0.299932803918
maternal_deaths,85,Italy,Italy,European Region,2023,24.91,28.1128774739,16.803160652,34.8806036192,ensemble_top4,0,0,8.10683934795,-3.20287747392,0.886070805918,-0.120958415184
maternal_deaths,86,Jamaica,Jamaica,Region of the Americas,2000,42.98,42.98,42.98,42.98,ensemble_top4,,,,,,
maternal_deaths,86,Jamaica,Jamaica,Region of the Americas,2001,42.51,40.6921695731,36.3095178533,45.0129003942,ensemble_top4,,,,,,
maternal_deaths,86,Jamaica,Jamaica,Region of the Americas,2002,41.48,41.3930712311,37.0670989354,45.5625530466,ensemble_top4,,,,,,
maternal_deaths,86,Jamaica,Jamaica,Region of the Americas,2003,40.2,41.6042079312,37.4224628684,45.7289375461,ensemble_top4,,,,,,
maternal_deaths,86,Jamaica,Jamaica,Region of the Americas,2004,38.71,41.3868058925,37.3577890275,45.3841096628,ensemble_top4,,,,,,
maternal_deaths,86,Jamaica,Jamaica,Region of the Americas,2005,39.78,41.0792701475,37.1074838943,45.0481885497,ensemble_top4,,,,,,
maternal_deaths,86,Jamaica,Jamaica,Region of the Americas,2006,42.84,40.7362149317,36.7637463213,44.6585615214,ensemble_top4,,,,,,
maternal_deaths,86,Jamaica,Jamaica,Region of the Americas,2007,41.59,40.2579634692,36.330227314,44.1919018932,ensemble_top4,,,,,,
maternal_deaths,86,Jamaica,Jamaica,Region of the Americas,2008,41.48,39.7865316768,35.9072116199,43.6247112096,ensemble_top4,,,,,,
maternal_deaths,86,Jamaica,Jamaica,Region of the Americas,2009,41.02,39.2577572578,35.4155062471,43.3586710762,ensemble_top4,,,,,,
maternal_deaths,86,Jamaica,Jamaica,Region of the Americas,2010,40.28,38.8225062259,34.871398938,42.7474444243,ensemble_top4,,,,,,
maternal_deaths,86,Jamaica,Jamaica,Region of the Americas,2011,36.85,38.4145376787,34.4787124188,42.5874070777,ensemble_top4,,,,,,
maternal_deaths,86,Jamaica,Jamaica,Region of the Americas,2012,35.52,38.1369299894,34.1198366849,42.2737274337,ensemble_top4,,,,,,
maternal_deaths,86,Jamaica,Jamaica,Region of the Americas,2013,36.54,37.8804011453,33.8609238547,42.1380349948,ensemble_top4,,,,,,
maternal_deaths,86,Jamaica,Jamaica,Region of the Americas,2014,37.98,37.7446601895,33.648390391,41.8898078999,ensemble_top4,,,,,,
maternal_deaths,86,Jamaica,Jamaica,Region of the Americas,2015,37.42,37.6585998911,33.7066097539,41.8590326642,ensemble_top4,,,,,,
maternal_deaths,86,Jamaica,Jamaica,Region of the Americas,2016,37.14,37.8268810989,33.8325327508,42.0860505854,ensemble_top4,,,,,,
maternal_deaths,86,Jamaica,Jamaica,Region of the Americas,2017,37.43,38.1568499143,34.1599619203,42.800205412,ensemble_top4,,,,,,
maternal_deaths,86,Jamaica,Jamaica,Region of the Americas,2018,38.95,38.7833242412,34.4665794464,44.9411711874,ensemble_top4,,,,,,
maternal_deaths,86,Jamaica,Jamaica,Region of the Americas,2019,41.27,39.76735168,34.8839517038,48.5995415,ensemble_top4,,,,,,
maternal_deaths,86,Jamaica,Jamaica,Region of the Americas,2020,42.92,41.1577172677,34.8129891749,54.842851367,ensemble_top4,1.76228273228,0,8.10701082508,1.76228273228,1.04281779577,0.0419264683024
maternal_deaths,86,Jamaica,Jamaica,Region of the Americas,2021,63.18,43.2482296913,34.823997787,64.0143214212,ensemble_top4,19.9317703087,0,28.356002213,19.9317703087,1.46086904484,0.379031494827
maternal_deaths,86,Jamaica,Jamaica,Region of the Americas,2022,46.31,46.0242135303,34.4971596711,77.7742909151,ensemble_top4,0.285786469673,0,11.8128403289,0.285786469673,1.00620948079,0.00619028139942
maternal_deaths,86,Jamaica,Jamaica,Region of the Americas,2023,42.96,49.2860270599,34.2534248167,97.8175050903,ensemble_top4,0,0,8.70657518329,-6.3260270599,0.871646642319,-0.137371163898
maternal_deaths,87,Japan,Japan,Western Pacific Region,2000,105.5,105.5,104.5,105.5,ensemble_top4,,,,,,
maternal_deaths,87,Japan,Japan,Western Pacific Region,2001,97.51,96.269448105,93.2711526629,151.037179525,ensemble_top4,,,,,,
maternal_deaths,87,Japan,Japan,Western Pacific Region,2002,90.77,91.0102895749,86.4246608735,93.413912119,ensemble_top4,,,,,,
maternal_deaths,87,Japan,Japan,Western Pacific Region,2003,86.16,86.6919591989,82.8370940026,88.9728323941,ensemble_top4,,,,,,
maternal_deaths,87,Japan,Japan,Western Pacific Region,2004,82.63,82.5351734483,79.2895764559,84.827103593,ensemble_top4,,,,,,
maternal_deaths,87,Japan,Japan,Western Pacific Region,2005,77.27,78.4058413839,75.7885656193,81.0187021969,ensemble_top4,,,,,,
maternal_deaths,87,Japan,Japan,Western Pacific Region,2006,74.66,75.1489816759,72.4114473187,77.4293429712,ensemble_top4,,,,,,
maternal_deaths,87,Japan,Japan,Western Pacific Region,2007,70.88,71.9453462973,69.039369321,75.2453772031,ensemble_top4,,,,,,
maternal_deaths,87,Japan,Japan,Western Pacific Region,2008,69.89,68.6102289011,65.8167837261,71.8195885481,ensemble_top4,,,,,,
maternal_deaths,87,Japan,Japan,Western Pacific Region,2009,66.35,65.6257662395,62.760765118,68.3980044242,ensemble_top4,,,,,,
maternal_deaths,87,Japan,Japan,Western Pacific Region,2010,63.67,62.88196105,60.0016869081,65.2805569737,ensemble_top4,,,,,,
maternal_deaths,87,Japan,Japan,Western Pacific Region,2011,60.01,59.9091123083,57.1912292617,62.1993032078,ensemble_top4,,,,,,
maternal_deaths,87,Japan,Japan,Western Pacific Region,2012,57.11,57.11082824,54.4939386153,59.2845784632,ensemble_top4,,,,,,
maternal_deaths,87,Japan,Japan,Western Pacific Region,2013,54.93,54.416872492,51.9034545097,56.5808131162,ensemble_top4,,,,,,
maternal_deaths,87,Japan,Japan,Western Pacific Region,2014,52.4,51.8422175026,49.3373160354,53.9868807023,ensemble_top4,,,,,,
maternal_deaths,87,Japan,Japan,Western Pacific Region,2015,50.09,49.3887745915,46.9584835994,51.5937395506,ensemble_top4,,,,,,
maternal_deaths,87,Japan,Japan,Western Pacific Region,2016,47.65,47.0807974349,44.8170825255,49.2001251248,ensemble_top4,,,,,,
maternal_deaths,87,Japan,Japan,Western Pacific Region,2017,44.63,44.8218220911,42.5470635914,47.0486442944,ensemble_top4,,,,,,
maternal_deaths,87,Japan,Japan,Western Pacific Region,2018,43.13,42.7200541647,40.4743614315,44.9069437619,ensemble_top4,,,,,,
maternal_deaths,87,Japan,Japan,Western Pacific Region,2019,40.08,40.74886513,38.5607454975,42.8501363617,ensemble_top4,,,,,,
maternal_deaths,87,Japan,Japan,Western Pacific Region,2020,36.03,38.8379849371,36.6620967316,41.0501999421,ensemble_top4,0,0,0,-2.80798493712,0.927700035373,-0.0750468361926
maternal_deaths,87,Japan,Japan,Western Pacific Region,2021,33.3,37.0380979864,34.8515901499,39.2998874167,ensemble_top4,0,0,0,-3.73809798643,0.899074245449,-0.106389661215
maternal_deaths,87,Japan,Japan,Western Pacific Region,2022,41.98,35.3429881507,33.1488832309,37.5608958734,ensemble_top4,6.63701184926,4.41910412662,8.83111676913,6.63701184926,1.18778864484,0.172093296725
maternal_deaths,87,Japan,Japan,Western Pacific Region,2023,23.08,33.724385503,31.5042942708,35.9419296486,ensemble_top4,0,0,0,-10.644385503,0.684371254087,-0.379254739472
maternal_deaths,88,Jordan,Jordan,Eastern Mediterranean,2000,96.04,96.04,96.04,96.04,ensemble_top4,,,,,,
maternal_deaths,88,Jordan,Jordan,Eastern Mediterranean,2001,93.41,89.2309386854,78.6928688433,98.5815123584,ensemble_top4,,,,,,
maternal_deaths,88,Jordan,Jordan,Eastern Mediterranean,2002,92.49,89.547894061,79.6559838912,99.7982721369,ensemble_top4,,,,,,
maternal_deaths,88,Jordan,Jordan,Eastern Mediterranean,2003,91.72,89.4216348632,80.3380418564,100.503089011,ensemble_top4,,,,,,
maternal_deaths,88,Jordan,Jordan,Eastern Mediterranean,2004,88.69,89.1813109735,79.6229512219,101.742749013,ensemble_top4,,,,,,
maternal_deaths,88,Jordan,Jordan,Eastern Mediterranean,2005,86.41,89.2598539846,78.7892683791,103.123306316,ensemble_top4,,,,,,
maternal_deaths,88,Jordan,Jordan,Eastern Mediterranean,2006,82.97,89.878818427,77.9687191146,105.010906634,ensemble_top4,,,,,,
maternal_deaths,88,Jordan,Jordan,Eastern Mediterranean,2007,97.13,94.8760247914,82.698371679,106.229231168,ensemble_top4,,,,,,
maternal_deaths,88,Jordan,Jordan,Eastern Mediterranean,2008,99.88,97.6623650375,86.0661901474,108.479959519,ensemble_top4,,,,,,
maternal_deaths,88,Jordan,Jordan,Eastern Mediterranean,2009,99.7,98.2107164333,86.0035880374,109.826594197,ensemble_top4,,,,,,
maternal_deaths,88,Jordan,Jordan,Eastern Mediterranean,2010,99,97.0731149321,85.043777458,106.939585396,ensemble_top4,,,,,,
maternal_deaths,88,Jordan,Jordan,Eastern Mediterranean,2011,97.21,95.4045420948,84.4290145371,105.166121817,ensemble_top4,,,,,,
maternal_deaths,88,Jordan,Jordan,Eastern Mediterranean,2012,96.17,94.0858166777,83.6230843281,103.114978645,ensemble_top4,,,,,,
maternal_deaths,88,Jordan,Jordan,Eastern Mediterranean,2013,87.53,93.061879359,82.6116071325,102.296065069,ensemble_top4,,,,,,
maternal_deaths,88,Jordan,Jordan,Eastern Mediterranean,2014,91.45,91.9892294701,82.2875206431,101.245472719,ensemble_top4,,,,,,
maternal_deaths,88,Jordan,Jordan,Eastern Mediterranean,2015,93.03,91.0395776146,81.5151962938,100.903697811,ensemble_top4,,,,,,
maternal_deaths,88,Jordan,Jordan,Eastern Mediterranean,2016,95.95,90.133817548,81.014655688,100.160481722,ensemble_top4,,,,,,
maternal_deaths,88,Jordan,Jordan,Eastern Mediterranean,2017,90.87,89.3985907528,80.3858056031,99.8326396579,ensemble_top4,,,,,,
maternal_deaths,88,Jordan,Jordan,Eastern Mediterranean,2018,85.93,88.7477495359,79.5298670062,99.3992349632,ensemble_top4,,,,,,
maternal_deaths,88,Jordan,Jordan,Eastern Mediterranean,2019,82.44,88.1705365493,78.8838180616,99.1493087777,ensemble_top4,,,,,,
maternal_deaths,88,Jordan,Jordan,Eastern Mediterranean,2020,96.42,87.4500453514,77.4145266099,99.2682175625,ensemble_top4,8.96995464857,0,19.0054733901,8.96995464857,1.10257232701,0.0976459289146
maternal_deaths,88,Jordan,Jordan,Eastern Mediterranean,2021,185.1,87.1006417441,76.6790417511,99.1788392687,ensemble_top4,97.9993582559,85.9211607313,108.420958249,97.9993582559,2.12512785547,0.753831967848
maternal_deaths,88,Jordan,Jordan,Eastern Mediterranean,2022,82.65,86.7550910194,75.3379209504,99.0103948034,ensemble_top4,0,0,7.3120790496,-4.10509101938,0.952681842977,-0.0484742789404
maternal_deaths,88,Jordan,Jordan,Eastern Mediterranean,2023,72.57,86.5019725154,74.0609220897,98.4575667209,ensemble_top4,0,0,0,-13.9319725154,0.838940406672,-0.175615604034
maternal_deaths,89,Kazakhstan,Kazakhstan,European Region,2000,142.1,142.1,142.1,142.1,ensemble_top4,,,,,,
maternal_deaths,89,Kazakhstan,Kazakhstan,European Region,2001,131.4,127.801721498,115.759487405,138.899897372,ensemble_top4,,,,,,
maternal_deaths,89,Kazakhstan,Kazakhstan,European Region,2002,124.3,129.314325773,119.036429852,139.717579633,ensemble_top4,,,,,,
maternal_deaths,89,Kazakhstan,Kazakhstan,European Region,2003,122.8,125.613081521,115.562794616,135.863836434,ensemble_top4,,,,,,
maternal_deaths,89,Kazakhstan,Kazakhstan,European Region,2004,122.1,120.078684479,109.30123346,131.66675648,ensemble_top4,,,,,,
maternal_deaths,89,Kazakhstan,Kazakhstan,European Region,2005,117.5,118.482231864,107.311759489,131.193873674,ensemble_top4,,,,,,
maternal_deaths,89,Kazakhstan,Kazakhstan,European Region,2006,114.7,114.183253033,102.153031704,125.522358109,ensemble_top4,,,,,,
maternal_deaths,89,Kazakhstan,Kazakhstan,European Region,2007,111.3,108.339056956,96.5980420981,120.962892385,ensemble_top4,,,,,,
maternal_deaths,89,Kazakhstan,Kazakhstan,European Region,2008,106.3,99.5605047056,88.9106675466,111.952942938,ensemble_top4,,,,,,
maternal_deaths,89,Kazakhstan,Kazakhstan,European Region,2009,92.4,90.635672954,80.9030987242,100.608737486,ensemble_top4,,,,,,
maternal_deaths,89,Kazakhstan,Kazakhstan,European Region,2010,82.26,82.8590571919,73.5169727014,92.4862381845,ensemble_top4,,,,,,
maternal_deaths,89,Kazakhstan,Kazakhstan,European Region,2011,72.18,75.9299151568,66.5939718525,85.8873616723,ensemble_top4,,,,,,
maternal_deaths,89,Kazakhstan,Kazakhstan,European Region,2012,64.76,69.765232621,60.456815218,79.7510588926,ensemble_top4,,,,,,
maternal_deaths,89,Kazakhstan,Kazakhstan,European Region,2013,59.11,63.9464593078,54.7508032492,73.6346899686,ensemble_top4,,,,,,
maternal_deaths,89,Kazakhstan,Kazakhstan,European Region,2014,56.19,58.8716574984,49.6336784219,67.9205603604,ensemble_top4,,,,,,
maternal_deaths,89,Kazakhstan,Kazakhstan,European Region,2015,51.98,54.1420842119,44.6912356807,63.7118653366,ensemble_top4,,,,,,
maternal_deaths,89,Kazakhstan,Kazakhstan,European Region,2016,49.96,49.9979116116,40.4633549591,59.4004489902,ensemble_top4,,,,,,
maternal_deaths,89,Kazakhstan,Kazakhstan,European Region,2017,46.58,46.1039887904,36.6052686684,55.6831901602,ensemble_top4,,,,,,
maternal_deaths,89,Kazakhstan,Kazakhstan,European Region,2018,46.59,42.6206747591,32.556298351,52.3545877242,ensemble_top4,,,,,,
maternal_deaths,89,Kazakhstan,Kazakhstan,European Region,2019,44.98,39.7910489954,29.3304485809,50.0692930818,ensemble_top4,,,,,,
maternal_deaths,89,Kazakhstan,Kazakhstan,European Region,2020,78.76,36.9644354408,26.1645973408,47.8601493264,ensemble_top4,41.7955645592,30.8998506736,52.5954026592,41.7955645592,2.13069668347,0.756449007684
maternal_deaths,89,Kazakhstan,Kazakhstan,European Region,2021,104.2,34.5742585915,23.0363014929,46.1674166116,ensemble_top4,69.6257414085,58.0325833884,81.1636985071,69.6257414085,3.01380287662,1.10320269548
maternal_deaths,89,Kazakhstan,Kazakhstan,European Region,2022,58.6,32.4364874347,19.8362214325,44.991949234,ensemble_top4,26.1635125653,13.608050766,38.7637785675,26.1635125653,1.80660745458,0.591450752029
maternal_deaths,89,Kazakhstan,Kazakhstan,European Region,2023,39.22,30.2609480829,17.3631247061,43.7465036239,ensemble_top4,8.9590519171,0,21.8568752939,8.9590519171,1.29605985551,0.259328781673
maternal_deaths,90,Kenya,Kenya,African Region,2000,5488,5488,5488,5488,ensemble_top4,,,,,,
maternal_deaths,90,Kenya,Kenya,African Region,2001,5507,5236.52835733,4507.30421615,5783.32515183,ensemble_top4,,,,,,
maternal_deaths,90,Kenya,Kenya,African Region,2002,5687,5498.85445994,4928.45772094,5860.07944591,ensemble_top4,,,,,,
maternal_deaths,90,Kenya,Kenya,African Region,2003,5693,5651.47199596,5115.94663743,6133.53371012,ensemble_top4,,,,,,
maternal_deaths,90,Kenya,Kenya,African Region,2004,5783,5780.60192969,5370.0104337,6379.61281625,ensemble_top4,,,,,,
maternal_deaths,90,Kenya,Kenya,African Region,2005,6019,6119.17047511,5622.56127926,6667.11104122,ensemble_top4,,,,,,
maternal_deaths,90,Kenya,Kenya,African Region,2006,6387,6474.67345019,6082.92502396,7110.35837015,ensemble_top4,,,,,,
maternal_deaths,90,Kenya,Kenya,African Region,2007,6918,6953.99016633,6532.76271413,7478.61153538,ensemble_top4,,,,,,
maternal_deaths,90,Kenya,Kenya,African Region,2008,7182,7289.49363698,6838.51205477,7718.88329208,ensemble_top4,,,,,,
maternal_deaths,90,Kenya,Kenya,African Region,2009,7484,7457.69934954,6985.31895777,7856.91526499,ensemble_top4,,,,,,
maternal_deaths,90,Kenya,Kenya,African Region,2010,7519,7474.43205029,6991.19304658,7871.0560665,ensemble_top4,,,,,,
maternal_deaths,90,Kenya,Kenya,African Region,2011,7406,7387.01425925,6916.27798111,7785.02004422,ensemble_top4,,,,,,
maternal_deaths,90,Kenya,Kenya,African Region,2012,7340,7226.59202063,6771.99074195,7616.25843643,ensemble_top4,,,,,,
maternal_deaths,90,Kenya,Kenya,African Region,2013,7077,7034.50649442,6610.15530903,7456.94300984,ensemble_top4,,,,,,
maternal_deaths,90,Kenya,Kenya,African Region,2014,6855,6838.35812873,6426.97023693,7278.74971666,ensemble_top4,,,,,,
maternal_deaths,90,Kenya,Kenya,African Region,2015,6599,6647.66607719,6252.97607082,7082.67177677,ensemble_top4,,,,,,
maternal_deaths,90,Kenya,Kenya,African Region,2016,6411,6472.87263167,6097.80721385,6916.82987786,ensemble_top4,,,,,,
maternal_deaths,90,Kenya,Kenya,African Region,2017,6227,6315.14192351,5924.18983811,6758.85835549,ensemble_top4,,,,,,
maternal_deaths,90,Kenya,Kenya,African Region,2018,6240,6178.29276675,5769.39723123,6601.3764592,ensemble_top4,,,,,,
maternal_deaths,90,Kenya,Kenya,African Region,2019,5996,6066.32911496,5597.435633,6479.08615846,ensemble_top4,,,,,,
maternal_deaths,90,Kenya,Kenya,African Region,2020,6110,5966.25288682,5478.39177088,6365.25081695,ensemble_top4,143.747113181,0,631.608229122,143.747113181,1.02409336579,0.0238076999875
maternal_deaths,90,Kenya,Kenya,African Region,2021,6184,5881.23423987,5329.42380154,6284.15314001,ensemble_top4,302.765760131,0,854.576198464,302.765760131,1.05147996964,0.0501986666618
maternal_deaths,90,Kenya,Kenya,African Region,2022,5762,5792.12453309,5205.20026117,6217.72385299,ensemble_top4,0,0,556.799738826,-30.1245330898,0.994799052935,-0.00521451906871
maternal_deaths,90,Kenya,Kenya,African Region,2023,5682,5729.7610067,5055.37021397,6144.81311582,ensemble_top4,0,0,626.629786032,-47.7610067011,0.991664398106,-0.00837053729759
maternal_deaths,91,Kiribati,Kiribati,Western Pacific Region,2000,3.31,3.31,3.31,3.31,ranked_top1_fallback,,,,,,
maternal_deaths,91,Kiribati,Kiribati,Western Pacific Region,2001,3.12,2.87709391434,2.47663452003,3.26300906133,ranked_top1_fallback,,,,,,
maternal_deaths,91,Kiribati,Kiribati,Western Pacific Region,2002,2.97,2.98542687358,2.62328607707,3.339684367,ranked_top1_fallback,,,,,,
maternal_deaths,91,Kiribati,Kiribati,Western Pacific Region,2003,2.84,3.06077088828,2.71712702906,3.41218147615,ranked_top1_fallback,,,,,,
maternal_deaths,91,Kiribati,Kiribati,Western Pacific Region,2004,2.93,3.10883946866,2.76618300473,3.44549395053,ranked_top1_fallback,,,,,,
maternal_deaths,91,Kiribati,Kiribati,Western Pacific Region,2005,2.96,3.1382653372,2.79737762501,3.47532649616,ranked_top1_fallback,,,,,,
maternal_deaths,91,Kiribati,Kiribati,Western Pacific Region,2006,3.04,3.16243770359,2.82518730745,3.49480518431,ranked_top1_fallback,,,,,,
maternal_deaths,91,Kiribati,Kiribati,Western Pacific Region,2007,3.12,3.17828045086,2.83029646589,3.51178562296,ranked_top1_fallback,,,,,,
maternal_deaths,91,Kiribati,Kiribati,Western Pacific Region,2008,3.22,3.18770210938,2.84532779265,3.5224288311,ranked_top1_fallback,,,,,,
maternal_deaths,91,Kiribati,Kiribati,Western Pacific Region,2009,3.28,3.18791414115,2.85185861514,3.52649168262,ranked_top1_fallback,,,,,,
maternal_deaths,91,Kiribati,Kiribati,Western Pacific Region,2010,3.46,3.18489887212,2.85803857654,3.51652673899,ranked_top1_fallback,,,,,,
maternal_deaths,91,Kiribati,Kiribati,Western Pacific Region,2011,3.42,3.18058674633,2.85292876655,3.51481610156,ranked_top1_fallback,,,,,,
maternal_deaths,91,Kiribati,Kiribati,Western Pacific Region,2012,3.38,3.17124369719,2.83415433667,3.50211586038,ranked_top1_fallback,,,,,,
maternal_deaths,91,Kiribati,Kiribati,Western Pacific Region,2013,3.18,3.16760739316,2.83135571576,3.49016674842,ranked_top1_fallback,,,,,,
maternal_deaths,91,Kiribati,Kiribati,Western Pacific Region,2014,3.09,3.1532473342,2.8245833155,3.48036435609,ranked_top1_fallback,,,,,,
maternal_deaths,91,Kiribati,Kiribati,Western Pacific Region,2015,3.05,3.13520313991,2.79373456473,3.4849393746,ranked_top1_fallback,,,,,,
maternal_deaths,91,Kiribati,Kiribati,Western Pacific Region,2016,2.98,3.12268221665,2.78672048504,3.45847226325,ranked_top1_fallback,,,,,,
maternal_deaths,91,Kiribati,Kiribati,Western Pacific Region,2017,3.05,3.10698974638,2.76889345571,3.43841819179,ranked_top1_fallback,,,,,,
maternal_deaths,91,Kiribati,Kiribati,Western Pacific Region,2018,2.98,3.08327347464,2.74233902654,3.4317380823,ranked_top1_fallback,,,,,,
maternal_deaths,91,Kiribati,Kiribati,Western Pacific Region,2019,3.07,3.07143432838,2.71321141321,3.42626569149,ranked_top1_fallback,,,,,,
maternal_deaths,91,Kiribati,Kiribati,Western Pacific Region,2020,3.07,3.04469674738,2.67671048219,3.40617515874,ranked_top1_fallback,0.0253032526211,0,0.393289517808,0.0253032526211,1.00831059863,0.00827625574845
maternal_deaths,91,Kiribati,Kiribati,Western Pacific Region,2021,4.21,3.02894013744,2.65125561556,3.41206254601,ranked_top1_fallback,1.18105986256,0.797937453995,1.55874438444,1.18105986256,1.38992512528,0.329249878987
maternal_deaths,91,Kiribati,Kiribati,Western Pacific Region,2022,2.96,3.00176887818,2.61664976802,3.40735405655,ranked_top1_fallback,0,0,0.343350231976,-0.0417688781751,0.98608524511,-0.0140124726294
maternal_deaths,91,Kiribati,Kiribati,Western Pacific Region,2023,2.73,2.97762328811,2.6013889675,3.38689648779,ranked_top1_fallback,0,0,0.128611032497,-0.247623288112,0.91683861115,-0.0868238187801
maternal_deaths,92,Kuwait,Kuwait,Eastern Mediterranean,2000,4.92,4.92,4.92,4.92,ranked_top1_fallback,,,,,,
maternal_deaths,92,Kuwait,Kuwait,Eastern Mediterranean,2001,5,4.94804753012,4.5745572793,5.30759239154,ranked_top1_fallback,,,,,,
maternal_deaths,92,Kuwait,Kuwait,Eastern Mediterranean,2002,5.04,5.07340941728,4.73870137833,5.40453295962,ranked_top1_fallback,,,,,,
maternal_deaths,92,Kuwait,Kuwait,Eastern Mediterranean,2003,5.12,5.13146252764,4.81640829012,5.45673657008,ranked_top1_fallback,,,,,,
maternal_deaths,92,Kuwait,Kuwait,Eastern Mediterranean,2004,5.21,5.14566397563,4.83084361565,5.45484645848,ranked_top1_fallback,,,,,,
maternal_deaths,92,Kuwait,Kuwait,Eastern Mediterranean,2005,5.09,5.13168593115,4.8206893463,5.44242139617,ranked_top1_fallback,,,,,,
maternal_deaths,92,Kuwait,Kuwait,Eastern Mediterranean,2006,5,5.10497122175,4.79723087252,5.40790017956,ranked_top1_fallback,,,,,,
maternal_deaths,92,Kuwait,Kuwait,Eastern Mediterranean,2007,4.92,5.06893357715,4.74889728672,5.37428046636,ranked_top1_fallback,,,,,,
maternal_deaths,92,Kuwait,Kuwait,Eastern Mediterranean,2008,4.92,5.02695706342,4.71300863352,5.33455026932,ranked_top1_fallback,,,,,,
maternal_deaths,92,Kuwait,Kuwait,Eastern Mediterranean,2009,4.94,4.9691495953,4.66326316566,5.28205136227,ranked_top1_fallback,,,,,,
maternal_deaths,92,Kuwait,Kuwait,Eastern Mediterranean,2010,4.88,4.91103239876,4.60944643521,5.21356018009,ranked_top1_fallback,,,,,,
maternal_deaths,92,Kuwait,Kuwait,Eastern Mediterranean,2011,4.79,4.84797934649,4.55367941293,5.15346103015,ranked_top1_fallback,,,,,,
maternal_deaths,92,Kuwait,Kuwait,Eastern Mediterranean,2012,4.97,4.77973404844,4.47177372852,5.08009382874,ranked_top1_fallback,,,,,,
maternal_deaths,92,Kuwait,Kuwait,Eastern Mediterranean,2013,4.78,4.7188187157,4.41306345896,5.01387109921,ranked_top1_fallback,,,,,,
maternal_deaths,92,Kuwait,Kuwait,Eastern Mediterranean,2014,4.94,4.64527631745,4.3467261959,4.94268155498,ranked_top1_fallback,,,,,,
maternal_deaths,92,Kuwait,Kuwait,Eastern Mediterranean,2015,4.64,4.57067159788,4.26085093586,4.89126907214,ranked_top1_fallback,,,,,,
maternal_deaths,92,Kuwait,Kuwait,Eastern Mediterranean,2016,4.56,4.50116331223,4.1932381523,4.80525096571,ranked_top1_fallback,,,,,,
maternal_deaths,92,Kuwait,Kuwait,Eastern Mediterranean,2017,4.59,4.4259999965,4.11734618521,4.73485573754,ranked_top1_fallback,,,,,,
maternal_deaths,92,Kuwait,Kuwait,Eastern Mediterranean,2018,4.16,4.35027011376,4.0364396023,4.66796897946,ranked_top1_fallback,,,,,,
maternal_deaths,92,Kuwait,Kuwait,Eastern Mediterranean,2019,3.97,4.28128102166,3.95387873927,4.60436529855,ranked_top1_fallback,,,,,,
maternal_deaths,92,Kuwait,Kuwait,Eastern Mediterranean,2020,17.23,4.20242047727,3.87418413491,4.53327951397,ranked_top1_fallback,13.0275795227,12.696720486,13.3558158651,13.0275795227,4.10001809509,1.41099138714
maternal_deaths,92,Kuwait,Kuwait,Eastern Mediterranean,2021,32.89,4.13227865476,3.79369548185,4.47243392234,ranked_top1_fallback,28.7577213452,28.4175660777,29.0963045181,28.7577213452,7.95928898988,2.07433967299
maternal_deaths,92,Kuwait,Kuwait,Eastern Mediterranean,2022,3.73,4.0532400995,3.70716690971,4.41597125316,ranked_top1_fallback,0,0,0.0228330902947,-0.323240099502,0.920251430567,-0.0831083521821
maternal_deaths,92,Kuwait,Kuwait,Eastern Mediterranean,2023,3.83,3.9777698694,3.64290299642,4.33622860709,ranked_top1_fallback,0,0,0.187097003577,-0.147769869395,0.962851076295,-0.037856524735
maternal_deaths,93,Kyrgyzstan,Kyrgyzstan,European Region,2000,80.52,80.52,79.52,80.52,ensemble_top4,,,,,,
maternal_deaths,93,Kyrgyzstan,Kyrgyzstan,European Region,2001,80.6,80.8952593048,62.1510200331,102.423838369,ensemble_top4,,,,,,
maternal_deaths,93,Kyrgyzstan,Kyrgyzstan,European Region,2002,83.36,83.6985371835,69.3593759292,106.764630896,ensemble_top4,,,,,,
maternal_deaths,93,Kyrgyzstan,Kyrgyzstan,European Region,2003,86.32,86.6984938554,71.7192760901,110.396526608,ensemble_top4,,,,,,
maternal_deaths,93,Kyrgyzstan,Kyrgyzstan,European Region,2004,87.93,90.3060048347,74.4214258331,111.7764307,ensemble_top4,,,,,,
maternal_deaths,93,Kyrgyzstan,Kyrgyzstan,European Region,2005,89.92,93.6385288525,78.1882009032,111.671921293,ensemble_top4,,,,,,
maternal_deaths,93,Kyrgyzstan,Kyrgyzstan,European Region,2006,96.58,96.2746607036,82.4119246098,110.629208226,ensemble_top4,,,,,,
maternal_deaths,93,Kyrgyzstan,Kyrgyzstan,European Region,2007,97.11,98.4889956974,86.2721015187,111.506189335,ensemble_top4,,,,,,
maternal_deaths,93,Kyrgyzstan,Kyrgyzstan,European Region,2008,97.48,100.018741202,86.4231055178,113.570841538,ensemble_top4,,,,,,
maternal_deaths,93,Kyrgyzstan,Kyrgyzstan,European Region,2009,98.94,101.071674165,83.7005869312,115.954186551,ensemble_top4,,,,,,
maternal_deaths,93,Kyrgyzstan,Kyrgyzstan,European Region,2010,106.4,100.798049366,80.9150871225,116.11263418,ensemble_top4,,,,,,
maternal_deaths,93,Kyrgyzstan,Kyrgyzstan,European Region,2011,107.8,99.5231441954,78.2304656988,114.55930563,ensemble_top4,,,,,,
maternal_deaths,93,Kyrgyzstan,Kyrgyzstan,European Region,2012,105,96.5738215304,76.7232633625,111.00586144,ensemble_top4,,,,,,
maternal_deaths,93,Kyrgyzstan,Kyrgyzstan,European Region,2013,97.48,93.4197389211,75.1588245253,107.019631865,ensemble_top4,,,,,,
maternal_deaths,93,Kyrgyzstan,Kyrgyzstan,European Region,2014,95.96,90.2620851675,73.451148719,103.803751459,ensemble_top4,,,,,,
maternal_deaths,93,Kyrgyzstan,Kyrgyzstan,European Region,2015,88.92,87.4116445718,72.4886408429,101.408233272,ensemble_top4,,,,,,
maternal_deaths,93,Kyrgyzstan,Kyrgyzstan,European Region,2016,79.7,85.1591291797,71.9191985576,99.0263061107,ensemble_top4,,,,,,
maternal_deaths,93,Kyrgyzstan,Kyrgyzstan,European Region,2017,73.02,83.3348270176,70.8213792738,96.024813592,ensemble_top4,,,,,,
maternal_deaths,93,Kyrgyzstan,Kyrgyzstan,European Region,2018,82.5,81.8537842646,69.6544216126,94.8133216966,ensemble_top4,,,,,,
maternal_deaths,93,Kyrgyzstan,Kyrgyzstan,European Region,2019,81.09,80.8423859439,67.705135598,93.4059757892,ensemble_top4,,,,,,
maternal_deaths,93,Kyrgyzstan,Kyrgyzstan,European Region,2020,88.23,79.8365811724,66.0622388219,92.535354232,ensemble_top4,8.39341882756,0,22.1677611781,8.39341882756,1.1051324932,0.0999652311342
maternal_deaths,93,Kyrgyzstan,Kyrgyzstan,European Region,2021,107.6,78.9875093357,63.0817952039,91.9363597301,ensemble_top4,28.6124906643,15.6636402699,44.5182047961,28.6124906643,1.36224069989,0.309130917436
maternal_deaths,93,Kyrgyzstan,Kyrgyzstan,European Region,2022,65.69,78.171640202,60.5604494511,91.6888121911,ensemble_top4,0,0,5.12955054894,-12.481640202,0.840330327344,-0.173960217608
maternal_deaths,93,Kyrgyzstan,Kyrgyzstan,European Region,2023,63.16,77.9992426977,57.1617883953,91.1364772296,ensemble_top4,0,0,5.99821160466,-14.8392426977,0.809751451624,-0.211027928251
maternal_deaths,94,Laos,Lao People's Democratic Republic,Western Pacific Region,2000,1088,1088,1088,1088,ensemble_top4,,,,,,
maternal_deaths,94,Laos,Lao People's Democratic Republic,Western Pacific Region,2001,1017,996.387137477,960.32463764,1033.57154614,ensemble_top4,,,,,,
maternal_deaths,94,Laos,Lao People's Democratic Republic,Western Pacific Region,2002,962.9,973.887142197,940.360854184,1007.52142903,ensemble_top4,,,,,,
maternal_deaths,94,Laos,Lao People's Democratic Republic,Western Pacific Region,2003,915.9,923.240595728,890.171769301,955.993100158,ensemble_top4,,,,,,
maternal_deaths,94,Laos,Lao People's Democratic Republic,Western Pacific Region,2004,856.3,859.608456094,826.324505682,890.654533561,ensemble_top4,,,,,,
maternal_deaths,94,Laos,Lao People's Democratic Republic,Western Pacific Region,2005,774.5,793.871206401,762.636186774,827.135650332,ensemble_top4,,,,,,
maternal_deaths,94,Laos,Lao People's Democratic Republic,Western Pacific Region,2006,730.3,733.772731374,698.348108348,773.037402193,ensemble_top4,,,,,,
maternal_deaths,94,Laos,Lao People's Democratic Republic,Western Pacific Region,2007,684.6,682.817964421,647.439062628,718.049922166,ensemble_top4,,,,,,
maternal_deaths,94,Laos,Lao People's Democratic Republic,Western Pacific Region,2008,641.9,624.583904781,591.29189512,655.863109589,ensemble_top4,,,,,,
maternal_deaths,94,Laos,Lao People's Democratic Republic,Western Pacific Region,2009,578.8,566.310399512,533.149626194,597.468047377,ensemble_top4,,,,,,
maternal_deaths,94,Laos,Lao People's Democratic Republic,Western Pacific Region,2010,524.7,512.567414014,479.621589996,543.459413346,ensemble_top4,,,,,,
maternal_deaths,94,Laos,Lao People's Democratic Republic,Western Pacific Region,2011,460,464.081049046,433.108813685,494.680906212,ensemble_top4,,,,,,
maternal_deaths,94,Laos,Lao People's Democratic Republic,Western Pacific Region,2012,410.9,419.190636895,386.840454771,449.780908594,ensemble_top4,,,,,,
maternal_deaths,94,Laos,Lao People's Democratic Republic,Western Pacific Region,2013,364.9,379.640132048,348.27516664,410.420437528,ensemble_top4,,,,,,
maternal_deaths,94,Laos,Lao People's Democratic Republic,Western Pacific Region,2014,323.8,342.555227937,311.167524658,372.961233301,ensemble_top4,,,,,,
maternal_deaths,94,Laos,Lao People's Democratic Republic,Western Pacific Region,2015,305,310.779828429,279.541767286,341.520274777,ensemble_top4,,,,,,
maternal_deaths,94,Laos,Lao People's Democratic Republic,Western Pacific Region,2016,279.8,281.435111638,250.519781056,312.247605088,ensemble_top4,,,,,,
maternal_deaths,94,Laos,Lao People's Democratic Republic,Western Pacific Region,2017,260.1,255.907967847,226.21709902,288.228474503,ensemble_top4,,,,,,
maternal_deaths,94,Laos,Lao People's Democratic Republic,Western Pacific Region,2018,243.6,232.99656883,201.54254693,267.514001587,ensemble_top4,,,,,,
maternal_deaths,94,Laos,Lao People's Democratic Republic,Western Pacific Region,2019,228.8,213.55360189,180.916729623,248.379214566,ensemble_top4,,,,,,
maternal_deaths,94,Laos,Lao People's Democratic Republic,Western Pacific Region,2020,219.4,194.694421547,161.305191337,234.653021867,ensemble_top4,24.705578453,0,58.0948086627,24.705578453,1.12689412597,0.119465287404
maternal_deaths,94,Laos,Lao People's Democratic Republic,Western Pacific Region,2021,229.2,179.556328943,144.407063942,222.340588617,ensemble_top4,49.6436710569,6.85941138262,84.7929360578,49.6436710569,1.27647965042,0.244106015872
maternal_deaths,94,Laos,Lao People's Democratic Republic,Western Pacific Region,2022,196.7,165.215235659,128.62657754,212.66034024,ensemble_top4,31.4847643415,0,68.0734224602,31.4847643415,1.19056816531,0.174430643025
maternal_deaths,94,Laos,Lao People's Democratic Republic,Western Pacific Region,2023,182.9,152.404581839,114.179252572,203.275115176,ensemble_top4,30.4954181611,0,68.720747428,30.4954181611,1.20009515326,0.182400848036
maternal_deaths,95,Latvia,Latvia,European Region,2000,6.83,6.83,6.83,6.83,ensemble_top4,,,,,,
maternal_deaths,95,Latvia,Latvia,European Region,2001,6.42,6.06379046513,4.59167371352,7.45351577594,ensemble_top4,,,,,,
maternal_deaths,95,Latvia,Latvia,European Region,2002,5.92,6.30943292101,5.05296307225,7.53575827128,ensemble_top4,,,,,,
maternal_deaths,95,Latvia,Latvia,European Region,2003,6.42,6.39581114926,5.13970799642,7.63287387667,ensemble_top4,,,,,,
maternal_deaths,95,Latvia,Latvia,European Region,2004,5.81,6.24423515045,5.06067350469,7.4726361113,ensemble_top4,,,,,,
maternal_deaths,95,Latvia,Latvia,European Region,2005,5.88,6.10109633214,4.86764281126,7.37961108764,ensemble_top4,,,,,,
maternal_deaths,95,Latvia,Latvia,European Region,2006,6.37,6.00254677543,4.78999899109,7.2702589939,ensemble_top4,,,,,,
maternal_deaths,95,Latvia,Latvia,European Region,2007,6.61,5.79258805699,4.61684071798,6.96532400815,ensemble_top4,,,,,,
maternal_deaths,95,Latvia,Latvia,European Region,2008,6.08,5.5810739596,4.37929652827,6.77191726048,ensemble_top4,,,,,,
maternal_deaths,95,Latvia,Latvia,European Region,2009,5.4,5.38754186863,4.1951832525,6.53073781847,ensemble_top4,,,,,,
maternal_deaths,95,Latvia,Latvia,European Region,2010,4.5,5.21202972973,4.04632547108,6.34307175105,ensemble_top4,,,,,,
maternal_deaths,95,Latvia,Latvia,European Region,2011,4.29,5.06287754258,3.84805488322,6.25424103367,ensemble_top4,,,,,,
maternal_deaths,95,Latvia,Latvia,European Region,2012,4.11,4.95605834578,3.77571483348,6.09843489143,ensemble_top4,,,,,,
maternal_deaths,95,Latvia,Latvia,European Region,2013,5.04,4.84669029873,3.67340856853,5.99788819186,ensemble_top4,,,,,,
maternal_deaths,95,Latvia,Latvia,European Region,2014,4.88,4.76342919585,3.58032620074,5.90623038542,ensemble_top4,,,,,,
maternal_deaths,95,Latvia,Latvia,European Region,2015,4.9,4.67496228882,3.51711664922,5.88392916062,ensemble_top4,,,,,,
maternal_deaths,95,Latvia,Latvia,European Region,2016,5.15,4.61747813367,3.41838747519,5.80022403171,ensemble_top4,,,,,,
maternal_deaths,95,Latvia,Latvia,European Region,2017,4.86,4.56037855718,3.39519554425,5.73647049973,ensemble_top4,,,,,,
maternal_deaths,95,Latvia,Latvia,European Region,2018,4.5,4.49040457441,3.30136716735,5.73875513239,ensemble_top4,,,,,,
maternal_deaths,95,Latvia,Latvia,European Region,2019,4.17,4.45045601734,3.20087717386,5.70487113584,ensemble_top4,,,,,,
maternal_deaths,95,Latvia,Latvia,European Region,2020,3.72,4.37383598706,3.11723543724,5.74266302664,ensemble_top4,0,0,0.60276456276,-0.653835987064,0.850512001594,-0.161916756025
maternal_deaths,95,Latvia,Latvia,European Region,2021,7.28,4.31885889624,3.03630600622,5.82660092888,ensemble_top4,2.96114110376,1.45339907112,4.24369399378,2.96114110376,1.68563043501,0.522139639233
maternal_deaths,95,Latvia,Latvia,European Region,2022,4.66,4.24583379873,2.87924488658,5.95014026696,ensemble_top4,0.414166201273,0,1.78075511342,0.414166201273,1.09754649402,0.093077228645
maternal_deaths,95,Latvia,Latvia,European Region,2023,2.67,4.15453096054,2.82756389818,6.10634000863,ensemble_top4,0,0,0,-1.48453096054,0.642671826341,-0.442121063974
maternal_deaths,96,Lebanon,Lebanon,Eastern Mediterranean,2000,21.79,21.79,20.79,21.79,ensemble_top4,,,,,,
maternal_deaths,96,Lebanon,Lebanon,Eastern Mediterranean,2001,20.44,18.7178612448,15.2279516991,22.9762641726,ensemble_top4,,,,,,
maternal_deaths,96,Lebanon,Lebanon,Eastern Mediterranean,2002,18.96,18.9429425734,13.8757509371,22.4793381419,ensemble_top4,,,,,,
maternal_deaths,96,Lebanon,Lebanon,Eastern Mediterranean,2003,17.45,17.8163767626,12.5994520188,21.4217260926,ensemble_top4,,,,,,
maternal_deaths,96,Lebanon,Lebanon,Eastern Mediterranean,2004,16.2,16.1353019887,11.6148903157,19.3657944729,ensemble_top4,,,,,,
maternal_deaths,96,Lebanon,Lebanon,Eastern Mediterranean,2005,15.07,14.5930276467,11.0429903418,17.6859060491,ensemble_top4,,,,,,
maternal_deaths,96,Lebanon,Lebanon,Eastern Mediterranean,2006,14.94,13.8125482854,10.7822999868,16.7353509237,ensemble_top4,,,,,,
maternal_deaths,96,Lebanon,Lebanon,Eastern Mediterranean,2007,13.8,13.3576813656,10.4679721755,16.2971271243,ensemble_top4,,,,,,
maternal_deaths,96,Lebanon,Lebanon,Eastern Mediterranean,2008,13.56,13.2215847497,10.339283196,16.3639578847,ensemble_top4,,,,,,
maternal_deaths,96,Lebanon,Lebanon,Eastern Mediterranean,2009,13.5,13.3985165654,10.567062433,16.5036203292,ensemble_top4,,,,,,
maternal_deaths,96,Lebanon,Lebanon,Eastern Mediterranean,2010,13.87,13.8407941055,10.9817708853,16.8098971518,ensemble_top4,,,,,,
maternal_deaths,96,Lebanon,Lebanon,Eastern Mediterranean,2011,14.1,14.3847571786,11.4777499844,17.1845708637,ensemble_top4,,,,,,
maternal_deaths,96,Lebanon,Lebanon,Eastern Mediterranean,2012,14.16,14.9946583737,12.051447675,17.772529381,ensemble_top4,,,,,,
maternal_deaths,96,Lebanon,Lebanon,Eastern Mediterranean,2013,13.94,15.5779657668,12.3996327075,18.5280580546,ensemble_top4,,,,,,
maternal_deaths,96,Lebanon,Lebanon,Eastern Mediterranean,2014,16.89,16.0752283624,12.8207621472,19.0291969344,ensemble_top4,,,,,,
maternal_deaths,96,Lebanon,Lebanon,Eastern Mediterranean,2015,18.82,16.4398978313,13.1099196853,19.4759843795,ensemble_top4,,,,,,
maternal_deaths,96,Lebanon,Lebanon,Eastern Mediterranean,2016,17.97,16.6656531693,13.3957063371,19.5916077834,ensemble_top4,,,,,,
maternal_deaths,96,Lebanon,Lebanon,Eastern Mediterranean,2017,17.1,16.6765637996,13.7137452541,19.5394221346,ensemble_top4,,,,,,
maternal_deaths,96,Lebanon,Lebanon,Eastern Mediterranean,2018,15.92,16.4624127528,13.7297167594,19.4441762823,ensemble_top4,,,,,,
maternal_deaths,96,Lebanon,Lebanon,Eastern Mediterranean,2019,14.95,16.2557352142,13.2225934379,19.4729933158,ensemble_top4,,,,,,
maternal_deaths,96,Lebanon,Lebanon,Eastern Mediterranean,2020,26.03,15.8087614655,12.1675334253,19.7759588179,ensemble_top4,10.2212385345,6.25404118212,13.8624665747,10.2212385345,1.64655530143,0.498685409535
maternal_deaths,96,Lebanon,Lebanon,Eastern Mediterranean,2021,50.8,15.3602173984,10.9906140455,20.0913858,ensemble_top4,35.4397826016,30.7086142,39.8093859545,35.4397826016,3.30724485743,1.19611547342
maternal_deaths,96,Lebanon,Lebanon,Eastern Mediterranean,2022,14.21,14.7066300879,9.3669086726,20.3793505748,ensemble_top4,0,0,4.8430913274,-0.49663008786,0.96623087105,-0.0343524763789
maternal_deaths,96,Lebanon,Lebanon,Eastern Mediterranean,2023,13.96,14.0187949905,8.25455979675,20.8459655536,ensemble_top4,0,0,5.70544020325,-0.0587949905183,0.995805988278,-0.00420283125727
maternal_deaths,97,Lesotho,Lesotho,African Region,2000,233.6,233.6,232.6,233.6,ensemble_top4,,,,,,
maternal_deaths,97,Lesotho,Lesotho,African Region,2001,267,298.701564722,209.712002708,421.289578417,ensemble_top4,,,,,,
maternal_deaths,97,Lesotho,Lesotho,African Region,2002,283.6,300.403864064,216.201024306,525.409733124,ensemble_top4,,,,,,
maternal_deaths,97,Lesotho,Lesotho,African Region,2003,295.5,305.088765454,224.24985219,659.399914043,ensemble_top4,,,,,,
maternal_deaths,97,Lesotho,Lesotho,African Region,2004,282.4,317.210665965,235.512090575,781.160543291,ensemble_top4,,,,,,
maternal_deaths,97,Lesotho,Lesotho,African Region,2005,306.5,349.05513776,250.152984893,837.333767225,ensemble_top4,,,,,,
maternal_deaths,97,Lesotho,Lesotho,African Region,2006,387.6,422.568726871,284.9291154,803.854779708,ensemble_top4,,,,,,
maternal_deaths,97,Lesotho,Lesotho,African Region,2007,513.4,539.767444826,402.705225367,696.841228642,ensemble_top4,,,,,,
maternal_deaths,97,Lesotho,Lesotho,African Region,2008,702.7,636.413573798,493.894077166,737.256838907,ensemble_top4,,,,,,
maternal_deaths,97,Lesotho,Lesotho,African Region,2009,806.6,743.754649531,395.043548614,840.398071599,ensemble_top4,,,,,,
maternal_deaths,97,Lesotho,Lesotho,African Region,2010,763.3,762.349877228,329.300582356,855.513375314,ensemble_top4,,,,,,
maternal_deaths,97,Lesotho,Lesotho,African Region,2011,735.9,690.709092703,285.97779106,792.415023998,ensemble_top4,,,,,,
maternal_deaths,97,Lesotho,Lesotho,African Region,2012,610.9,582.875636914,260.942664447,673.583049367,ensemble_top4,,,,,,
maternal_deaths,97,Lesotho,Lesotho,African Region,2013,527.2,479.905064804,250.261815825,567.980923112,ensemble_top4,,,,,,
maternal_deaths,97,Lesotho,Lesotho,African Region,2014,433.9,402.382284775,243.995549059,487.054972516,ensemble_top4,,,,,,
maternal_deaths,97,Lesotho,Lesotho,African Region,2015,364.7,350.738140396,235.469499959,437.26997149,ensemble_top4,,,,,,
maternal_deaths,97,Lesotho,Lesotho,African Region,2016,319,318.325240531,232.727646008,405.062768283,ensemble_top4,,,,,,
maternal_deaths,97,Lesotho,Lesotho,African Region,2017,285.3,301.681043099,228.437425258,387.398099343,ensemble_top4,,,,,,
maternal_deaths,97,Lesotho,Lesotho,African Region,2018,293.4,292.696442072,223.10537571,376.605021399,ensemble_top4,,,,,,
maternal_deaths,97,Lesotho,Lesotho,African Region,2019,272.8,288.161822946,221.264463259,367.831014893,ensemble_top4,,,,,,
maternal_deaths,97,Lesotho,Lesotho,African Region,2020,302.9,285.324667734,217.626123025,365.359515986,ensemble_top4,17.5753322664,0,85.2738769747,17.5753322664,1.06159766138,0.0597750011131
maternal_deaths,97,Lesotho,Lesotho,African Region,2021,324.8,284.490832088,216.221935883,363.351475515,ensemble_top4,40.3091679116,0,108.578064117,40.3091679116,1.14168881161,0.132508579886
maternal_deaths,97,Lesotho,Lesotho,African Region,2022,266,283.077725921,215.534746134,363.566686658,ensemble_top4,0,0,50.4652538665,-17.0777259209,0.93967124801,-0.0622252010492
maternal_deaths,97,Lesotho,Lesotho,African Region,2023,266.4,282.048183962,215.304296192,362.552836685,ensemble_top4,0,0,51.0957038076,-15.6481839622,0.944519465637,-0.0570789827904
maternal_deaths,98,Liberia,Liberia,African Region,2000,994.8,994.8,994.8,994.8,ensemble_top4,,,,,,
maternal_deaths,98,Liberia,Liberia,African Region,2001,924.3,904.663395568,773.573419184,1052.10643159,ensemble_top4,,,,,,
maternal_deaths,98,Liberia,Liberia,African Region,2002,909.8,906.523274327,782.257176144,1031.61423667,ensemble_top4,,,,,,
maternal_deaths,98,Liberia,Liberia,African Region,2003,994,905.099167193,780.536535214,1031.82603474,ensemble_top4,,,,,,
maternal_deaths,98,Liberia,Liberia,African Region,2004,837,910.940814945,782.770723584,1035.28663369,ensemble_top4,,,,,,
maternal_deaths,98,Liberia,Liberia,African Region,2005,829.4,909.899633126,788.014205651,1040.67286873,ensemble_top4,,,,,,
maternal_deaths,98,Liberia,Liberia,African Region,2006,922,925.631014528,801.619373011,1052.78042499,ensemble_top4,,,,,,
maternal_deaths,98,Liberia,Liberia,African Region,2007,976.9,957.310484948,824.094524888,1111.0765699,ensemble_top4,,,,,,
maternal_deaths,98,Liberia,Liberia,African Region,2008,1005,1007.50177219,862.918533279,1169.92116031,ensemble_top4,,,,,,
maternal_deaths,98,Liberia,Liberia,African Region,2009,1031,1059.53797865,924.274505735,1221.15136281,ensemble_top4,,,,,,
maternal_deaths,98,Liberia,Liberia,African Region,2010,1098,1113.48420953,976.769741376,1258.89863542,ensemble_top4,,,,,,
maternal_deaths,98,Liberia,Liberia,African Region,2011,1132,1154.52972025,1028.80779271,1293.72800663,ensemble_top4,,,,,,
maternal_deaths,98,Liberia,Liberia,African Region,2012,1192,1185.54433394,1059.50765495,1315.81418602,ensemble_top4,,,,,,
maternal_deaths,98,Liberia,Liberia,African Region,2013,1174,1203.93209122,1076.93772295,1333.59295829,ensemble_top4,,,,,,
maternal_deaths,98,Liberia,Liberia,African Region,2014,1288,1209.78910773,1080.1343021,1337.69415091,ensemble_top4,,,,,,
maternal_deaths,98,Liberia,Liberia,African Region,2015,1255,1204.13877371,1074.88856289,1327.96253388,ensemble_top4,,,,,,
maternal_deaths,98,Liberia,Liberia,African Region,2016,1113,1187.60062215,1056.61376611,1313.12683004,ensemble_top4,,,,,,
maternal_deaths,98,Liberia,Liberia,African Region,2017,1138,1163.62151299,1036.8946929,1289.24146624,ensemble_top4,,,,,,
maternal_deaths,98,Liberia,Liberia,African Region,2018,1152,1134.19245464,1000.79860091,1263.44603498,ensemble_top4,,,,,,
maternal_deaths,98,Liberia,Liberia,African Region,2019,1128,1102.25479085,965.408672913,1237.76431646,ensemble_top4,,,,,,
maternal_deaths,98,Liberia,Liberia,African Region,2020,1092,1065.06501541,925.494905981,1215.06072028,ensemble_top4,26.9349845904,0,166.505094019,26.9349845904,1.02528952149,0.0249750326917
maternal_deaths,98,Liberia,Liberia,African Region,2021,1107,1032.87759759,873.900609084,1197.58933731,ensemble_top4,74.1224024138,0,233.099390916,74.1224024138,1.07176300714,0.0693049627819
maternal_deaths,98,Liberia,Liberia,African Region,2022,1062,999.172462778,804.40194691,1182.10732929,ensemble_top4,62.8275372224,0,257.59805309,62.8275372224,1.06287957241,0.0609818026401
maternal_deaths,98,Liberia,Liberia,African Region,2023,1068,966.947113122,735.511217278,1163.20852356,ensemble_top4,101.052886878,0,332.488782722,101.052886878,1.10450714988,0.0993992172664
maternal_deaths,99,Libya,Libya,Eastern Mediterranean,2000,81.69,81.69,80.69,81.69,ensemble_top4,,,,,,
maternal_deaths,99,Libya,Libya,Eastern Mediterranean,2001,84.23,86.4629790923,60.5644994131,109.323972328,ensemble_top4,,,,,,
maternal_deaths,99,Libya,Libya,Eastern Mediterranean,2002,86.09,88.9915106275,70.2551460291,113.781348041,ensemble_top4,,,,,,
maternal_deaths,99,Libya,Libya,Eastern Mediterranean,2003,87.71,91.2050855406,74.8378276164,118.333437691,ensemble_top4,,,,,,
maternal_deaths,99,Libya,Libya,Eastern Mediterranean,2004,89.57,93.5201150995,76.9072258307,120.10012803,ensemble_top4,,,,,,
maternal_deaths,99,Libya,Libya,Eastern Mediterranean,2005,92.69,95.8137222327,78.465469698,120.268812795,ensemble_top4,,,,,,
maternal_deaths,99,Libya,Libya,Eastern Mediterranean,2006,94.93,98.4436511179,80.9373690945,119.351025726,ensemble_top4,,,,,,
maternal_deaths,99,Libya,Libya,Eastern Mediterranean,2007,97.07,100.919245783,83.9878175192,118.22337479,ensemble_top4,,,,,,
maternal_deaths,99,Libya,Libya,Eastern Mediterranean,2008,99.18,102.57756866,87.3009707,118.25928374,ensemble_top4,,,,,,
maternal_deaths,99,Libya,Libya,Eastern Mediterranean,2009,103,104.522321951,89.0881358823,120.300686316,ensemble_top4,,,,,,
maternal_deaths,99,Libya,Libya,Eastern Mediterranean,2010,108,106.258096229,87.0779992943,123.897997558,ensemble_top4,,,,,,
maternal_deaths,99,Libya,Libya,Eastern Mediterranean,2011,127.4,107.462891871,84.7536104592,125.730920389,ensemble_top4,,,,,,
maternal_deaths,99,Libya,Libya,Eastern Mediterranean,2012,103.3,107.741463263,82.9274340555,125.246793276,ensemble_top4,,,,,,
maternal_deaths,99,Libya,Libya,Eastern Mediterranean,2013,106,105.891264912,81.4417801617,123.498885129,ensemble_top4,,,,,,
maternal_deaths,99,Libya,Libya,Eastern Mediterranean,2014,112.3,103.616375884,79.6752357924,120.254204901,ensemble_top4,,,,,,
maternal_deaths,99,Libya,Libya,Eastern Mediterranean,2015,109,99.9329620066,79.7210372993,117.537334505,ensemble_top4,,,,,,
maternal_deaths,99,Libya,Libya,Eastern Mediterranean,2016,104.4,97.4125830764,78.407468293,115.068004685,ensemble_top4,,,,,,
maternal_deaths,99,Libya,Libya,Eastern Mediterranean,2017,95.64,94.9296989194,77.5488160575,112.602880357,ensemble_top4,,,,,,
maternal_deaths,99,Libya,Libya,Eastern Mediterranean,2018,90.28,92.9238030945,77.0948454129,110.758152959,ensemble_top4,,,,,,
maternal_deaths,99,Libya,Libya,Eastern Mediterranean,2019,86.5,91.6656167356,76.4662384493,109.011650354,ensemble_top4,,,,,,
maternal_deaths,99,Libya,Libya,Eastern Mediterranean,2020,93.51,90.3447924556,75.5916624444,107.379907623,ensemble_top4,3.16520754442,0,17.9183375556,3.16520754442,1.03503475362,0.0344350045292
maternal_deaths,99,Libya,Libya,Eastern Mediterranean,2021,127.5,89.2329873857,74.1973535319,107.239515156,ensemble_top4,38.2670126143,20.2604848439,53.3026464681,38.2670126143,1.42884379124,0.356865579636
maternal_deaths,99,Libya,Libya,Eastern Mediterranean,2022,76.3,88.4732872613,72.973275055,105.431678893,ensemble_top4,0,0,3.32672494497,-12.1732872613,0.862407200658,-0.148027729306
maternal_deaths,99,Libya,Libya,Eastern Mediterranean,2023,74,87.7161444432,71.8091698274,105.24859704,ensemble_top4,0,0,2.19083017258,-13.7161444432,0.843630331335,-0.170040876383
maternal_deaths,100,Lithuania,Lithuania,European Region,2000,5.44,5.44,5.44,5.44,ensemble_top4,,,,,,
maternal_deaths,100,Lithuania,Lithuania,European Region,2001,4.94,4.53675482207,3.94319509858,5.08649084656,ensemble_top4,,,,,,
maternal_deaths,100,Lithuania,Lithuania,European Region,2002,4.06,4.38523004026,3.8360195696,4.93214775562,ensemble_top4,,,,,,
maternal_deaths,100,Lithuania,Lithuania,European Region,2003,4.23,4.2214303468,3.64182357637,4.78629147511,ensemble_top4,,,,,,
maternal_deaths,100,Lithuania,Lithuania,European Region,2004,3.7,4.06626108385,3.40187327602,4.65034484901,ensemble_top4,,,,,,
maternal_deaths,100,Lithuania,Lithuania,European Region,2005,3.96,4.04475617971,3.47218923478,4.60605420467,ensemble_top4,,,,,,
maternal_deaths,100,Lithuania,Lithuania,European Region,2006,4.1,3.96668252663,3.42264197833,4.49473346176,ensemble_top4,,,,,,
maternal_deaths,100,Lithuania,Lithuania,European Region,2007,4.13,3.82656037259,3.28632277729,4.36157358639,ensemble_top4,,,,,,
maternal_deaths,100,Lithuania,Lithuania,European Region,2008,3.99,3.69418735734,3.16248418391,4.21710561463,ensemble_top4,,,,,,
maternal_deaths,100,Lithuania,Lithuania,European Region,2009,3.49,3.56414465214,3.02802502358,4.08028156019,ensemble_top4,,,,,,
maternal_deaths,100,Lithuania,Lithuania,European Region,2010,3.27,3.43971746844,2.93995857571,3.94871932761,ensemble_top4,,,,,,
maternal_deaths,100,Lithuania,Lithuania,European Region,2011,3.21,3.32174706898,2.81431076294,3.83079671017,ensemble_top4,,,,,,
maternal_deaths,100,Lithuania,Lithuania,European Region,2012,3.08,3.2035581342,2.68684950587,3.70817231248,ensemble_top4,,,,,,
maternal_deaths,100,Lithuania,Lithuania,European Region,2013,3.01,3.10033145423,2.57791267071,3.61547701766,ensemble_top4,,,,,,
maternal_deaths,100,Lithuania,Lithuania,European Region,2014,2.78,2.99917493822,2.48196480032,3.50878333466,ensemble_top4,,,,,,
maternal_deaths,100,Lithuania,Lithuania,European Region,2015,3.13,2.90430109827,2.38447159638,3.44280844721,ensemble_top4,,,,,,
maternal_deaths,100,Lithuania,Lithuania,European Region,2016,2.88,2.80837379591,2.28751276866,3.33021497314,ensemble_top4,,,,,,
maternal_deaths,100,Lithuania,Lithuania,European Region,2017,2.84,2.71257249055,2.19725493659,3.23949043495,ensemble_top4,,,,,,
maternal_deaths,100,Lithuania,Lithuania,European Region,2018,2.55,2.6071764661,2.08994583556,3.16527638735,ensemble_top4,,,,,,
maternal_deaths,100,Lithuania,Lithuania,European Region,2019,2.45,2.52781452188,1.98955269342,3.0786389941,ensemble_top4,,,,,,
maternal_deaths,100,Lithuania,Lithuania,European Region,2020,2.04,2.4316965829,1.90709524894,2.99758840088,ensemble_top4,0,0,0.132904751061,-0.391696582901,0.838920453458,-0.175639388144
maternal_deaths,100,Lithuania,Lithuania,European Region,2021,2.14,2.35388345828,1.81920180603,2.91995735126,ensemble_top4,0,0,0.320798193975,-0.213883458285,0.909135918547,-0.0952606706283
maternal_deaths,100,Lithuania,Lithuania,European Region,2022,2.03,2.26409363997,1.71606116166,2.82798733972,ensemble_top4,0,0,0.313938838343,-0.234093639969,0.896606025547,-0.109138726842
maternal_deaths,100,Lithuania,Lithuania,European Region,2023,1.64,2.18144172008,1.64804060708,2.75224326305,ensemble_top4,0,0,0,-0.541441720084,0.751796385345,-0.285289755864
maternal_deaths,101,Luxembourg,Luxembourg,European Region,2000,0.98,0.98,-0,0.98,ensemble_top4,,,,,,
maternal_deaths,101,Luxembourg,Luxembourg,European Region,2001,1.01,0.882321501004,0.613693214473,1.13138374798,ensemble_top4,,,,,,
maternal_deaths,101,Luxembourg,Luxembourg,European Region,2002,0.91,0.878438695806,0.634164859301,1.12070443795,ensemble_top4,,,,,,
maternal_deaths,101,Luxembourg,Luxembourg,European Region,2003,0.76,0.872165926627,0.632664565881,1.10266987433,ensemble_top4,,,,,,
maternal_deaths,101,Luxembourg,Luxembourg,European Region,2004,0.9,0.856094401262,0.624022838474,1.08713352399,ensemble_top4,,,,,,
maternal_deaths,101,Luxembourg,Luxembourg,European Region,2005,0.88,0.834684116427,0.605486610574,1.06575047025,ensemble_top4,,,,,,
maternal_deaths,101,Luxembourg,Luxembourg,European Region,2006,0.88,0.812978521036,0.582142775262,1.04417954506,ensemble_top4,,,,,,
maternal_deaths,101,Luxembourg,Luxembourg,European Region,2007,0.73,0.806067054747,0.56151006601,1.0500061185,ensemble_top4,,,,,,
maternal_deaths,101,Luxembourg,Luxembourg,European Region,2008,0.72,0.797078663458,0.553074445817,1.07109361089,ensemble_top4,,,,,,
maternal_deaths,101,Luxembourg,Luxembourg,European Region,2009,0.86,0.822055295898,0.557074958587,1.08373363804,ensemble_top4,,,,,,
maternal_deaths,101,Luxembourg,Luxembourg,European Region,2010,0.97,0.831709454879,0.557249368237,1.08505243722,ensemble_top4,,,,,,
maternal_deaths,101,Luxembourg,Luxembourg,European Region,2011,0.74,0.820619350526,0.563880758881,1.07264890355,ensemble_top4,,,,,,
maternal_deaths,101,Luxembourg,Luxembourg,European Region,2012,0.78,0.811784133245,0.541711775028,1.04662234568,ensemble_top4,,,,,,
maternal_deaths,101,Luxembourg,Luxembourg,European Region,2013,0.93,0.80122512884,0.527609231592,1.03873295108,ensemble_top4,,,,,,
maternal_deaths,101,Luxembourg,Luxembourg,European Region,2014,0.78,0.786859425026,0.527284536451,1.02235719296,ensemble_top4,,,,,,
maternal_deaths,101,Luxembourg,Luxembourg,European Region,2015,0.78,0.777477929009,0.508229594838,1.012181827,ensemble_top4,,,,,,
maternal_deaths,101,Luxembourg,Luxembourg,European Region,2016,0.8,0.764055881084,0.503441662352,1.00144816232,ensemble_top4,,,,,,
maternal_deaths,101,Luxembourg,Luxembourg,European Region,2017,0.93,0.751203122761,0.49549636905,0.99217695417,ensemble_top4,,,,,,
maternal_deaths,101,Luxembourg,Luxembourg,European Region,2018,0.59,0.746882420719,0.482827632459,0.989211354869,ensemble_top4,,,,,,
maternal_deaths,101,Luxembourg,Luxembourg,European Region,2019,0.78,0.737732937505,0.477779204667,0.981898995041,ensemble_top4,,,,,,
maternal_deaths,101,Luxembourg,Luxembourg,European Region,2020,0.38,0.727523635545,0.474023432728,0.972809022203,ensemble_top4,0,0,0,-0.347523635545,0.522319800257,-0.649475234519
maternal_deaths,101,Luxembourg,Luxembourg,European Region,2021,0.4,0.721656767239,0.46161842228,0.981136491834,ensemble_top4,0,0,0,-0.321656767239,0.554280120632,-0.590085087114
maternal_deaths,101,Luxembourg,Luxembourg,European Region,2022,0.41,0.71010601917,0.450291913796,0.984098789502,ensemble_top4,0,0,0,-0.30010601917,0.577378572962,-0.549257121965
maternal_deaths,101,Luxembourg,Luxembourg,European Region,2023,0.81,0.70107049241,0.441321100751,0.973332092288,ensemble_top4,0.10892950759,0,0.368678899249,0.10892950759,1.15537596971,0.144425805902
maternal_deaths,102,Madagascar,Madagascar,African Region,2000,4428,4428,4427,4428,ensemble_top4,,,,,,
maternal_deaths,102,Madagascar,Madagascar,African Region,2001,4277,4053.28567008,3383.23309496,4264.42349353,ensemble_top4,,,,,,
maternal_deaths,102,Madagascar,Madagascar,African Region,2002,4181,4049.79677817,3492.2640213,4252.850363,ensemble_top4,,,,,,
maternal_deaths,102,Madagascar,Madagascar,African Region,2003,4077,4042.20661404,3561.2421912,4250.69534909,ensemble_top4,,,,,,
maternal_deaths,102,Madagascar,Madagascar,African Region,2004,4024,4040.554749,3615.96959501,4243.84519906,ensemble_top4,,,,,,
maternal_deaths,102,Madagascar,Madagascar,African Region,2005,3979,4032.17994452,3660.27702343,4239.01823593,ensemble_top4,,,,,,
maternal_deaths,102,Madagascar,Madagascar,African Region,2006,3957,4025.76957472,3705.69036343,4227.22745377,ensemble_top4,,,,,,
maternal_deaths,102,Madagascar,Madagascar,African Region,2007,4002,4020.31131745,3745.97331657,4220.84391921,ensemble_top4,,,,,,
maternal_deaths,102,Madagascar,Madagascar,African Region,2008,4008,4015.82201806,3790.43014525,4215.78532803,ensemble_top4,,,,,,
maternal_deaths,102,Madagascar,Madagascar,African Region,2009,4085,4010.8110568,3819.45222809,4211.11815588,ensemble_top4,,,,,,
maternal_deaths,102,Madagascar,Madagascar,African Region,2010,4072,4015.74457626,3838.00329036,4206.69054457,ensemble_top4,,,,,,
maternal_deaths,102,Madagascar,Madagascar,African Region,2011,4011,4019.92462258,3835.82747258,4207.55157739,ensemble_top4,,,,,,
maternal_deaths,102,Madagascar,Madagascar,African Region,2012,4006,4034.10915145,3842.79127281,4215.77275349,ensemble_top4,,,,,,
maternal_deaths,102,Madagascar,Madagascar,African Region,2013,4023,4056.04477493,3858.45587585,4246.60102081,ensemble_top4,,,,,,
maternal_deaths,102,Madagascar,Madagascar,African Region,2014,4039,4076.30477341,3886.44710399,4285.37803309,ensemble_top4,,,,,,
maternal_deaths,102,Madagascar,Madagascar,African Region,2015,4069,4115.63712114,3895.03841356,4344.63483003,ensemble_top4,,,,,,
maternal_deaths,102,Madagascar,Madagascar,African Region,2016,4122,4152.54793036,3893.18631657,4417.0497967,ensemble_top4,,,,,,
maternal_deaths,102,Madagascar,Madagascar,African Region,2017,4217,4194.0233155,3956.30703409,4497.32498931,ensemble_top4,,,,,,
maternal_deaths,102,Madagascar,Madagascar,African Region,2018,4309,4279.91535267,4060.62048834,4568.55061274,ensemble_top4,,,,,,
maternal_deaths,102,Madagascar,Madagascar,African Region,2019,4381,4323.31842716,4094.89259475,4658.16306658,ensemble_top4,,,,,,
maternal_deaths,102,Madagascar,Madagascar,African Region,2020,4315,4359.23106859,4112.50347727,4758.61723149,ensemble_top4,0,0,202.496522727,-44.231068591,0.989853470051,-0.0101983568573
maternal_deaths,102,Madagascar,Madagascar,African Region,2021,4561,4385.25023658,4125.35973116,4852.86578641,ensemble_top4,175.749763419,0,435.640268841,175.749763419,1.04007747653,0.0392952070385
maternal_deaths,102,Madagascar,Madagascar,African Region,2022,4339,4406.1350053,4134.81252979,4956.16810575,ensemble_top4,0,0,204.187470208,-67.1350053024,0.984763289091,-0.0153539823343
maternal_deaths,102,Madagascar,Madagascar,African Region,2023,4460,4424.12527236,4147.63979955,5096.44005162,ensemble_top4,35.8747276401,0,312.360200446,35.8747276401,1.00810888604,0.0080761856758
maternal_deaths,103,Malawi,Malawi,African Region,2000,2554,2554,2554,2554,ensemble_top4,,,,,,
maternal_deaths,103,Malawi,Malawi,African Region,2001,2288,1739.1986054,1198.5086171,2251.23647364,ensemble_top4,,,,,,
maternal_deaths,103,Malawi,Malawi,African Region,2002,2110,1760.35246848,1188.33706157,2301.54624985,ensemble_top4,,,,,,
maternal_deaths,103,Malawi,Malawi,African Region,2003,1849,1769.87382635,1188.75251832,2308.8880689,ensemble_top4,,,,,,
maternal_deaths,103,Malawi,Malawi,African Region,2004,1669,1774.42992278,1182.73838181,2296.84008859,ensemble_top4,,,,,,
maternal_deaths,103,Malawi,Malawi,African Region,2005,1602,1769.92593999,1199.6865007,2303.02519351,ensemble_top4,,,,,,
maternal_deaths,103,Malawi,Malawi,African Region,2006,1651,1809.5050272,1241.08860738,2355.32553478,ensemble_top4,,,,,,
maternal_deaths,103,Malawi,Malawi,African Region,2007,1957,1965.46352071,1283.16238468,2701.01648519,ensemble_top4,,,,,,
maternal_deaths,103,Malawi,Malawi,African Region,2008,2555,2593.18961273,1923.73169104,3453.84347998,ensemble_top4,,,,,,
maternal_deaths,103,Malawi,Malawi,African Region,2009,3075,3147.39661689,2450.46553914,3898.45048607,ensemble_top4,,,,,,
maternal_deaths,103,Malawi,Malawi,African Region,2010,3119,3085.22755468,2511.39625246,3639.46261279,ensemble_top4,,,,,,
maternal_deaths,103,Malawi,Malawi,African Region,2011,2945,2903.5690161,2341.3593372,3461.55923276,ensemble_top4,,,,,,
maternal_deaths,103,Malawi,Malawi,African Region,2012,2707,2682.52516838,2108.89071702,3216.56385985,ensemble_top4,,,,,,
maternal_deaths,103,Malawi,Malawi,African Region,2013,2500,2450.72600715,1899.37441113,2982.52090217,ensemble_top4,,,,,,
maternal_deaths,103,Malawi,Malawi,African Region,2014,2228,2250.50961072,1700.45719397,2777.26432054,ensemble_top4,,,,,,
maternal_deaths,103,Malawi,Malawi,African Region,2015,2134,2099.97409125,1567.12668091,2610.75702278,ensemble_top4,,,,,,
maternal_deaths,103,Malawi,Malawi,African Region,2016,1874,1971.45681117,1441.0370812,2481.65409581,ensemble_top4,,,,,,
maternal_deaths,103,Malawi,Malawi,African Region,2017,1725,1870.06724745,1364.3104458,2402.27256799,ensemble_top4,,,,,,
maternal_deaths,103,Malawi,Malawi,African Region,2018,1646,1786.48222828,1281.48477707,2337.41986787,ensemble_top4,,,,,,
maternal_deaths,103,Malawi,Malawi,African Region,2019,1625,1723.99596545,1196.46383469,2279.14683657,ensemble_top4,,,,,,
maternal_deaths,103,Malawi,Malawi,African Region,2020,1630,1672.31399628,1106.01480098,2247.62572535,ensemble_top4,0,0,523.985199018,-42.3139962754,0.974697337719,-0.0256282790276
maternal_deaths,103,Malawi,Malawi,African Region,2021,1837,1637.17323298,1032.04762368,2219.77549575,ensemble_top4,199.826767016,0,804.952376321,199.826767016,1.12205597,0.115162689995
maternal_deaths,103,Malawi,Malawi,African Region,2022,1560,1593.91893993,965.637433002,2205.02440477,ensemble_top4,0,0,594.362566998,-33.9189399334,0.97871978362,-0.0215099045722
maternal_deaths,103,Malawi,Malawi,African Region,2023,1490,1559.41024985,895.069051189,2203.19802931,ensemble_top4,0,0,594.930948811,-69.4102498494,0.955489423097,-0.0455315848587
maternal_deaths,104,Malaysia,Malaysia,Western Pacific Region,2000,193.5,193.5,192.5,193.5,ensemble_top4,,,,,,
maternal_deaths,104,Malaysia,Malaysia,Western Pacific Region,2001,180.5,173.679563125,133.332974756,193.908340153,ensemble_top4,,,,,,
maternal_deaths,104,Malaysia,Malaysia,Western Pacific Region,2002,166.7,165.616748214,133.711976111,181.434647058,ensemble_top4,,,,,,
maternal_deaths,104,Malaysia,Malaysia,Western Pacific Region,2003,161.9,157.595536068,132.924752605,174.403328599,ensemble_top4,,,,,,
maternal_deaths,104,Malaysia,Malaysia,Western Pacific Region,2004,153.8,150.888523913,132.440213091,166.967112369,ensemble_top4,,,,,,
maternal_deaths,104,Malaysia,Malaysia,Western Pacific Region,2005,145.3,145.841070831,131.915208188,159.710190144,ensemble_top4,,,,,,
maternal_deaths,104,Malaysia,Malaysia,Western Pacific Region,2006,139.8,142.327494258,129.421917146,155.964743492,ensemble_top4,,,,,,
maternal_deaths,104,Malaysia,Malaysia,Western Pacific Region,2007,137.5,142.472229659,129.562391784,159.368947594,ensemble_top4,,,,,,
maternal_deaths,104,Malaysia,Malaysia,Western Pacific Region,2008,141,143.775060752,130.888983409,160.143083683,ensemble_top4,,,,,,
maternal_deaths,104,Malaysia,Malaysia,Western Pacific Region,2009,142.2,144.214057274,131.72129741,160.260789271,ensemble_top4,,,,,,
maternal_deaths,104,Malaysia,Malaysia,Western Pacific Region,2010,140.2,144.28940761,132.020962795,159.997449266,ensemble_top4,,,,,,
maternal_deaths,104,Malaysia,Malaysia,Western Pacific Region,2011,144.6,144.226185937,132.583924209,159.972013682,ensemble_top4,,,,,,
maternal_deaths,104,Malaysia,Malaysia,Western Pacific Region,2012,145,144.512102622,131.980696097,159.325095109,ensemble_top4,,,,,,
maternal_deaths,104,Malaysia,Malaysia,Western Pacific Region,2013,146.7,144.476133945,132.35470019,158.863112943,ensemble_top4,,,,,,
maternal_deaths,104,Malaysia,Malaysia,Western Pacific Region,2014,152.1,144.773201897,132.608161489,159.090281119,ensemble_top4,,,,,,
maternal_deaths,104,Malaysia,Malaysia,Western Pacific Region,2015,152.2,144.658284017,132.44568848,158.251988531,ensemble_top4,,,,,,
maternal_deaths,104,Malaysia,Malaysia,Western Pacific Region,2016,148.5,144.682037675,132.997132175,157.980514678,ensemble_top4,,,,,,
maternal_deaths,104,Malaysia,Malaysia,Western Pacific Region,2017,145.4,145.104586124,133.014607116,158.622605654,ensemble_top4,,,,,,
maternal_deaths,104,Malaysia,Malaysia,Western Pacific Region,2018,141,145.364448216,133.353509739,158.519566472,ensemble_top4,,,,,,
maternal_deaths,104,Malaysia,Malaysia,Western Pacific Region,2019,135.5,145.740233357,133.224118175,159.120797432,ensemble_top4,,,,,,
maternal_deaths,104,Malaysia,Malaysia,Western Pacific Region,2020,130.2,146.087552092,133.756727721,159.809376963,ensemble_top4,0,0,0,-15.8875520924,0.891246366547,-0.115134384068
maternal_deaths,104,Malaysia,Malaysia,Western Pacific Region,2021,221.4,146.432024426,133.651444689,160.472399853,ensemble_top4,74.9679755737,60.927600147,87.7485553105,74.9679755737,1.51196434569,0.413409696587
maternal_deaths,104,Malaysia,Malaysia,Western Pacific Region,2022,161.7,146.991477616,133.493346833,162.041082852,ensemble_top4,14.7085223844,0,28.2066531671,14.7085223844,1.10006377664,0.0953681568891
maternal_deaths,104,Malaysia,Malaysia,Western Pacific Region,2023,115,147.525158808,134.507246269,162.269095881,ensemble_top4,0,0,0,-32.5251588077,0.779528054261,-0.24906660106
maternal_deaths,105,Maldives,Maldives,Southeast Asia Region,2000,5.26,5.26,5.26,5.26,ensemble_top4,,,,,,
maternal_deaths,105,Maldives,Maldives,Southeast Asia Region,2001,4.43,4.11243819169,3.4101742425,4.69612503613,ensemble_top4,,,,,,
maternal_deaths,105,Maldives,Maldives,Southeast Asia Region,2002,4.16,4.08563031983,3.39099673722,4.75612876798,ensemble_top4,,,,,,
maternal_deaths,105,Maldives,Maldives,Southeast Asia Region,2003,3.84,3.93187040145,3.26842947497,4.62020258892,ensemble_top4,,,,,,
maternal_deaths,105,Maldives,Maldives,Southeast Asia Region,2004,3.58,3.70789217328,3.1410967313,4.3386469044,ensemble_top4,,,,,,
maternal_deaths,105,Maldives,Maldives,Southeast Asia Region,2005,3.05,3.44966602378,2.76316509724,4.26643771024,ensemble_top4,,,,,,
maternal_deaths,105,Maldives,Maldives,Southeast Asia Region,2006,3.1,3.24322544858,2.32476994678,4.15451847557,ensemble_top4,,,,,,
maternal_deaths,105,Maldives,Maldives,Southeast Asia Region,2007,3.27,3.34448589954,2.69795467888,4.17660060504,ensemble_top4,,,,,,
maternal_deaths,105,Maldives,Maldives,Southeast Asia Region,2008,3.72,3.72772472172,2.92478181055,4.33460021913,ensemble_top4,,,,,,
maternal_deaths,105,Maldives,Maldives,Southeast Asia Region,2009,3.87,3.69568385005,2.92294801697,4.24880750006,ensemble_top4,,,,,,
maternal_deaths,105,Maldives,Maldives,Southeast Asia Region,2010,3.7,3.59830735661,2.85261732909,4.1461701849,ensemble_top4,,,,,,
maternal_deaths,105,Maldives,Maldives,Southeast Asia Region,2011,3.68,3.48744571943,2.7655133858,4.04092279569,ensemble_top4,,,,,,
maternal_deaths,105,Maldives,Maldives,Southeast Asia Region,2012,3.62,3.38846673118,2.71598989423,3.92262314455,ensemble_top4,,,,,,
maternal_deaths,105,Maldives,Maldives,Southeast Asia Region,2013,3.57,3.26778007819,2.62298925919,3.84220647424,ensemble_top4,,,,,,
maternal_deaths,105,Maldives,Maldives,Southeast Asia Region,2014,3.13,3.15364392746,2.55471188192,3.75691767894,ensemble_top4,,,,,,
maternal_deaths,105,Maldives,Maldives,Southeast Asia Region,2015,2.92,3.04100083314,2.44086647013,3.65483626634,ensemble_top4,,,,,,
maternal_deaths,105,Maldives,Maldives,Southeast Asia Region,2016,2.82,2.9394819192,2.38264877455,3.56772791282,ensemble_top4,,,,,,
maternal_deaths,105,Maldives,Maldives,Southeast Asia Region,2017,2.7,2.8209420419,2.25945729482,3.47404317149,ensemble_top4,,,,,,
maternal_deaths,105,Maldives,Maldives,Southeast Asia Region,2018,2.5,2.7114197676,2.15221822093,3.40538026579,ensemble_top4,,,,,,
maternal_deaths,105,Maldives,Maldives,Southeast Asia Region,2019,2.42,2.62025248547,2.05479354675,3.334474564,ensemble_top4,,,,,,
maternal_deaths,105,Maldives,Maldives,Southeast Asia Region,2020,2.89,2.51338110843,1.94999274085,3.24389316024,ensemble_top4,0.376618891569,0,0.940007259147,0.376618891569,1.14984551698,0.139627600294
maternal_deaths,105,Maldives,Maldives,Southeast Asia Region,2021,3.63,2.41435520857,1.82599754806,3.17265161104,ensemble_top4,1.21564479143,0.457348388962,1.80400245194,1.21564479143,1.50350701798,0.407800391201
maternal_deaths,105,Maldives,Maldives,Southeast Asia Region,2022,2.05,2.31182012523,1.70809363829,3.13575559892,ensemble_top4,0,0,0.341906361706,-0.261820125234,0.886747190071,-0.120195354129
maternal_deaths,105,Maldives,Maldives,Southeast Asia Region,2023,1.84,2.21558033995,1.63368324994,3.06488534875,ensemble_top4,0,0,0.206316750059,-0.375580339947,0.830482184204,-0.18574880205
maternal_deaths,106,Mali,Mali,African Region,2000,4035,4035,4034,4035,ensemble_top4,,,,,,
maternal_deaths,106,Mali,Mali,African Region,2001,3895,3848.86629027,3575.49538546,5960.53673327,ensemble_top4,,,,,,
maternal_deaths,106,Mali,Mali,African Region,2002,3777,3840.28077117,3570.89003585,5164.9489277,ensemble_top4,,,,,,
maternal_deaths,106,Mali,Mali,African Region,2003,3715,3827.48460318,3553.63283563,4640.16848156,ensemble_top4,,,,,,
maternal_deaths,106,Mali,Mali,African Region,2004,3704,3812.73900893,3533.65209556,4366.47338823,ensemble_top4,,,,,,
maternal_deaths,106,Mali,Mali,African Region,2005,3743,3799.58119973,3497.55411616,4268.91095016,ensemble_top4,,,,,,
maternal_deaths,106,Mali,Mali,African Region,2006,3780,3836.35261124,3484.15043122,4246.8503427,ensemble_top4,,,,,,
maternal_deaths,106,Mali,Mali,African Region,2007,3936,4076.62505235,3637.36990272,4296.91881483,ensemble_top4,,,,,,
maternal_deaths,106,Mali,Mali,African Region,2008,4038,4151.91023359,3688.46776755,4414.73582615,ensemble_top4,,,,,,
maternal_deaths,106,Mali,Mali,African Region,2009,4102,4184.93624172,3862.3741117,4468.73270331,ensemble_top4,,,,,,
maternal_deaths,106,Mali,Mali,African Region,2010,4171,4203.22297863,3943.30398342,4454.44279918,ensemble_top4,,,,,,
maternal_deaths,106,Mali,Mali,African Region,2011,4235,4190.01257099,3944.39015771,4445.09797719,ensemble_top4,,,,,,
maternal_deaths,106,Mali,Mali,African Region,2012,4309,4147.08669884,3905.73250229,4413.83979602,ensemble_top4,,,,,,
maternal_deaths,106,Mali,Mali,African Region,2013,4169,4093.55724607,3855.70670848,4356.62541715,ensemble_top4,,,,,,
maternal_deaths,106,Mali,Mali,African Region,2014,4108,4035.34664328,3798.03543251,4282.56274074,ensemble_top4,,,,,,
maternal_deaths,106,Mali,Mali,African Region,2015,4050,3971.76134275,3756.01502384,4224.49708806,ensemble_top4,,,,,,
maternal_deaths,106,Mali,Mali,African Region,2016,3975,3909.0849504,3701.44959596,4178.94734616,ensemble_top4,,,,,,
maternal_deaths,106,Mali,Mali,African Region,2017,3900,3849.38141888,3653.76157833,4132.17702649,ensemble_top4,,,,,,
maternal_deaths,106,Mali,Mali,African Region,2018,3780,3808.87181486,3576.13185562,4097.71769613,ensemble_top4,,,,,,
maternal_deaths,106,Mali,Mali,African Region,2019,3605,3783.52825965,3481.12344648,4060.40092867,ensemble_top4,,,,,,
maternal_deaths,106,Mali,Mali,African Region,2020,3599,3760.33159929,3368.73635137,4039.43711786,ensemble_top4,0,0,230.263648631,-161.331599288,0.957096443484,-0.0438511157164
maternal_deaths,106,Mali,Mali,African Region,2021,3778,3734.95815943,3264.12627922,4020.01326112,ensemble_top4,43.0418405745,0,513.87372078,43.0418405745,1.01152404893,0.011458152853
maternal_deaths,106,Mali,Mali,African Region,2022,3547,3717.49160618,3151.72623631,4010.53896302,ensemble_top4,0,0,395.273763687,-170.491606183,0.954137998348,-0.0469469656384
maternal_deaths,106,Mali,Mali,African Region,2023,3495,3702.07213045,3031.23706205,4002.26242852,ensemble_top4,0,0,463.762937955,-207.072130453,0.944065884414,-0.0575593224607
maternal_deaths,107,Malta,Malta,European Region,2000,0.57,0.57,0.57,0.57,ensemble_top4,,,,,,
maternal_deaths,107,Malta,Malta,European Region,2001,0.49,0.498746974343,0.385134491709,0.60339933872,ensemble_top4,,,,,,
maternal_deaths,107,Malta,Malta,European Region,2002,0.53,0.487738927713,0.381401677662,0.589151501327,ensemble_top4,,,,,,
maternal_deaths,107,Malta,Malta,European Region,2003,0.54,0.479302992856,0.371851923718,0.583284819893,ensemble_top4,,,,,,
maternal_deaths,107,Malta,Malta,European Region,2004,0.44,0.469156518501,0.363995702853,0.570304805205,ensemble_top4,,,,,,
maternal_deaths,107,Malta,Malta,European Region,2005,0.43,0.455909053176,0.35702839665,0.557412587097,ensemble_top4,,,,,,
maternal_deaths,107,Malta,Malta,European Region,2006,0.48,0.445304064974,0.344736841064,0.546057423853,ensemble_top4,,,,,,
maternal_deaths,107,Malta,Malta,European Region,2007,0.4,0.437444311684,0.335228728051,0.536558016829,ensemble_top4,,,,,,
maternal_deaths,107,Malta,Malta,European Region,2008,0.41,0.424539754488,0.323784859945,0.524575543673,ensemble_top4,,,,,,
maternal_deaths,107,Malta,Malta,European Region,2009,0.44,0.414197078297,0.314964984269,0.514600032376,ensemble_top4,,,,,,
maternal_deaths,107,Malta,Malta,European Region,2010,0.35,0.404710997468,0.301039634556,0.505535594597,ensemble_top4,,,,,,
maternal_deaths,107,Malta,Malta,European Region,2011,0.45,0.394227952715,0.295384591678,0.495834900317,ensemble_top4,,,,,,
maternal_deaths,107,Malta,Malta,European Region,2012,0.39,0.386097479298,0.285713256377,0.483811539165,ensemble_top4,,,,,,
maternal_deaths,107,Malta,Malta,European Region,2013,0.3,0.376000226817,0.274463416453,0.476365376441,ensemble_top4,,,,,,
maternal_deaths,107,Malta,Malta,European Region,2014,0.34,0.365927510274,0.267905266238,0.466175919001,ensemble_top4,,,,,,
maternal_deaths,107,Malta,Malta,European Region,2015,0.3,0.361635195236,0.259700050875,0.466651828307,ensemble_top4,,,,,,
maternal_deaths,107,Malta,Malta,European Region,2016,0.42,0.365133043975,0.25986126765,0.477623237484,ensemble_top4,,,,,,
maternal_deaths,107,Malta,Malta,European Region,2017,0.31,0.362408077495,0.254979179024,0.477634014629,ensemble_top4,,,,,,
maternal_deaths,107,Malta,Malta,European Region,2018,0.38,0.362512504633,0.256478625522,0.47939763122,ensemble_top4,,,,,,
maternal_deaths,107,Malta,Malta,European Region,2019,0.36,0.357952940053,0.248168407837,0.477299290945,ensemble_top4,,,,,,
maternal_deaths,107,Malta,Malta,European Region,2020,0.44,0.350215726408,0.243525557497,0.473652475059,ensemble_top4,0.0897842735924,0,0.196474442503,0.0897842735924,1.2563684804,0.228225401137
maternal_deaths,107,Malta,Malta,European Region,2021,0.43,0.345633185758,0.234693873068,0.472209584419,ensemble_top4,0.0843668142422,0,0.195306126932,0.0843668142422,1.24409350062,0.218407152763
maternal_deaths,107,Malta,Malta,European Region,2022,0.42,0.336928167409,0.226955003965,0.471287807634,ensemble_top4,0.083071832591,0,0.193044996035,0.083071832591,1.24655650856,0.220384956735
maternal_deaths,107,Malta,Malta,European Region,2023,0.35,0.329889578289,0.217635216313,0.471125507417,ensemble_top4,0.020110421711,0,0.132364783687,0.020110421711,1.06096107011,0.0591751672633
maternal_deaths,108,Marshall Islands,Marshall Islands,Western Pacific Region,2000,4.85,4.85,4.85,4.85,ranked_top1_fallback,,,,,,
maternal_deaths,108,Marshall Islands,Marshall Islands,Western Pacific Region,2001,4.46,4.20681564557,3.87770102226,4.52766621755,ranked_top1_fallback,,,,,,
maternal_deaths,108,Marshall Islands,Marshall Islands,Western Pacific Region,2002,4.31,4.49757473608,4.19858004445,4.78562986052,ranked_top1_fallback,,,,,,
maternal_deaths,108,Marshall Islands,Marshall Islands,Western Pacific Region,2003,4.3,4.61007098818,4.32814597843,4.89508300402,ranked_top1_fallback,,,,,,
maternal_deaths,108,Marshall Islands,Marshall Islands,Western Pacific Region,2004,4.61,4.59059818664,4.31212712472,4.86691600737,ranked_top1_fallback,,,,,,
maternal_deaths,108,Marshall Islands,Marshall Islands,Western Pacific Region,2005,4.51,4.4861629356,4.20943123149,4.75993950005,ranked_top1_fallback,,,,,,
maternal_deaths,108,Marshall Islands,Marshall Islands,Western Pacific Region,2006,4.42,4.33103381157,4.05402754638,4.60640250859,ranked_top1_fallback,,,,,,
maternal_deaths,108,Marshall Islands,Marshall Islands,Western Pacific Region,2007,4.24,4.14493491704,3.86320766689,4.41815682605,ranked_top1_fallback,,,,,,
maternal_deaths,108,Marshall Islands,Marshall Islands,Western Pacific Region,2008,4.04,3.93034351133,3.65292704105,4.20375387775,ranked_top1_fallback,,,,,,
maternal_deaths,108,Marshall Islands,Marshall Islands,Western Pacific Region,2009,3.81,3.70202744974,3.4305266319,3.97342123196,ranked_top1_fallback,,,,,,
maternal_deaths,108,Marshall Islands,Marshall Islands,Western Pacific Region,2010,3.41,3.46383978213,3.20020700846,3.73153388266,ranked_top1_fallback,,,,,,
maternal_deaths,108,Marshall Islands,Marshall Islands,Western Pacific Region,2011,3.18,3.22920584501,2.96841312612,3.49870268338,ranked_top1_fallback,,,,,,
maternal_deaths,108,Marshall Islands,Marshall Islands,Western Pacific Region,2012,2.95,2.99932084268,2.72720197097,3.26604867981,ranked_top1_fallback,,,,,,
maternal_deaths,108,Marshall Islands,Marshall Islands,Western Pacific Region,2013,2.69,2.78216457835,2.51109406221,3.04095261474,ranked_top1_fallback,,,,,,
maternal_deaths,108,Marshall Islands,Marshall Islands,Western Pacific Region,2014,2.55,2.56916273192,2.30367035253,2.83301151811,ranked_top1_fallback,,,,,,
maternal_deaths,108,Marshall Islands,Marshall Islands,Western Pacific Region,2015,2.26,2.36376052459,2.09317777052,2.64455259637,ranked_top1_fallback,,,,,,
maternal_deaths,108,Marshall Islands,Marshall Islands,Western Pacific Region,2016,2.16,2.17611194244,1.90706381042,2.44681863506,ranked_top1_fallback,,,,,,
maternal_deaths,108,Marshall Islands,Marshall Islands,Western Pacific Region,2017,2.03,1.99548665033,1.72187472914,2.26380121454,ranked_top1_fallback,,,,,,
maternal_deaths,108,Marshall Islands,Marshall Islands,Western Pacific Region,2018,1.82,1.82376829207,1.5561931543,2.09872697294,ranked_top1_fallback,,,,,,
maternal_deaths,108,Marshall Islands,Marshall Islands,Western Pacific Region,2019,1.75,1.67275271707,1.39123299767,1.94933284476,ranked_top1_fallback,,,,,,
maternal_deaths,108,Marshall Islands,Marshall Islands,Western Pacific Region,2020,1.78,1.52327138477,1.24295854951,1.80064677476,ranked_top1_fallback,0.256728615231,0,0.537041450489,0.256728615231,1.16853767346,0.155753115347
maternal_deaths,108,Marshall Islands,Marshall Islands,Western Pacific Region,2021,1.97,1.39276071823,1.11328078148,1.67350789766,ranked_top1_fallback,0.577239281773,0.296492102343,0.856719218521,0.577239281773,1.4144568943,0.346745637132
maternal_deaths,108,Marshall Islands,Marshall Islands,Western Pacific Region,2022,1.53,1.26630547179,0.984932494659,1.56272775444,ranked_top1_fallback,0.263694528209,0,0.545067505341,0.263694528209,1.20823927092,0.189164151853
maternal_deaths,108,Marshall Islands,Marshall Islands,Western Pacific Region,2023,1.27,1.15324662052,0.888076529317,1.43737336144,ranked_top1_fallback,0.116753379477,0,0.381923470683,0.116753379477,1.10123886548,0.0964357874128
maternal_deaths,109,Mauritania,Mauritania,African Region,2000,638.2,638.2,638.2,638.2,ensemble_top4,,,,,,
maternal_deaths,109,Mauritania,Mauritania,African Region,2001,627.2,610.606204359,587.899517079,630.952318556,ensemble_top4,,,,,,
maternal_deaths,109,Mauritania,Mauritania,African Region,2002,611.3,611.690598237,588.549983152,632.47122872,ensemble_top4,,,,,,
maternal_deaths,109,Mauritania,Mauritania,African Region,2003,607,612.743513833,589.981249869,635.238905953,ensemble_top4,,,,,,
maternal_deaths,109,Mauritania,Mauritania,African Region,2004,611.8,613.004903983,591.012681618,635.484980405,ensemble_top4,,,,,,
maternal_deaths,109,Mauritania,Mauritania,African Region,2005,605.1,613.442698751,591.298429191,636.225185284,ensemble_top4,,,,,,
maternal_deaths,109,Mauritania,Mauritania,African Region,2006,608.5,616.01991718,594.501957613,638.304502428,ensemble_top4,,,,,,
maternal_deaths,109,Mauritania,Mauritania,African Region,2007,623.6,621.340313532,598.154372555,645.709271353,ensemble_top4,,,,,,
maternal_deaths,109,Mauritania,Mauritania,African Region,2008,629.3,627.334836904,599.109033299,662.948931574,ensemble_top4,,,,,,
maternal_deaths,109,Mauritania,Mauritania,African Region,2009,640.1,635.651245336,600.422722514,679.213541591,ensemble_top4,,,,,,
maternal_deaths,109,Mauritania,Mauritania,African Region,2010,659.2,650.122175227,603.974619331,695.762204425,ensemble_top4,,,,,,
maternal_deaths,109,Mauritania,Mauritania,African Region,2011,673.2,674.605578159,643.871579549,710.025980173,ensemble_top4,,,,,,
maternal_deaths,109,Mauritania,Mauritania,African Region,2012,695.7,688.904157263,661.857022072,718.065755887,ensemble_top4,,,,,,
maternal_deaths,109,Mauritania,Mauritania,African Region,2013,713.1,697.34538722,673.526198814,722.013344952,ensemble_top4,,,,,,
maternal_deaths,109,Mauritania,Mauritania,African Region,2014,709.6,703.190154966,678.103019782,723.306468596,ensemble_top4,,,,,,
maternal_deaths,109,Mauritania,Mauritania,African Region,2015,702.9,704.320646377,678.508047913,724.931520304,ensemble_top4,,,,,,
maternal_deaths,109,Mauritania,Mauritania,African Region,2016,696.9,703.207913039,677.219527977,725.023271632,ensemble_top4,,,,,,
maternal_deaths,109,Mauritania,Mauritania,African Region,2017,701.8,699.775497181,674.206131563,722.93962554,ensemble_top4,,,,,,
maternal_deaths,109,Mauritania,Mauritania,African Region,2018,694.5,695.194496551,666.135471364,719.795817067,ensemble_top4,,,,,,
maternal_deaths,109,Mauritania,Mauritania,African Region,2019,685.3,689.746587274,657.544508341,718.480427695,ensemble_top4,,,,,,
maternal_deaths,109,Mauritania,Mauritania,African Region,2020,678.7,682.812531162,648.650990924,717.763690156,ensemble_top4,0,0,30.0490090762,-4.1125311617,0.993977071342,-0.00604113965157
maternal_deaths,109,Mauritania,Mauritania,African Region,2021,711.8,675.869122721,641.197939403,718.717705832,ensemble_top4,35.9308772786,0,70.602060597,35.9308772786,1.05316247787,0.0517975212188
maternal_deaths,109,Mauritania,Mauritania,African Region,2022,654.3,668.138859973,635.097506762,719.979059961,ensemble_top4,0,0,19.2024932378,-13.8388599728,0.979287449358,-0.0209300642688
maternal_deaths,109,Mauritania,Mauritania,African Region,2023,658.8,661.199489096,629.249581132,719.334878296,ensemble_top4,0,0,29.5504188683,-2.39948909592,0.996371005823,-0.00363559495088
maternal_deaths,110,Mauritius,Mauritius,African Region,2000,8.73,8.73,7.73,8.73,ensemble_top4,,,,,,
maternal_deaths,110,Mauritius,Mauritius,African Region,2001,8.14,7.86382484678,6.84217344593,8.51569586785,ensemble_top4,,,,,,
maternal_deaths,110,Mauritius,Mauritius,African Region,2002,8.21,7.88798589968,6.95667472247,8.44715278536,ensemble_top4,,,,,,
maternal_deaths,110,Mauritius,Mauritius,African Region,2003,7.98,7.87621825365,6.9598566446,8.40551620281,ensemble_top4,,,,,,
maternal_deaths,110,Mauritius,Mauritius,African Region,2004,8.1,7.85603435587,6.93504158241,8.3659076595,ensemble_top4,,,,,,
maternal_deaths,110,Mauritius,Mauritius,African Region,2005,7.97,7.83353400719,6.92437756961,8.35625906508,ensemble_top4,,,,,,
maternal_deaths,110,Mauritius,Mauritius,African Region,2006,7.72,7.81001086986,6.92160465413,8.33422912347,ensemble_top4,,,,,,
maternal_deaths,110,Mauritius,Mauritius,African Region,2007,7.69,7.80553137346,6.94832034359,8.33843985357,ensemble_top4,,,,,,
maternal_deaths,110,Mauritius,Mauritius,African Region,2008,7.66,7.79836755389,7.00290696468,8.35136070475,ensemble_top4,,,,,,
maternal_deaths,110,Mauritius,Mauritius,African Region,2009,7.82,7.80418488191,7.11309181922,8.35754933146,ensemble_top4,,,,,,
maternal_deaths,110,Mauritius,Mauritius,African Region,2010,7.85,7.8366779536,7.22366720391,8.35378679788,ensemble_top4,,,,,,
maternal_deaths,110,Mauritius,Mauritius,African Region,2011,8.14,7.87524340682,7.30891835544,8.35963027912,ensemble_top4,,,,,,
maternal_deaths,110,Mauritius,Mauritius,African Region,2012,8.06,7.93018695016,7.42323619189,8.39236728164,ensemble_top4,,,,,,
maternal_deaths,110,Mauritius,Mauritius,African Region,2013,8.18,7.98788285396,7.53902603053,8.44209880444,ensemble_top4,,,,,,
maternal_deaths,110,Mauritius,Mauritius,African Region,2014,8.16,8.06339287936,7.60904103169,8.52233571192,ensemble_top4,,,,,,
maternal_deaths,110,Mauritius,Mauritius,African Region,2015,7.96,8.1502309643,7.64689520384,8.72494678541,ensemble_top4,,,,,,
maternal_deaths,110,Mauritius,Mauritius,African Region,2016,8.24,8.32023565181,7.71338238217,9.01061439548,ensemble_top4,,,,,,
maternal_deaths,110,Mauritius,Mauritius,African Region,2017,8.95,8.55605864259,7.91925283626,9.17900323443,ensemble_top4,,,,,,
maternal_deaths,110,Mauritius,Mauritius,African Region,2018,8.8,8.70788800943,8.19616848229,9.26070223305,ensemble_top4,,,,,,
maternal_deaths,110,Mauritius,Mauritius,African Region,2019,8.74,8.79752773943,8.30268939265,9.32277280501,ensemble_top4,,,,,,
maternal_deaths,110,Mauritius,Mauritius,African Region,2020,7.74,8.86889076627,8.37830683788,9.4778018472,ensemble_top4,0,0,0,-1.12889076627,0.872713420875,-0.136148046365
maternal_deaths,110,Mauritius,Mauritius,African Region,2021,10.36,8.91849286365,8.37662239729,9.72523908248,ensemble_top4,1.44150713635,0.634760917524,1.98337760271,1.44150713635,1.16163124851,0.149825265989
maternal_deaths,110,Mauritius,Mauritius,African Region,2022,7.35,8.9851463422,8.36245862574,10.060109396,ensemble_top4,0,0,0,-1.6351463422,0.818016726726,-0.200872494268
maternal_deaths,110,Mauritius,Mauritius,African Region,2023,7.78,9.04242529049,8.28244447853,10.4612183358,ensemble_top4,0,0,0,-1.26242529049,0.860388640223,-0.150371084578
maternal_deaths,111,Mexico,Mexico,Region of the Americas,2000,1346,1346,1346,1346,ensemble_top4,,,,,,
maternal_deaths,111,Mexico,Mexico,Region of the Americas,2001,1318,1316.82560011,1260.53944642,1372.46079045,ensemble_top4,,,,,,
maternal_deaths,111,Mexico,Mexico,Region of the Americas,2002,1305,1299.33960317,1242.88299822,1353.01282963,ensemble_top4,,,,,,
maternal_deaths,111,Mexico,Mexico,Region of the Americas,2003,1271,1273.57685492,1217.17366223,1327.60754278,ensemble_top4,,,,,,
maternal_deaths,111,Mexico,Mexico,Region of the Americas,2004,1239,1243.15766746,1189.69406479,1297.00646809,ensemble_top4,,,,,,
maternal_deaths,111,Mexico,Mexico,Region of the Americas,2005,1197,1209.4924398,1157.14363152,1267.61749791,ensemble_top4,,,,,,
maternal_deaths,111,Mexico,Mexico,Region of the Americas,2006,1166,1176.01506031,1117.48155914,1241.26840402,ensemble_top4,,,,,,
maternal_deaths,111,Mexico,Mexico,Region of the Americas,2007,1139,1152.93698152,1095.25294194,1215.53467701,ensemble_top4,,,,,,
maternal_deaths,111,Mexico,Mexico,Region of the Americas,2008,1164,1154.71575639,1092.89941014,1207.11288311,ensemble_top4,,,,,,
maternal_deaths,111,Mexico,Mexico,Region of the Americas,2009,1166,1133.08618624,1069.24466397,1189.463952,ensemble_top4,,,,,,
maternal_deaths,111,Mexico,Mexico,Region of the Americas,2010,1149,1111.58456782,1052.36477005,1164.6103205,ensemble_top4,,,,,,
maternal_deaths,111,Mexico,Mexico,Region of the Americas,2011,1095,1087.93034866,1032.4849024,1140.20407477,ensemble_top4,,,,,,
maternal_deaths,111,Mexico,Mexico,Region of the Americas,2012,1062,1063.03437308,1008.86770105,1114.90551051,ensemble_top4,,,,,,
maternal_deaths,111,Mexico,Mexico,Region of the Americas,2013,1041,1037.28466699,986.717975167,1087.74253985,ensemble_top4,,,,,,
maternal_deaths,111,Mexico,Mexico,Region of the Americas,2014,992.5,1012.83919397,960.518357251,1063.49723547,ensemble_top4,,,,,,
maternal_deaths,111,Mexico,Mexico,Region of the Americas,2015,952.3,988.485850515,936.479268403,1040.19003163,ensemble_top4,,,,,,
maternal_deaths,111,Mexico,Mexico,Region of the Americas,2016,933.3,964.038258192,914.234034638,1016.99380187,ensemble_top4,,,,,,
maternal_deaths,111,Mexico,Mexico,Region of the Americas,2017,933.4,941.132828713,889.436700649,994.727263315,ensemble_top4,,,,,,
maternal_deaths,111,Mexico,Mexico,Region of the Americas,2018,933.9,918.725281016,866.050035615,972.993817051,ensemble_top4,,,,,,
maternal_deaths,111,Mexico,Mexico,Region of the Americas,2019,919.9,896.734429082,843.782740507,951.8501275,ensemble_top4,,,,,,
maternal_deaths,111,Mexico,Mexico,Region of the Americas,2020,1291,875.920934283,822.091318752,928.72437842,ensemble_top4,415.079065717,362.27562158,468.908681248,415.079065717,1.47387732097,0.387896561652
maternal_deaths,111,Mexico,Mexico,Region of the Americas,2021,2168,855.332230005,799.971260377,912.633187913,ensemble_top4,1312.66777,1255.36681209,1368.02873962,1312.66777,2.53468760319,0.930070395993
maternal_deaths,111,Mexico,Mexico,Region of the Americas,2022,937.6,835.445759218,780.953130912,892.717450504,ensemble_top4,102.154240782,44.8825494964,156.646869088,102.154240782,1.12227513235,0.11535799304
maternal_deaths,111,Mexico,Mexico,Region of the Americas,2023,858,815.890071992,760.725894066,873.810132601,ensemble_top4,42.1099280075,0,97.2741059337,42.1099280075,1.05161225691,0.0503244692944
maternal_deaths,112,Micronesia,Micronesia (Federated States of),Western Pacific Region,2000,7.35,7.35,6.35,7.35,ensemble_top4,,,,,,
maternal_deaths,112,Micronesia,Micronesia (Federated States of),Western Pacific Region,2001,6.92,6.98220779531,6.43625563385,8.08312676787,ensemble_top4,,,,,,
maternal_deaths,112,Micronesia,Micronesia (Federated States of),Western Pacific Region,2002,7.32,6.89616806868,6.29725479924,8.09178076631,ensemble_top4,,,,,,
maternal_deaths,112,Micronesia,Micronesia (Federated States of),Western Pacific Region,2003,6.34,6.65040191339,6.11808472464,7.96217587845,ensemble_top4,,,,,,
maternal_deaths,112,Micronesia,Micronesia (Federated States of),Western Pacific Region,2004,6.17,6.38178733439,5.90653125273,7.74414342331,ensemble_top4,,,,,,
maternal_deaths,112,Micronesia,Micronesia (Federated States of),Western Pacific Region,2005,5.96,6.14021593461,5.68947103644,7.50140140478,ensemble_top4,,,,,,
maternal_deaths,112,Micronesia,Micronesia (Federated States of),Western Pacific Region,2006,5.84,5.92069228687,5.43046740494,7.22188393142,ensemble_top4,,,,,,
maternal_deaths,112,Micronesia,Micronesia (Federated States of),Western Pacific Region,2007,5.58,5.71567585271,5.19414037042,6.95521111879,ensemble_top4,,,,,,
maternal_deaths,112,Micronesia,Micronesia (Federated States of),Western Pacific Region,2008,5.4,5.52962491434,5.009404533,6.68497804636,ensemble_top4,,,,,,
maternal_deaths,112,Micronesia,Micronesia (Federated States of),Western Pacific Region,2009,5.19,5.34020150329,4.85112641433,6.46525925721,ensemble_top4,,,,,,
maternal_deaths,112,Micronesia,Micronesia (Federated States of),Western Pacific Region,2010,5,5.17191871017,4.68386137082,6.18634432523,ensemble_top4,,,,,,
maternal_deaths,112,Micronesia,Micronesia (Federated States of),Western Pacific Region,2011,4.81,5.02129855947,4.52795967202,5.91351033275,ensemble_top4,,,,,,
maternal_deaths,112,Micronesia,Micronesia (Federated States of),Western Pacific Region,2012,4.73,4.91845500488,4.41168397281,5.66939001779,ensemble_top4,,,,,,
maternal_deaths,112,Micronesia,Micronesia (Federated States of),Western Pacific Region,2013,4.71,4.791417293,4.28481944076,5.40961377229,ensemble_top4,,,,,,
maternal_deaths,112,Micronesia,Micronesia (Federated States of),Western Pacific Region,2014,4.58,4.65142231274,4.19771931403,5.15842506582,ensemble_top4,,,,,,
maternal_deaths,112,Micronesia,Micronesia (Federated States of),Western Pacific Region,2015,4.66,4.50250291767,4.03195986732,4.94880393603,ensemble_top4,,,,,,
maternal_deaths,112,Micronesia,Micronesia (Federated States of),Western Pacific Region,2016,4.4,4.3355273021,3.87051724383,4.77461085185,ensemble_top4,,,,,,
maternal_deaths,112,Micronesia,Micronesia (Federated States of),Western Pacific Region,2017,4.33,4.18507767526,3.64490354948,4.63550148403,ensemble_top4,,,,,,
maternal_deaths,112,Micronesia,Micronesia (Federated States of),Western Pacific Region,2018,4.14,4.02933712203,3.33305429707,4.49432055372,ensemble_top4,,,,,,
maternal_deaths,112,Micronesia,Micronesia (Federated States of),Western Pacific Region,2019,3.88,3.89236554034,2.99230303552,4.37110752461,ensemble_top4,,,,,,
maternal_deaths,112,Micronesia,Micronesia (Federated States of),Western Pacific Region,2020,3.78,3.74335247163,2.67867158899,4.24403664856,ensemble_top4,0.0366475283654,0,1.10132841101,0.0366475283654,1.00979002876,0.00974241692619
maternal_deaths,112,Micronesia,Micronesia (Federated States of),Western Pacific Region,2021,3.94,3.60132860763,2.34474317847,4.14527195272,ensemble_top4,0.338671392373,0,1.59525682153,0.338671392373,1.09404068034,0.0898778882586
maternal_deaths,112,Micronesia,Micronesia (Federated States of),Western Pacific Region,2022,3.63,3.46091279947,2.07090615868,4.04499275753,ensemble_top4,0.169087200534,0,1.55909384132,0.169087200534,1.0488562441,0.0477002791257
maternal_deaths,112,Micronesia,Micronesia (Federated States of),Western Pacific Region,2023,3.23,3.31892409062,1.83103654961,3.96563890495,ensemble_top4,0,0,1.39896345039,-0.0889240906184,0.973206952557,-0.0271585240812
maternal_deaths,113,Monaco,Monaco,European Region,2000,0.04,0.04,-0,0.04,ensemble_top4,,,,,,
maternal_deaths,113,Monaco,Monaco,European Region,2001,0.042,0.0254013457231,0.000113639092272,0.0490037619527,ensemble_top4,,,,,,
maternal_deaths,113,Monaco,Monaco,European Region,2002,0.038,0.0256460317565,0.000245605348881,0.0492279253242,ensemble_top4,,,,,,
maternal_deaths,113,Monaco,Monaco,European Region,2003,0.018,0.025758359336,0.000566838214262,0.0502193731775,ensemble_top4,,,,,,
maternal_deaths,113,Monaco,Monaco,European Region,2004,0.018,0.0261657910806,0.000975867467741,0.0504583074862,ensemble_top4,,,,,,
maternal_deaths,113,Monaco,Monaco,European Region,2005,0.018,0.0260110796903,0.000633608941295,0.0500573092898,ensemble_top4,,,,,,
maternal_deaths,113,Monaco,Monaco,European Region,2006,0.018,0.0266850439951,0.00121640050337,0.0503570899309,ensemble_top4,,,,,,
maternal_deaths,113,Monaco,Monaco,European Region,2007,0.038,0.026770931278,0.00231835131049,0.0506480432446,ensemble_top4,,,,,,
maternal_deaths,113,Monaco,Monaco,European Region,2008,0.041,0.0274976978914,0.00176091676195,0.0502292967596,ensemble_top4,,,,,,
maternal_deaths,113,Monaco,Monaco,European Region,2009,0.04,0.0270351072193,0.0027555856566,0.0508906731472,ensemble_top4,,,,,,
maternal_deaths,113,Monaco,Monaco,European Region,2010,0.04,0.027346690476,0.00228349068892,0.0516246792884,ensemble_top4,,,,,,
maternal_deaths,113,Monaco,Monaco,European Region,2011,0.037,0.0274166544076,0.00222700054915,0.0510753065504,ensemble_top4,,,,,,
maternal_deaths,113,Monaco,Monaco,European Region,2012,0.019,0.0276815528275,0.0034494211046,0.0511500529556,ensemble_top4,,,,,,
maternal_deaths,113,Monaco,Monaco,European Region,2013,0.019,0.0277586152594,0.00350458572771,0.0514671205613,ensemble_top4,,,,,,
maternal_deaths,113,Monaco,Monaco,European Region,2014,0.021,0.0277094031569,0.00319875800371,0.0513925639314,ensemble_top4,,,,,,
maternal_deaths,113,Monaco,Monaco,European Region,2015,0.021,0.0280073581427,0.00291476916044,0.0508264653794,ensemble_top4,,,,,,
maternal_deaths,113,Monaco,Monaco,European Region,2016,0.022,0.0279825558367,0.00387170099151,0.0520636776514,ensemble_top4,,,,,,
maternal_deaths,113,Monaco,Monaco,European Region,2017,0.021,0.0279741489648,0.00373930962689,0.052117590691,ensemble_top4,,,,,,
maternal_deaths,113,Monaco,Monaco,European Region,2018,0.022,0.0285048622424,0.0043694503101,0.0518658349932,ensemble_top4,,,,,,
maternal_deaths,113,Monaco,Monaco,European Region,2019,0.021,0.0282671837859,0.00419214609821,0.0522599634704,ensemble_top4,,,,,,
maternal_deaths,113,Monaco,Monaco,European Region,2020,0.088,0.0285591807771,0.00473799338158,0.0530078481276,ensemble_top4,0.0594408192229,0.0349921518724,0.0832620066184,0.0594408192229,3.08132087846,1.12535836169
maternal_deaths,113,Monaco,Monaco,European Region,2021,0.018,0.0284198869912,0.00418402276214,0.0532122588037,ensemble_top4,0,0,0.0138159772379,-0.0104198869912,0.633359309471,-0.456717388383
maternal_deaths,113,Monaco,Monaco,European Region,2022,0.018,0.0287003940228,0.00348037321061,0.0530313981765,ensemble_top4,0,0,0.0145196267894,-0.0107003940228,0.627169089933,-0.466539093792
maternal_deaths,113,Monaco,Monaco,European Region,2023,0.019,0.0287914588232,0.00385150183441,0.0531694894242,ensemble_top4,0,0,0.0151484981656,-0.00979145882317,0.659917933186,-0.41563979535
maternal_deaths,114,Mongolia,Mongolia,Western Pacific Region,2000,73.47,73.47,72.47,73.47,ensemble_top4,,,,,,
maternal_deaths,114,Mongolia,Mongolia,Western Pacific Region,2001,65.15,58.3467631177,40.0472728889,65.7298985155,ensemble_top4,,,,,,
maternal_deaths,114,Mongolia,Mongolia,Western Pacific Region,2002,58.16,56.1526254213,39.4458328629,63.1719163364,ensemble_top4,,,,,,
maternal_deaths,114,Mongolia,Mongolia,Western Pacific Region,2003,53.58,53.7726008703,40.6314236144,60.7157705423,ensemble_top4,,,,,,
maternal_deaths,114,Mongolia,Mongolia,Western Pacific Region,2004,50.45,51.1206976487,42.2498999838,58.8968556662,ensemble_top4,,,,,,
maternal_deaths,114,Mongolia,Mongolia,Western Pacific Region,2005,47.19,49.4548698243,43.2217988412,57.9292680483,ensemble_top4,,,,,,
maternal_deaths,114,Mongolia,Mongolia,Western Pacific Region,2006,46.42,48.3853552407,42.1736153062,56.998176524,ensemble_top4,,,,,,
maternal_deaths,114,Mongolia,Mongolia,Western Pacific Region,2007,46.41,48.6675511313,42.3821496292,55.5881589746,ensemble_top4,,,,,,
maternal_deaths,114,Mongolia,Mongolia,Western Pacific Region,2008,48.56,49.2418647047,43.2464827881,55.5017114988,ensemble_top4,,,,,,
maternal_deaths,114,Mongolia,Mongolia,Western Pacific Region,2009,49.36,48.1050186993,41.9251840863,53.9967787324,ensemble_top4,,,,,,
maternal_deaths,114,Mongolia,Mongolia,Western Pacific Region,2010,45.82,46.8122802691,40.5875470935,52.345045452,ensemble_top4,,,,,,
maternal_deaths,114,Mongolia,Mongolia,Western Pacific Region,2011,44.95,45.4679971702,39.1422280962,50.8582034365,ensemble_top4,,,,,,
maternal_deaths,114,Mongolia,Mongolia,Western Pacific Region,2012,44.81,44.1154167435,37.8312700741,49.3035858574,ensemble_top4,,,,,,
maternal_deaths,114,Mongolia,Mongolia,Western Pacific Region,2013,45.29,42.7123340738,36.1036791775,48.0650372186,ensemble_top4,,,,,,
maternal_deaths,114,Mongolia,Mongolia,Western Pacific Region,2014,44,41.2642053652,34.8781723275,46.7255222258,ensemble_top4,,,,,,
maternal_deaths,114,Mongolia,Mongolia,Western Pacific Region,2015,40.85,39.8440461625,33.4880229864,45.3579791594,ensemble_top4,,,,,,
maternal_deaths,114,Mongolia,Mongolia,Western Pacific Region,2016,37.13,38.452043835,32.1391091762,43.8931128882,ensemble_top4,,,,,,
maternal_deaths,114,Mongolia,Mongolia,Western Pacific Region,2017,34.03,37.1414144439,31.0961156951,42.6626428669,ensemble_top4,,,,,,
maternal_deaths,114,Mongolia,Mongolia,Western Pacific Region,2018,33.41,35.8274855919,29.8258544932,41.5506173624,ensemble_top4,,,,,,
maternal_deaths,114,Mongolia,Mongolia,Western Pacific Region,2019,34.12,34.5685407017,28.5039316776,40.6270316295,ensemble_top4,,,,,,
maternal_deaths,114,Mongolia,Mongolia,Western Pacific Region,2020,34.43,33.3828131925,27.5629351462,39.2556878228,ensemble_top4,1.04718680754,0,6.86706485375,1.04718680754,1.03136904016,0.030887084883
maternal_deaths,114,Mongolia,Mongolia,Western Pacific Region,2021,44.45,32.187956194,26.3753946312,38.5166246521,ensemble_top4,12.262043806,5.93337534793,18.0746053688,12.262043806,1.38095130154,0.32277261062
maternal_deaths,114,Mongolia,Mongolia,Western Pacific Region,2022,27.72,31.1331983117,25.3565094664,37.5069326838,ensemble_top4,0,0,2.3634905336,-3.41319831175,0.890367887116,-0.116120545354
maternal_deaths,114,Mongolia,Mongolia,Western Pacific Region,2023,26.34,29.8834441167,24.112157152,36.6302257423,ensemble_top4,0,0,2.22784284804,-3.54344411671,0.881424507066,-0.126215922257
maternal_deaths,115,Montenegro,Montenegro,European Region,2000,1.04,1.04,1.04,1.04,ensemble_top4,,,,,,
maternal_deaths,115,Montenegro,Montenegro,European Region,2001,0.97,0.917593512559,0.807045586664,1.01963101375,ensemble_top4,,,,,,
maternal_deaths,115,Montenegro,Montenegro,European Region,2002,0.89,0.879279950059,0.77635037537,0.979328892076,ensemble_top4,,,,,,
maternal_deaths,115,Montenegro,Montenegro,European Region,2003,0.87,0.841156816025,0.742528109866,0.940935072567,ensemble_top4,,,,,,
maternal_deaths,115,Montenegro,Montenegro,European Region,2004,0.78,0.802565310957,0.707550183218,0.900139305715,ensemble_top4,,,,,,
maternal_deaths,115,Montenegro,Montenegro,European Region,2005,0.69,0.7655283116,0.67238694522,0.864438826127,ensemble_top4,,,,,,
maternal_deaths,115,Montenegro,Montenegro,European Region,2006,0.67,0.730730531611,0.635648619877,0.826285598448,ensemble_top4,,,,,,
maternal_deaths,115,Montenegro,Montenegro,European Region,2007,0.69,0.700846225587,0.605048823882,0.799636442117,ensemble_top4,,,,,,
maternal_deaths,115,Montenegro,Montenegro,European Region,2008,0.69,0.679388265918,0.57566654686,0.781529204004,ensemble_top4,,,,,,
maternal_deaths,115,Montenegro,Montenegro,European Region,2009,0.7,0.647119964486,0.546919732692,0.75194298257,ensemble_top4,,,,,,
maternal_deaths,115,Montenegro,Montenegro,European Region,2010,0.6,0.617730811114,0.518895351759,0.72427109041,ensemble_top4,,,,,,
maternal_deaths,115,Montenegro,Montenegro,European Region,2011,0.56,0.59250098876,0.491668794882,0.699105536263,ensemble_top4,,,,,,
maternal_deaths,115,Montenegro,Montenegro,European Region,2012,0.55,0.576795315135,0.472556680393,0.681063279721,ensemble_top4,,,,,,
maternal_deaths,115,Montenegro,Montenegro,European Region,2013,0.56,0.559435458902,0.452751030197,0.66350480046,ensemble_top4,,,,,,
maternal_deaths,115,Montenegro,Montenegro,European Region,2014,0.54,0.54989587289,0.448334270016,0.649494654725,ensemble_top4,,,,,,
maternal_deaths,115,Montenegro,Montenegro,European Region,2015,0.54,0.53419659578,0.431510070366,0.632676594052,ensemble_top4,,,,,,
maternal_deaths,115,Montenegro,Montenegro,European Region,2016,0.47,0.514536643054,0.414043638536,0.613436203555,ensemble_top4,,,,,,
maternal_deaths,115,Montenegro,Montenegro,European Region,2017,0.56,0.496836315513,0.394354858037,0.599304422267,ensemble_top4,,,,,,
maternal_deaths,115,Montenegro,Montenegro,European Region,2018,0.49,0.477484157216,0.37532084946,0.584223392702,ensemble_top4,,,,,,
maternal_deaths,115,Montenegro,Montenegro,European Region,2019,0.46,0.462297382896,0.36015675604,0.571541409594,ensemble_top4,,,,,,
maternal_deaths,115,Montenegro,Montenegro,European Region,2020,1.05,0.447474963242,0.342323052158,0.5563700697,ensemble_top4,0.602525036758,0.4936299303,0.707676947842,0.602525036758,2.34649999721,0.852924855065
maternal_deaths,115,Montenegro,Montenegro,European Region,2021,1.03,0.432934527661,0.325704972687,0.546684927944,ensemble_top4,0.597065472339,0.483315072056,0.704295027313,0.597065472339,2.37911262371,0.86672757098
maternal_deaths,115,Montenegro,Montenegro,European Region,2022,0.92,0.418780196922,0.308188353627,0.537038057879,ensemble_top4,0.501219803078,0.382961942121,0.611811646373,0.501219803078,2.19685650554,0.787027477452
maternal_deaths,115,Montenegro,Montenegro,European Region,2023,0.41,0.405255637643,0.294739642688,0.527457141514,ensemble_top4,0.00474436235658,0,0.115260357312,0.00474436235658,1.01170708539,0.0116390876595
maternal_deaths,116,Morocco,Morocco,Eastern Mediterranean,2000,1750,1750,1750,1750,ensemble_top4,,,,,,
maternal_deaths,116,Morocco,Morocco,Eastern Mediterranean,2001,1617,1612.69705085,1540.52728274,1658.12311797,ensemble_top4,,,,,,
maternal_deaths,116,Morocco,Morocco,Eastern Mediterranean,2002,1501,1504.38198479,1467.12221221,1552.07259664,ensemble_top4,,,,,,
maternal_deaths,116,Morocco,Morocco,Eastern Mediterranean,2003,1431,1442.91960455,1407.18991558,1485.26292051,ensemble_top4,,,,,,
maternal_deaths,116,Morocco,Morocco,Eastern Mediterranean,2004,1385,1376.26316211,1342.09771041,1413.76406135,ensemble_top4,,,,,,
maternal_deaths,116,Morocco,Morocco,Eastern Mediterranean,2005,1301,1305.27227141,1270.7785484,1340.45032329,ensemble_top4,,,,,,
maternal_deaths,116,Morocco,Morocco,Eastern Mediterranean,2006,1227,1234.2757457,1199.07314559,1267.78298477,ensemble_top4,,,,,,
maternal_deaths,116,Morocco,Morocco,Eastern Mediterranean,2007,1157,1163.97530215,1127.48448886,1197.04659299,ensemble_top4,,,,,,
maternal_deaths,116,Morocco,Morocco,Eastern Mediterranean,2008,1093,1094.7582335,1059.56659252,1127.94106123,ensemble_top4,,,,,,
maternal_deaths,116,Morocco,Morocco,Eastern Mediterranean,2009,1041,1027.62257895,991.855909323,1061.01281154,ensemble_top4,,,,,,
maternal_deaths,116,Morocco,Morocco,Eastern Mediterranean,2010,994.9,962.767733497,928.393826138,996.154424333,ensemble_top4,,,,,,
maternal_deaths,116,Morocco,Morocco,Eastern Mediterranean,2011,921.5,902.392415753,867.10447863,935.129811569,ensemble_top4,,,,,,
maternal_deaths,116,Morocco,Morocco,Eastern Mediterranean,2012,846.9,843.907692047,807.991755741,875.71658644,ensemble_top4,,,,,,
maternal_deaths,116,Morocco,Morocco,Eastern Mediterranean,2013,773.9,788.131174907,754.455108785,820.734835654,ensemble_top4,,,,,,
maternal_deaths,116,Morocco,Morocco,Eastern Mediterranean,2014,715.5,735.505672283,701.447678805,767.968530515,ensemble_top4,,,,,,
maternal_deaths,116,Morocco,Morocco,Eastern Mediterranean,2015,672.1,686.097625202,652.120662926,718.104222266,ensemble_top4,,,,,,
maternal_deaths,116,Morocco,Morocco,Eastern Mediterranean,2016,634.6,639.925662769,606.772390424,672.543805869,ensemble_top4,,,,,,
maternal_deaths,116,Morocco,Morocco,Eastern Mediterranean,2017,590.7,595.718521313,562.930970812,629.176187405,ensemble_top4,,,,,,
maternal_deaths,116,Morocco,Morocco,Eastern Mediterranean,2018,553.4,555.014629709,521.361457888,588.191480781,ensemble_top4,,,,,,
maternal_deaths,116,Morocco,Morocco,Eastern Mediterranean,2019,523.7,517.317716635,484.688302768,549.372411112,ensemble_top4,,,,,,
maternal_deaths,116,Morocco,Morocco,Eastern Mediterranean,2020,531.1,480.807749279,448.680732877,513.669912963,ensemble_top4,50.2922507209,17.430087037,82.4192671226,50.2922507209,1.10459950114,0.0994828268682
maternal_deaths,116,Morocco,Morocco,Eastern Mediterranean,2021,593.9,447.749008232,415.472548842,481.987951869,ensemble_top4,146.150991768,111.912048131,178.427451158,146.150991768,1.32641276492,0.282478129088
maternal_deaths,116,Morocco,Morocco,Eastern Mediterranean,2022,452.9,416.588389117,383.582306989,450.884601075,ensemble_top4,36.3116108831,2.0153989253,69.3176930114,36.3116108831,1.08716424133,0.0835726927024
maternal_deaths,116,Morocco,Morocco,Eastern Mediterranean,2023,439.4,387.925628778,355.429056193,423.897863378,ensemble_top4,51.474371222,15.5021366223,83.9709438074,51.474371222,1.13269133928,0.124596517107
maternal_deaths,117,Mozambique,Mozambique,African Region,2000,4152,4152,4152,4152,ensemble_top4,,,,,,
maternal_deaths,117,Mozambique,Mozambique,African Region,2001,3596,3090.30218611,2401.05163028,3781.93303839,ensemble_top4,,,,,,
maternal_deaths,117,Mozambique,Mozambique,African Region,2002,3021,3017.80461978,2371.34958887,3694.64377725,ensemble_top4,,,,,,
maternal_deaths,117,Mozambique,Mozambique,African Region,2003,2752,2916.89702061,2269.11661478,3554.4398049,ensemble_top4,,,,,,
maternal_deaths,117,Mozambique,Mozambique,African Region,2004,2480,2793.61111486,2137.67787329,3437.90599161,ensemble_top4,,,,,,
maternal_deaths,117,Mozambique,Mozambique,African Region,2005,2345,2654.23385941,2045.98730307,3335.75689724,ensemble_top4,,,,,,
maternal_deaths,117,Mozambique,Mozambique,African Region,2006,2343,2576.63676397,1928.51851572,3269.51320358,ensemble_top4,,,,,,
maternal_deaths,117,Mozambique,Mozambique,African Region,2007,2607,2718.13390908,2000.63090038,3453.02872209,ensemble_top4,,,,,,
maternal_deaths,117,Mozambique,Mozambique,African Region,2008,3029,2760.51708221,2008.8119896,3463.66026751,ensemble_top4,,,,,,
maternal_deaths,117,Mozambique,Mozambique,African Region,2009,3005,2631.88198628,1925.63554685,3290.03660973,ensemble_top4,,,,,,
maternal_deaths,117,Mozambique,Mozambique,African Region,2010,2669,2471.1805808,1803.92083923,3097.43130872,ensemble_top4,,,,,,
maternal_deaths,117,Mozambique,Mozambique,African Region,2011,2375,2341.07538472,1695.89816171,2946.60031603,ensemble_top4,,,,,,
maternal_deaths,117,Mozambique,Mozambique,African Region,2012,1954,2219.90705069,1565.45828772,2813.5992684,ensemble_top4,,,,,,
maternal_deaths,117,Mozambique,Mozambique,African Region,2013,1769,2079.69956541,1445.08136432,2670.11907149,ensemble_top4,,,,,,
maternal_deaths,117,Mozambique,Mozambique,African Region,2014,1890,1963.15475537,1356.3512195,2563.24536925,ensemble_top4,,,,,,
maternal_deaths,117,Mozambique,Mozambique,African Region,2015,1958,1842.31597902,1213.57835409,2472.84585849,ensemble_top4,,,,,,
maternal_deaths,117,Mozambique,Mozambique,African Region,2016,1861,1744.01949363,1153.6110429,2370.3284512,ensemble_top4,,,,,,
maternal_deaths,117,Mozambique,Mozambique,African Region,2017,1745,1634.053016,1024.81770121,2268.04115182,ensemble_top4,,,,,,
maternal_deaths,117,Mozambique,Mozambique,African Region,2018,1517,1546.34925652,916.543266166,2192.52065874,ensemble_top4,,,,,,
maternal_deaths,117,Mozambique,Mozambique,African Region,2019,1302,1460.42916476,814.997349602,2112.05136825,ensemble_top4,,,,,,
maternal_deaths,117,Mozambique,Mozambique,African Region,2020,1315,1368.85414899,738.784961516,2046.15877365,ensemble_top4,0,0,576.215038484,-53.8541489885,0.960657496616,-0.0401373366434
maternal_deaths,117,Mozambique,Mozambique,African Region,2021,1955,1298.89852322,619.217652618,2028.68130917,ensemble_top4,656.101476776,0,1335.78234738,656.101476776,1.50512142792,0.40887357795
maternal_deaths,117,Mozambique,Mozambique,African Region,2022,1151,1225.24346607,544.376144559,1932.80610826,ensemble_top4,0,0,606.623855441,-74.2434660723,0.939405132018,-0.0625084423234
maternal_deaths,117,Mozambique,Mozambique,African Region,2023,1037,1153.84582994,474.748479841,1892.72680413,ensemble_top4,0,0,562.251520159,-116.845829936,0.898733585628,-0.106768633671
maternal_deaths,118,Myanmar,Myanmar,Southeast Asia Region,2000,3933,3933,3932,3933,ensemble_top4,,,,,,
maternal_deaths,118,Myanmar,Myanmar,Southeast Asia Region,2001,3815,3805.42309834,3622.46761134,3902.30422331,ensemble_top4,,,,,,
maternal_deaths,118,Myanmar,Myanmar,Southeast Asia Region,2002,3667,3628.21274518,3441.58967124,3719.76055074,ensemble_top4,,,,,,
maternal_deaths,118,Myanmar,Myanmar,Southeast Asia Region,2003,3479,3453.40886326,3263.98479401,3540.86798141,ensemble_top4,,,,,,
maternal_deaths,118,Myanmar,Myanmar,Southeast Asia Region,2004,3280,3283.18859387,3102.05821363,3370.46531691,ensemble_top4,,,,,,
maternal_deaths,118,Myanmar,Myanmar,Southeast Asia Region,2005,3099,3124.13071476,2952.20764538,3208.4909393,ensemble_top4,,,,,,
maternal_deaths,118,Myanmar,Myanmar,Southeast Asia Region,2006,2961,2968.72403616,2814.4010622,3055.10003405,ensemble_top4,,,,,,
maternal_deaths,118,Myanmar,Myanmar,Southeast Asia Region,2007,2848,2827.92024358,2687.7053571,2913.58111632,ensemble_top4,,,,,,
maternal_deaths,118,Myanmar,Myanmar,Southeast Asia Region,2008,2765,2692.06614988,2572.47226255,2773.2626602,ensemble_top4,,,,,,
maternal_deaths,118,Myanmar,Myanmar,Southeast Asia Region,2009,2571,2569.48335149,2469.16567662,2656.3630097,ensemble_top4,,,,,,
maternal_deaths,118,Myanmar,Myanmar,Southeast Asia Region,2010,2460,2467.73351821,2375.59467756,2570.87973078,ensemble_top4,,,,,,
maternal_deaths,118,Myanmar,Myanmar,Southeast Asia Region,2011,2344,2378.54016536,2292.35759875,2487.80370756,ensemble_top4,,,,,,
maternal_deaths,118,Myanmar,Myanmar,Southeast Asia Region,2012,2278,2315.39950791,2215.90161368,2409.41035176,ensemble_top4,,,,,,
maternal_deaths,118,Myanmar,Myanmar,Southeast Asia Region,2013,2224,2241.42859087,2143.2132431,2332.04631077,ensemble_top4,,,,,,
maternal_deaths,118,Myanmar,Myanmar,Southeast Asia Region,2014,2139,2166.90455241,2077.1495627,2252.59643357,ensemble_top4,,,,,,
maternal_deaths,118,Myanmar,Myanmar,Southeast Asia Region,2015,2106,2098.87405742,2014.40311854,2181.66497251,ensemble_top4,,,,,,
maternal_deaths,118,Myanmar,Myanmar,Southeast Asia Region,2016,2057,2033.92971387,1957.93779313,2112.83327725,ensemble_top4,,,,,,
maternal_deaths,118,Myanmar,Myanmar,Southeast Asia Region,2017,1990,1972.26579514,1900.71167643,2046.99427438,ensemble_top4,,,,,,
maternal_deaths,118,Myanmar,Myanmar,Southeast Asia Region,2018,1896,1914.05124531,1843.5016042,1986.75087061,ensemble_top4,,,,,,
maternal_deaths,118,Myanmar,Myanmar,Southeast Asia Region,2019,1824,1861.87712454,1784.02469595,1935.34341817,ensemble_top4,,,,,,
maternal_deaths,118,Myanmar,Myanmar,Southeast Asia Region,2020,1834,1809.80828378,1728.77289217,1890.52790623,ensemble_top4,24.1917162223,0,105.227107832,24.1917162223,1.01336700491,0.0132784547313
maternal_deaths,118,Myanmar,Myanmar,Southeast Asia Region,2021,2124,1764.65684721,1666.63520849,1849.54336838,ensemble_top4,359.343152789,274.456631618,457.364791508,359.343152789,1.20363344486,0.18534485274
maternal_deaths,118,Myanmar,Myanmar,Southeast Asia Region,2022,1754,1720.52100974,1607.44680869,1814.84213651,ensemble_top4,33.4789902591,0,146.553191311,33.4789902591,1.01945863495,0.0192717363533
maternal_deaths,118,Myanmar,Myanmar,Southeast Asia Region,2023,1669,1680.19196156,1554.32618468,1780.9197678,ensemble_top4,0,0,114.673815322,-11.191961565,0.993338879235,-0.00668340504428
maternal_deaths,119,Namibia,Namibia,African Region,2000,220.5,220.5,219.5,220.5,ensemble_top4,,,,,,
maternal_deaths,119,Namibia,Namibia,African Region,2001,212.9,160.372083786,59.0485421306,272.645720476,ensemble_top4,,,,,,
maternal_deaths,119,Namibia,Namibia,African Region,2002,175.5,166.257060822,87.271688451,314.234539432,ensemble_top4,,,,,,
maternal_deaths,119,Namibia,Namibia,African Region,2003,161.4,177.551337038,108.049630584,358.519098545,ensemble_top4,,,,,,
maternal_deaths,119,Namibia,Namibia,African Region,2004,158.6,197.623683661,129.33086514,385.354689424,ensemble_top4,,,,,,
maternal_deaths,119,Namibia,Namibia,African Region,2005,198.2,224.347905445,155.476170265,389.773160902,ensemble_top4,,,,,,
maternal_deaths,119,Namibia,Namibia,African Region,2006,241.4,262.32410997,189.620985665,372.340788427,ensemble_top4,,,,,,
maternal_deaths,119,Namibia,Namibia,African Region,2007,295.8,292.830810758,233.493567808,356.822044415,ensemble_top4,,,,,,
maternal_deaths,119,Namibia,Namibia,African Region,2008,332.8,313.385769529,230.394558447,385.194042464,ensemble_top4,,,,,,
maternal_deaths,119,Namibia,Namibia,African Region,2009,348.1,333.45206646,200.829900531,406.303815602,ensemble_top4,,,,,,
maternal_deaths,119,Namibia,Namibia,African Region,2010,347.5,334.089696688,177.502227154,407.690783556,ensemble_top4,,,,,,
maternal_deaths,119,Namibia,Namibia,African Region,2011,332.6,318.399301609,157.423133762,392.4108635,ensemble_top4,,,,,,
maternal_deaths,119,Namibia,Namibia,African Region,2012,302.3,291.016138633,145.979683942,363.460400979,ensemble_top4,,,,,,
maternal_deaths,119,Namibia,Namibia,African Region,2013,282,259.365219451,137.788008841,336.137005693,ensemble_top4,,,,,,
maternal_deaths,119,Namibia,Namibia,African Region,2014,264.6,230.86237683,132.76428651,307.633565615,ensemble_top4,,,,,,
maternal_deaths,119,Namibia,Namibia,African Region,2015,223.2,205.78486493,128.305887015,281.53975529,ensemble_top4,,,,,,
maternal_deaths,119,Namibia,Namibia,African Region,2016,184.6,188.544347096,122.28629747,256.415001416,ensemble_top4,,,,,,
maternal_deaths,119,Namibia,Namibia,African Region,2017,158.4,175.018636362,113.318808508,237.816323031,ensemble_top4,,,,,,
maternal_deaths,119,Namibia,Namibia,African Region,2018,148.3,165.186507898,95.6606383704,223.844797368,ensemble_top4,,,,,,
maternal_deaths,119,Namibia,Namibia,African Region,2019,131.6,159.437090034,77.8590200825,217.604348113,ensemble_top4,,,,,,
maternal_deaths,119,Namibia,Namibia,African Region,2020,108.4,154.347747354,57.1457704843,215.485253236,ensemble_top4,0,0,51.2542295157,-45.9477473537,0.702310217405,-0.353380067432
maternal_deaths,119,Namibia,Namibia,African Region,2021,193.1,151.627691521,40.826773309,210.724173207,ensemble_top4,41.4723084795,0,152.273226691,41.4723084795,1.27351407954,0.241780071162
maternal_deaths,119,Namibia,Namibia,African Region,2022,96.57,148.749238145,28.338792626,210.739076525,ensemble_top4,0,0,68.231207374,-52.1792381455,0.649213409117,-0.431993788723
maternal_deaths,119,Namibia,Namibia,African Region,2023,106.5,148.111827512,12.562130386,210.293616289,ensemble_top4,0,0,93.937869614,-41.6118275122,0.7190512857,-0.329822594598
maternal_deaths,120,Nauru,Nauru,Western Pacific Region,2000,0.8,0.8,-0,0.8,ensemble_top4,,,,,,
maternal_deaths,120,Nauru,Nauru,Western Pacific Region,2001,0.85,0.8188524657,0.655362834161,0.947043277472,ensemble_top4,,,,,,
maternal_deaths,120,Nauru,Nauru,Western Pacific Region,2002,0.9,0.866563630131,0.713954001514,0.975324105212,ensemble_top4,,,,,,
maternal_deaths,120,Nauru,Nauru,Western Pacific Region,2003,0.9,0.896841650544,0.7485807848,1.00523809855,ensemble_top4,,,,,,
maternal_deaths,120,Nauru,Nauru,Western Pacific Region,2004,0.92,0.912315949998,0.771166754888,1.01865387753,ensemble_top4,,,,,,
maternal_deaths,120,Nauru,Nauru,Western Pacific Region,2005,0.94,0.920741870848,0.788666685918,1.0326493435,ensemble_top4,,,,,,
maternal_deaths,120,Nauru,Nauru,Western Pacific Region,2006,0.89,0.925559112695,0.800565760354,1.03676150173,ensemble_top4,,,,,,
maternal_deaths,120,Nauru,Nauru,Western Pacific Region,2007,0.92,0.924483776464,0.807064984327,1.04396051409,ensemble_top4,,,,,,
maternal_deaths,120,Nauru,Nauru,Western Pacific Region,2008,0.97,0.958206507139,0.817531783316,1.06448265471,ensemble_top4,,,,,,
maternal_deaths,120,Nauru,Nauru,Western Pacific Region,2009,1.03,0.964408629176,0.817485282572,1.07085203565,ensemble_top4,,,,,,
maternal_deaths,120,Nauru,Nauru,Western Pacific Region,2010,1.08,0.961573968568,0.816211136658,1.06501570164,ensemble_top4,,,,,,
maternal_deaths,120,Nauru,Nauru,Western Pacific Region,2011,0.97,0.960482170963,0.815412363629,1.06319972053,ensemble_top4,,,,,,
maternal_deaths,120,Nauru,Nauru,Western Pacific Region,2012,0.94,0.956157081368,0.811823112264,1.05543194467,ensemble_top4,,,,,,
maternal_deaths,120,Nauru,Nauru,Western Pacific Region,2013,0.92,0.951296405949,0.80727607348,1.0523150416,ensemble_top4,,,,,,
maternal_deaths,120,Nauru,Nauru,Western Pacific Region,2014,0.89,0.945285790965,0.797200363353,1.04557569937,ensemble_top4,,,,,,
maternal_deaths,120,Nauru,Nauru,Western Pacific Region,2015,0.95,0.941674479468,0.791596948064,1.04054476049,ensemble_top4,,,,,,
maternal_deaths,120,Nauru,Nauru,Western Pacific Region,2016,0.93,0.934369231028,0.784253831526,1.03619800741,ensemble_top4,,,,,,
maternal_deaths,120,Nauru,Nauru,Western Pacific Region,2017,0.95,0.926624274314,0.775224038967,1.03206419808,ensemble_top4,,,,,,
maternal_deaths,120,Nauru,Nauru,Western Pacific Region,2018,0.95,0.919219967468,0.775364164487,1.02550763074,ensemble_top4,,,,,,
maternal_deaths,120,Nauru,Nauru,Western Pacific Region,2019,0.91,0.913268109968,0.760259317665,1.01688564299,ensemble_top4,,,,,,
maternal_deaths,120,Nauru,Nauru,Western Pacific Region,2020,1.03,0.905172745834,0.750430802085,1.01317147969,ensemble_top4,0.124827254166,0.016828520311,0.279569197915,0.124827254166,1.13790434449,0.129188276365
maternal_deaths,120,Nauru,Nauru,Western Pacific Region,2021,0.86,0.894940929002,0.751497413657,1.01192880603,ensemble_top4,0,0,0.108502586343,-0.0349409290021,0.960957279,-0.0398253257341
maternal_deaths,120,Nauru,Nauru,Western Pacific Region,2022,1,0.885399124577,0.734214658829,1.01119609439,ensemble_top4,0.114600875423,0,0.265785341171,0.114600875423,1.12943414133,0.121716747417
maternal_deaths,120,Nauru,Nauru,Western Pacific Region,2023,0.83,0.874455515898,0.721846707161,1.01644093459,ensemble_top4,0,0,0.108153292839,-0.0444555158975,0.949162061318,-0.0521757243325
maternal_deaths,121,Nepal,Nepal,Southeast Asia Region,2000,3645,3645,3645,3645,ensemble_top4,,,,,,
maternal_deaths,121,Nepal,Nepal,Southeast Asia Region,2001,3292,3242.85021437,3090.87710251,3400.00706909,ensemble_top4,,,,,,
maternal_deaths,121,Nepal,Nepal,Southeast Asia Region,2002,3003,3014.01648571,2861.13423985,3170.91929061,ensemble_top4,,,,,,
maternal_deaths,121,Nepal,Nepal,Southeast Asia Region,2003,2760,2762.39628742,2622.0491336,2916.25889464,ensemble_top4,,,,,,
maternal_deaths,121,Nepal,Nepal,Southeast Asia Region,2004,2545,2545.07375358,2384.54012585,2697.00223406,ensemble_top4,,,,,,
maternal_deaths,121,Nepal,Nepal,Southeast Asia Region,2005,2341,2352.94787949,2205.18550347,2503.1218474,ensemble_top4,,,,,,
maternal_deaths,121,Nepal,Nepal,Southeast Asia Region,2006,2107,2185.47627621,2049.75265179,2330.3752687,ensemble_top4,,,,,,
maternal_deaths,121,Nepal,Nepal,Southeast Asia Region,2007,2014,2042.50626067,1896.17979266,2185.38160958,ensemble_top4,,,,,,
maternal_deaths,121,Nepal,Nepal,Southeast Asia Region,2008,1932,1973.08897598,1799.52049423,2135.23388952,ensemble_top4,,,,,,
maternal_deaths,121,Nepal,Nepal,Southeast Asia Region,2009,1886,1904.07681072,1665.3417793,2072.65552157,ensemble_top4,,,,,,
maternal_deaths,121,Nepal,Nepal,Southeast Asia Region,2010,1857,1839.66010427,1703.60127484,1980.81468424,ensemble_top4,,,,,,
maternal_deaths,121,Nepal,Nepal,Southeast Asia Region,2011,1778,1743.73642533,1602.21223581,1881.98125955,ensemble_top4,,,,,,
maternal_deaths,121,Nepal,Nepal,Southeast Asia Region,2012,1698,1646.17249716,1510.34080501,1781.82615175,ensemble_top4,,,,,,
maternal_deaths,121,Nepal,Nepal,Southeast Asia Region,2013,1601,1554.75695669,1414.31445894,1690.37064973,ensemble_top4,,,,,,
maternal_deaths,121,Nepal,Nepal,Southeast Asia Region,2014,1516,1464.84265325,1326.97139668,1601.64847241,ensemble_top4,,,,,,
maternal_deaths,121,Nepal,Nepal,Southeast Asia Region,2015,1452,1380.04417663,1244.95088569,1517.59135186,ensemble_top4,,,,,,
maternal_deaths,121,Nepal,Nepal,Southeast Asia Region,2016,1310,1301.17662545,1169.39347601,1434.34042843,ensemble_top4,,,,,,
maternal_deaths,121,Nepal,Nepal,Southeast Asia Region,2017,1191,1227.55120605,1093.03863445,1369.23039006,ensemble_top4,,,,,,
maternal_deaths,121,Nepal,Nepal,Southeast Asia Region,2018,1085,1157.08804713,1016.98414992,1298.83538786,ensemble_top4,,,,,,
maternal_deaths,121,Nepal,Nepal,Southeast Asia Region,2019,997.7,1091.25361639,951.246476317,1237.93400124,ensemble_top4,,,,,,
maternal_deaths,121,Nepal,Nepal,Southeast Asia Region,2020,891,1027.04425597,881.822665013,1185.32026492,ensemble_top4,0,0,9.17733498672,-136.044255973,0.867538078148,-0.142095874005
maternal_deaths,121,Nepal,Nepal,Southeast Asia Region,2021,1002,972.362536011,820.237364642,1132.67413989,ensemble_top4,29.6374639888,0,181.762635358,29.6374639888,1.03047984974,0.0300245672885
maternal_deaths,121,Nepal,Nepal,Southeast Asia Region,2022,809.7,918.000626951,757.24541926,1086.25696147,ensemble_top4,0,0,52.45458074,-108.300626951,0.882025541409,-0.125534264881
maternal_deaths,121,Nepal,Nepal,Southeast Asia Region,2023,815.5,870.590831435,691.516117446,1043.21239149,ensemble_top4,0,0,123.983882554,-55.0908314354,0.936720179623,-0.0653706756846
maternal_deaths,122,Netherlands,Netherlands (Kingdom of the),European Region,2000,27.77,27.77,26.77,27.77,ensemble_top4,,,,,,
maternal_deaths,122,Netherlands,Netherlands (Kingdom of the),European Region,2001,25.83,26.2019572299,24.957414261,29.4621257989,ensemble_top4,,,,,,
maternal_deaths,122,Netherlands,Netherlands (Kingdom of the),European Region,2002,25.86,26.0174412448,24.6310672021,30.8384881497,ensemble_top4,,,,,,
maternal_deaths,122,Netherlands,Netherlands (Kingdom of the),European Region,2003,24.21,24.1223061445,23.0077875205,29.4153564034,ensemble_top4,,,,,,
maternal_deaths,122,Netherlands,Netherlands (Kingdom of the),European Region,2004,21.47,21.7456548694,20.6831931545,26.5224726598,ensemble_top4,,,,,,
maternal_deaths,122,Netherlands,Netherlands (Kingdom of the),European Region,2005,19.36,19.4761841845,18.4663304926,23.4801209167,ensemble_top4,,,,,,
maternal_deaths,122,Netherlands,Netherlands (Kingdom of the),European Region,2006,16.82,17.5220978988,16.453383464,20.5659714144,ensemble_top4,,,,,,
maternal_deaths,122,Netherlands,Netherlands (Kingdom of the),European Region,2007,14.97,15.8672480301,14.7902250618,18.1613204732,ensemble_top4,,,,,,
maternal_deaths,122,Netherlands,Netherlands (Kingdom of the),European Region,2008,14.39,14.4587558795,13.362975689,16.1487087097,ensemble_top4,,,,,,
maternal_deaths,122,Netherlands,Netherlands (Kingdom of the),European Region,2009,13.35,13.2665277947,12.2221831248,14.5292335794,ensemble_top4,,,,,,
maternal_deaths,122,Netherlands,Netherlands (Kingdom of the),European Region,2010,11.93,12.2531092583,11.3043124845,13.2668179869,ensemble_top4,,,,,,
maternal_deaths,122,Netherlands,Netherlands (Kingdom of the),European Region,2011,11.94,11.3875036761,10.4909304592,12.3388956814,ensemble_top4,,,,,,
maternal_deaths,122,Netherlands,Netherlands (Kingdom of the),European Region,2012,10.75,10.6798753864,9.80899558239,11.6044755241,ensemble_top4,,,,,,
maternal_deaths,122,Netherlands,Netherlands (Kingdom of the),European Region,2013,9.73,10.070388257,9.15783940818,11.032861985,ensemble_top4,,,,,,
maternal_deaths,122,Netherlands,Netherlands (Kingdom of the),European Region,2014,9.66,9.56797593609,8.60257533433,10.529669782,ensemble_top4,,,,,,
maternal_deaths,122,Netherlands,Netherlands (Kingdom of the),European Region,2015,8.84,9.11355784211,8.05011794292,10.1017285303,ensemble_top4,,,,,,
maternal_deaths,122,Netherlands,Netherlands (Kingdom of the),European Region,2016,9.15,8.7404085951,7.57722749646,9.7032832877,ensemble_top4,,,,,,
maternal_deaths,122,Netherlands,Netherlands (Kingdom of the),European Region,2017,8.6,8.40184226684,7.08240213805,9.40103513257,ensemble_top4,,,,,,
maternal_deaths,122,Netherlands,Netherlands (Kingdom of the),European Region,2018,8.16,8.09811386669,6.62912862843,9.16317831089,ensemble_top4,,,,,,
maternal_deaths,122,Netherlands,Netherlands (Kingdom of the),European Region,2019,8.25,7.82646432768,6.11899867887,8.98799854102,ensemble_top4,,,,,,
maternal_deaths,122,Netherlands,Netherlands (Kingdom of the),European Region,2020,6.53,7.54504463346,5.68080016221,8.83749815147,ensemble_top4,0,0,0.849199837791,-1.01504463346,0.865468703928,-0.144484064548
maternal_deaths,122,Netherlands,Netherlands (Kingdom of the),European Region,2021,8.97,7.29820168504,5.32679793514,8.71304620466,ensemble_top4,1.67179831496,0.256953795344,3.64320206486,1.67179831496,1.22906989792,0.206257702779
maternal_deaths,122,Netherlands,Netherlands (Kingdom of the),European Region,2022,7.61,7.0121590701,4.93682011203,8.631440696,ensemble_top4,0.597840929897,0,2.67317988797,0.597840929897,1.08525775356,0.0818175196608
maternal_deaths,122,Netherlands,Netherlands (Kingdom of the),European Region,2023,7.22,6.74264560044,4.55960693561,8.58715928035,ensemble_top4,0.47735439956,0,2.66039306439,0.47735439956,1.07079630576,0.0684025826768
maternal_deaths,123,New Zealand,New Zealand,Western Pacific Region,2000,6.04,6.04,6.04,6.04,ensemble_top4,,,,,,
maternal_deaths,123,New Zealand,New Zealand,Western Pacific Region,2001,5.76,5.3298216402,4.37921147811,6.29974079217,ensemble_top4,,,,,,
maternal_deaths,123,New Zealand,New Zealand,Western Pacific Region,2002,5.68,5.80822909782,4.95711803226,6.65592627494,ensemble_top4,,,,,,
maternal_deaths,123,New Zealand,New Zealand,Western Pacific Region,2003,6.01,6.08109360852,5.20745605139,6.90867374743,ensemble_top4,,,,,,
maternal_deaths,123,New Zealand,New Zealand,Western Pacific Region,2004,6.11,6.19265212889,5.31121458213,7.03761163532,ensemble_top4,,,,,,
maternal_deaths,123,New Zealand,New Zealand,Western Pacific Region,2005,6.06,6.27021697231,5.39974848399,7.11129541752,ensemble_top4,,,,,,
maternal_deaths,123,New Zealand,New Zealand,Western Pacific Region,2006,5.98,6.36368810286,5.51984734212,7.23229824032,ensemble_top4,,,,,,
maternal_deaths,123,New Zealand,New Zealand,Western Pacific Region,2007,6.61,6.36691565883,5.5113257717,7.22767984638,ensemble_top4,,,,,,
maternal_deaths,123,New Zealand,New Zealand,Western Pacific Region,2008,6.29,6.25642540759,5.39233239385,7.07821425687,ensemble_top4,,,,,,
maternal_deaths,123,New Zealand,New Zealand,Western Pacific Region,2009,6.27,6.07975693102,5.24714591622,6.90311933981,ensemble_top4,,,,,,
maternal_deaths,123,New Zealand,New Zealand,Western Pacific Region,2010,6.29,5.89827535078,5.08374465547,6.69335329252,ensemble_top4,,,,,,
maternal_deaths,123,New Zealand,New Zealand,Western Pacific Region,2011,6.17,5.69914515126,4.90353000693,6.5097698569,ensemble_top4,,,,,,
maternal_deaths,123,New Zealand,New Zealand,Western Pacific Region,2012,5.64,5.49273270711,4.68646441328,6.29272631362,ensemble_top4,,,,,,
maternal_deaths,123,New Zealand,New Zealand,Western Pacific Region,2013,4.85,5.27860001026,4.48215241087,6.06422870676,ensemble_top4,,,,,,
maternal_deaths,123,New Zealand,New Zealand,Western Pacific Region,2014,4.23,5.05938135405,4.26950426483,5.84933733821,ensemble_top4,,,,,,
maternal_deaths,123,New Zealand,New Zealand,Western Pacific Region,2015,4.82,4.84308623807,4.02441047849,5.66839100997,ensemble_top4,,,,,,
maternal_deaths,123,New Zealand,New Zealand,Western Pacific Region,2016,4.49,4.6348605012,3.80775443106,5.45251856327,ensemble_top4,,,,,,
maternal_deaths,123,New Zealand,New Zealand,Western Pacific Region,2017,4.42,4.43238293599,3.61674704916,5.25030396973,ensemble_top4,,,,,,
maternal_deaths,123,New Zealand,New Zealand,Western Pacific Region,2018,4.29,4.23308511617,3.40968376699,5.07775421093,ensemble_top4,,,,,,
maternal_deaths,123,New Zealand,New Zealand,Western Pacific Region,2019,4.43,4.05916252364,3.20049301871,4.92878945579,ensemble_top4,,,,,,
maternal_deaths,123,New Zealand,New Zealand,Western Pacific Region,2020,4.36,3.8513541891,3.00649529838,4.76749590013,ensemble_top4,0.508645810903,0,1.35350470162,0.508645810903,1.13206934131,0.124047233479
maternal_deaths,123,New Zealand,New Zealand,Western Pacific Region,2021,4.46,3.69533749953,2.80380376073,4.65358213636,ensemble_top4,0.764662500469,0,1.65619623927,0.764662500469,1.20692629579,0.188076876282
maternal_deaths,123,New Zealand,New Zealand,Western Pacific Region,2022,13.33,3.514167057,2.6028086335,4.52152746364,ensemble_top4,9.815832943,8.80847253636,10.7271913665,9.815832943,3.79321750611,1.33321460515
maternal_deaths,123,New Zealand,New Zealand,Western Pacific Region,2023,4.16,3.34871389059,2.4304019299,4.38732781938,ensemble_top4,0.811286109409,0,1.7295980701,0.811286109409,1.24226796792,0.216938715406
maternal_deaths,124,Nicaragua,Nicaragua,Region of the Americas,2000,298.8,298.8,297.8,298.8,ensemble_top4,,,,,,
maternal_deaths,124,Nicaragua,Nicaragua,Region of the Americas,2001,267,265.872947433,248.025497687,339.171348394,ensemble_top4,,,,,,
maternal_deaths,124,Nicaragua,Nicaragua,Region of the Americas,2002,230.3,238.332510956,225.806460434,308.992865391,ensemble_top4,,,,,,
maternal_deaths,124,Nicaragua,Nicaragua,Region of the Americas,2003,208,209.698593859,198.807004807,261.315232821,ensemble_top4,,,,,,
maternal_deaths,124,Nicaragua,Nicaragua,Region of the Americas,2004,189.6,188.210499569,175.59924529,219.488042899,ensemble_top4,,,,,,
maternal_deaths,124,Nicaragua,Nicaragua,Region of the Americas,2005,170.1,172.389036462,159.350578938,190.216678252,ensemble_top4,,,,,,
maternal_deaths,124,Nicaragua,Nicaragua,Region of the Americas,2006,155.7,159.410424691,149.031537126,171.954843945,ensemble_top4,,,,,,
maternal_deaths,124,Nicaragua,Nicaragua,Region of the Americas,2007,146.8,149.595210322,140.460934524,161.061419171,ensemble_top4,,,,,,
maternal_deaths,124,Nicaragua,Nicaragua,Region of the Americas,2008,140.7,142.177733859,132.195686836,152.021170251,ensemble_top4,,,,,,
maternal_deaths,124,Nicaragua,Nicaragua,Region of the Americas,2009,138.5,136.208811866,125.666300931,146.119046764,ensemble_top4,,,,,,
maternal_deaths,124,Nicaragua,Nicaragua,Region of the Americas,2010,134.7,130.873690916,119.476841914,140.995923913,ensemble_top4,,,,,,
maternal_deaths,124,Nicaragua,Nicaragua,Region of the Americas,2011,129,126.27155384,114.216558153,136.146533943,ensemble_top4,,,,,,
maternal_deaths,124,Nicaragua,Nicaragua,Region of the Americas,2012,122.8,121.931408019,109.596765809,131.672329115,ensemble_top4,,,,,,
maternal_deaths,124,Nicaragua,Nicaragua,Region of the Americas,2013,119.1,117.494729464,104.482159066,127.077205973,ensemble_top4,,,,,,
maternal_deaths,124,Nicaragua,Nicaragua,Region of the Americas,2014,114.4,112.98265906,100.132516743,122.517544801,ensemble_top4,,,,,,
maternal_deaths,124,Nicaragua,Nicaragua,Region of the Americas,2015,111.4,108.535390517,94.7925370905,118.583679201,ensemble_top4,,,,,,
maternal_deaths,124,Nicaragua,Nicaragua,Region of the Americas,2016,105.6,103.742157015,90.1630542702,114.921939981,ensemble_top4,,,,,,
maternal_deaths,124,Nicaragua,Nicaragua,Region of the Americas,2017,99.02,99.0838711316,85.3294084589,111.373758287,ensemble_top4,,,,,,
maternal_deaths,124,Nicaragua,Nicaragua,Region of the Americas,2018,90.7,93.9541608559,80.7514998837,108.674141795,ensemble_top4,,,,,,
maternal_deaths,124,Nicaragua,Nicaragua,Region of the Americas,2019,93.76,88.8500909068,76.0516594799,106.019290727,ensemble_top4,,,,,,
maternal_deaths,124,Nicaragua,Nicaragua,Region of the Americas,2020,116.5,83.4311022783,71.7957085394,102.153208909,ensemble_top4,33.0688977217,14.3467910913,44.7042914606,33.0688977217,1.39636175022,0.333870104165
maternal_deaths,124,Nicaragua,Nicaragua,Region of the Americas,2021,164.6,78.3835390932,67.0516725397,99.5499799565,ensemble_top4,86.2164609068,65.0500200435,97.5483274603,86.2164609068,2.09993069852,0.741904343478
maternal_deaths,124,Nicaragua,Nicaragua,Region of the Americas,2022,81.04,73.3689413877,62.4145266703,95.4775629428,ensemble_top4,7.67105861232,0,18.6254733297,7.67105861232,1.10455457674,0.0994421557269
maternal_deaths,124,Nicaragua,Nicaragua,Region of the Americas,2023,79.79,68.4433395601,57.5776730959,92.4781453653,ensemble_top4,11.3466604399,0,22.2123269041,11.3466604399,1.16578180599,0.153391940044
maternal_deaths,125,Niger,Niger,African Region,2000,5191,5191,5190,5191,ensemble_top4,,,,,,
maternal_deaths,125,Niger,Niger,African Region,2001,5330,5267.95350347,2517.71557272,5390.45519753,ensemble_top4,,,,,,
maternal_deaths,125,Niger,Niger,African Region,2002,5419,5410.77672791,5292.24574652,5515.07546815,ensemble_top4,,,,,,
maternal_deaths,125,Niger,Niger,African Region,2003,5427,5461.97560849,5363.58962742,5555.34030581,ensemble_top4,,,,,,
maternal_deaths,125,Niger,Niger,African Region,2004,5426,5454.62016984,5363.18354882,5547.64310927,ensemble_top4,,,,,,
maternal_deaths,125,Niger,Niger,African Region,2005,5402,5413.09498901,5319.74670288,5508.88448499,ensemble_top4,,,,,,
maternal_deaths,125,Niger,Niger,African Region,2006,5360,5349.52545409,5252.43237928,5451.88041906,ensemble_top4,,,,,,
maternal_deaths,125,Niger,Niger,African Region,2007,5275,5275.0434154,5179.41499345,5374.04535198,ensemble_top4,,,,,,
maternal_deaths,125,Niger,Niger,African Region,2008,5153,5198.65943046,5099.35536733,5298.27230125,ensemble_top4,,,,,,
maternal_deaths,125,Niger,Niger,African Region,2009,5141,5103.07497126,5006.33040053,5209.44069507,ensemble_top4,,,,,,
maternal_deaths,125,Niger,Niger,African Region,2010,5074,5008.172019,4912.84616933,5119.34736076,ensemble_top4,,,,,,
maternal_deaths,125,Niger,Niger,African Region,2011,4905,4887.93037006,4789.15765039,4995.23900775,ensemble_top4,,,,,,
maternal_deaths,125,Niger,Niger,African Region,2012,4764,4780.92899864,4680.04821979,4896.34625941,ensemble_top4,,,,,,
maternal_deaths,125,Niger,Niger,African Region,2013,4652,4669.63150184,4569.12858224,4781.46718852,ensemble_top4,,,,,,
maternal_deaths,125,Niger,Niger,African Region,2014,4510,4558.12719904,4461.1571769,4670.19116042,ensemble_top4,,,,,,
maternal_deaths,125,Niger,Niger,African Region,2015,4393,4445.80546748,4351.167263,4560.82385917,ensemble_top4,,,,,,
maternal_deaths,125,Niger,Niger,African Region,2016,4273,4334.96421435,4238.88825047,4444.29329658,ensemble_top4,,,,,,
maternal_deaths,125,Niger,Niger,African Region,2017,4181,4224.7441116,4124.74822125,4337.08765055,ensemble_top4,,,,,,
maternal_deaths,125,Niger,Niger,African Region,2018,4115,4115.50780445,4018.30763888,4226.89973401,ensemble_top4,,,,,,
maternal_deaths,125,Niger,Niger,African Region,2019,4037,4006.84880362,3905.2119027,4118.20240926,ensemble_top4,,,,,,
maternal_deaths,125,Niger,Niger,African Region,2020,3920,3896.45786108,3798.06094053,4008.69026111,ensemble_top4,23.5421389209,0,121.939059473,23.5421389209,1.00604193341,0.00602375411625
maternal_deaths,125,Niger,Niger,African Region,2021,4072,3792.55896535,3692.86870877,3903.03268287,ensemble_top4,279.441034655,168.96731713,379.131291232,279.441034655,1.07368139486,0.0710932992458
maternal_deaths,125,Niger,Niger,African Region,2022,3832,3686.82321343,3585.6537451,3798.49759925,ensemble_top4,145.176786571,33.50240075,246.346254897,145.176786571,1.03937720313,0.0386216906285
maternal_deaths,125,Niger,Niger,African Region,2023,3839,3583.13819509,3484.23316943,3696.2531233,ensemble_top4,255.86180491,142.746876702,354.766830573,255.86180491,1.07140718303,0.0689729087802
maternal_deaths,126,Nigeria,Nigeria,African Region,2000,62998,62998,62998,62998,ensemble_top4,,,,,,
maternal_deaths,126,Nigeria,Nigeria,African Region,2001,64462,63370.0049873,53793.8007481,69700.9167481,ensemble_top4,,,,,,
maternal_deaths,126,Nigeria,Nigeria,African Region,2002,65313,64879.7708809,58032.6563823,70875.0252668,ensemble_top4,,,,,,
maternal_deaths,126,Nigeria,Nigeria,African Region,2003,65392,66213.613851,60318.3476932,72139.0424493,ensemble_top4,,,,,,
maternal_deaths,126,Nigeria,Nigeria,African Region,2004,65931,67137.1255373,61141.7554334,74174.0539407,ensemble_top4,,,,,,
maternal_deaths,126,Nigeria,Nigeria,African Region,2005,66656,67890.2422936,62079.722801,75329.3768518,ensemble_top4,,,,,,
maternal_deaths,126,Nigeria,Nigeria,African Region,2006,68693,68633.9059358,62445.2641753,76977.3806388,ensemble_top4,,,,,,
maternal_deaths,126,Nigeria,Nigeria,African Region,2007,69912,69606.6498752,63372.4317098,78661.3976668,ensemble_top4,,,,,,
maternal_deaths,126,Nigeria,Nigeria,African Region,2008,72948,72212.0872248,64627.4621218,81173.4121667,ensemble_top4,,,,,,
maternal_deaths,126,Nigeria,Nigeria,African Region,2009,74933,76200.7600372,69745.8223702,82631.9231871,ensemble_top4,,,,,,
maternal_deaths,126,Nigeria,Nigeria,African Region,2010,76804,78683.5520093,72380.590655,84324.1929093,ensemble_top4,,,,,,
maternal_deaths,126,Nigeria,Nigeria,African Region,2011,79359,80096.6539583,73357.189059,85841.7972824,ensemble_top4,,,,,,
maternal_deaths,126,Nigeria,Nigeria,African Region,2012,81441,81157.4488353,74250.3256893,86611.0050896,ensemble_top4,,,,,,
maternal_deaths,126,Nigeria,Nigeria,African Region,2013,83909,81941.9478159,75149.809304,87450.1362682,ensemble_top4,,,,,,
maternal_deaths,126,Nigeria,Nigeria,African Region,2014,85684,82477.7186839,75918.1054812,87876.758361,ensemble_top4,,,,,,
maternal_deaths,126,Nigeria,Nigeria,African Region,2015,86725,82883.2305251,76471.2712484,88456.5324292,ensemble_top4,,,,,,
maternal_deaths,126,Nigeria,Nigeria,African Region,2016,85280,83196.3973052,76966.170741,88845.4085543,ensemble_top4,,,,,,
maternal_deaths,126,Nigeria,Nigeria,African Region,2017,83899,83392.366252,77507.5395106,89568.4502254,ensemble_top4,,,,,,
maternal_deaths,126,Nigeria,Nigeria,African Region,2018,81801,83605.3859808,77730.8348188,89817.9705855,ensemble_top4,,,,,,
maternal_deaths,126,Nigeria,Nigeria,African Region,2019,79270,83685.4800604,77963.9236531,90368.6553212,ensemble_top4,,,,,,
maternal_deaths,126,Nigeria,Nigeria,African Region,2020,76855,83761.1301041,77936.0671689,90977.5148911,ensemble_top4,0,0,0,-6906.13010408,0.917549702404,-0.0860485289634
maternal_deaths,126,Nigeria,Nigeria,African Region,2021,76691,83980.7652855,77557.2506591,91744.6602039,ensemble_top4,0,0,0,-7289.76528549,0.913197203423,-0.0908034267243
maternal_deaths,126,Nigeria,Nigeria,African Region,2022,75278,84098.9475225,77082.7382916,92079.7817787,ensemble_top4,0,0,0,-8820.94752251,0.895112272123,-0.110806124862
maternal_deaths,126,Nigeria,Nigeria,African Region,2023,74559,84279.8590001,76585.0393457,92431.2814668,ensemble_top4,0,0,0,-9720.85900008,0.884659761948,-0.122552157671
maternal_deaths,127,North Macedonia,North Macedonia,European Region,2000,3.31,3.31,3.31,3.31,ensemble_top4,,,,,,
maternal_deaths,127,North Macedonia,North Macedonia,European Region,2001,2.57,2.72642162503,2.38254040435,3.0476685312,ensemble_top4,,,,,,
maternal_deaths,127,North Macedonia,North Macedonia,European Region,2002,2.82,2.52340577807,2.2311522157,2.81284367088,ensemble_top4,,,,,,
maternal_deaths,127,North Macedonia,North Macedonia,European Region,2003,2.27,2.29349238395,2.00855273786,2.57258714257,ensemble_top4,,,,,,
maternal_deaths,127,North Macedonia,North Macedonia,European Region,2004,2.01,2.07765697873,1.79986253656,2.35458218632,ensemble_top4,,,,,,
maternal_deaths,127,North Macedonia,North Macedonia,European Region,2005,1.73,1.88456367942,1.6057910029,2.17293085439,ensemble_top4,,,,,,
maternal_deaths,127,North Macedonia,North Macedonia,European Region,2006,1.74,1.72303974715,1.43319752643,2.01676747066,ensemble_top4,,,,,,
maternal_deaths,127,North Macedonia,North Macedonia,European Region,2007,1.68,1.6137655103,1.31133298632,1.92942993658,ensemble_top4,,,,,,
maternal_deaths,127,North Macedonia,North Macedonia,European Region,2008,1.4,1.50226367164,1.19613420894,1.81221927323,ensemble_top4,,,,,,
maternal_deaths,127,North Macedonia,North Macedonia,European Region,2009,1.43,1.42997500088,1.14714759827,1.70945626637,ensemble_top4,,,,,,
maternal_deaths,127,North Macedonia,North Macedonia,European Region,2010,1.38,1.33281767869,1.05516613353,1.61216581661,ensemble_top4,,,,,,
maternal_deaths,127,North Macedonia,North Macedonia,European Region,2011,1.15,1.2376106436,0.968161275058,1.51866238417,ensemble_top4,,,,,,
maternal_deaths,127,North Macedonia,North Macedonia,European Region,2012,1.27,1.14520551158,0.878625469544,1.41700092437,ensemble_top4,,,,,,
maternal_deaths,127,North Macedonia,North Macedonia,European Region,2013,1.11,1.07037670613,0.798048158359,1.34290490307,ensemble_top4,,,,,,
maternal_deaths,127,North Macedonia,North Macedonia,European Region,2014,1.05,0.99746624926,0.729682540671,1.2676098805,ensemble_top4,,,,,,
maternal_deaths,127,North Macedonia,North Macedonia,European Region,2015,0.93,0.939542112822,0.657984496124,1.21194020613,ensemble_top4,,,,,,
maternal_deaths,127,North Macedonia,North Macedonia,European Region,2016,0.94,0.883427067393,0.605371688254,1.15876125792,ensemble_top4,,,,,,
maternal_deaths,127,North Macedonia,North Macedonia,European Region,2017,0.81,0.829091409531,0.550351621486,1.11085020385,ensemble_top4,,,,,,
maternal_deaths,127,North Macedonia,North Macedonia,European Region,2018,0.76,0.785472597717,0.506436318495,1.06863575623,ensemble_top4,,,,,,
maternal_deaths,127,North Macedonia,North Macedonia,European Region,2019,0.67,0.744322498222,0.46682512057,1.03734921458,ensemble_top4,,,,,,
maternal_deaths,127,North Macedonia,North Macedonia,European Region,2020,1.43,0.706185214253,0.421752313515,1.00604465887,ensemble_top4,0.723814785747,0.423955341127,1.00824768648,0.723814785747,2.02496451517,0.705552177032
maternal_deaths,127,North Macedonia,North Macedonia,European Region,2021,2.29,0.677822266292,0.379801342258,0.987836188237,ensemble_top4,1.61217773371,1.30216381176,1.91019865774,1.61217773371,3.37846676612,1.21742198709
maternal_deaths,127,North Macedonia,North Macedonia,European Region,2022,0.47,0.642287334831,0.335707613398,0.972473908761,ensemble_top4,0,0,0.134292386602,-0.172287334831,0.73175971954,-0.312303070902
maternal_deaths,127,North Macedonia,North Macedonia,European Region,2023,0.47,0.618069769601,0.310469964925,0.961505233551,ensemble_top4,0,0,0.159530035075,-0.148069769601,0.760431949784,-0.273868652176
maternal_deaths,128,Norway,Norway,European Region,2000,3.21,3.21,3.21,3.21,ranked_top1_fallback,,,,,,
maternal_deaths,128,Norway,Norway,European Region,2001,3.08,2.72927663215,2.37419863225,3.07608618607,ranked_top1_fallback,,,,,,
maternal_deaths,128,Norway,Norway,European Region,2002,2.82,3.05486455645,2.71654735297,3.382317944,ranked_top1_fallback,,,,,,
maternal_deaths,128,Norway,Norway,European Region,2003,3.05,3.23158066701,2.91382781581,3.55196241465,ranked_top1_fallback,,,,,,
maternal_deaths,128,Norway,Norway,European Region,2004,3.22,3.27492420502,2.96101762832,3.58631757244,ranked_top1_fallback,,,,,,
maternal_deaths,128,Norway,Norway,European Region,2005,3.18,3.22312861036,2.91016488533,3.53133044332,ranked_top1_fallback,,,,,,
maternal_deaths,128,Norway,Norway,European Region,2006,3.09,3.10630755762,2.79285147706,3.41423702702,ranked_top1_fallback,,,,,,
maternal_deaths,128,Norway,Norway,European Region,2007,2.91,2.94423987816,2.62678379279,3.25413451857,ranked_top1_fallback,,,,,,
maternal_deaths,128,Norway,Norway,European Region,2008,2.82,2.75540965402,2.44582593864,3.0616373027,ranked_top1_fallback,,,,,,
maternal_deaths,128,Norway,Norway,European Region,2009,2.74,2.54753421565,2.24442097086,2.85513521945,ranked_top1_fallback,,,,,,
maternal_deaths,128,Norway,Norway,European Region,2010,2.51,2.33387163483,2.03806788352,2.63480640372,ranked_top1_fallback,,,,,,
maternal_deaths,128,Norway,Norway,European Region,2011,2.24,2.12310648128,1.82982140959,2.42369881293,ranked_top1_fallback,,,,,,
maternal_deaths,128,Norway,Norway,European Region,2012,1.83,1.91894557762,1.61132798484,2.21902642753,ranked_top1_fallback,,,,,,
maternal_deaths,128,Norway,Norway,European Region,2013,1.68,1.73173224911,1.42628595075,2.02332589654,ranked_top1_fallback,,,,,,
maternal_deaths,128,Norway,Norway,European Region,2014,1.41,1.5485249027,1.25253550197,1.84739428183,ranked_top1_fallback,,,,,,
maternal_deaths,128,Norway,Norway,European Region,2015,1.31,1.37752553271,1.07540807133,1.6936703207,ranked_top1_fallback,,,,,,
maternal_deaths,128,Norway,Norway,European Region,2016,1.2,1.2304250646,0.925968477888,1.52882434526,ranked_top1_fallback,,,,,,
maternal_deaths,128,Norway,Norway,European Region,2017,1.04,1.09005123766,0.788591936559,1.38691387989,ranked_top1_fallback,,,,,,
maternal_deaths,128,Norway,Norway,European Region,2018,0.92,0.959902172909,0.662050533204,1.26427474683,ranked_top1_fallback,,,,,,
maternal_deaths,128,Norway,Norway,European Region,2019,0.86,0.853137059765,0.543761210574,1.15582403482,ranked_top1_fallback,,,,,,
maternal_deaths,128,Norway,Norway,European Region,2020,1.15,0.746309903304,0.438947048424,1.04976080335,ranked_top1_fallback,0.403690096696,0.100239196649,0.711052951576,0.403690096696,1.54091483298,0.432376287439
maternal_deaths,128,Norway,Norway,European Region,2021,0.93,0.659248987504,0.357029856469,0.970308388775,ranked_top1_fallback,0.270751012496,0,0.572970143531,0.270751012496,1.41069613701,0.344083296746
maternal_deaths,128,Norway,Norway,European Region,2022,1.39,0.574252095326,0.271052719372,0.884647423774,ranked_top1_fallback,0.815747904674,0.505352576226,1.11894728063,0.815747904674,2.4205397095,0.883990535758
maternal_deaths,128,Norway,Norway,European Region,2023,0.67,0.503816625963,0.219948768225,0.813728399501,ranked_top1_fallback,0.166183374037,0,0.450051231775,0.166183374037,1.32984892811,0.285065347894
maternal_deaths,129,Oman,Oman,Eastern Mediterranean,2000,10.09,10.09,9.09,10.09,ensemble_top4,,,,,,
maternal_deaths,129,Oman,Oman,Eastern Mediterranean,2001,9.83,9.89923350884,8.43707710053,11.7123752181,ensemble_top4,,,,,,
maternal_deaths,129,Oman,Oman,Eastern Mediterranean,2002,9.74,9.84101579365,8.67790544861,11.8171460637,ensemble_top4,,,,,,
maternal_deaths,129,Oman,Oman,Eastern Mediterranean,2003,9.74,9.74502787786,8.78395654265,12.0609656052,ensemble_top4,,,,,,
maternal_deaths,129,Oman,Oman,Eastern Mediterranean,2004,9.44,9.70723510472,8.85185990137,12.3811553736,ensemble_top4,,,,,,
maternal_deaths,129,Oman,Oman,Eastern Mediterranean,2005,9.27,9.72820011093,8.81564894599,12.7924747721,ensemble_top4,,,,,,
maternal_deaths,129,Oman,Oman,Eastern Mediterranean,2006,9.08,9.74774877797,8.85821702308,13.3032181479,ensemble_top4,,,,,,
maternal_deaths,129,Oman,Oman,Eastern Mediterranean,2007,9.36,9.82912113297,8.94909824746,13.825837536,ensemble_top4,,,,,,
maternal_deaths,129,Oman,Oman,Eastern Mediterranean,2008,9.5,9.96294885029,9.10229119114,14.308680319,ensemble_top4,,,,,,
maternal_deaths,129,Oman,Oman,Eastern Mediterranean,2009,10.24,10.2005543514,9.27767032776,14.7099204597,ensemble_top4,,,,,,
maternal_deaths,129,Oman,Oman,Eastern Mediterranean,2010,10.94,10.667568738,9.69210994535,14.8961184637,ensemble_top4,,,,,,
maternal_deaths,129,Oman,Oman,Eastern Mediterranean,2011,10.51,11.200079916,10.2216308446,14.8526601471,ensemble_top4,,,,,,
maternal_deaths,129,Oman,Oman,Eastern Mediterranean,2012,11.4,11.7324786952,10.7342907963,14.5591158235,ensemble_top4,,,,,,
maternal_deaths,129,Oman,Oman,Eastern Mediterranean,2013,12.23,12.288238403,11.2917126075,14.0428191951,ensemble_top4,,,,,,
maternal_deaths,129,Oman,Oman,Eastern Mediterranean,2014,12.55,12.6476582471,11.7867424053,13.4416502193,ensemble_top4,,,,,,
maternal_deaths,129,Oman,Oman,Eastern Mediterranean,2015,12.82,12.7017658439,11.3720607279,13.6588036059,ensemble_top4,,,,,,
maternal_deaths,129,Oman,Oman,Eastern Mediterranean,2016,13.07,12.8079888424,10.3449945811,13.7437944256,ensemble_top4,,,,,,
maternal_deaths,129,Oman,Oman,Eastern Mediterranean,2017,13.12,12.700760156,9.28034639472,13.58572359,ensemble_top4,,,,,,
maternal_deaths,129,Oman,Oman,Eastern Mediterranean,2018,12.5,12.3367783333,8.31109872598,13.2490947417,ensemble_top4,,,,,,
maternal_deaths,129,Oman,Oman,Eastern Mediterranean,2019,12.08,11.8184099761,7.43628971923,12.873361615,ensemble_top4,,,,,,
maternal_deaths,129,Oman,Oman,Eastern Mediterranean,2020,27.39,11.1576384385,6.64636991148,12.4500463341,ensemble_top4,16.2323615615,14.9399536659,20.7436300885,16.2323615615,2.4548205385,0.898053658165
maternal_deaths,129,Oman,Oman,Eastern Mediterranean,2021,61.03,10.4053990283,6.0092488261,12.1911193308,ensemble_top4,50.6246009717,48.8388806692,55.0207511739,50.6246009717,5.86522437383,1.76904073778
maternal_deaths,129,Oman,Oman,Eastern Mediterranean,2022,10.22,9.46864770999,5.45975449105,11.9051713275,ensemble_top4,0.751352290012,0,4.76024550895,0.751352290012,1.07935159413,0.0763604850298
maternal_deaths,129,Oman,Oman,Eastern Mediterranean,2023,10.67,8.46265019474,4.98554580192,11.7783317986,ensemble_top4,2.20734980526,0,5.68445419808,2.20734980526,1.2608343432,0.231773678962
maternal_deaths,130,Pakistan,Pakistan,Eastern Mediterranean,2000,23725,23725,23725,23725,ensemble_top4,,,,,,
maternal_deaths,130,Pakistan,Pakistan,Eastern Mediterranean,2001,22754,22145.5004305,20388.1208255,23325.7241272,ensemble_top4,,,,,,
maternal_deaths,130,Pakistan,Pakistan,Eastern Mediterranean,2002,21647,21305.5808843,19804.3409034,22779.4358301,ensemble_top4,,,,,,
maternal_deaths,130,Pakistan,Pakistan,Eastern Mediterranean,2003,20540,20162.177342,19064.6886841,21253.637386,ensemble_top4,,,,,,
maternal_deaths,130,Pakistan,Pakistan,Eastern Mediterranean,2004,18932,19165.4478755,18060.0913294,20533.6348732,ensemble_top4,,,,,,
maternal_deaths,130,Pakistan,Pakistan,Eastern Mediterranean,2005,18149,18298.1554091,17225.5776858,19761.225905,ensemble_top4,,,,,,
maternal_deaths,130,Pakistan,Pakistan,Eastern Mediterranean,2006,16950,17559.5235227,16584.1741303,19157.9533595,ensemble_top4,,,,,,
maternal_deaths,130,Pakistan,Pakistan,Eastern Mediterranean,2007,16293,16973.1675388,15874.0304276,18563.4494274,ensemble_top4,,,,,,
maternal_deaths,130,Pakistan,Pakistan,Eastern Mediterranean,2008,16153,16674.0431859,15136.1035101,18346.0280066,ensemble_top4,,,,,,
maternal_deaths,130,Pakistan,Pakistan,Eastern Mediterranean,2009,16073,16284.5507215,14744.2221439,17738.0509911,ensemble_top4,,,,,,
maternal_deaths,130,Pakistan,Pakistan,Eastern Mediterranean,2010,16039,16078.6411721,14790.9401919,17231.9997635,ensemble_top4,,,,,,
maternal_deaths,130,Pakistan,Pakistan,Eastern Mediterranean,2011,15729,15528.941253,14348.8499784,16595.86674,ensemble_top4,,,,,,
maternal_deaths,130,Pakistan,Pakistan,Eastern Mediterranean,2012,15312,14967.3473176,13719.7225477,15998.0236903,ensemble_top4,,,,,,
maternal_deaths,130,Pakistan,Pakistan,Eastern Mediterranean,2013,14781,14422.0589296,13285.7448512,15416.0489226,ensemble_top4,,,,,,
maternal_deaths,130,Pakistan,Pakistan,Eastern Mediterranean,2014,14123,13912.3276204,12705.7378983,14896.5450519,ensemble_top4,,,,,,
maternal_deaths,130,Pakistan,Pakistan,Eastern Mediterranean,2015,13495,13392.1774244,12268.3460017,14362.3478583,ensemble_top4,,,,,,
maternal_deaths,130,Pakistan,Pakistan,Eastern Mediterranean,2016,12730,12894.8203757,11762.7713679,13901.8294067,ensemble_top4,,,,,,
maternal_deaths,130,Pakistan,Pakistan,Eastern Mediterranean,2017,12209,12398.1260309,11306.9016233,13435.6288942,ensemble_top4,,,,,,
maternal_deaths,130,Pakistan,Pakistan,Eastern Mediterranean,2018,11882,11909.9928966,10797.5084599,12981.5692242,ensemble_top4,,,,,,
maternal_deaths,130,Pakistan,Pakistan,Eastern Mediterranean,2019,11603,11463.8012991,10392.1326238,12503.7660625,ensemble_top4,,,,,,
maternal_deaths,130,Pakistan,Pakistan,Eastern Mediterranean,2020,11969,11021.5993006,9954.16602621,12130.250481,ensemble_top4,947.400699352,0,2014.83397379,947.400699352,1.08595855043,0.0824630535959
maternal_deaths,130,Pakistan,Pakistan,Eastern Mediterranean,2021,13112,10596.544356,9509.48096813,11700.6980838,ensemble_top4,2515.45564401,1411.30191623,3602.51903187,2515.45564401,1.23738452457,0.212999897626
maternal_deaths,130,Pakistan,Pakistan,Eastern Mediterranean,2022,10975,10184.7081565,9175.98541384,11356.2248044,ensemble_top4,790.291843485,0,1799.01458616,790.291843485,1.07759592433,0.074732563938
maternal_deaths,130,Pakistan,Pakistan,Eastern Mediterranean,2023,10669,9793.31814777,8736.56351827,10973.4394242,ensemble_top4,875.681852229,0,1932.43648173,875.681852229,1.08941625698,0.0856420087349
maternal_deaths,131,Palau,Palau,Western Pacific Region,2000,0.33,0.33,-0,0.33,ensemble_top4,,,,,,
maternal_deaths,131,Palau,Palau,Western Pacific Region,2001,0.33,0.270114102386,0.172546829427,0.360148208459,ensemble_top4,,,,,,
maternal_deaths,131,Palau,Palau,Western Pacific Region,2002,0.33,0.268465090679,0.176146042723,0.355032579729,ensemble_top4,,,,,,
maternal_deaths,131,Palau,Palau,Western Pacific Region,2003,0.3,0.266389994802,0.174247703922,0.357921855826,ensemble_top4,,,,,,
maternal_deaths,131,Palau,Palau,Western Pacific Region,2004,0.3,0.264804905918,0.174956865319,0.353445333012,ensemble_top4,,,,,,
maternal_deaths,131,Palau,Palau,Western Pacific Region,2005,0.29,0.26070220009,0.171592009695,0.350567155601,ensemble_top4,,,,,,
maternal_deaths,131,Palau,Palau,Western Pacific Region,2006,0.28,0.258366196522,0.171032024625,0.347470387501,ensemble_top4,,,,,,
maternal_deaths,131,Palau,Palau,Western Pacific Region,2007,0.26,0.254640556919,0.16504374764,0.342399074674,ensemble_top4,,,,,,
maternal_deaths,131,Palau,Palau,Western Pacific Region,2008,0.26,0.252712884355,0.16409181595,0.339652725746,ensemble_top4,,,,,,
maternal_deaths,131,Palau,Palau,Western Pacific Region,2009,0.24,0.249783404116,0.163560316865,0.337014974911,ensemble_top4,,,,,,
maternal_deaths,131,Palau,Palau,Western Pacific Region,2010,0.24,0.245881513548,0.157671904892,0.333433658291,ensemble_top4,,,,,,
maternal_deaths,131,Palau,Palau,Western Pacific Region,2011,0.21,0.243978128948,0.159128122309,0.332367451472,ensemble_top4,,,,,,
maternal_deaths,131,Palau,Palau,Western Pacific Region,2012,0.21,0.241782741293,0.153991716984,0.329782062603,ensemble_top4,,,,,,
maternal_deaths,131,Palau,Palau,Western Pacific Region,2013,0.21,0.238581106907,0.150400748517,0.324051754292,ensemble_top4,,,,,,
maternal_deaths,131,Palau,Palau,Western Pacific Region,2014,0.18,0.235771815635,0.147246780545,0.322346987883,ensemble_top4,,,,,,
maternal_deaths,131,Palau,Palau,Western Pacific Region,2015,0.18,0.232159224425,0.14543794283,0.319802729692,ensemble_top4,,,,,,
maternal_deaths,131,Palau,Palau,Western Pacific Region,2016,0.18,0.230275540072,0.143457072018,0.316364233492,ensemble_top4,,,,,,
maternal_deaths,131,Palau,Palau,Western Pacific Region,2017,0.18,0.227120943048,0.138704026949,0.316403157369,ensemble_top4,,,,,,
maternal_deaths,131,Palau,Palau,Western Pacific Region,2018,0.17,0.225439114651,0.141987469209,0.314117443727,ensemble_top4,,,,,,
maternal_deaths,131,Palau,Palau,Western Pacific Region,2019,0.18,0.224655149112,0.136160541899,0.321184995353,ensemble_top4,,,,,,
maternal_deaths,131,Palau,Palau,Western Pacific Region,2020,0.24,0.221364483056,0.136169449996,0.323531374546,ensemble_top4,0.018635516944,0,0.103830550004,0.018635516944,1.08418476481,0.0808283357373
maternal_deaths,131,Palau,Palau,Western Pacific Region,2021,0.22,0.219422310698,0.130935524217,0.322637756119,ensemble_top4,0.000577689302276,0,0.0890644757827,0.000577689302276,1.00263277376,0.00262931408362
maternal_deaths,131,Palau,Palau,Western Pacific Region,2022,0.24,0.216325667682,0.12917143456,0.318931946438,ensemble_top4,0.0236743323184,0,0.11082856544,0.0236743323184,1.10943838783,0.103853930379
maternal_deaths,131,Palau,Palau,Western Pacific Region,2023,0.17,0.213531764017,0.124838713793,0.315570197545,ensemble_top4,0,0,0.0451612862067,-0.0435317640165,0.796134480427,-0.227987162147
maternal_deaths,132,Panama,Panama,Region of the Americas,2000,45.35,45.35,44.35,45.35,ensemble_top4,,,,,,
maternal_deaths,132,Panama,Panama,Region of the Americas,2001,43.88,43.3733690632,38.8604817096,59.447297194,ensemble_top4,,,,,,
maternal_deaths,132,Panama,Panama,Region of the Americas,2002,42.6,43.9266373604,40.2094157161,59.6892072999,ensemble_top4,,,,,,
maternal_deaths,132,Panama,Panama,Region of the Americas,2003,42.19,43.6865595543,40.6776037181,57.278774711,ensemble_top4,,,,,,
maternal_deaths,132,Panama,Panama,Region of the Americas,2004,42.1,42.9128216293,40.1364190607,53.9667005578,ensemble_top4,,,,,,
maternal_deaths,132,Panama,Panama,Region of the Americas,2005,41.58,42.3268921006,39.7004986304,51.1815594588,ensemble_top4,,,,,,
maternal_deaths,132,Panama,Panama,Region of the Americas,2006,41.38,42.0041654919,39.5339330081,49.0089130091,ensemble_top4,,,,,,
maternal_deaths,132,Panama,Panama,Region of the Americas,2007,41.12,42.0733871621,39.5370653985,47.4744747161,ensemble_top4,,,,,,
maternal_deaths,132,Panama,Panama,Region of the Americas,2008,41.35,42.2161618784,39.3949228235,46.2794768979,ensemble_top4,,,,,,
maternal_deaths,132,Panama,Panama,Region of the Americas,2009,41.74,42.3314725438,39.1642810013,45.1087454221,ensemble_top4,,,,,,
maternal_deaths,132,Panama,Panama,Region of the Americas,2010,42.31,42.0906096304,38.7198251662,44.1211611101,ensemble_top4,,,,,,
maternal_deaths,132,Panama,Panama,Region of the Americas,2011,42.45,41.5596041203,37.8494150467,43.552267684,ensemble_top4,,,,,,
maternal_deaths,132,Panama,Panama,Region of the Americas,2012,41.69,40.8182879251,37.3051829095,42.9882570139,ensemble_top4,,,,,,
maternal_deaths,132,Panama,Panama,Region of the Americas,2013,40.5,39.8572930523,36.5919319308,42.3058874183,ensemble_top4,,,,,,
maternal_deaths,132,Panama,Panama,Region of the Americas,2014,38.43,38.720216487,35.3822956587,41.1951834095,ensemble_top4,,,,,,
maternal_deaths,132,Panama,Panama,Region of the Americas,2015,37.77,37.5337752724,33.9096095923,40.0530824655,ensemble_top4,,,,,,
maternal_deaths,132,Panama,Panama,Region of the Americas,2016,36.58,36.1604615574,32.2365466102,38.8603823747,ensemble_top4,,,,,,
maternal_deaths,132,Panama,Panama,Region of the Americas,2017,36.45,34.5627495305,30.4234624248,37.9710851344,ensemble_top4,,,,,,
maternal_deaths,132,Panama,Panama,Region of the Americas,2018,33.52,32.7555015666,28.5125199949,37.1196353525,ensemble_top4,,,,,,
maternal_deaths,132,Panama,Panama,Region of the Americas,2019,30.31,30.8339592397,26.6223442806,36.4619056802,ensemble_top4,,,,,,
maternal_deaths,132,Panama,Panama,Region of the Americas,2020,53.25,28.8087119761,24.786018069,35.8932217618,ensemble_top4,24.4412880239,17.3567782382,28.463981931,24.4412880239,1.84839919411,0.614319964021
maternal_deaths,132,Panama,Panama,Region of the Americas,2021,42.21,26.8049563534,22.9561121195,35.0951489477,ensemble_top4,15.4050436466,7.11485105231,19.2538878805,15.4050436466,1.57470877562,0.454070350815
maternal_deaths,132,Panama,Panama,Region of the Americas,2022,28.73,24.7583706712,21.2707163616,34.5056069607,ensemble_top4,3.97162932885,0,7.45928363843,3.97162932885,1.16041561788,0.148778232221
maternal_deaths,132,Panama,Panama,Region of the Americas,2023,26.45,22.7470716348,19.4877255101,33.6507273027,ensemble_top4,3.70292836525,0,6.96227448989,3.70292836525,1.16278703583,0.150819740544
maternal_deaths,133,Papua New Guinea,Papua New Guinea,Western Pacific Region,2000,616.2,616.2,615.2,616.2,ensemble_top4,,,,,,
maternal_deaths,133,Papua New Guinea,Papua New Guinea,Western Pacific Region,2001,636.8,618.149251901,549.559067797,654.620681079,ensemble_top4,,,,,,
maternal_deaths,133,Papua New Guinea,Papua New Guinea,Western Pacific Region,2002,662.8,656.552633234,585.547107309,693.971648281,ensemble_top4,,,,,,
maternal_deaths,133,Papua New Guinea,Papua New Guinea,Western Pacific Region,2003,677.2,678.626613637,619.829172347,718.683118423,ensemble_top4,,,,,,
maternal_deaths,133,Papua New Guinea,Papua New Guinea,Western Pacific Region,2004,685.9,690.215225858,646.610767652,730.536905287,ensemble_top4,,,,,,
maternal_deaths,133,Papua New Guinea,Papua New Guinea,Western Pacific Region,2005,699.8,706.013588691,670.97867467,739.749927273,ensemble_top4,,,,,,
maternal_deaths,133,Papua New Guinea,Papua New Guinea,Western Pacific Region,2006,708.9,711.403300002,680.663978655,742.494680573,ensemble_top4,,,,,,
maternal_deaths,133,Papua New Guinea,Papua New Guinea,Western Pacific Region,2007,724.5,709.898429049,677.29574475,737.631081031,ensemble_top4,,,,,,
maternal_deaths,133,Papua New Guinea,Papua New Guinea,Western Pacific Region,2008,712.8,701.841411297,667.555746374,731.063297329,ensemble_top4,,,,,,
maternal_deaths,133,Papua New Guinea,Papua New Guinea,Western Pacific Region,2009,694.4,687.960226542,653.52233791,724.720321683,ensemble_top4,,,,,,
maternal_deaths,133,Papua New Guinea,Papua New Guinea,Western Pacific Region,2010,677.1,669.962047949,636.033124026,712.357198556,ensemble_top4,,,,,,
maternal_deaths,133,Papua New Guinea,Papua New Guinea,Western Pacific Region,2011,644.9,651.160397727,616.655116402,696.264207796,ensemble_top4,,,,,,
maternal_deaths,133,Papua New Guinea,Papua New Guinea,Western Pacific Region,2012,618.4,631.067317777,598.185518202,677.154432077,ensemble_top4,,,,,,
maternal_deaths,133,Papua New Guinea,Papua New Guinea,Western Pacific Region,2013,592.7,609.983840179,577.208255099,656.198597798,ensemble_top4,,,,,,
maternal_deaths,133,Papua New Guinea,Papua New Guinea,Western Pacific Region,2014,570.9,588.928730361,556.002550195,634.58013359,ensemble_top4,,,,,,
maternal_deaths,133,Papua New Guinea,Papua New Guinea,Western Pacific Region,2015,547.5,569.420680183,535.300893494,613.826610219,ensemble_top4,,,,,,
maternal_deaths,133,Papua New Guinea,Papua New Guinea,Western Pacific Region,2016,533.8,549.434729059,516.234154591,591.164363909,ensemble_top4,,,,,,
maternal_deaths,133,Papua New Guinea,Papua New Guinea,Western Pacific Region,2017,519.7,530.779163793,497.115175958,571.364218914,ensemble_top4,,,,,,
maternal_deaths,133,Papua New Guinea,Papua New Guinea,Western Pacific Region,2018,518.4,512.526333186,477.461015795,553.663201297,ensemble_top4,,,,,,
maternal_deaths,133,Papua New Guinea,Papua New Guinea,Western Pacific Region,2019,506.2,496.359076624,457.96236592,536.712550298,ensemble_top4,,,,,,
maternal_deaths,133,Papua New Guinea,Papua New Guinea,Western Pacific Region,2020,497,480.432844443,438.035455791,522.206540454,ensemble_top4,16.5671555566,0,58.9645442091,16.5671555566,1.03448381131,0.0339025692781
maternal_deaths,133,Papua New Guinea,Papua New Guinea,Western Pacific Region,2021,571.1,466.851629435,418.95003568,509.615823423,ensemble_top4,104.248370565,61.484176577,152.14996432,104.248370565,1.22330086047,0.201552828472
maternal_deaths,133,Papua New Guinea,Papua New Guinea,Western Pacific Region,2022,484.7,453.211334414,400.976179399,496.779098479,ensemble_top4,31.4886655858,0,83.7238206009,31.4886655858,1.06947898959,0.0671716042701
maternal_deaths,133,Papua New Guinea,Papua New Guinea,Western Pacific Region,2023,481.7,441.21339906,381.134914629,487.617928908,ensemble_top4,40.4866009399,0,100.565085371,40.4866009399,1.09176194791,0.0877928571347
maternal_deaths,134,Paraguay,Paraguay,Region of the Americas,2000,283.5,283.5,283.5,283.5,ensemble_top4,,,,,,
maternal_deaths,134,Paraguay,Paraguay,Region of the Americas,2001,278.3,270.132860265,243.023416381,301.274630267,ensemble_top4,,,,,,
maternal_deaths,134,Paraguay,Paraguay,Region of the Americas,2002,271.5,274.772729353,252.007764753,299.241776248,ensemble_top4,,,,,,
maternal_deaths,134,Paraguay,Paraguay,Region of the Americas,2003,263.9,270.052938322,245.25168675,295.287285572,ensemble_top4,,,,,,
maternal_deaths,134,Paraguay,Paraguay,Region of the Americas,2004,258.1,260.594422516,237.05832595,284.866804101,ensemble_top4,,,,,,
maternal_deaths,134,Paraguay,Paraguay,Region of the Americas,2005,250.7,253.287579236,230.202486533,276.789065633,ensemble_top4,,,,,,
maternal_deaths,134,Paraguay,Paraguay,Region of the Americas,2006,239.2,242.513266928,218.546646957,265.879974315,ensemble_top4,,,,,,
maternal_deaths,134,Paraguay,Paraguay,Region of the Americas,2007,226.4,224.727883522,201.351547512,248.045658047,ensemble_top4,,,,,,
maternal_deaths,134,Paraguay,Paraguay,Region of the Americas,2008,214,206.043448032,183.277542594,228.371157727,ensemble_top4,,,,,,
maternal_deaths,134,Paraguay,Paraguay,Region of the Americas,2009,197.6,186.417927656,164.477990317,207.991699128,ensemble_top4,,,,,,
maternal_deaths,134,Paraguay,Paraguay,Region of the Americas,2010,175.9,168.17538256,146.693374457,189.835633086,ensemble_top4,,,,,,
maternal_deaths,134,Paraguay,Paraguay,Region of the Americas,2011,157.2,151.818709575,130.75741079,173.04986648,ensemble_top4,,,,,,
maternal_deaths,134,Paraguay,Paraguay,Region of the Americas,2012,132.6,137.098136194,116.210134324,158.182545378,ensemble_top4,,,,,,
maternal_deaths,134,Paraguay,Paraguay,Region of the Americas,2013,112.4,123.364205072,102.481237369,144.993729173,ensemble_top4,,,,,,
maternal_deaths,134,Paraguay,Paraguay,Region of the Americas,2014,96.73,112.364313779,90.2758535305,132.798065868,ensemble_top4,,,,,,
maternal_deaths,134,Paraguay,Paraguay,Region of the Americas,2015,88.89,101.102063615,79.4915438228,123.386955381,ensemble_top4,,,,,,
maternal_deaths,134,Paraguay,Paraguay,Region of the Americas,2016,83.79,91.6856348895,69.4356814282,113.415917954,ensemble_top4,,,,,,
maternal_deaths,134,Paraguay,Paraguay,Region of the Americas,2017,82.07,83.4993608371,61.2907601662,105.89645087,ensemble_top4,,,,,,
maternal_deaths,134,Paraguay,Paraguay,Region of the Americas,2018,80.97,75.6701291761,53.8147685515,98.131439912,ensemble_top4,,,,,,
maternal_deaths,134,Paraguay,Paraguay,Region of the Americas,2019,80.35,69.2676872539,46.8034923532,92.1871665803,ensemble_top4,,,,,,
maternal_deaths,134,Paraguay,Paraguay,Region of the Americas,2020,95.37,63.445609508,40.2228820519,86.5807658796,ensemble_top4,31.924390492,8.78923412038,55.1471179481,31.924390492,1.50317730005,0.407581067917
maternal_deaths,134,Paraguay,Paraguay,Region of the Americas,2021,193.5,58.2456690714,34.9884821318,81.4473004936,ensemble_top4,135.254330929,112.052699506,158.511517868,135.254330929,3.32213541513,1.20060777349
maternal_deaths,134,Paraguay,Paraguay,Region of the Americas,2022,106.9,53.6012283728,29.7513278324,77.5251322583,ensemble_top4,53.2987716272,29.3748677417,77.1486721676,53.2987716272,1.99435727958,0.690321832813
maternal_deaths,134,Paraguay,Paraguay,Region of the Americas,2023,79.7,49.5759605083,25.1276531716,73.324169914,ensemble_top4,30.1240394917,6.37583008596,54.5723468284,30.1240394917,1.60763400614,0.474763536726
maternal_deaths,135,Peru,Peru,Region of the Americas,2000,731.3,731.3,731.3,731.3,ensemble_top4,,,,,,
maternal_deaths,135,Peru,Peru,Region of the Americas,2001,679.2,681.936332705,643.496112856,708.595329351,ensemble_top4,,,,,,
maternal_deaths,135,Peru,Peru,Region of the Americas,2002,651.9,662.26447302,637.212070089,693.802275006,ensemble_top4,,,,,,
maternal_deaths,135,Peru,Peru,Region of the Americas,2003,641.6,649.656863468,611.606279156,685.930327503,ensemble_top4,,,,,,
maternal_deaths,135,Peru,Peru,Region of the Americas,2004,665.2,654.102836551,621.297573244,678.017572046,ensemble_top4,,,,,,
maternal_deaths,135,Peru,Peru,Region of the Americas,2005,639.5,629.514074049,599.57495905,654.467994303,ensemble_top4,,,,,,
maternal_deaths,135,Peru,Peru,Region of the Americas,2006,611,602.66159514,576.913039682,626.064545309,ensemble_top4,,,,,,
maternal_deaths,135,Peru,Peru,Region of the Americas,2007,576.5,575.832147785,552.413501288,599.217399024,ensemble_top4,,,,,,
maternal_deaths,135,Peru,Peru,Region of the Americas,2008,544.7,549.8322839,528.097252872,573.088352525,ensemble_top4,,,,,,
maternal_deaths,135,Peru,Peru,Region of the Americas,2009,527.7,524.22084048,501.996365913,548.317947419,ensemble_top4,,,,,,
maternal_deaths,135,Peru,Peru,Region of the Americas,2010,497,499.636175406,477.237610158,524.144166782,ensemble_top4,,,,,,
maternal_deaths,135,Peru,Peru,Region of the Americas,2011,481.6,476.676533248,454.197992619,501.132222252,ensemble_top4,,,,,,
maternal_deaths,135,Peru,Peru,Region of the Americas,2012,447.1,454.036976962,431.422284166,478.335011363,ensemble_top4,,,,,,
maternal_deaths,135,Peru,Peru,Region of the Americas,2013,421,433.071309618,409.913651886,457.07911091,ensemble_top4,,,,,,
maternal_deaths,135,Peru,Peru,Region of the Americas,2014,403.6,412.611913839,389.687683624,436.551261298,ensemble_top4,,,,,,
maternal_deaths,135,Peru,Peru,Region of the Americas,2015,390.7,393.805048307,370.486965371,416.640693815,ensemble_top4,,,,,,
maternal_deaths,135,Peru,Peru,Region of the Americas,2016,372.8,375.943349454,352.836245529,398.286517748,ensemble_top4,,,,,,
maternal_deaths,135,Peru,Peru,Region of the Americas,2017,360.3,358.825977375,333.98107315,381.094351414,ensemble_top4,,,,,,
maternal_deaths,135,Peru,Peru,Region of the Americas,2018,357.3,342.738553567,318.297114256,365.999771345,ensemble_top4,,,,,,
maternal_deaths,135,Peru,Peru,Region of the Americas,2019,329.2,328.278241176,301.830936866,352.697459063,ensemble_top4,,,,,,
maternal_deaths,135,Peru,Peru,Region of the Americas,2020,409.3,314.285630715,285.723883335,339.305473471,ensemble_top4,95.0143692848,69.9945265287,123.576116665,95.0143692848,1.30231852811,0.264146159113
maternal_deaths,135,Peru,Peru,Region of the Americas,2021,769.1,301.368750651,270.511524122,330.598579583,ensemble_top4,467.731249349,438.501420417,498.588475878,467.731249349,2.55202305593,0.936886399898
maternal_deaths,135,Peru,Peru,Region of the Americas,2022,436.5,288.401443059,255.784744335,322.196653808,ensemble_top4,148.098556941,114.303346192,180.715255665,148.098556941,1.51351531175,0.41443496621
maternal_deaths,135,Peru,Peru,Region of the Americas,2023,277.6,277.384590805,241.552968991,314.313862604,ensemble_top4,0.215409194933,0,36.0470310088,0.215409194933,1.00077657232,0.000776270942722
maternal_deaths,136,Philippines,Philippines,Western Pacific Region,2000,2956,2956,2956,2956,ensemble_top4,,,,,,
maternal_deaths,136,Philippines,Philippines,Western Pacific Region,2001,3123,2985.3852466,2488.87514152,3274.49251849,ensemble_top4,,,,,,
maternal_deaths,136,Philippines,Philippines,Western Pacific Region,2002,2994,3006.90402177,2669.9485051,3342.02867335,ensemble_top4,,,,,,
maternal_deaths,136,Philippines,Philippines,Western Pacific Region,2003,3022,2990.97101798,2693.75691755,3380.12332511,ensemble_top4,,,,,,
maternal_deaths,136,Philippines,Philippines,Western Pacific Region,2004,2901,2974.17580007,2681.09543679,3427.78943489,ensemble_top4,,,,,,
maternal_deaths,136,Philippines,Philippines,Western Pacific Region,2005,2814,2986.69189098,2680.46262182,3413.39648095,ensemble_top4,,,,,,
maternal_deaths,136,Philippines,Philippines,Western Pacific Region,2006,3156,3047.95127604,2681.82278787,3412.94013505,ensemble_top4,,,,,,
maternal_deaths,136,Philippines,Philippines,Western Pacific Region,2007,3032,3100.36289065,2762.87358169,3436.60341066,ensemble_top4,,,,,,
maternal_deaths,136,Philippines,Philippines,Western Pacific Region,2008,3083,3111.17469777,2744.18765429,3430.90042477,ensemble_top4,,,,,,
maternal_deaths,136,Philippines,Philippines,Western Pacific Region,2009,3110,3071.93388636,2681.4906928,3378.17788691,ensemble_top4,,,,,,
maternal_deaths,136,Philippines,Philippines,Western Pacific Region,2010,3005,2996.30721935,2588.66274118,3288.21028805,ensemble_top4,,,,,,
maternal_deaths,136,Philippines,Philippines,Western Pacific Region,2011,2945,2894.53646813,2499.8980413,3179.05539529,ensemble_top4,,,,,,
maternal_deaths,136,Philippines,Philippines,Western Pacific Region,2012,2790,2773.45783898,2385.35394577,3045.67026441,ensemble_top4,,,,,,
maternal_deaths,136,Philippines,Philippines,Western Pacific Region,2013,2751,2644.34175134,2278.85766267,2928.74871037,ensemble_top4,,,,,,
maternal_deaths,136,Philippines,Philippines,Western Pacific Region,2014,2564,2515.99570153,2178.36620545,2816.3386653,ensemble_top4,,,,,,
maternal_deaths,136,Philippines,Philippines,Western Pacific Region,2015,2500,2389.85557106,2076.14086187,2711.71173642,ensemble_top4,,,,,,
maternal_deaths,136,Philippines,Philippines,Western Pacific Region,2016,2275,2268.69252522,1986.98605843,2617.6648436,ensemble_top4,,,,,,
maternal_deaths,136,Philippines,Philippines,Western Pacific Region,2017,1910,2151.94556413,1874.5825742,2527.31182887,ensemble_top4,,,,,,
maternal_deaths,136,Philippines,Philippines,Western Pacific Region,2018,1965,2050.12036677,1773.07677469,2444.70864436,ensemble_top4,,,,,,
maternal_deaths,136,Philippines,Philippines,Western Pacific Region,2019,1844,1953.11663978,1662.71114444,2363.75301869,ensemble_top4,,,,,,
maternal_deaths,136,Philippines,Philippines,Western Pacific Region,2020,1687,1854.42353584,1560.01997596,2297.20282789,ensemble_top4,0,0,126.980024041,-167.42353584,0.909716667954,-0.0946220818486
maternal_deaths,136,Philippines,Philippines,Western Pacific Region,2021,2781,1770.90309653,1462.44511747,2229.37731744,ensemble_top4,1010.09690347,551.622682557,1318.55488253,1010.09690347,1.57038519242,0.451320934759
maternal_deaths,136,Philippines,Philippines,Western Pacific Region,2022,1689,1691.53295488,1363.79684025,2149.74286081,ensemble_top4,0,0,325.203159751,-2.53295487987,0.998502568411,-0.00149855385982
maternal_deaths,136,Philippines,Philippines,Western Pacific Region,2023,1541,1610.95698092,1269.34808314,2089.49381042,ensemble_top4,0,0,271.651916858,-69.9569809246,0.956574271223,-0.0443968441636
maternal_deaths,137,Poland,Poland,European Region,2000,26.35,26.35,25.35,26.35,ensemble_top4,,,,,,
maternal_deaths,137,Poland,Poland,European Region,2001,22.43,21.4287273566,18.8699960666,36.438956312,ensemble_top4,,,,,,
maternal_deaths,137,Poland,Poland,European Region,2002,18.94,19.195133467,16.5055819739,21.1939185365,ensemble_top4,,,,,,
maternal_deaths,137,Poland,Poland,European Region,2003,17.03,17.584420576,15.4956778453,19.5544217744,ensemble_top4,,,,,,
maternal_deaths,137,Poland,Poland,European Region,2004,15.89,16.2713497811,14.3361331057,18.2974372356,ensemble_top4,,,,,,
maternal_deaths,137,Poland,Poland,European Region,2005,14.99,15.4270294602,13.4271933916,17.2951298386,ensemble_top4,,,,,,
maternal_deaths,137,Poland,Poland,European Region,2006,14.24,14.2888423352,12.4608821244,16.0990885128,ensemble_top4,,,,,,
maternal_deaths,137,Poland,Poland,European Region,2007,13.56,13.2166156263,11.4528425727,14.9770890868,ensemble_top4,,,,,,
maternal_deaths,137,Poland,Poland,European Region,2008,13.23,12.241856059,10.5824015891,14.0109125943,ensemble_top4,,,,,,
maternal_deaths,137,Poland,Poland,European Region,2009,11.91,11.3034870131,9.61176414862,13.1175235314,ensemble_top4,,,,,,
maternal_deaths,137,Poland,Poland,European Region,2010,11.02,10.4869449709,8.8653858925,12.2316269166,ensemble_top4,,,,,,
maternal_deaths,137,Poland,Poland,European Region,2011,9.33,9.69902451729,8.11385321321,11.5241215891,ensemble_top4,,,,,,
maternal_deaths,137,Poland,Poland,European Region,2012,8.58,9.07287865581,7.38965380159,10.8917831454,ensemble_top4,,,,,,
maternal_deaths,137,Poland,Poland,European Region,2013,7.75,8.57301858407,6.89676108919,10.3214827575,ensemble_top4,,,,,,
maternal_deaths,137,Poland,Poland,European Region,2014,7.49,8.06874917512,6.36104934394,9.78677639873,ensemble_top4,,,,,,
maternal_deaths,137,Poland,Poland,European Region,2015,7.17,7.65329176183,5.93285240083,9.52090237279,ensemble_top4,,,,,,
maternal_deaths,137,Poland,Poland,European Region,2016,7.31,7.24723806177,5.4590217013,9.14280906632,ensemble_top4,,,,,,
maternal_deaths,137,Poland,Poland,European Region,2017,7.65,6.89039168372,4.93593428698,8.92639772741,ensemble_top4,,,,,,
maternal_deaths,137,Poland,Poland,European Region,2018,7.17,6.52673838626,4.57818572721,8.97611322357,ensemble_top4,,,,,,
maternal_deaths,137,Poland,Poland,European Region,2019,6.88,6.19585753738,4.17202766871,9.00147888983,ensemble_top4,,,,,,
maternal_deaths,137,Poland,Poland,European Region,2020,10.61,5.8761022797,3.72538959574,9.46995462238,ensemble_top4,4.7338977203,1.14004537762,6.88461040426,4.7338977203,1.80561867288,0.590903288117
maternal_deaths,137,Poland,Poland,European Region,2021,8.22,5.58989486756,3.44170285289,10.0557334224,ensemble_top4,2.63010513244,0,4.77829714711,2.63010513244,1.47051066161,0.385609729313
maternal_deaths,137,Poland,Poland,European Region,2022,5.17,5.31638190072,3.06128524653,11.8323464762,ensemble_top4,0,0,2.10871475347,-0.14638190072,0.972465879342,-0.0279202896148
maternal_deaths,137,Poland,Poland,European Region,2023,4.98,5.0299550806,2.81367231643,13.8318277233,ensemble_top4,0,0,2.16632768357,-0.0499550805954,0.990068483755,-0.00998116273608
maternal_deaths,138,Portugal,Portugal,European Region,2000,11.18,11.18,10.18,11.18,ensemble_top4,,,,,,
maternal_deaths,138,Portugal,Portugal,European Region,2001,10.37,9.55385432377,7.87349644706,12.0746237919,ensemble_top4,,,,,,
maternal_deaths,138,Portugal,Portugal,European Region,2002,9.92,9.5938164636,7.98232981623,12.1714716541,ensemble_top4,,,,,,
maternal_deaths,138,Portugal,Portugal,European Region,2003,9.48,9.56879178252,7.98320964802,12.2906937111,ensemble_top4,,,,,,
maternal_deaths,138,Portugal,Portugal,European Region,2004,8.78,9.53845561014,7.94961638228,12.284473894,ensemble_top4,,,,,,
maternal_deaths,138,Portugal,Portugal,European Region,2005,9.03,9.46755917973,7.96251900228,12.5125720996,ensemble_top4,,,,,,
maternal_deaths,138,Portugal,Portugal,European Region,2006,8.34,9.3931533279,7.90012534366,12.6149062322,ensemble_top4,,,,,,
maternal_deaths,138,Portugal,Portugal,European Region,2007,8.69,9.36804896096,7.85015768255,13.0465012902,ensemble_top4,,,,,,
maternal_deaths,138,Portugal,Portugal,European Region,2008,9.16,9.33582951544,7.82608468018,13.5778676487,ensemble_top4,,,,,,
maternal_deaths,138,Portugal,Portugal,European Region,2009,9.4,9.32633419961,7.74349776209,14.1919309712,ensemble_top4,,,,,,
maternal_deaths,138,Portugal,Portugal,European Region,2010,10.08,9.32932359971,7.7907876578,15.1061302914,ensemble_top4,,,,,,
maternal_deaths,138,Portugal,Portugal,European Region,2011,9.2,9.36134722534,7.80612820752,16.2635925407,ensemble_top4,,,,,,
maternal_deaths,138,Portugal,Portugal,European Region,2012,8.96,9.40662920051,7.87783339794,17.778893329,ensemble_top4,,,,,,
maternal_deaths,138,Portugal,Portugal,European Region,2013,8.51,9.46967303917,7.95984627311,19.4253703677,ensemble_top4,,,,,,
maternal_deaths,138,Portugal,Portugal,European Region,2014,8.84,9.66619151716,8.08757697247,21.6433756774,ensemble_top4,,,,,,
maternal_deaths,138,Portugal,Portugal,European Region,2015,9.34,10.2430129138,8.54268378694,24.073342237,ensemble_top4,,,,,,
maternal_deaths,138,Portugal,Portugal,European Region,2016,10.51,10.9838797532,9.15537105256,26.9842491669,ensemble_top4,,,,,,
maternal_deaths,138,Portugal,Portugal,European Region,2017,11.54,11.6660133947,9.88346138283,30.0287544308,ensemble_top4,,,,,,
maternal_deaths,138,Portugal,Portugal,European Region,2018,12.04,12.3118279964,10.5247521367,33.4600597842,ensemble_top4,,,,,,
maternal_deaths,138,Portugal,Portugal,European Region,2019,12.49,12.8772977353,11.0335334863,37.1081777148,ensemble_top4,,,,,,
maternal_deaths,138,Portugal,Portugal,European Region,2020,11.37,13.4479804059,10.8759847147,40.7637587888,ensemble_top4,0,0,0.494015285335,-2.07798040588,0.845480113507,-0.167850631314
maternal_deaths,138,Portugal,Portugal,European Region,2021,14.61,14.164152825,10.2280996832,44.4479919245,ensemble_top4,0.445847175044,0,4.38190031684,0.445847175044,1.03147715084,0.0309919018962
maternal_deaths,138,Portugal,Portugal,European Region,2022,13.66,14.9805499017,9.57034425167,48.0069689748,ensemble_top4,0,0,4.08965574833,-1.32054990166,0.911849036896,-0.0922808323285
maternal_deaths,138,Portugal,Portugal,European Region,2023,12.95,15.8708535284,9.09882630043,50.9259863682,ensemble_top4,0,0,3.85117369957,-2.92085352845,0.815961156518,-0.203388527457
maternal_deaths,139,Puerto Rico,Puerto Rico,Region of the Americas,2000,12.97,12.97,11.97,12.97,ensemble_top4,,,,,,
maternal_deaths,139,Puerto Rico,Puerto Rico,Region of the Americas,2001,11.68,11.2900330582,9.84041228653,15.8416487899,ensemble_top4,,,,,,
maternal_deaths,139,Puerto Rico,Puerto Rico,Region of the Americas,2002,10.32,11.0557830735,9.80465449118,14.7906293554,ensemble_top4,,,,,,
maternal_deaths,139,Puerto Rico,Puerto Rico,Region of the Americas,2003,9.99,10.6974286059,9.43530073962,13.7923365294,ensemble_top4,,,,,,
maternal_deaths,139,Puerto Rico,Puerto Rico,Region of the Americas,2004,10.23,10.3077031573,9.05463914581,12.4477452478,ensemble_top4,,,,,,
maternal_deaths,139,Puerto Rico,Puerto Rico,Region of the Americas,2005,10.28,9.77381665587,8.56474607271,11.2873246162,ensemble_top4,,,,,,
maternal_deaths,139,Puerto Rico,Puerto Rico,Region of the Americas,2006,9.21,9.24818867566,8.10642707065,10.4310159909,ensemble_top4,,,,,,
maternal_deaths,139,Puerto Rico,Puerto Rico,Region of the Americas,2007,8.63,8.73105996631,7.70618286661,9.79699225241,ensemble_top4,,,,,,
maternal_deaths,139,Puerto Rico,Puerto Rico,Region of the Americas,2008,7.84,8.22839517992,7.19206311198,9.24052879083,ensemble_top4,,,,,,
maternal_deaths,139,Puerto Rico,Puerto Rico,Region of the Americas,2009,7.39,7.7118143088,6.67716705377,8.75907890604,ensemble_top4,,,,,,
maternal_deaths,139,Puerto Rico,Puerto Rico,Region of the Americas,2010,7.41,7.18663399569,6.06378693678,8.28465095374,ensemble_top4,,,,,,
maternal_deaths,139,Puerto Rico,Puerto Rico,Region of the Americas,2011,7.08,6.69298246895,5.50182882685,7.84646416813,ensemble_top4,,,,,,
maternal_deaths,139,Puerto Rico,Puerto Rico,Region of the Americas,2012,6.56,6.15007635969,4.93871799852,7.35022306407,ensemble_top4,,,,,,
maternal_deaths,139,Puerto Rico,Puerto Rico,Region of the Americas,2013,5.75,5.61673688887,4.36058098613,6.8063069806,ensemble_top4,,,,,,
maternal_deaths,139,Puerto Rico,Puerto Rico,Region of the Americas,2014,5.52,5.09524883935,3.80334740484,6.18435242568,ensemble_top4,,,,,,
maternal_deaths,139,Puerto Rico,Puerto Rico,Region of the Americas,2015,4.8,4.56862332992,3.35556874348,5.68325280903,ensemble_top4,,,,,,
maternal_deaths,139,Puerto Rico,Puerto Rico,Region of the Americas,2016,4.43,4.06772663157,2.88147805625,5.16870510031,ensemble_top4,,,,,,
maternal_deaths,139,Puerto Rico,Puerto Rico,Region of the Americas,2017,4.16,3.58821837726,2.44113780344,4.77016456293,ensemble_top4,,,,,,
maternal_deaths,139,Puerto Rico,Puerto Rico,Region of the Americas,2018,2.83,3.17379257914,1.96182872092,4.39189682553,ensemble_top4,,,,,,
maternal_deaths,139,Puerto Rico,Puerto Rico,Region of the Americas,2019,2.54,2.78367720393,1.53544059537,4.0938202879,ensemble_top4,,,,,,
maternal_deaths,139,Puerto Rico,Puerto Rico,Region of the Americas,2020,1.97,2.4483499867,1.21208324128,3.79705933636,ensemble_top4,0,0,0.75791675872,-0.478349986703,0.804623526334,-0.217380780106
maternal_deaths,139,Puerto Rico,Puerto Rico,Region of the Americas,2021,9.38,2.15451850147,0.917669982888,3.6013717718,ensemble_top4,7.22548149853,5.7786282282,8.46233001711,7.22548149853,4.35364096136,1.47101249762
maternal_deaths,139,Puerto Rico,Puerto Rico,Region of the Americas,2022,10.3,1.87488363265,0.640022140014,3.30133001348,ensemble_top4,8.42511636735,6.99866998652,9.65997785999,8.42511636735,5.49367428497,1.70359730033
maternal_deaths,139,Puerto Rico,Puerto Rico,Region of the Americas,2023,2.08,1.65660191891,0.369839806736,3.07358359248,ensemble_top4,0.423398081089,0,1.71016019326,0.423398081089,1.25558227131,0.227599426189
maternal_deaths,140,Qatar,Qatar,Eastern Mediterranean,2000,1.28,1.28,0.28,1.28,ensemble_top4,,,,,,
maternal_deaths,140,Qatar,Qatar,Eastern Mediterranean,2001,1.39,1.34173397771,1.10782950222,1.53479216689,ensemble_top4,,,,,,
maternal_deaths,140,Qatar,Qatar,Eastern Mediterranean,2002,1.38,1.32535584037,1.10563218468,1.51739407135,ensemble_top4,,,,,,
maternal_deaths,140,Qatar,Qatar,Eastern Mediterranean,2003,1.37,1.3110918839,1.06967554401,1.51369192967,ensemble_top4,,,,,,
maternal_deaths,140,Qatar,Qatar,Eastern Mediterranean,2004,1.35,1.29331032749,1.06203230652,1.51411263897,ensemble_top4,,,,,,
maternal_deaths,140,Qatar,Qatar,Eastern Mediterranean,2005,1.36,1.26944519225,1.04705760927,1.51782215635,ensemble_top4,,,,,,
maternal_deaths,140,Qatar,Qatar,Eastern Mediterranean,2006,1.14,1.25974306096,1.02551607677,1.51990110002,ensemble_top4,,,,,,
maternal_deaths,140,Qatar,Qatar,Eastern Mediterranean,2007,1.18,1.25520366033,1.0146201134,1.53283284077,ensemble_top4,,,,,,
maternal_deaths,140,Qatar,Qatar,Eastern Mediterranean,2008,1.4,1.28180992801,1.03149672187,1.53322498349,ensemble_top4,,,,,,
maternal_deaths,140,Qatar,Qatar,Eastern Mediterranean,2009,1.4,1.36123727773,1.04553561175,1.56411647921,ensemble_top4,,,,,,
maternal_deaths,140,Qatar,Qatar,Eastern Mediterranean,2010,1.46,1.37340378231,1.0638994824,1.57325604441,ensemble_top4,,,,,,
maternal_deaths,140,Qatar,Qatar,Eastern Mediterranean,2011,1.48,1.38582565813,1.07865351206,1.57778550795,ensemble_top4,,,,,,
maternal_deaths,140,Qatar,Qatar,Eastern Mediterranean,2012,1.47,1.39061800392,1.10278442129,1.58679591751,ensemble_top4,,,,,,
maternal_deaths,140,Qatar,Qatar,Eastern Mediterranean,2013,1.49,1.40184395675,1.12661915514,1.59774462267,ensemble_top4,,,,,,
maternal_deaths,140,Qatar,Qatar,Eastern Mediterranean,2014,1.51,1.40200145266,1.15504643666,1.5877579182,ensemble_top4,,,,,,
maternal_deaths,140,Qatar,Qatar,Eastern Mediterranean,2015,1.47,1.39721882026,1.18515669384,1.58357908711,ensemble_top4,,,,,,
maternal_deaths,140,Qatar,Qatar,Eastern Mediterranean,2016,1.4,1.39429201641,1.19951807523,1.57235037413,ensemble_top4,,,,,,
maternal_deaths,140,Qatar,Qatar,Eastern Mediterranean,2017,1.38,1.37882658223,1.19592699857,1.55751964988,ensemble_top4,,,,,,
maternal_deaths,140,Qatar,Qatar,Eastern Mediterranean,2018,1.32,1.36026923001,1.19028607472,1.55553259892,ensemble_top4,,,,,,
maternal_deaths,140,Qatar,Qatar,Eastern Mediterranean,2019,1.27,1.33848028324,1.14561726368,1.55815459849,ensemble_top4,,,,,,
maternal_deaths,140,Qatar,Qatar,Eastern Mediterranean,2020,1.78,1.31046091825,1.08378525812,1.54703976109,ensemble_top4,0.469539081752,0.232960238914,0.696214741879,0.469539081752,1.35830071329,0.306234442984
maternal_deaths,140,Qatar,Qatar,Eastern Mediterranean,2021,1.91,1.27934280515,0.998070410493,1.55809363256,ensemble_top4,0.630657194846,0.351906367439,0.911929589507,0.630657194846,1.49295403257,0.400756729452
maternal_deaths,140,Qatar,Qatar,Eastern Mediterranean,2022,2.34,1.24042108744,0.918787296158,1.54801478469,ensemble_top4,1.09957891256,0.791985215308,1.42121270384,1.09957891256,1.88645615888,0.634700020758
maternal_deaths,140,Qatar,Qatar,Eastern Mediterranean,2023,1.16,1.19339252493,0.825657006335,1.54714235122,ensemble_top4,0,0,0.334342993665,-0.0333925249322,0.972018825127,-0.0283801072946
maternal_deaths,141,Republic of Korea,Republic of Korea,Western Pacific Region,2000,92.7,92.7,91.7,92.7,ensemble_top4,,,,,,
maternal_deaths,141,Republic of Korea,Republic of Korea,Western Pacific Region,2001,75.89,75.2629313478,67.2156312747,104.061373549,ensemble_top4,,,,,,
maternal_deaths,141,Republic of Korea,Republic of Korea,Western Pacific Region,2002,65.88,68.3920202631,61.9334504756,97.6120132758,ensemble_top4,,,,,,
maternal_deaths,141,Republic of Korea,Republic of Korea,Western Pacific Region,2003,62.04,62.8872838562,56.5899351268,84.1374077041,ensemble_top4,,,,,,
maternal_deaths,141,Republic of Korea,Republic of Korea,Western Pacific Region,2004,55.65,56.1533589999,50.0884126679,69.3641095936,ensemble_top4,,,,,,
maternal_deaths,141,Republic of Korea,Republic of Korea,Western Pacific Region,2005,49.13,51.5264681478,45.8117314525,59.1351977975,ensemble_top4,,,,,,
maternal_deaths,141,Republic of Korea,Republic of Korea,Western Pacific Region,2006,46.1,47.782436607,43.1022681656,53.605550463,ensemble_top4,,,,,,
maternal_deaths,141,Republic of Korea,Republic of Korea,Western Pacific Region,2007,46.62,44.7544189043,40.1104991616,49.8020905065,ensemble_top4,,,,,,
maternal_deaths,141,Republic of Korea,Republic of Korea,Western Pacific Region,2008,41.21,42.1473676515,36.6797359005,47.1393572143,ensemble_top4,,,,,,
maternal_deaths,141,Republic of Korea,Republic of Korea,Western Pacific Region,2009,37.71,39.5155959809,33.3804721482,44.7673241238,ensemble_top4,,,,,,
maternal_deaths,141,Republic of Korea,Republic of Korea,Western Pacific Region,2010,38.11,36.9610341176,30.5871656689,41.9926234389,ensemble_top4,,,,,,
maternal_deaths,141,Republic of Korea,Republic of Korea,Western Pacific Region,2011,36.52,34.4122431703,27.6002876728,39.471525318,ensemble_top4,,,,,,
maternal_deaths,141,Republic of Korea,Republic of Korea,Western Pacific Region,2012,35.84,31.7809685363,25.0139813826,36.8920377729,ensemble_top4,,,,,,
maternal_deaths,141,Republic of Korea,Republic of Korea,Western Pacific Region,2013,31.01,29.2336548927,22.416467331,34.3409446786,ensemble_top4,,,,,,
maternal_deaths,141,Republic of Korea,Republic of Korea,Western Pacific Region,2014,28.18,26.832802064,19.8336502853,31.7252770205,ensemble_top4,,,,,,
maternal_deaths,141,Republic of Korea,Republic of Korea,Western Pacific Region,2015,27.32,24.4488714419,17.8007114676,29.553149582,ensemble_top4,,,,,,
maternal_deaths,141,Republic of Korea,Republic of Korea,Western Pacific Region,2016,24.15,22.2516564923,15.6191706863,27.3949832273,ensemble_top4,,,,,,
maternal_deaths,141,Republic of Korea,Republic of Korea,Western Pacific Region,2017,19.95,20.1180574257,13.5887827013,25.3094419416,ensemble_top4,,,,,,
maternal_deaths,141,Republic of Korea,Republic of Korea,Western Pacific Region,2018,17.2,18.1816732137,11.7783018161,23.6636309876,ensemble_top4,,,,,,
maternal_deaths,141,Republic of Korea,Republic of Korea,Western Pacific Region,2019,14.54,16.3850671756,10.2727887782,22.0270952797,ensemble_top4,,,,,,
maternal_deaths,141,Republic of Korea,Republic of Korea,Western Pacific Region,2020,31.25,14.698846441,8.79061599329,20.4816668586,ensemble_top4,16.551153559,10.7683331414,22.4593840067,16.551153559,2.12601717593,0.754250358878
maternal_deaths,141,Republic of Korea,Republic of Korea,Western Pacific Region,2021,13.49,13.2152755118,7.17480027869,19.4237471665,ensemble_top4,0.274724488197,0,6.31519972131,0.274724488197,1.02078840414,0.0205752739658
maternal_deaths,141,Republic of Korea,Republic of Korea,Western Pacific Region,2022,16.94,11.7351731896,6.22281508027,18.0814477218,ensemble_top4,5.20482681037,0,10.7171849197,5.20482681037,1.44352364693,0.367087101646
maternal_deaths,141,Republic of Korea,Republic of Korea,Western Pacific Region,2023,8.96,10.5066498897,5.08640618865,17.1916841211,ensemble_top4,0,0,3.87359381135,-1.54664988971,0.852793239906,-0.159238152542
maternal_deaths,142,Republic of Moldova,Republic of Moldova,European Region,2000,18.97,18.97,18.97,18.97,ensemble_top4,,,,,,
maternal_deaths,142,Republic of Moldova,Republic of Moldova,European Region,2001,16.89,15.9951283223,14.3582922151,17.485276141,ensemble_top4,,,,,,
maternal_deaths,142,Republic of Moldova,Republic of Moldova,European Region,2002,15.22,15.5779288742,14.1795037641,16.8701465751,ensemble_top4,,,,,,
maternal_deaths,142,Republic of Moldova,Republic of Moldova,European Region,2003,14.55,15.0208890343,13.6515293499,16.2756358422,ensemble_top4,,,,,,
maternal_deaths,142,Republic of Moldova,Republic of Moldova,European Region,2004,14.58,14.4473099046,13.1951566317,15.7397453364,ensemble_top4,,,,,,
maternal_deaths,142,Republic of Moldova,Republic of Moldova,European Region,2005,13.8,13.8296075786,12.6087312287,15.12349383,ensemble_top4,,,,,,
maternal_deaths,142,Republic of Moldova,Republic of Moldova,European Region,2006,13.14,13.2240819871,12.0030548119,14.5074804468,ensemble_top4,,,,,,
maternal_deaths,142,Republic of Moldova,Republic of Moldova,European Region,2007,12.84,12.6306733433,11.4365907342,13.8930915935,ensemble_top4,,,,,,
maternal_deaths,142,Republic of Moldova,Republic of Moldova,European Region,2008,12.52,12.0604605578,10.8058099561,13.3848605011,ensemble_top4,,,,,,
maternal_deaths,142,Republic of Moldova,Republic of Moldova,European Region,2009,12.14,11.4668803578,10.2414881583,12.9257902475,ensemble_top4,,,,,,
maternal_deaths,142,Republic of Moldova,Republic of Moldova,European Region,2010,10.82,10.9145178094,9.66930777675,12.3713158238,ensemble_top4,,,,,,
maternal_deaths,142,Republic of Moldova,Republic of Moldova,European Region,2011,9.66,10.3776739531,9.08043357461,11.9327535629,ensemble_top4,,,,,,
maternal_deaths,142,Republic of Moldova,Republic of Moldova,European Region,2012,9.23,10.0883620368,8.6883915804,11.908943475,ensemble_top4,,,,,,
maternal_deaths,142,Republic of Moldova,Republic of Moldova,European Region,2013,8.82,9.81516066251,8.29987057915,11.5971579746,ensemble_top4,,,,,,
maternal_deaths,142,Republic of Moldova,Republic of Moldova,European Region,2014,10,9.86831901432,8.26421250208,11.3406284118,ensemble_top4,,,,,,
maternal_deaths,142,Republic of Moldova,Republic of Moldova,European Region,2015,10.21,9.61845388382,8.03779676995,11.0196345528,ensemble_top4,,,,,,
maternal_deaths,142,Republic of Moldova,Republic of Moldova,European Region,2016,9.93,9.36837812,7.84849699387,10.6978022553,ensemble_top4,,,,,,
maternal_deaths,142,Republic of Moldova,Republic of Moldova,European Region,2017,8.87,8.99743661894,7.51186455614,10.388653077,ensemble_top4,,,,,,
maternal_deaths,142,Republic of Moldova,Republic of Moldova,European Region,2018,8.46,8.66828589097,7.09622617981,9.9896564109,ensemble_top4,,,,,,
maternal_deaths,142,Republic of Moldova,Republic of Moldova,European Region,2019,8.1,8.34633728211,6.85258361993,9.72266674075,ensemble_top4,,,,,,
maternal_deaths,142,Republic of Moldova,Republic of Moldova,European Region,2020,10.57,8.00421743139,6.44884591011,9.45918497534,ensemble_top4,2.56578256861,1.11081502466,4.12115408989,2.56578256861,1.32055383185,0.278051218188
maternal_deaths,142,Republic of Moldova,Republic of Moldova,European Region,2021,8.45,7.69094031262,6.1601190159,9.33328899234,ensemble_top4,0.759059687379,0,2.2898809841,0.759059687379,1.09869530337,0.0941233880028
maternal_deaths,142,Republic of Moldova,Republic of Moldova,European Region,2022,6.11,7.39474929033,5.78955002739,9.18056030204,ensemble_top4,0,0,0.320449972606,-1.28474929033,0.826261954274,-0.190843419813
maternal_deaths,142,Republic of Moldova,Republic of Moldova,European Region,2023,6.16,7.10609023284,5.53431262555,9.01318683648,ensemble_top4,0,0,0.625687374452,-0.946090232836,0.866862057498,-0.142875418092
maternal_deaths,143,Romania,Romania,European Region,2000,103.2,103.2,103.2,103.2,ensemble_top4,,,,,,
maternal_deaths,143,Romania,Romania,European Region,2001,89.83,89.0048188343,79.6329554949,98.0561190339,ensemble_top4,,,,,,
maternal_deaths,143,Romania,Romania,European Region,2002,82.87,83.5162830061,74.8623531065,92.1167686837,ensemble_top4,,,,,,
maternal_deaths,143,Romania,Romania,European Region,2003,77.99,78.2133143752,69.883032269,86.4265082137,ensemble_top4,,,,,,
maternal_deaths,143,Romania,Romania,European Region,2004,72.35,72.992942086,64.637904723,81.0834837224,ensemble_top4,,,,,,
maternal_deaths,143,Romania,Romania,European Region,2005,68.59,67.9256054249,59.8107545656,76.1436114477,ensemble_top4,,,,,,
maternal_deaths,143,Romania,Romania,European Region,2006,61.2,63.4909251784,54.7004372175,71.5193720744,ensemble_top4,,,,,,
maternal_deaths,143,Romania,Romania,European Region,2007,56.7,59.3771112387,51.089616129,67.5975419191,ensemble_top4,,,,,,
maternal_deaths,143,Romania,Romania,European Region,2008,59.83,56.2141082328,47.8393252734,64.2558223867,ensemble_top4,,,,,,
maternal_deaths,143,Romania,Romania,European Region,2009,59.45,52.519407689,44.4287847906,60.5393054202,ensemble_top4,,,,,,
maternal_deaths,143,Romania,Romania,European Region,2010,51.81,48.9700315279,40.9594264387,57.0119781042,ensemble_top4,,,,,,
maternal_deaths,143,Romania,Romania,European Region,2011,40.78,45.8357291724,37.81161756,53.8311765321,ensemble_top4,,,,,,
maternal_deaths,143,Romania,Romania,European Region,2012,38.71,42.7734846502,34.9255211689,50.5491633054,ensemble_top4,,,,,,
maternal_deaths,143,Romania,Romania,European Region,2013,33.8,40.1415504332,31.7901066296,48.0249392767,ensemble_top4,,,,,,
maternal_deaths,143,Romania,Romania,European Region,2014,35.8,37.8863184151,29.9883235162,45.937182226,ensemble_top4,,,,,,
maternal_deaths,143,Romania,Romania,European Region,2015,36.1,35.9069389188,27.8826761762,44.2116998414,ensemble_top4,,,,,,
maternal_deaths,143,Romania,Romania,European Region,2016,35.83,34.1611289815,25.8289912716,42.9856500996,ensemble_top4,,,,,,
maternal_deaths,143,Romania,Romania,European Region,2017,35.57,32.259047898,24.0308793669,41.4218511712,ensemble_top4,,,,,,
maternal_deaths,143,Romania,Romania,European Region,2018,31.85,30.5592513123,22.0599142355,39.9049007598,ensemble_top4,,,,,,
maternal_deaths,143,Romania,Romania,European Region,2019,27.63,28.8144672862,19.9584466477,38.9735693793,ensemble_top4,,,,,,
maternal_deaths,143,Romania,Romania,European Region,2020,30.53,27.1736431335,18.5085438982,39.0373965045,ensemble_top4,3.35635686646,0,12.0214561018,3.35635686646,1.12351515952,0.116462305675
maternal_deaths,143,Romania,Romania,European Region,2021,36.86,25.7181046211,16.8664054998,42.136406428,ensemble_top4,11.1418953789,0,19.9935945002,11.1418953789,1.43323159086,0.359931748392
maternal_deaths,143,Romania,Romania,European Region,2022,23.52,24.2320908833,15.6618376632,48.8368067308,ensemble_top4,0,0,7.85816233676,-0.712090883304,0.970613725133,-0.0298267012365
maternal_deaths,143,Romania,Romania,European Region,2023,21.45,22.8103600992,13.8434314189,60.9643185421,ensemble_top4,0,0,7.60656858114,-1.36036009916,0.940362182217,-0.0614901776963
maternal_deaths,144,Russian Federation,Russian Federation,European Region,2000,646.7,646.7,646.7,646.7,ensemble_top4,,,,,,
maternal_deaths,144,Russian Federation,Russian Federation,European Region,2001,634.1,633.536291324,585.763231121,696.072310896,ensemble_top4,,,,,,
maternal_deaths,144,Russian Federation,Russian Federation,European Region,2002,653.8,664.850323758,615.346962465,707.230252207,ensemble_top4,,,,,,
maternal_deaths,144,Russian Federation,Russian Federation,European Region,2003,666.2,649.217548948,595.655447913,693.100539126,ensemble_top4,,,,,,
maternal_deaths,144,Russian Federation,Russian Federation,European Region,2004,619.8,608.42675172,561.476159919,649.798222745,ensemble_top4,,,,,,
maternal_deaths,144,Russian Federation,Russian Federation,European Region,2005,560.6,559.523175913,519.40828361,603.157641808,ensemble_top4,,,,,,
maternal_deaths,144,Russian Federation,Russian Federation,European Region,2006,477.9,516.09094541,473.227732489,564.35316337,ensemble_top4,,,,,,
maternal_deaths,144,Russian Federation,Russian Federation,European Region,2007,468.4,478.881436517,438.224577708,528.049086714,ensemble_top4,,,,,,
maternal_deaths,144,Russian Federation,Russian Federation,European Region,2008,462,447.200955091,405.072333955,496.176428337,ensemble_top4,,,,,,
maternal_deaths,144,Russian Federation,Russian Federation,European Region,2009,423.6,419.74026317,378.39949423,462.646106875,ensemble_top4,,,,,,
maternal_deaths,144,Russian Federation,Russian Federation,European Region,2010,416.5,394.282851061,353.527417301,435.648841568,ensemble_top4,,,,,,
maternal_deaths,144,Russian Federation,Russian Federation,European Region,2011,355.8,371.456866227,331.614142305,411.294593168,ensemble_top4,,,,,,
maternal_deaths,144,Russian Federation,Russian Federation,European Region,2012,341.5,349.313597273,305.398182716,388.355917615,ensemble_top4,,,,,,
maternal_deaths,144,Russian Federation,Russian Federation,European Region,2013,315.3,324.53917745,279.761827587,364.99050247,ensemble_top4,,,,,,
maternal_deaths,144,Russian Federation,Russian Federation,European Region,2014,306.2,299.954711897,255.798777529,338.860658968,ensemble_top4,,,,,,
maternal_deaths,144,Russian Federation,Russian Federation,European Region,2015,286.2,273.559025276,230.449896358,313.380930954,ensemble_top4,,,,,,
maternal_deaths,144,Russian Federation,Russian Federation,European Region,2016,259.4,247.72100677,207.955452993,286.985364342,ensemble_top4,,,,,,
maternal_deaths,144,Russian Federation,Russian Federation,European Region,2017,207.7,221.74465455,183.092025305,263.575001285,ensemble_top4,,,,,,
maternal_deaths,144,Russian Federation,Russian Federation,European Region,2018,194,196.979963029,158.022251192,238.669600724,ensemble_top4,,,,,,
maternal_deaths,144,Russian Federation,Russian Federation,European Region,2019,175.8,173.539293387,131.934701815,219.187240895,ensemble_top4,,,,,,
maternal_deaths,144,Russian Federation,Russian Federation,European Region,2020,273.9,151.960690639,109.842230153,201.739598007,ensemble_top4,121.939309361,72.1604019927,164.057769847,121.939309361,1.80243982077,0.589141203084
maternal_deaths,144,Russian Federation,Russian Federation,European Region,2021,292.4,131.728660094,87.379725762,188.535586569,ensemble_top4,160.671339906,103.864413431,205.020274238,160.671339906,2.21971437189,0.797378526296
maternal_deaths,144,Russian Federation,Russian Federation,European Region,2022,173.6,114.054830386,68.308044588,175.591508904,ensemble_top4,59.5451696138,0,105.291955412,59.5451696138,1.52207494774,0.42007450116
maternal_deaths,144,Russian Federation,Russian Federation,European Region,2023,122,98.0991492721,52.7120236997,161.88815898,ensemble_top4,23.9008507279,0,69.2879763003,23.9008507279,1.24363973495,0.218042350248
maternal_deaths,145,Rwanda,Rwanda,African Region,2000,3062,3062,3062,3062,ensemble_top4,,,,,,
maternal_deaths,145,Rwanda,Rwanda,African Region,2001,2684,2557.24458174,2088.23826063,2912.66423272,ensemble_top4,,,,,,
maternal_deaths,145,Rwanda,Rwanda,African Region,2002,2377,2313.59856768,1973.76882185,2622.72030645,ensemble_top4,,,,,,
maternal_deaths,145,Rwanda,Rwanda,African Region,2003,1959,2076.27743677,1771.18851055,2378.15134605,ensemble_top4,,,,,,
maternal_deaths,145,Rwanda,Rwanda,African Region,2004,1668,1920.99967486,1651.71331257,2252.41974301,ensemble_top4,,,,,,
maternal_deaths,145,Rwanda,Rwanda,African Region,2005,1712,1796.97993022,1518.06967324,2137.90489933,ensemble_top4,,,,,,
maternal_deaths,145,Rwanda,Rwanda,African Region,2006,1830,1755.99078042,1473.64241798,2051.00153923,ensemble_top4,,,,,,
maternal_deaths,145,Rwanda,Rwanda,African Region,2007,1831,1686.52519885,1400.12103688,1965.68564399,ensemble_top4,,,,,,
maternal_deaths,145,Rwanda,Rwanda,African Region,2008,1675,1592.25026314,1311.10847193,1862.50199356,ensemble_top4,,,,,,
maternal_deaths,145,Rwanda,Rwanda,African Region,2009,1528,1502.86973847,1235.92229743,1779.36402108,ensemble_top4,,,,,,
maternal_deaths,145,Rwanda,Rwanda,African Region,2010,1425,1418.59191717,1157.23876657,1692.75958164,ensemble_top4,,,,,,
maternal_deaths,145,Rwanda,Rwanda,African Region,2011,1281,1346.43289191,1087.32435252,1618.27409591,ensemble_top4,,,,,,
maternal_deaths,145,Rwanda,Rwanda,African Region,2012,1177,1274.7468305,1010.94468092,1542.92083214,ensemble_top4,,,,,,
maternal_deaths,145,Rwanda,Rwanda,African Region,2013,1138,1212.81120466,944.812737887,1484.40940958,ensemble_top4,,,,,,
maternal_deaths,145,Rwanda,Rwanda,African Region,2014,1103,1154.47190779,885.1849757,1412.53582896,ensemble_top4,,,,,,
maternal_deaths,145,Rwanda,Rwanda,African Region,2015,1089,1101.36406064,836.129391895,1356.21611142,ensemble_top4,,,,,,
maternal_deaths,145,Rwanda,Rwanda,African Region,2016,1060,1053.64334074,775.353416567,1320.24645552,ensemble_top4,,,,,,
maternal_deaths,145,Rwanda,Rwanda,African Region,2017,1063,1006.26258305,722.502825373,1270.54874691,ensemble_top4,,,,,,
maternal_deaths,145,Rwanda,Rwanda,African Region,2018,1048,968.812802744,675.816891952,1241.05124257,ensemble_top4,,,,,,
maternal_deaths,145,Rwanda,Rwanda,African Region,2019,1024,928.75751675,631.838417803,1218.1109054,ensemble_top4,,,,,,
maternal_deaths,145,Rwanda,Rwanda,African Region,2020,989,890.464150007,586.529680095,1191.36709947,ensemble_top4,98.5358499925,0,402.470319905,98.5358499925,1.11065672884,0.104951487977
maternal_deaths,145,Rwanda,Rwanda,African Region,2021,996.8,865.491503041,551.268511919,1172.7848061,ensemble_top4,131.308496959,0,445.531488081,131.308496959,1.15171552407,0.141252590865
maternal_deaths,145,Rwanda,Rwanda,African Region,2022,921.7,832.611782978,502.197637773,1157.57179881,ensemble_top4,89.0882170219,0,419.502362227,89.0882170219,1.1069985062,0.101652304311
maternal_deaths,145,Rwanda,Rwanda,African Region,2023,907.8,801.527413628,459.215549549,1145.51718466,ensemble_top4,106.272586372,0,448.584450451,106.272586372,1.13258758785,0.124504915653
maternal_deaths,146,Saint Kitts and Nevis,Saint Kitts and Nevis,Region of the Americas,2000,1.15,1.15,1.15,1.15,ensemble_top4,,,,,,
maternal_deaths,146,Saint Kitts and Nevis,Saint Kitts and Nevis,Region of the Americas,2001,1.04,0.963039563939,0.884574365798,1.03293238876,ensemble_top4,,,,,,
maternal_deaths,146,Saint Kitts and Nevis,Saint Kitts and Nevis,Region of the Americas,2002,0.89,0.920281105511,0.853129947178,0.985585858426,ensemble_top4,,,,,,
maternal_deaths,146,Saint Kitts and Nevis,Saint Kitts and Nevis,Region of the Americas,2003,0.86,0.877978343536,0.811911890972,0.942345864897,ensemble_top4,,,,,,
maternal_deaths,146,Saint Kitts and Nevis,Saint Kitts and Nevis,Region of the Americas,2004,0.8,0.836335805005,0.773258523007,0.899029170732,ensemble_top4,,,,,,
maternal_deaths,146,Saint Kitts and Nevis,Saint Kitts and Nevis,Region of the Americas,2005,0.78,0.795473919079,0.73172256297,0.859807546268,ensemble_top4,,,,,,
maternal_deaths,146,Saint Kitts and Nevis,Saint Kitts and Nevis,Region of the Americas,2006,0.74,0.756587047555,0.691724917068,0.819987838986,ensemble_top4,,,,,,
maternal_deaths,146,Saint Kitts and Nevis,Saint Kitts and Nevis,Region of the Americas,2007,0.71,0.723841923549,0.658463682314,0.788701368464,ensemble_top4,,,,,,
maternal_deaths,146,Saint Kitts and Nevis,Saint Kitts and Nevis,Region of the Americas,2008,0.69,0.694388868073,0.627496634549,0.763448764708,ensemble_top4,,,,,,
maternal_deaths,146,Saint Kitts and Nevis,Saint Kitts and Nevis,Region of the Americas,2009,0.67,0.661787230034,0.592155251404,0.728829932743,ensemble_top4,,,,,,
maternal_deaths,146,Saint Kitts and Nevis,Saint Kitts and Nevis,Region of the Americas,2010,0.64,0.639548094073,0.567775607744,0.70509446928,ensemble_top4,,,,,,
maternal_deaths,146,Saint Kitts and Nevis,Saint Kitts and Nevis,Region of the Americas,2011,0.62,0.614325801182,0.546153698745,0.679569944105,ensemble_top4,,,,,,
maternal_deaths,146,Saint Kitts and Nevis,Saint Kitts and Nevis,Region of the Americas,2012,0.6,0.590924290311,0.526744143769,0.654331456175,ensemble_top4,,,,,,
maternal_deaths,146,Saint Kitts and Nevis,Saint Kitts and Nevis,Region of the Americas,2013,0.55,0.564413971802,0.502455964449,0.628115289115,ensemble_top4,,,,,,
maternal_deaths,146,Saint Kitts and Nevis,Saint Kitts and Nevis,Region of the Americas,2014,0.54,0.538394880092,0.47573829466,0.600981832441,ensemble_top4,,,,,,
maternal_deaths,146,Saint Kitts and Nevis,Saint Kitts and Nevis,Region of the Americas,2015,0.49,0.514198266269,0.448555981357,0.576908994965,ensemble_top4,,,,,,
maternal_deaths,146,Saint Kitts and Nevis,Saint Kitts and Nevis,Region of the Americas,2016,0.48,0.4902804228,0.426424893359,0.55339410499,ensemble_top4,,,,,,
maternal_deaths,146,Saint Kitts and Nevis,Saint Kitts and Nevis,Region of the Americas,2017,0.47,0.467961379075,0.407178447822,0.533179099873,ensemble_top4,,,,,,
maternal_deaths,146,Saint Kitts and Nevis,Saint Kitts and Nevis,Region of the Americas,2018,0.48,0.446408049364,0.385478213423,0.511658538456,ensemble_top4,,,,,,
maternal_deaths,146,Saint Kitts and Nevis,Saint Kitts and Nevis,Region of the Americas,2019,0.45,0.426198413324,0.363874265155,0.489147930547,ensemble_top4,,,,,,
maternal_deaths,146,Saint Kitts and Nevis,Saint Kitts and Nevis,Region of the Americas,2020,0.47,0.406010005944,0.342641998554,0.470551528975,ensemble_top4,0.0639899940564,0,0.127358001446,0.0639899940564,1.15760693855,0.146354890225
maternal_deaths,146,Saint Kitts and Nevis,Saint Kitts and Nevis,Region of the Americas,2021,0.64,0.388174657794,0.325869430519,0.454551234076,ensemble_top4,0.251825342206,0.185448765924,0.314130569481,0.251825342206,1.64874235643,0.500012789063
maternal_deaths,146,Saint Kitts and Nevis,Saint Kitts and Nevis,Region of the Americas,2022,0.55,0.371078421854,0.306576548946,0.437867720957,ensemble_top4,0.178921578146,0.112132279043,0.243423451054,0.178921578146,1.48216648452,0.393504858296
maternal_deaths,146,Saint Kitts and Nevis,Saint Kitts and Nevis,Region of the Americas,2023,0.4,0.354122362862,0.289541514257,0.421564426762,ensemble_top4,0.0458776371383,0,0.110458485743,0.0458776371383,1.129553064,0.121822035899
maternal_deaths,147,Saint Lucia,Saint Lucia,Region of the Americas,2000,2.47,2.47,2.47,2.47,ensemble_top4,,,,,,
maternal_deaths,147,Saint Lucia,Saint Lucia,Region of the Americas,2001,2.04,1.83880888346,1.60731404659,2.02321763445,ensemble_top4,,,,,,
maternal_deaths,147,Saint Lucia,Saint Lucia,Region of the Americas,2002,1.74,1.74331015072,1.55400226943,1.92713553156,ensemble_top4,,,,,,
maternal_deaths,147,Saint Lucia,Saint Lucia,Region of the Americas,2003,1.53,1.65156834805,1.47640490829,1.84120224811,ensemble_top4,,,,,,
maternal_deaths,147,Saint Lucia,Saint Lucia,Region of the Americas,2004,1.43,1.55608887452,1.38102795463,1.75213386362,ensemble_top4,,,,,,
maternal_deaths,147,Saint Lucia,Saint Lucia,Region of the Americas,2005,1.41,1.4937767693,1.28938075957,1.69971093842,ensemble_top4,,,,,,
maternal_deaths,147,Saint Lucia,Saint Lucia,Region of the Americas,2006,1.36,1.42562790304,1.19211603959,1.65364919157,ensemble_top4,,,,,,
maternal_deaths,147,Saint Lucia,Saint Lucia,Region of the Americas,2007,1.36,1.38578511687,1.1384831954,1.5885311371,ensemble_top4,,,,,,
maternal_deaths,147,Saint Lucia,Saint Lucia,Region of the Americas,2008,1.35,1.34592947209,1.1151802854,1.53491309895,ensemble_top4,,,,,,
maternal_deaths,147,Saint Lucia,Saint Lucia,Region of the Americas,2009,1.27,1.3092080752,1.09855590485,1.49685201694,ensemble_top4,,,,,,
maternal_deaths,147,Saint Lucia,Saint Lucia,Region of the Americas,2010,1.32,1.26562788155,1.08413070825,1.44683714235,ensemble_top4,,,,,,
maternal_deaths,147,Saint Lucia,Saint Lucia,Region of the Americas,2011,1.2,1.21256561544,1.03920019913,1.39209042444,ensemble_top4,,,,,,
maternal_deaths,147,Saint Lucia,Saint Lucia,Region of the Americas,2012,1.19,1.16272741029,0.976152925516,1.33954444975,ensemble_top4,,,,,,
maternal_deaths,147,Saint Lucia,Saint Lucia,Region of the Americas,2013,1.15,1.11151830568,0.932070218455,1.289508702,ensemble_top4,,,,,,
maternal_deaths,147,Saint Lucia,Saint Lucia,Region of the Americas,2014,1.06,1.06398899611,0.88325004838,1.2384396791,ensemble_top4,,,,,,
maternal_deaths,147,Saint Lucia,Saint Lucia,Region of the Americas,2015,0.99,1.02144363916,0.838863803332,1.19905269791,ensemble_top4,,,,,,
maternal_deaths,147,Saint Lucia,Saint Lucia,Region of the Americas,2016,0.98,0.980790778527,0.7984092352,1.15582914525,ensemble_top4,,,,,,
maternal_deaths,147,Saint Lucia,Saint Lucia,Region of the Americas,2017,0.92,0.937423473509,0.755938145579,1.11079917058,ensemble_top4,,,,,,
maternal_deaths,147,Saint Lucia,Saint Lucia,Region of the Americas,2018,0.88,0.904620595964,0.717475461365,1.08277200803,ensemble_top4,,,,,,
maternal_deaths,147,Saint Lucia,Saint Lucia,Region of the Americas,2019,0.9,0.87131458259,0.675839119846,1.05202396822,ensemble_top4,,,,,,
maternal_deaths,147,Saint Lucia,Saint Lucia,Region of the Americas,2020,0.9,0.837446240911,0.639321846726,1.01377124131,ensemble_top4,0.062553759089,0,0.260678153274,0.062553759089,1.07469585035,0.0720376916423
maternal_deaths,147,Saint Lucia,Saint Lucia,Region of the Americas,2021,1.94,0.806465754713,0.609698927555,0.989838591784,ensemble_top4,1.13353424529,0.950161408216,1.33030107244,1.13353424529,2.40555781651,0.877781817001
maternal_deaths,147,Saint Lucia,Saint Lucia,Region of the Americas,2022,0.97,0.780033025719,0.57364173151,0.964837755131,ensemble_top4,0.189966974281,0.00516224486939,0.39635826849,0.189966974281,1.2435370914,0.217959812045
maternal_deaths,147,Saint Lucia,Saint Lucia,Region of the Americas,2023,0.89,0.750012717633,0.53931008142,0.941831560321,ensemble_top4,0.139987282367,0,0.35068991858,0.139987282367,1.18664654489,0.171131299496
maternal_deaths,148,Saint Vincent,Saint Vincent and the Grenadines,Region of the Americas,2000,1.47,1.47,1.47,1.47,ensemble_top4,,,,,,
maternal_deaths,148,Saint Vincent,Saint Vincent and the Grenadines,Region of the Americas,2001,1.38,1.30375480345,1.05544376753,1.53737928533,ensemble_top4,,,,,,
maternal_deaths,148,Saint Vincent,Saint Vincent and the Grenadines,Region of the Americas,2002,1.28,1.26151219583,1.02914429993,1.48181926998,ensemble_top4,,,,,,
maternal_deaths,148,Saint Vincent,Saint Vincent and the Grenadines,Region of the Americas,2003,1.17,1.20020578408,0.977586870395,1.42231344788,ensemble_top4,,,,,,
maternal_deaths,148,Saint Vincent,Saint Vincent and the Grenadines,Region of the Americas,2004,1.08,1.14041670577,0.911162075218,1.36039151523,ensemble_top4,,,,,,
maternal_deaths,148,Saint Vincent,Saint Vincent and the Grenadines,Region of the Americas,2005,1.05,1.0741082076,0.848593104797,1.32322958696,ensemble_top4,,,,,,
maternal_deaths,148,Saint Vincent,Saint Vincent and the Grenadines,Region of the Americas,2006,1,1.04957868948,0.797720612165,1.38284509691,ensemble_top4,,,,,,
maternal_deaths,148,Saint Vincent,Saint Vincent and the Grenadines,Region of the Americas,2007,1,1.02664682566,0.755285757696,1.41427572227,ensemble_top4,,,,,,
maternal_deaths,148,Saint Vincent,Saint Vincent and the Grenadines,Region of the Americas,2008,1.06,1.11664899796,0.807384033217,1.38763478598,ensemble_top4,,,,,,
maternal_deaths,148,Saint Vincent,Saint Vincent and the Grenadines,Region of the Americas,2009,1.07,1.16079099509,0.902666645412,1.39707579043,ensemble_top4,,,,,,
maternal_deaths,148,Saint Vincent,Saint Vincent and the Grenadines,Region of the Americas,2010,1.08,1.12827477375,0.895959833782,1.36088173661,ensemble_top4,,,,,,
maternal_deaths,148,Saint Vincent,Saint Vincent and the Grenadines,Region of the Americas,2011,1.03,1.08962064421,0.862275525617,1.32296268533,ensemble_top4,,,,,,
maternal_deaths,148,Saint Vincent,Saint Vincent and the Grenadines,Region of the Americas,2012,1.08,1.05402636592,0.827133682658,1.28219685893,ensemble_top4,,,,,,
maternal_deaths,148,Saint Vincent,Saint Vincent and the Grenadines,Region of the Americas,2013,1.26,1.02021416096,0.796754870168,1.23586474838,ensemble_top4,,,,,,
maternal_deaths,148,Saint Vincent,Saint Vincent and the Grenadines,Region of the Americas,2014,1.1,0.98749467874,0.76657220277,1.20791167259,ensemble_top4,,,,,,
maternal_deaths,148,Saint Vincent,Saint Vincent and the Grenadines,Region of the Americas,2015,1.01,0.957703172053,0.736729040592,1.17946992234,ensemble_top4,,,,,,
maternal_deaths,148,Saint Vincent,Saint Vincent and the Grenadines,Region of the Americas,2016,0.84,0.928934085805,0.704371174086,1.15136827042,ensemble_top4,,,,,,
maternal_deaths,148,Saint Vincent,Saint Vincent and the Grenadines,Region of the Americas,2017,0.87,0.900852978781,0.682896977054,1.13134146502,ensemble_top4,,,,,,
maternal_deaths,148,Saint Vincent,Saint Vincent and the Grenadines,Region of the Americas,2018,0.81,0.882948523465,0.645590201628,1.11313861715,ensemble_top4,,,,,,
maternal_deaths,148,Saint Vincent,Saint Vincent and the Grenadines,Region of the Americas,2019,0.8,0.86154583177,0.624479388244,1.09483039484,ensemble_top4,,,,,,
maternal_deaths,148,Saint Vincent,Saint Vincent and the Grenadines,Region of the Americas,2020,0.76,0.838998109633,0.598066870533,1.08548852179,ensemble_top4,0,0,0.161933129467,-0.078998109633,0.905842327026,-0.0988900200651
maternal_deaths,148,Saint Vincent,Saint Vincent and the Grenadines,Region of the Americas,2021,1.37,0.818553873246,0.583586990943,1.07158678381,ensemble_top4,0.551446126754,0.298413216186,0.786413009057,0.551446126754,1.67368336377,0.515026804695
maternal_deaths,148,Saint Vincent,Saint Vincent and the Grenadines,Region of the Americas,2022,0.71,0.805508316549,0.563713926184,1.06308559577,ensemble_top4,0,0,0.146286073816,-0.0955083165485,0.881430998804,-0.126208557232
maternal_deaths,148,Saint Vincent,Saint Vincent and the Grenadines,Region of the Americas,2023,0.69,0.786297345316,0.547009246344,1.05372910734,ensemble_top4,0,0,0.142990753656,-0.0962973453162,0.877530623892,-0.130643425229
maternal_deaths,149,Samoa,Samoa,Western Pacific Region,2000,5.41,4.41,4.41,4.41,ranked_top1_fallback,,,,,,
maternal_deaths,149,Samoa,Samoa,Western Pacific Region,2001,5.31,6.09118747979,5.6909547386,6.50208854302,ranked_top1_fallback,,,,,,
maternal_deaths,149,Samoa,Samoa,Western Pacific Region,2002,5,5.94320975379,5.67227480804,6.23584036186,ranked_top1_fallback,,,,,,
maternal_deaths,149,Samoa,Samoa,Western Pacific Region,2003,4.85,5.84517894798,5.58566001442,6.11300843519,ranked_top1_fallback,,,,,,
maternal_deaths,149,Samoa,Samoa,Western Pacific Region,2004,4.78,5.80648983035,5.54742167111,6.07400001577,ranked_top1_fallback,,,,,,
maternal_deaths,149,Samoa,Samoa,Western Pacific Region,2005,4.83,5.8331446008,5.5667358353,6.1031492321,ranked_top1_fallback,,,,,,
maternal_deaths,149,Samoa,Samoa,Western Pacific Region,2006,4.73,5.92467797336,5.64624749108,6.19065699372,ranked_top1_fallback,,,,,,
maternal_deaths,149,Samoa,Samoa,Western Pacific Region,2007,4.7,6.05679116492,5.76781049692,6.31914831179,ranked_top1_fallback,,,,,,
maternal_deaths,149,Samoa,Samoa,Western Pacific Region,2008,4.9,6.21936833108,5.93669270103,6.4777036558,ranked_top1_fallback,,,,,,
maternal_deaths,149,Samoa,Samoa,Western Pacific Region,2009,5.4,6.39317652862,6.09362431164,6.66485467903,ranked_top1_fallback,,,,,,
maternal_deaths,149,Samoa,Samoa,Western Pacific Region,2010,5.44,6.56672195832,6.26367869888,6.84353676278,ranked_top1_fallback,,,,,,
maternal_deaths,149,Samoa,Samoa,Western Pacific Region,2011,5.57,6.71654155116,6.4155985363,6.99557756306,ranked_top1_fallback,,,,,,
maternal_deaths,149,Samoa,Samoa,Western Pacific Region,2012,6.08,6.83818156454,6.5266699636,7.10940457769,ranked_top1_fallback,,,,,,
maternal_deaths,149,Samoa,Samoa,Western Pacific Region,2013,6.08,6.90887125924,6.60319451019,7.18309413028,ranked_top1_fallback,,,,,,
maternal_deaths,149,Samoa,Samoa,Western Pacific Region,2014,6.43,6.92265544522,6.63054215585,7.18308731639,ranked_top1_fallback,,,,,,
maternal_deaths,149,Samoa,Samoa,Western Pacific Region,2015,6.48,6.86665773722,6.59103124026,7.14324250305,ranked_top1_fallback,,,,,,
maternal_deaths,149,Samoa,Samoa,Western Pacific Region,2016,6.42,6.7517990996,6.47340846927,7.03078899039,ranked_top1_fallback,,,,,,
maternal_deaths,149,Samoa,Samoa,Western Pacific Region,2017,6.54,6.57678868432,6.27179853609,6.86012598924,ranked_top1_fallback,,,,,,
maternal_deaths,149,Samoa,Samoa,Western Pacific Region,2018,6.52,6.3431459867,5.98766691729,6.66278411799,ranked_top1_fallback,,,,,,
maternal_deaths,149,Samoa,Samoa,Western Pacific Region,2019,6.48,6.06802539754,5.64191710618,6.43095576216,ranked_top1_fallback,,,,,,
maternal_deaths,149,Samoa,Samoa,Western Pacific Region,2020,6.61,5.74245146852,5.26447439662,6.17194445748,ranked_top1_fallback,0.867548531479,0.438055542522,1.34552560338,0.867548531479,1.15107633669,0.140697449599
maternal_deaths,149,Samoa,Samoa,Western Pacific Region,2021,6.63,5.40309954713,4.83592839307,5.91088009482,ranked_top1_fallback,1.22690045287,0.719119905183,1.79407160693,1.22690045287,1.22707344963,0.204632025088
maternal_deaths,149,Samoa,Samoa,Western Pacific Region,2022,6.19,5.02033387541,4.41349708335,5.6167516335,ranked_top1_fallback,1.16966612459,0.573248366497,1.77650291665,1.16966612459,1.23298572438,0.209438646159
maternal_deaths,149,Samoa,Samoa,Western Pacific Region,2023,5.58,4.6367087312,3.97656123864,5.30223449591,ranked_top1_fallback,0.943291268796,0.277765504086,1.60343876136,0.943291268796,1.20343983707,0.185183987017
maternal_deaths,150,San Marino,San Marino,European Region,2000,0.045,0.045,-0,0.045,ensemble_top4,,,,,,
maternal_deaths,150,San Marino,San Marino,European Region,2001,0.049,0.0254072437218,-0,0.048911697151,ensemble_top4,,,,,,
maternal_deaths,150,San Marino,San Marino,European Region,2002,0.045,0.0259106371661,0.000205023955797,0.0502425490476,ensemble_top4,,,,,,
maternal_deaths,150,San Marino,San Marino,European Region,2003,0.039,0.0262830418643,0.00119714039913,0.0505858212585,ensemble_top4,,,,,,
maternal_deaths,150,San Marino,San Marino,European Region,2004,0.038,0.0266639431487,0.00124403763674,0.0501206460162,ensemble_top4,,,,,,
maternal_deaths,150,San Marino,San Marino,European Region,2005,0.034,0.0265993042994,0.00260138643536,0.0516714104651,ensemble_top4,,,,,,
maternal_deaths,150,San Marino,San Marino,European Region,2006,0.034,0.0269196021975,0.00125779135445,0.0501932991951,ensemble_top4,,,,,,
maternal_deaths,150,San Marino,San Marino,European Region,2007,0.023,0.0272070840884,0.00229755074252,0.0514996564079,ensemble_top4,,,,,,
maternal_deaths,150,San Marino,San Marino,European Region,2008,0.028,0.0273713032996,0.00192363126396,0.0501927171459,ensemble_top4,,,,,,
maternal_deaths,150,San Marino,San Marino,European Region,2009,0.024,0.0270437201188,0.00253834578224,0.0518249982376,ensemble_top4,,,,,,
maternal_deaths,150,San Marino,San Marino,European Region,2010,0.026,0.0273635281969,0.00166956840103,0.0509776226807,ensemble_top4,,,,,,
maternal_deaths,150,San Marino,San Marino,European Region,2011,0.025,0.0274755189503,0.00250015514179,0.0514761953593,ensemble_top4,,,,,,
maternal_deaths,150,San Marino,San Marino,European Region,2012,0.022,0.0271554861181,0.00238921398289,0.051435343568,ensemble_top4,,,,,,
maternal_deaths,150,San Marino,San Marino,European Region,2013,0.026,0.0276041760989,0.00326451126369,0.0515009515621,ensemble_top4,,,,,,
maternal_deaths,150,San Marino,San Marino,European Region,2014,0.021,0.0278045978627,0.00275364950373,0.0520261866425,ensemble_top4,,,,,,
maternal_deaths,150,San Marino,San Marino,European Region,2015,0.019,0.0279559903946,0.00272864466368,0.0519320181479,ensemble_top4,,,,,,
maternal_deaths,150,San Marino,San Marino,European Region,2016,0.017,0.0280349815207,0.00388708083051,0.05264339794,ensemble_top4,,,,,,
maternal_deaths,150,San Marino,San Marino,European Region,2017,0.015,0.0279214168437,0.00351268065494,0.051642957459,ensemble_top4,,,,,,
maternal_deaths,150,San Marino,San Marino,European Region,2018,0.015,0.0286852936255,0.0034641183883,0.0528745588787,ensemble_top4,,,,,,
maternal_deaths,150,San Marino,San Marino,European Region,2019,0.016,0.0284359158071,0.00317561493829,0.0525519900728,ensemble_top4,,,,,,
maternal_deaths,150,San Marino,San Marino,European Region,2020,0.097,0.0284924866543,0.00377535877715,0.0525649862713,ensemble_top4,0.0685075133457,0.0444350137287,0.0932246412229,0.0685075133457,3.4044062625,1.22507055215
maternal_deaths,150,San Marino,San Marino,European Region,2021,0.073,0.0289876583084,0.00428690067018,0.0537621169154,ensemble_top4,0.0440123416916,0.0192378830846,0.0687130993298,0.0440123416916,2.51831311186,0.923589277318
maternal_deaths,150,San Marino,San Marino,European Region,2022,0.046,0.028450339628,0.00431487254616,0.0532645565841,ensemble_top4,0.017549660372,0,0.0416851274538,0.017549660372,1.61685240322,0.480481298274
maternal_deaths,150,San Marino,San Marino,European Region,2023,0.015,0.0289441535939,0.00322925269392,0.0543962838543,ensemble_top4,0,0,0.0117707473061,-0.0139441535939,0.518239372637,-0.657318034125
maternal_deaths,151,Sao Tome and Principe,Sao Tome and Principe,African Region,2000,10.31,10.31,9.31,10.31,ensemble_top4,,,,,,
maternal_deaths,151,Sao Tome and Principe,Sao Tome and Principe,African Region,2001,10.44,10.4283042211,8.70973688674,13.2510389453,ensemble_top4,,,,,,
maternal_deaths,151,Sao Tome and Principe,Sao Tome and Principe,African Region,2002,10.67,10.9408120849,10.0246309029,14.3416542366,ensemble_top4,,,,,,
maternal_deaths,151,Sao Tome and Principe,Sao Tome and Principe,African Region,2003,10.86,10.9929689562,10.4576354682,14.4083416212,ensemble_top4,,,,,,
maternal_deaths,151,Sao Tome and Principe,Sao Tome and Principe,African Region,2004,10.97,11.1014307568,10.6010608161,14.0193743761,ensemble_top4,,,,,,
maternal_deaths,151,Sao Tome and Principe,Sao Tome and Principe,African Region,2005,11.41,11.2795588329,10.7806163945,13.588156215,ensemble_top4,,,,,,
maternal_deaths,151,Sao Tome and Principe,Sao Tome and Principe,African Region,2006,11.38,11.4952380385,11.0072773985,13.2350331937,ensemble_top4,,,,,,
maternal_deaths,151,Sao Tome and Principe,Sao Tome and Principe,African Region,2007,11.48,11.6983260095,11.1964837067,12.8747307469,ensemble_top4,,,,,,
maternal_deaths,151,Sao Tome and Principe,Sao Tome and Principe,African Region,2008,11.6,11.7899656771,11.2614149707,12.5196229592,ensemble_top4,,,,,,
maternal_deaths,151,Sao Tome and Principe,Sao Tome and Principe,African Region,2009,11.57,11.682880505,11.1638651906,12.1419982578,ensemble_top4,,,,,,
maternal_deaths,151,Sao Tome and Principe,Sao Tome and Principe,African Region,2010,11.51,11.4087693667,10.7416976949,11.8729097297,ensemble_top4,,,,,,
maternal_deaths,151,Sao Tome and Principe,Sao Tome and Principe,African Region,2011,11.24,11.0393017863,10.1644975559,11.5436503637,ensemble_top4,,,,,,
maternal_deaths,151,Sao Tome and Principe,Sao Tome and Principe,African Region,2012,10.91,10.5464507529,9.50675974387,11.0343029055,ensemble_top4,,,,,,
maternal_deaths,151,Sao Tome and Principe,Sao Tome and Principe,African Region,2013,10.23,9.95438441249,8.80487725137,10.4509555593,ensemble_top4,,,,,,
maternal_deaths,151,Sao Tome and Principe,Sao Tome and Principe,African Region,2014,9.33,9.2597270433,8.05580768969,9.75718948559,ensemble_top4,,,,,,
maternal_deaths,151,Sao Tome and Principe,Sao Tome and Principe,African Region,2015,8.45,8.51274534279,7.28961927455,9.0158789369,ensemble_top4,,,,,,
maternal_deaths,151,Sao Tome and Principe,Sao Tome and Principe,African Region,2016,7.71,7.75603869961,6.54573228715,8.31039012645,ensemble_top4,,,,,,
maternal_deaths,151,Sao Tome and Principe,Sao Tome and Principe,African Region,2017,6.97,6.98327143729,5.8305307174,7.61950745524,ensemble_top4,,,,,,
maternal_deaths,151,Sao Tome and Principe,Sao Tome and Principe,African Region,2018,6.28,6.244623221,5.15405029019,7.1412967327,ensemble_top4,,,,,,
maternal_deaths,151,Sao Tome and Principe,Sao Tome and Principe,African Region,2019,5.91,5.53423562869,4.52804054989,6.67156363455,ensemble_top4,,,,,,
maternal_deaths,151,Sao Tome and Principe,Sao Tome and Principe,African Region,2020,5.76,4.87754580261,3.96348261326,6.21560648828,ensemble_top4,0.882454197387,0,1.79651738674,0.882454197387,1.18092176539,0.166295290645
maternal_deaths,151,Sao Tome and Principe,Sao Tome and Principe,African Region,2021,6.18,4.26811669309,3.43716418691,5.68881419614,ensemble_top4,1.91188330691,0.491185803858,2.74283581309,1.91188330691,1.44794541583,0.370145597004
maternal_deaths,151,Sao Tome and Principe,Sao Tome and Principe,African Region,2022,5.28,3.72650029048,2.96821912957,5.35953698068,ensemble_top4,1.55349970952,0,2.31178087043,1.55349970952,1.41687899864,0.348456564429
maternal_deaths,151,Sao Tome and Principe,Sao Tome and Principe,African Region,2023,4.9,3.25380956015,2.56370910968,4.81048951624,ensemble_top4,1.64619043985,0.0895104837561,2.33629089032,1.64619043985,1.50592710157,0.409408722877
maternal_deaths,152,Saudi Arabia,Saudi Arabia,Eastern Mediterranean,2000,89.11,89.11,89.11,89.11,ensemble_top4,,,,,,
maternal_deaths,152,Saudi Arabia,Saudi Arabia,Eastern Mediterranean,2001,81.81,77.2188689378,69.9881990135,83.315389603,ensemble_top4,,,,,,
maternal_deaths,152,Saudi Arabia,Saudi Arabia,Eastern Mediterranean,2002,74.78,74.2499970206,68.0114043597,80.0348851974,ensemble_top4,,,,,,
maternal_deaths,152,Saudi Arabia,Saudi Arabia,Eastern Mediterranean,2003,69.06,71.2872724966,65.4119564198,76.7664688295,ensemble_top4,,,,,,
maternal_deaths,152,Saudi Arabia,Saudi Arabia,Eastern Mediterranean,2004,64.87,68.5834363913,62.9597291068,74.316559919,ensemble_top4,,,,,,
maternal_deaths,152,Saudi Arabia,Saudi Arabia,Eastern Mediterranean,2005,63.35,66.1015355163,60.5982802343,71.8215530264,ensemble_top4,,,,,,
maternal_deaths,152,Saudi Arabia,Saudi Arabia,Eastern Mediterranean,2006,63.47,63.7104603351,58.0993226934,69.4302102382,ensemble_top4,,,,,,
maternal_deaths,152,Saudi Arabia,Saudi Arabia,Eastern Mediterranean,2007,63.92,61.3974092708,55.9274435153,67.1230942553,ensemble_top4,,,,,,
maternal_deaths,152,Saudi Arabia,Saudi Arabia,Eastern Mediterranean,2008,61.25,59.2466389585,53.7327397356,65.3523593459,ensemble_top4,,,,,,
maternal_deaths,152,Saudi Arabia,Saudi Arabia,Eastern Mediterranean,2009,57.88,57.1398155738,51.6799301552,62.8406653977,ensemble_top4,,,,,,
maternal_deaths,152,Saudi Arabia,Saudi Arabia,Eastern Mediterranean,2010,53.37,55.0984561238,49.6043138997,61.3163179143,ensemble_top4,,,,,,
maternal_deaths,152,Saudi Arabia,Saudi Arabia,Eastern Mediterranean,2011,52.29,53.3058849722,47.7706425553,59.3384977642,ensemble_top4,,,,,,
maternal_deaths,152,Saudi Arabia,Saudi Arabia,Eastern Mediterranean,2012,51.16,51.5758934152,46.0813632309,57.4965253437,ensemble_top4,,,,,,
maternal_deaths,152,Saudi Arabia,Saudi Arabia,Eastern Mediterranean,2013,47.95,50.0393145652,44.5003914993,55.9461267275,ensemble_top4,,,,,,
maternal_deaths,152,Saudi Arabia,Saudi Arabia,Eastern Mediterranean,2014,47.67,48.6400437576,42.9025195076,54.2728665912,ensemble_top4,,,,,,
maternal_deaths,152,Saudi Arabia,Saudi Arabia,Eastern Mediterranean,2015,46.53,47.9781355826,42.1975933747,53.7548424851,ensemble_top4,,,,,,
maternal_deaths,152,Saudi Arabia,Saudi Arabia,Eastern Mediterranean,2016,47.49,47.1606351461,41.2480878579,52.979874222,ensemble_top4,,,,,,
maternal_deaths,152,Saudi Arabia,Saudi Arabia,Eastern Mediterranean,2017,48.48,46.1832971899,39.9897320444,52.1146250307,ensemble_top4,,,,,,
maternal_deaths,152,Saudi Arabia,Saudi Arabia,Eastern Mediterranean,2018,47.98,45.2915890471,38.4584309625,51.4175833782,ensemble_top4,,,,,,
maternal_deaths,152,Saudi Arabia,Saudi Arabia,Eastern Mediterranean,2019,43.24,44.475107094,37.1910747966,51.0875681655,ensemble_top4,,,,,,
maternal_deaths,152,Saudi Arabia,Saudi Arabia,Eastern Mediterranean,2020,57.22,43.6655718089,35.7733538774,51.9514872801,ensemble_top4,13.5544281911,5.26851271987,21.4466461226,13.5544281911,1.31041453552,0.270343526483
maternal_deaths,152,Saudi Arabia,Saudi Arabia,Eastern Mediterranean,2021,61.43,43.132155379,34.5439384702,52.923761341,ensemble_top4,18.297844621,8.50623865897,26.8860615298,18.297844621,1.42422745769,0.353629531757
maternal_deaths,152,Saudi Arabia,Saudi Arabia,Eastern Mediterranean,2022,44.14,42.4619493748,33.0534577566,53.9838929848,ensemble_top4,1.67805062519,0,11.0865422434,1.67805062519,1.03951892577,0.0387580347546
maternal_deaths,152,Saudi Arabia,Saudi Arabia,Eastern Mediterranean,2023,40.18,41.7607376504,31.9764391216,56.9415542064,ensemble_top4,0,0,8.20356087844,-1.58073765044,0.962147755538,-0.0385872480746
maternal_deaths,153,Senegal,Senegal,African Region,2000,2276,2276,2276,2276,ensemble_top4,,,,,,
maternal_deaths,153,Senegal,Senegal,African Region,2001,2221,2170.28143419,1973.52093252,2341.13632183,ensemble_top4,,,,,,
maternal_deaths,153,Senegal,Senegal,African Region,2002,2148,2147.61403083,1980.79327456,2332.75571281,ensemble_top4,,,,,,
maternal_deaths,153,Senegal,Senegal,African Region,2003,2157,2140.99207524,1975.72511365,2317.31113807,ensemble_top4,,,,,,
maternal_deaths,153,Senegal,Senegal,African Region,2004,2108,2138.78043508,1978.22488358,2305.88395201,ensemble_top4,,,,,,
maternal_deaths,153,Senegal,Senegal,African Region,2005,2083,2122.75247004,1956.16904776,2292.65163502,ensemble_top4,,,,,,
maternal_deaths,153,Senegal,Senegal,African Region,2006,1997,2107.93184908,1925.10872238,2272.42827784,ensemble_top4,,,,,,
maternal_deaths,153,Senegal,Senegal,African Region,2007,2006,2078.87106479,1884.39802658,2258.10743731,ensemble_top4,,,,,,
maternal_deaths,153,Senegal,Senegal,African Region,2008,2084,2057.3169278,1850.8526303,2237.02890175,ensemble_top4,,,,,,
maternal_deaths,153,Senegal,Senegal,African Region,2009,2030,2049.8876012,1873.71121178,2212.93354966,ensemble_top4,,,,,,
maternal_deaths,153,Senegal,Senegal,African Region,2010,2050,2016.93471865,1837.75277962,2176.45179773,ensemble_top4,,,,,,
maternal_deaths,153,Senegal,Senegal,African Region,2011,2009,1972.15719707,1792.03533872,2131.63180625,ensemble_top4,,,,,,
maternal_deaths,153,Senegal,Senegal,African Region,2012,2022,1929.14660793,1751.56884784,2085.48370227,ensemble_top4,,,,,,
maternal_deaths,153,Senegal,Senegal,African Region,2013,1942,1880.0995076,1706.10260211,2037.64087952,ensemble_top4,,,,,,
maternal_deaths,153,Senegal,Senegal,African Region,2014,1872,1828.45696255,1663.65108625,1982.95824159,ensemble_top4,,,,,,
maternal_deaths,153,Senegal,Senegal,African Region,2015,1796,1775.5014325,1608.82543459,1929.18611211,ensemble_top4,,,,,,
maternal_deaths,153,Senegal,Senegal,African Region,2016,1755,1720.03784564,1567.54105797,1877.84442291,ensemble_top4,,,,,,
maternal_deaths,153,Senegal,Senegal,African Region,2017,1651,1663.44656415,1509.45058548,1819.71778158,ensemble_top4,,,,,,
maternal_deaths,153,Senegal,Senegal,African Region,2018,1535,1607.42490116,1453.86562959,1779.74197717,ensemble_top4,,,,,,
maternal_deaths,153,Senegal,Senegal,African Region,2019,1423,1551.49505797,1388.835905,1726.28575017,ensemble_top4,,,,,,
maternal_deaths,153,Senegal,Senegal,African Region,2020,1267,1494.93507557,1324.13596186,1681.16113123,ensemble_top4,0,0,0,-227.935075575,0.847528445015,-0.165430876851
maternal_deaths,153,Senegal,Senegal,African Region,2021,1345,1441.75698115,1259.43614377,1651.49248976,ensemble_top4,0,0,85.5638562297,-96.7569811508,0.932889535188,-0.0694684825847
maternal_deaths,153,Senegal,Senegal,African Region,2022,1187,1385.62582586,1194.46469738,1605.98482034,ensemble_top4,0,0,0,-198.625825864,0.856652624282,-0.154722781784
maternal_deaths,153,Senegal,Senegal,African Region,2023,1263,1332.07026653,1130.99151015,1565.82838433,ensemble_top4,0,0,132.008489854,-69.070266531,0.948148180868,-0.0532444800093
maternal_deaths,154,Serbia,Serbia,European Region,2000,11.14,11.14,10.14,11.14,ensemble_top4,,,,,,
maternal_deaths,154,Serbia,Serbia,European Region,2001,10.64,10.8377957093,9.07954673859,12.7560069905,ensemble_top4,,,,,,
maternal_deaths,154,Serbia,Serbia,European Region,2002,10.29,10.5548907014,9.06128673527,12.8484403962,ensemble_top4,,,,,,
maternal_deaths,154,Serbia,Serbia,European Region,2003,9.93,10.0798944679,8.93702970954,12.733906053,ensemble_top4,,,,,,
maternal_deaths,154,Serbia,Serbia,European Region,2004,9.48,9.73142005722,8.83699659279,12.5376583666,ensemble_top4,,,,,,
maternal_deaths,154,Serbia,Serbia,European Region,2005,8.92,9.41523389258,8.55392431329,12.3379401993,ensemble_top4,,,,,,
maternal_deaths,154,Serbia,Serbia,European Region,2006,8.37,9.10283421725,8.2993949423,12.1297534686,ensemble_top4,,,,,,
maternal_deaths,154,Serbia,Serbia,European Region,2007,8.19,8.88375827482,8.10168753252,11.9992412997,ensemble_top4,,,,,,
maternal_deaths,154,Serbia,Serbia,European Region,2008,8.28,8.76357631482,8.00925684573,11.8223826757,ensemble_top4,,,,,,
maternal_deaths,154,Serbia,Serbia,European Region,2009,8.57,8.76644711143,8.01542031216,11.6250846409,ensemble_top4,,,,,,
maternal_deaths,154,Serbia,Serbia,European Region,2010,8.83,8.83042982687,8.05724941938,11.3511435697,ensemble_top4,,,,,,
maternal_deaths,154,Serbia,Serbia,European Region,2011,8.81,8.97780517861,8.13025294775,11.0140615225,ensemble_top4,,,,,,
maternal_deaths,154,Serbia,Serbia,European Region,2012,8.97,9.11469482104,8.21662680687,10.5653707652,ensemble_top4,,,,,,
maternal_deaths,154,Serbia,Serbia,European Region,2013,8.82,9.21571253361,8.22424566672,10.0490620838,ensemble_top4,,,,,,
maternal_deaths,154,Serbia,Serbia,European Region,2014,9.01,9.07086627854,8.19371737629,9.54596569594,ensemble_top4,,,,,,
maternal_deaths,154,Serbia,Serbia,European Region,2015,9.04,8.76743430224,7.98213064336,9.44322771578,ensemble_top4,,,,,,
maternal_deaths,154,Serbia,Serbia,European Region,2016,8.8,8.56383401038,7.33520851266,9.32990220286,ensemble_top4,,,,,,
maternal_deaths,154,Serbia,Serbia,European Region,2017,8.48,8.31627705124,6.57158090239,9.17746240702,ensemble_top4,,,,,,
maternal_deaths,154,Serbia,Serbia,European Region,2018,8.03,7.95516780835,5.79996111236,8.9722297136,ensemble_top4,,,,,,
maternal_deaths,154,Serbia,Serbia,European Region,2019,7.88,7.48660279596,5.04921904058,8.74830404289,ensemble_top4,,,,,,
maternal_deaths,154,Serbia,Serbia,European Region,2020,9.81,6.92770644583,4.36447416201,8.67956185495,ensemble_top4,2.88229355417,1.13043814505,5.44552583799,2.88229355417,1.41605307279,0.347873475352
maternal_deaths,154,Serbia,Serbia,European Region,2021,16.49,6.30426429302,3.71429448114,8.57464255584,ensemble_top4,10.185735707,7.91535744416,12.7757055189,10.185735707,2.61568983049,0.96152786024
maternal_deaths,154,Serbia,Serbia,European Region,2022,8.79,5.65438173863,3.11081269506,8.49523969968,ensemble_top4,3.13561826137,0.294760300316,5.67918730494,3.13561826137,1.55454661647,0.441183938145
maternal_deaths,154,Serbia,Serbia,European Region,2023,6.43,5.01716542779,2.67657170819,8.37439722161,ensemble_top4,1.41283457221,0,3.75342829181,1.41283457221,1.28160015701,0.248109419843
maternal_deaths,155,Seychelles,Seychelles,African Region,2000,0.66,0.66,0.66,0.66,ensemble_top4,,,,,,
maternal_deaths,155,Seychelles,Seychelles,African Region,2001,0.61,0.586094404799,0.496072262467,0.708042566451,ensemble_top4,,,,,,
maternal_deaths,155,Seychelles,Seychelles,African Region,2002,0.66,0.663686944709,0.581729302805,0.756567971081,ensemble_top4,,,,,,
maternal_deaths,155,Seychelles,Seychelles,African Region,2003,0.7,0.718831749531,0.634896954192,0.79997586189,ensemble_top4,,,,,,
maternal_deaths,155,Seychelles,Seychelles,African Region,2004,0.77,0.757097941929,0.660936441393,0.840543633744,ensemble_top4,,,,,,
maternal_deaths,155,Seychelles,Seychelles,African Region,2005,0.79,0.784179458143,0.671202674981,0.874289593032,ensemble_top4,,,,,,
maternal_deaths,155,Seychelles,Seychelles,African Region,2006,0.78,0.817516162655,0.714530627558,0.900351595156,ensemble_top4,,,,,,
maternal_deaths,155,Seychelles,Seychelles,African Region,2007,0.84,0.84001749989,0.747173177634,0.922667327611,ensemble_top4,,,,,,
maternal_deaths,155,Seychelles,Seychelles,African Region,2008,0.86,0.844696104546,0.756164220042,0.922935418316,ensemble_top4,,,,,,
maternal_deaths,155,Seychelles,Seychelles,African Region,2009,0.87,0.843342682584,0.757396425834,0.923322677186,ensemble_top4,,,,,,
maternal_deaths,155,Seychelles,Seychelles,African Region,2010,0.79,0.840097851813,0.760182141382,0.91897572115,ensemble_top4,,,,,,
maternal_deaths,155,Seychelles,Seychelles,African Region,2011,0.85,0.831325760967,0.753092459525,0.915077191294,ensemble_top4,,,,,,
maternal_deaths,155,Seychelles,Seychelles,African Region,2012,0.86,0.822644659901,0.742321653948,0.909883506158,ensemble_top4,,,,,,
maternal_deaths,155,Seychelles,Seychelles,African Region,2013,0.78,0.80968179197,0.727550709501,0.905214240629,ensemble_top4,,,,,,
maternal_deaths,155,Seychelles,Seychelles,African Region,2014,0.75,0.806855693753,0.703592124115,0.913707147455,ensemble_top4,,,,,,
maternal_deaths,155,Seychelles,Seychelles,African Region,2015,0.79,0.80954516014,0.679485042846,0.947789103499,ensemble_top4,,,,,,
maternal_deaths,155,Seychelles,Seychelles,African Region,2016,0.83,0.82647659424,0.713662650687,0.943511292839,ensemble_top4,,,,,,
maternal_deaths,155,Seychelles,Seychelles,African Region,2017,0.85,0.84309498731,0.75414847476,0.940956916203,ensemble_top4,,,,,,
maternal_deaths,155,Seychelles,Seychelles,African Region,2018,0.88,0.840438295911,0.752084767739,0.933622850598,ensemble_top4,,,,,,
maternal_deaths,155,Seychelles,Seychelles,African Region,2019,0.86,0.837873088897,0.746677470739,0.93952860977,ensemble_top4,,,,,,
maternal_deaths,155,Seychelles,Seychelles,African Region,2020,0.91,0.83447570361,0.739781473195,0.951349806356,ensemble_top4,0.0755242963903,0,0.170218526805,0.0755242963903,1.09050508728,0.0866409717403
maternal_deaths,155,Seychelles,Seychelles,African Region,2021,1.3,0.837165488947,0.726048041648,0.974899889539,ensemble_top4,0.462834511053,0.325100110461,0.573951958352,0.462834511053,1.552859043,0.440097775721
maternal_deaths,155,Seychelles,Seychelles,African Region,2022,1.55,0.841194395354,0.707547787726,1.00467108893,ensemble_top4,0.708805604646,0.545328911068,0.842452212274,0.708805604646,1.84261807801,0.611187428787
maternal_deaths,155,Seychelles,Seychelles,African Region,2023,0.73,0.84947856296,0.685315590159,1.04376444979,ensemble_top4,0,0,0.0446844098411,-0.11947856296,0.859350702691,-0.15157817176
maternal_deaths,156,Sierra Leone,Sierra Leone,African Region,2000,3194,3194,3194,3194,ensemble_top4,,,,,,
maternal_deaths,156,Sierra Leone,Sierra Leone,African Region,2001,3134,3184.77028778,2875.36031959,3490.11048059,ensemble_top4,,,,,,
maternal_deaths,156,Sierra Leone,Sierra Leone,African Region,2002,3285,3248.23365094,2988.21060818,3516.11718806,ensemble_top4,,,,,,
maternal_deaths,156,Sierra Leone,Sierra Leone,African Region,2003,3225,3218.66350399,2979.06963018,3485.8031097,ensemble_top4,,,,,,
maternal_deaths,156,Sierra Leone,Sierra Leone,African Region,2004,3106,3119.75286981,2872.89348731,3374.16386755,ensemble_top4,,,,,,
maternal_deaths,156,Sierra Leone,Sierra Leone,African Region,2005,2988,2995.88207137,2753.06057407,3254.51020909,ensemble_top4,,,,,,
maternal_deaths,156,Sierra Leone,Sierra Leone,African Region,2006,2745,2856.98036936,2609.2608355,3128.79039356,ensemble_top4,,,,,,
maternal_deaths,156,Sierra Leone,Sierra Leone,African Region,2007,2673,2719.97684297,2455.30382673,2997.98204405,ensemble_top4,,,,,,
maternal_deaths,156,Sierra Leone,Sierra Leone,African Region,2008,2615,2651.09804045,2368.84846935,2899.71332113,ensemble_top4,,,,,,
maternal_deaths,156,Sierra Leone,Sierra Leone,African Region,2009,2543,2535.73108961,2274.06232543,2780.55403544,ensemble_top4,,,,,,
maternal_deaths,156,Sierra Leone,Sierra Leone,African Region,2010,2478,2391.832467,2140.84702081,2633.64968548,ensemble_top4,,,,,,
maternal_deaths,156,Sierra Leone,Sierra Leone,African Region,2011,2379,2250.21949349,2010.44159306,2489.73692231,ensemble_top4,,,,,,
maternal_deaths,156,Sierra Leone,Sierra Leone,African Region,2012,2264,2116.08619252,1875.97049308,2349.65572218,ensemble_top4,,,,,,
maternal_deaths,156,Sierra Leone,Sierra Leone,African Region,2013,2070,1983.43044962,1744.97493923,2220.01131205,ensemble_top4,,,,,,
maternal_deaths,156,Sierra Leone,Sierra Leone,African Region,2014,2010,1854.06888344,1617.10850899,2090.97689694,ensemble_top4,,,,,,
maternal_deaths,156,Sierra Leone,Sierra Leone,African Region,2015,1781,1736.40507863,1495.38121914,1980.03984576,ensemble_top4,,,,,,
maternal_deaths,156,Sierra Leone,Sierra Leone,African Region,2016,1559,1621.31349946,1375.80348451,1861.21889966,ensemble_top4,,,,,,
maternal_deaths,156,Sierra Leone,Sierra Leone,African Region,2017,1443,1517.31430805,1279.079966,1752.08712021,ensemble_top4,,,,,,
maternal_deaths,156,Sierra Leone,Sierra Leone,African Region,2018,1238,1411.71823994,1179.92267991,1656.35126388,ensemble_top4,,,,,,
maternal_deaths,156,Sierra Leone,Sierra Leone,African Region,2019,1176,1317.71244244,1082.83871852,1562.10474422,ensemble_top4,,,,,,
maternal_deaths,156,Sierra Leone,Sierra Leone,African Region,2020,1076,1229.49097335,989.925265201,1469.28137902,ensemble_top4,0,0,86.0747347993,-153.490973354,0.875158926189,-0.133349779187
maternal_deaths,156,Sierra Leone,Sierra Leone,African Region,2021,1033,1148.91449292,899.63636598,1394.46230024,ensemble_top4,0,0,133.36363402,-115.914492919,0.899109556339,-0.106350387265
maternal_deaths,156,Sierra Leone,Sierra Leone,African Region,2022,950.6,1068.66716723,829.396804042,1314.99484005,ensemble_top4,0,0,121.203195958,-118.067167227,0.889519234007,-0.117074148718
maternal_deaths,156,Sierra Leone,Sierra Leone,African Region,2023,915.4,996.543210234,758.636005331,1237.66290697,ensemble_top4,0,0,156.763994669,-81.1432102338,0.918575321772,-0.084931372494
maternal_deaths,157,Singapore,Singapore,Western Pacific Region,2000,8.79,8.79,8.79,8.79,ensemble_top4,,,,,,
maternal_deaths,157,Singapore,Singapore,Western Pacific Region,2001,7.45,7.30701201729,6.39632752396,7.93390156203,ensemble_top4,,,,,,
maternal_deaths,157,Singapore,Singapore,Western Pacific Region,2002,7.18,6.94961259988,6.20248640897,7.57820196179,ensemble_top4,,,,,,
maternal_deaths,157,Singapore,Singapore,Western Pacific Region,2003,6.25,6.39952579492,5.85525546834,6.93373555051,ensemble_top4,,,,,,
maternal_deaths,157,Singapore,Singapore,Western Pacific Region,2004,5.82,5.99998771128,5.43681363781,6.60520707414,ensemble_top4,,,,,,
maternal_deaths,157,Singapore,Singapore,Western Pacific Region,2005,5.63,5.73827291392,5.17499126143,6.39749682948,ensemble_top4,,,,,,
maternal_deaths,157,Singapore,Singapore,Western Pacific Region,2006,5.5,5.46010724323,4.93337030191,6.10349313106,ensemble_top4,,,,,,
maternal_deaths,157,Singapore,Singapore,Western Pacific Region,2007,5.35,5.22866765018,4.7106623104,5.89164747421,ensemble_top4,,,,,,
maternal_deaths,157,Singapore,Singapore,Western Pacific Region,2008,5.04,5.01031534725,4.49040018937,5.6585466994,ensemble_top4,,,,,,
maternal_deaths,157,Singapore,Singapore,Western Pacific Region,2009,4.67,4.81858397216,4.31671005985,5.43570489527,ensemble_top4,,,,,,
maternal_deaths,157,Singapore,Singapore,Western Pacific Region,2010,4.28,4.66598624031,4.186736248,5.23061812465,ensemble_top4,,,,,,
maternal_deaths,157,Singapore,Singapore,Western Pacific Region,2011,4.47,4.52751478781,4.04126557933,5.07394900288,ensemble_top4,,,,,,
maternal_deaths,157,Singapore,Singapore,Western Pacific Region,2012,4.82,4.40293340613,3.89850992766,4.93498369362,ensemble_top4,,,,,,
maternal_deaths,157,Singapore,Singapore,Western Pacific Region,2013,4.22,4.2730422807,3.74562897852,4.77559448737,ensemble_top4,,,,,,
maternal_deaths,157,Singapore,Singapore,Western Pacific Region,2014,4.25,4.15169819483,3.58592280584,4.65804213122,ensemble_top4,,,,,,
maternal_deaths,157,Singapore,Singapore,Western Pacific Region,2015,3.97,4.01527227539,3.45015673527,4.52401990035,ensemble_top4,,,,,,
maternal_deaths,157,Singapore,Singapore,Western Pacific Region,2016,3.82,3.8841033009,3.29522358917,4.37837542747,ensemble_top4,,,,,,
maternal_deaths,157,Singapore,Singapore,Western Pacific Region,2017,3.73,3.74223999658,3.1494540012,4.24581921673,ensemble_top4,,,,,,
maternal_deaths,157,Singapore,Singapore,Western Pacific Region,2018,3.68,3.59986071034,3.00896342919,4.13272190672,ensemble_top4,,,,,,
maternal_deaths,157,Singapore,Singapore,Western Pacific Region,2019,3.53,3.44727331505,2.82441869618,4.02967165412,ensemble_top4,,,,,,
maternal_deaths,157,Singapore,Singapore,Western Pacific Region,2020,5.99,3.29766018289,2.66295403454,3.98803762824,ensemble_top4,2.69233981711,2.00196237176,3.32704596546,2.69233981711,1.81643943517,0.596878230629
maternal_deaths,157,Singapore,Singapore,Western Pacific Region,2021,9.22,3.13636841814,2.46314011446,3.97797852862,ensemble_top4,6.08363158186,5.24202147138,6.75685988554,6.08363158186,2.93970566298,1.07830946171
maternal_deaths,157,Singapore,Singapore,Western Pacific Region,2022,15.21,2.96637001656,2.27914297714,3.97480897707,ensemble_top4,12.2436299834,11.2351910229,12.9308570229,12.2436299834,5.12747901142,1.63461411762
maternal_deaths,157,Singapore,Singapore,Western Pacific Region,2023,2.91,2.79536621657,2.07921795839,3.98803512861,ensemble_top4,0.114633783431,0,0.830782041609,0.114633783431,1.04100850284,0.0401899575533
maternal_deaths,158,Slovakia,Slovakia,European Region,2000,4.5,4.5,4.5,4.5,ranked_top1_fallback,,,,,,
maternal_deaths,158,Slovakia,Slovakia,European Region,2001,4.12,3.82842364069,3.42933830848,4.20042404417,ranked_top1_fallback,,,,,,
maternal_deaths,158,Slovakia,Slovakia,European Region,2002,3.68,3.76166917452,3.3812573579,4.11896903284,ranked_top1_fallback,,,,,,
maternal_deaths,158,Slovakia,Slovakia,European Region,2003,3.63,3.6889650614,3.33117305326,4.04945224137,ranked_top1_fallback,,,,,,
maternal_deaths,158,Slovakia,Slovakia,European Region,2004,3.59,3.60969103092,3.2587388723,3.95559781982,ranked_top1_fallback,,,,,,
maternal_deaths,158,Slovakia,Slovakia,European Region,2005,3.6,3.53028622774,3.17739139854,3.87836446105,ranked_top1_fallback,,,,,,
maternal_deaths,158,Slovakia,Slovakia,European Region,2006,3.12,3.45178156588,3.10957842011,3.79248941549,ranked_top1_fallback,,,,,,
maternal_deaths,158,Slovakia,Slovakia,European Region,2007,3.5,3.37909736182,3.02461389418,3.7150741554,ranked_top1_fallback,,,,,,
maternal_deaths,158,Slovakia,Slovakia,European Region,2008,3.15,3.30718817995,2.96136154661,3.64177329271,ranked_top1_fallback,,,,,,
maternal_deaths,158,Slovakia,Slovakia,European Region,2009,3.39,3.22543638799,2.88699040097,3.57190288793,ranked_top1_fallback,,,,,,
maternal_deaths,158,Slovakia,Slovakia,European Region,2010,3.12,3.15204900507,2.8152292705,3.49192351292,ranked_top1_fallback,,,,,,
maternal_deaths,158,Slovakia,Slovakia,European Region,2011,3.11,3.07632607382,2.74424085891,3.42409736,ranked_top1_fallback,,,,,,
maternal_deaths,158,Slovakia,Slovakia,European Region,2012,2.82,3.00594224149,2.65284364855,3.34662713549,ranked_top1_fallback,,,,,,
maternal_deaths,158,Slovakia,Slovakia,European Region,2013,2.86,2.9406126808,2.59366516167,3.27806376808,ranked_top1_fallback,,,,,,
maternal_deaths,158,Slovakia,Slovakia,European Region,2014,2.74,2.87099936299,2.5313458462,3.20565673407,ranked_top1_fallback,,,,,,
maternal_deaths,158,Slovakia,Slovakia,European Region,2015,2.54,2.79997741204,2.44608671264,3.16347759548,ranked_top1_fallback,,,,,,
maternal_deaths,158,Slovakia,Slovakia,European Region,2016,2.86,2.73581881513,2.3853831973,3.08292133928,ranked_top1_fallback,,,,,,
maternal_deaths,158,Slovakia,Slovakia,European Region,2017,2.78,2.67409286738,2.3232588798,3.01609667176,ranked_top1_fallback,,,,,,
maternal_deaths,158,Slovakia,Slovakia,European Region,2018,2.68,2.60433626757,2.25441662614,2.96031401159,ranked_top1_fallback,,,,,,
maternal_deaths,158,Slovakia,Slovakia,European Region,2019,2.75,2.54818477052,2.18373436632,2.9059624183,ranked_top1_fallback,,,,,,
maternal_deaths,158,Slovakia,Slovakia,European Region,2020,2.31,2.4841065208,2.1122967039,2.83917339844,ranked_top1_fallback,0,0,0.197703296104,-0.174106520797,0.929911813628,-0.0726655213868
maternal_deaths,158,Slovakia,Slovakia,European Region,2021,6.94,2.4291742857,2.05793328706,2.79013210604,ranked_top1_fallback,4.5108257143,4.14986789396,4.88206671294,4.5108257143,2.85693786602,1.04975037503
maternal_deaths,158,Slovakia,Slovakia,European Region,2022,2.87,2.36272140711,1.99162091533,2.72885995893,ranked_top1_fallback,0.50727859289,0.141140041069,0.878379084668,0.50727859289,1.21470097632,0.194497936482
maternal_deaths,158,Slovakia,Slovakia,European Region,2023,2.34,2.31076746075,1.94723730668,2.67191607146,ranked_top1_fallback,0.0292325392503,0,0.392762693316,0.0292325392503,1.01265057594,0.0125712259227
maternal_deaths,159,Slovenia,Slovenia,European Region,2000,1.3,1.3,0.3,1.3,ensemble_top4,,,,,,
maternal_deaths,159,Slovenia,Slovenia,European Region,2001,1.11,0.78411203027,0.452784614244,1.03526705922,ensemble_top4,,,,,,
maternal_deaths,159,Slovenia,Slovenia,European Region,2002,0.99,0.9041622618,0.570490447851,1.16950624317,ensemble_top4,,,,,,
maternal_deaths,159,Slovenia,Slovenia,European Region,2003,1.01,1.00843967975,0.661674556665,1.28084367199,ensemble_top4,,,,,,
maternal_deaths,159,Slovenia,Slovenia,European Region,2004,1.05,1.09863355951,0.766121497403,1.36987296766,ensemble_top4,,,,,,
maternal_deaths,159,Slovenia,Slovenia,European Region,2005,1.09,1.17412661388,0.86758032716,1.44922324641,ensemble_top4,,,,,,
maternal_deaths,159,Slovenia,Slovenia,European Region,2006,1.19,1.22975905315,0.954496758434,1.51148074848,ensemble_top4,,,,,,
maternal_deaths,159,Slovenia,Slovenia,European Region,2007,1.27,1.28813963735,1.03226875857,1.56070063992,ensemble_top4,,,,,,
maternal_deaths,159,Slovenia,Slovenia,European Region,2008,1.48,1.39111546194,1.11379049666,1.67565392291,ensemble_top4,,,,,,
maternal_deaths,159,Slovenia,Slovenia,European Region,2009,1.44,1.40889162456,1.16368080341,1.65925946684,ensemble_top4,,,,,,
maternal_deaths,159,Slovenia,Slovenia,European Region,2010,1.48,1.40481316899,1.16343772243,1.6341839383,ensemble_top4,,,,,,
maternal_deaths,159,Slovenia,Slovenia,European Region,2011,1.4,1.37765734491,1.13276165194,1.60830005156,ensemble_top4,,,,,,
maternal_deaths,159,Slovenia,Slovenia,European Region,2012,1.36,1.33588554747,1.09575151129,1.5721656344,ensemble_top4,,,,,,
maternal_deaths,159,Slovenia,Slovenia,European Region,2013,1.21,1.27574734145,1.02415567241,1.53335225789,ensemble_top4,,,,,,
maternal_deaths,159,Slovenia,Slovenia,European Region,2014,1.19,1.20685613294,0.960194126014,1.48176538152,ensemble_top4,,,,,,
maternal_deaths,159,Slovenia,Slovenia,European Region,2015,1.07,1.13799093299,0.889973021768,1.42075720318,ensemble_top4,,,,,,
maternal_deaths,159,Slovenia,Slovenia,European Region,2016,1.01,1.06092570501,0.819222513047,1.33978790795,ensemble_top4,,,,,,
maternal_deaths,159,Slovenia,Slovenia,European Region,2017,0.96,0.985563478185,0.733516110657,1.2777974752,ensemble_top4,,,,,,
maternal_deaths,159,Slovenia,Slovenia,European Region,2018,0.81,0.916216333202,0.661011370332,1.18574991096,ensemble_top4,,,,,,
maternal_deaths,159,Slovenia,Slovenia,European Region,2019,0.74,0.843278231231,0.583775982196,1.11106483471,ensemble_top4,,,,,,
maternal_deaths,159,Slovenia,Slovenia,European Region,2020,2.2,0.776270006343,0.526956610699,1.03776709295,ensemble_top4,1.42372999366,1.16223290705,1.6730433893,1.42372999366,2.83406544375,1.04171223336
maternal_deaths,159,Slovenia,Slovenia,European Region,2021,1.57,0.714005581022,0.457781823348,0.962972977698,ensemble_top4,0.855994418978,0.607027022302,1.11221817665,0.855994418978,2.19886236429,0.787940119476
maternal_deaths,159,Slovenia,Slovenia,European Region,2022,2.75,0.657421347329,0.403746249264,0.907684882067,ensemble_top4,2.09257865267,1.84231511793,2.34625375074,2.09257865267,4.18300989339,1.4310310576
maternal_deaths,159,Slovenia,Slovenia,European Region,2023,0.6,0.604075236603,0.343029701472,0.862268798674,ensemble_top4,0,0,0.256970298528,-0.00407523660261,0.99325375987,-0.00676909887283
maternal_deaths,160,Solomon Islands,Solomon Islands,Western Pacific Region,2000,25.96,25.96,25.96,25.96,ensemble_top4,,,,,,
maternal_deaths,160,Solomon Islands,Solomon Islands,Western Pacific Region,2001,26.28,26.438459933,25.5846528164,27.2590644979,ensemble_top4,,,,,,
maternal_deaths,160,Solomon Islands,Solomon Islands,Western Pacific Region,2002,26.71,26.5015534992,25.651580803,27.3219137019,ensemble_top4,,,,,,
maternal_deaths,160,Solomon Islands,Solomon Islands,Western Pacific Region,2003,26.9,26.5436875257,25.6939725313,27.382482661,ensemble_top4,,,,,,
maternal_deaths,160,Solomon Islands,Solomon Islands,Western Pacific Region,2004,26.66,26.5809905606,25.7090885283,27.3801643961,ensemble_top4,,,,,,
maternal_deaths,160,Solomon Islands,Solomon Islands,Western Pacific Region,2005,26.47,26.5981309578,25.7878230819,27.4338410357,ensemble_top4,,,,,,
maternal_deaths,160,Solomon Islands,Solomon Islands,Western Pacific Region,2006,26.57,26.6234077597,25.7998506771,27.4403213904,ensemble_top4,,,,,,
maternal_deaths,160,Solomon Islands,Solomon Islands,Western Pacific Region,2007,27.64,26.6485846942,25.808755508,27.4420574075,ensemble_top4,,,,,,
maternal_deaths,160,Solomon Islands,Solomon Islands,Western Pacific Region,2008,26.4,26.6500363598,25.8127394746,27.4507712236,ensemble_top4,,,,,,
maternal_deaths,160,Solomon Islands,Solomon Islands,Western Pacific Region,2009,26.55,26.742022334,25.8991177323,27.660233982,ensemble_top4,,,,,,
maternal_deaths,160,Solomon Islands,Solomon Islands,Western Pacific Region,2010,26.1,26.8485723962,25.9222940585,28.3126834481,ensemble_top4,,,,,,
maternal_deaths,160,Solomon Islands,Solomon Islands,Western Pacific Region,2011,26.81,27.0013967132,26.0422579363,28.9964237027,ensemble_top4,,,,,,
maternal_deaths,160,Solomon Islands,Solomon Islands,Western Pacific Region,2012,27.34,28.1063325434,26.1884933207,29.8433034632,ensemble_top4,,,,,,
maternal_deaths,160,Solomon Islands,Solomon Islands,Western Pacific Region,2013,28.46,29.1157585494,26.3216484756,30.4079480479,ensemble_top4,,,,,,
maternal_deaths,160,Solomon Islands,Solomon Islands,Western Pacific Region,2014,29.49,29.5419844484,27.9035048809,30.5344413478,ensemble_top4,,,,,,
maternal_deaths,160,Solomon Islands,Solomon Islands,Western Pacific Region,2015,29.78,29.5239853124,28.5257056159,30.4402128421,ensemble_top4,,,,,,
maternal_deaths,160,Solomon Islands,Solomon Islands,Western Pacific Region,2016,29.44,29.2229934538,27.914356697,30.3380460411,ensemble_top4,,,,,,
maternal_deaths,160,Solomon Islands,Solomon Islands,Western Pacific Region,2017,28.91,28.7252790548,27.2544248934,30.1762777035,ensemble_top4,,,,,,
maternal_deaths,160,Solomon Islands,Solomon Islands,Western Pacific Region,2018,28.21,28.1965569349,26.8415184038,29.7386085884,ensemble_top4,,,,,,
maternal_deaths,160,Solomon Islands,Solomon Islands,Western Pacific Region,2019,27.94,27.7801787188,26.4918564781,29.347926307,ensemble_top4,,,,,,
maternal_deaths,160,Solomon Islands,Solomon Islands,Western Pacific Region,2020,27.32,27.4586028271,26.3516669831,28.9636191338,ensemble_top4,0,0,0.968333016924,-0.138602827089,0.994952298631,-0.00506048404741
maternal_deaths,160,Solomon Islands,Solomon Islands,Western Pacific Region,2021,32.24,27.2583805733,26.2212457806,28.6734354101,ensemble_top4,4.98161942671,3.5665645899,6.01875421944,4.98161942671,1.18275551672,0.167846899837
maternal_deaths,160,Solomon Islands,Solomon Islands,Western Pacific Region,2022,26.82,27.1068591101,26.154465336,28.4773994962,ensemble_top4,0,0,0.665534664042,-0.286859110098,0.989417471462,-0.0106389217005
maternal_deaths,160,Solomon Islands,Solomon Islands,Western Pacific Region,2023,26.42,26.9995345596,26.088221325,28.315922236,ensemble_top4,0,0,0.331778674997,-0.579534559622,0.978535387033,-0.0216983282291
maternal_deaths,161,Somalia,Somalia,Eastern Mediterranean,2000,5129,5129,5129,5129,ensemble_top4,,,,,,
maternal_deaths,161,Somalia,Somalia,Eastern Mediterranean,2001,5230,5128.58182016,4678.54808663,5532.18496344,ensemble_top4,,,,,,
maternal_deaths,161,Somalia,Somalia,Eastern Mediterranean,2002,5392,5432.89358592,5016.52569967,5814.19656173,ensemble_top4,,,,,,
maternal_deaths,161,Somalia,Somalia,Eastern Mediterranean,2003,5518,5625.69831412,5190.6005075,6020.97210348,ensemble_top4,,,,,,
maternal_deaths,161,Somalia,Somalia,Eastern Mediterranean,2004,5664,5761.18958033,5366.68848887,6153.84650166,ensemble_top4,,,,,,
maternal_deaths,161,Somalia,Somalia,Eastern Mediterranean,2005,5735,5829.67695442,5455.47109085,6267.42832032,ensemble_top4,,,,,,
maternal_deaths,161,Somalia,Somalia,Eastern Mediterranean,2006,5883,5855.58311945,5478.72979775,6276.80528795,ensemble_top4,,,,,,
maternal_deaths,161,Somalia,Somalia,Eastern Mediterranean,2007,5950,5844.23009433,5470.28977791,6282.09612706,ensemble_top4,,,,,,
maternal_deaths,161,Somalia,Somalia,Eastern Mediterranean,2008,5888,5817.2567657,5440.81385689,6234.71298987,ensemble_top4,,,,,,
maternal_deaths,161,Somalia,Somalia,Eastern Mediterranean,2009,5763,5834.54257865,5418.48652978,6333.23332731,ensemble_top4,,,,,,
maternal_deaths,161,Somalia,Somalia,Eastern Mediterranean,2010,6261,5791.51374715,5368.10269408,6465.12516475,ensemble_top4,,,,,,
maternal_deaths,161,Somalia,Somalia,Eastern Mediterranean,2011,5833,5731.86254675,5287.16812331,6211.24384312,ensemble_top4,,,,,,
maternal_deaths,161,Somalia,Somalia,Eastern Mediterranean,2012,5366,5522.51418959,5148.40989441,5902.43951883,ensemble_top4,,,,,,
maternal_deaths,161,Somalia,Somalia,Eastern Mediterranean,2013,5252,5402.75134084,5027.39424548,5794.91708854,ensemble_top4,,,,,,
maternal_deaths,161,Somalia,Somalia,Eastern Mediterranean,2014,5167,5295.08688732,4915.82115518,5681.99222283,ensemble_top4,,,,,,
maternal_deaths,161,Somalia,Somalia,Eastern Mediterranean,2015,5107,5187.45806303,4808.54840441,5569.08661457,ensemble_top4,,,,,,
maternal_deaths,161,Somalia,Somalia,Eastern Mediterranean,2016,5038,5080.4719897,4705.41129215,5462.65965612,ensemble_top4,,,,,,
maternal_deaths,161,Somalia,Somalia,Eastern Mediterranean,2017,4929,4966.92274525,4588.3669461,5376.03052419,ensemble_top4,,,,,,
maternal_deaths,161,Somalia,Somalia,Eastern Mediterranean,2018,5130,4855.53735101,4469.85755109,5241.39420528,ensemble_top4,,,,,,
maternal_deaths,161,Somalia,Somalia,Eastern Mediterranean,2019,4745,4744.16825831,4359.14654393,5141.69804304,ensemble_top4,,,,,,
maternal_deaths,161,Somalia,Somalia,Eastern Mediterranean,2020,4858,4631.00039454,4245.44101756,5019.23585568,ensemble_top4,226.999605459,0,612.55898244,226.999605459,1.04901740145,0.0478539178857
maternal_deaths,161,Somalia,Somalia,Eastern Mediterranean,2021,5528,4523.79317587,4117.81245128,4918.61545605,ensemble_top4,1004.20682413,609.384543946,1410.18754872,1004.20682413,1.22198336332,0.20047524635
maternal_deaths,161,Somalia,Somalia,Eastern Mediterranean,2022,4849,4406.81566825,4016.50339199,4819.4079935,ensemble_top4,442.184331747,29.5920065038,832.49660801,442.184331747,1.10034100925,0.0956201401741
maternal_deaths,161,Somalia,Somalia,Eastern Mediterranean,2023,4437,4295.38468309,3891.5509837,4708.80676655,ensemble_top4,141.615316909,0,545.4490163,141.615316909,1.03296918143,0.0324373556417
maternal_deaths,162,South Africa,South Africa,African Region,2000,1777,1777,1776,1777,ensemble_top4,,,,,,
maternal_deaths,162,South Africa,South Africa,African Region,2001,1945,1795.3464223,1429.03564441,2165.08060325,ensemble_top4,,,,,,
maternal_deaths,162,South Africa,South Africa,African Region,2002,2263,2237.47293251,1804.76967825,2624.6179517,ensemble_top4,,,,,,
maternal_deaths,162,South Africa,South Africa,African Region,2003,2541,2586.30743692,2147.873656,2959.42961689,ensemble_top4,,,,,,
maternal_deaths,162,South Africa,South Africa,African Region,2004,2808,2844.85590464,2458.48051609,3224.86890351,ensemble_top4,,,,,,
maternal_deaths,162,South Africa,South Africa,African Region,2005,3135,3057.29327667,2695.35187555,3401.38926648,ensemble_top4,,,,,,
maternal_deaths,162,South Africa,South Africa,African Region,2006,3280,3176.31155767,2814.91875273,3539.61051537,ensemble_top4,,,,,,
maternal_deaths,162,South Africa,South Africa,African Region,2007,3172,3169.19184585,2841.05047065,3499.00211003,ensemble_top4,,,,,,
maternal_deaths,162,South Africa,South Africa,African Region,2008,3378,3083.1222374,2762.46125318,3388.85159606,ensemble_top4,,,,,,
maternal_deaths,162,South Africa,South Africa,African Region,2009,2841,2942.39403194,2614.25097348,3277.69440886,ensemble_top4,,,,,,
maternal_deaths,162,South Africa,South Africa,African Region,2010,2624,2778.16663642,2471.81627451,3143.66646666,ensemble_top4,,,,,,
maternal_deaths,162,South Africa,South Africa,African Region,2011,2364,2598.65520788,2278.54079187,2964.88948173,ensemble_top4,,,,,,
maternal_deaths,162,South Africa,South Africa,African Region,2012,2305,2414.90532814,2092.46682873,2758.73465792,ensemble_top4,,,,,,
maternal_deaths,162,South Africa,South Africa,African Region,2013,2152,2223.93903935,1899.30379883,2569.89673067,ensemble_top4,,,,,,
maternal_deaths,162,South Africa,South Africa,African Region,2014,1964,2039.86042628,1741.69041849,2367.62788523,ensemble_top4,,,,,,
maternal_deaths,162,South Africa,South Africa,African Region,2015,1792,1868.43772566,1567.95193655,2187.26060105,ensemble_top4,,,,,,
maternal_deaths,162,South Africa,South Africa,African Region,2016,1638,1711.02913212,1402.02831709,2027.34753252,ensemble_top4,,,,,,
maternal_deaths,162,South Africa,South Africa,African Region,2017,1544,1564.10688188,1253.47362707,1887.17354457,ensemble_top4,,,,,,
maternal_deaths,162,South Africa,South Africa,African Region,2018,1484,1431.09584099,1113.41406169,1757.39029436,ensemble_top4,,,,,,
maternal_deaths,162,South Africa,South Africa,African Region,2019,1402,1311.37387949,987.341011713,1673.59427565,ensemble_top4,,,,,,
maternal_deaths,162,South Africa,South Africa,African Region,2020,1398,1198.01845797,848.467323104,1616.41614306,ensemble_top4,199.98154203,0,549.532676896,199.98154203,1.16692692896,0.154373736917
maternal_deaths,162,South Africa,South Africa,African Region,2021,2276,1107.22669382,746.284929325,1560.64891948,ensemble_top4,1168.77330618,715.351080524,1529.71507068,1168.77330618,2.0555862794,0.720561101372
maternal_deaths,162,South Africa,South Africa,African Region,2022,1538,1019.13406289,632.867977988,1556.17377962,ensemble_top4,518.865937109,0,905.132022012,518.865937109,1.50912432034,0.411529562306
maternal_deaths,162,South Africa,South Africa,African Region,2023,1395,941.04020104,542.471575677,1568.96572978,ensemble_top4,453.95979896,0,852.528424323,453.95979896,1.48240213166,0.393663833968
maternal_deaths,163,South Sudan,South Sudan,African Region,2000,4982,4982,4982,4982,ensemble_top4,,,,,,
maternal_deaths,163,South Sudan,South Sudan,African Region,2001,4876,3982.42305948,1802.16578785,5916.52003093,ensemble_top4,,,,,,
maternal_deaths,163,South Sudan,South Sudan,African Region,2002,4819,3939.48963637,1828.63364449,5891.40623087,ensemble_top4,,,,,,
maternal_deaths,163,South Sudan,South Sudan,African Region,2003,3871,3931.08482759,1874.84620527,5930.02591985,ensemble_top4,,,,,,
maternal_deaths,163,South Sudan,South Sudan,African Region,2004,3785,3903.26474176,1866.3799345,5862.68519907,ensemble_top4,,,,,,
maternal_deaths,163,South Sudan,South Sudan,African Region,2005,3612,3841.85849306,1917.19506983,5949.82698795,ensemble_top4,,,,,,
maternal_deaths,163,South Sudan,South Sudan,African Region,2006,3462,3823.09843405,1914.77338647,5851.7037837,ensemble_top4,,,,,,
maternal_deaths,163,South Sudan,South Sudan,African Region,2007,3310,3799.66767127,1863.54771166,5820.12776349,ensemble_top4,,,,,,
maternal_deaths,163,South Sudan,South Sudan,African Region,2008,3148,3745.2683596,1835.84441941,5857.02085305,ensemble_top4,,,,,,
maternal_deaths,163,South Sudan,South Sudan,African Region,2009,3121,3676.70978968,1757.69612697,5766.40614589,ensemble_top4,,,,,,
maternal_deaths,163,South Sudan,South Sudan,African Region,2010,3017,3629.37690844,1769.69145901,5751.21853615,ensemble_top4,,,,,,
maternal_deaths,163,South Sudan,South Sudan,African Region,2011,3153,3637.29439333,1756.76398003,5769.93734683,ensemble_top4,,,,,,
maternal_deaths,163,South Sudan,South Sudan,African Region,2012,3179,3647.16886149,1733.08154329,6194.65948965,ensemble_top4,,,,,,
maternal_deaths,163,South Sudan,South Sudan,African Region,2013,3299,3867.73082902,1729.90466975,8000.23029485,ensemble_top4,,,,,,
maternal_deaths,163,South Sudan,South Sudan,African Region,2014,5216,4374.32011537,2009.06178333,7808.33336215,ensemble_top4,,,,,,
maternal_deaths,163,South Sudan,South Sudan,African Region,2015,5646,5740.22840224,2173.52155062,9333.29293125,ensemble_top4,,,,,,
maternal_deaths,163,South Sudan,South Sudan,African Region,2016,6185,4587.13234379,2236.48447492,6947.97311262,ensemble_top4,,,,,,
maternal_deaths,163,South Sudan,South Sudan,African Region,2017,5591,3961.80958875,1896.86525087,6684.53083917,ensemble_top4,,,,,,
maternal_deaths,163,South Sudan,South Sudan,African Region,2018,2686,3652.27191004,1643.89152854,6199.84069599,ensemble_top4,,,,,,
maternal_deaths,163,South Sudan,South Sudan,African Region,2019,2284,3539.77893885,1487.20574375,5889.51967597,ensemble_top4,,,,,,
maternal_deaths,163,South Sudan,South Sudan,African Region,2020,2296,3404.08357655,1462.74979979,5811.30812965,ensemble_top4,0,0,833.250200207,-1108.08357655,0.674484027306,-0.393807284406
maternal_deaths,163,South Sudan,South Sudan,African Region,2021,2417,3336.84099105,1306.9376403,5896.66100212,ensemble_top4,0,0,1110.0623597,-919.840991049,0.724337781298,-0.322497446643
maternal_deaths,163,South Sudan,South Sudan,African Region,2022,2254,3261.99929319,1245.16653253,5893.36161754,ensemble_top4,0,0,1008.83346747,-1007.99929319,0.690987274187,-0.369633871901
maternal_deaths,163,South Sudan,South Sudan,African Region,2023,2271,3218.21756376,1161.46903268,5832.19613659,ensemble_top4,0,0,1109.53096732,-947.217563759,0.705670127953,-0.348607391539
maternal_deaths,164,Spain,Spain,European Region,2000,18.75,18.75,17.75,18.75,ensemble_top4,,,,,,
maternal_deaths,164,Spain,Spain,European Region,2001,19.24,18.7822171592,15.79031688,30.3007983716,ensemble_top4,,,,,,
maternal_deaths,164,Spain,Spain,European Region,2002,19.14,19.5199240212,17.5454558732,25.8761107316,ensemble_top4,,,,,,
maternal_deaths,164,Spain,Spain,European Region,2003,19.01,20.57479651,18.4785932801,23.637277823,ensemble_top4,,,,,,
maternal_deaths,164,Spain,Spain,European Region,2004,20.55,21.0777992779,19.3601015265,22.9563239742,ensemble_top4,,,,,,
maternal_deaths,164,Spain,Spain,European Region,2005,20.92,21.3290086064,19.7703216652,23.0000032778,ensemble_top4,,,,,,
maternal_deaths,164,Spain,Spain,European Region,2006,21.1,21.3068236564,19.5748463533,22.8454998159,ensemble_top4,,,,,,
maternal_deaths,164,Spain,Spain,European Region,2007,21.09,21.379671667,19.8063850503,22.9431215622,ensemble_top4,,,,,,
maternal_deaths,164,Spain,Spain,European Region,2008,22.38,20.9712565145,19.3096766392,22.7713202054,ensemble_top4,,,,,,
maternal_deaths,164,Spain,Spain,European Region,2009,21.01,20.2794713039,18.6634059704,21.944236494,ensemble_top4,,,,,,
maternal_deaths,164,Spain,Spain,European Region,2010,19.38,19.4260387998,17.833732979,20.9765766744,ensemble_top4,,,,,,
maternal_deaths,164,Spain,Spain,European Region,2011,18.85,18.4503872682,16.9052323179,20.0805613566,ensemble_top4,,,,,,
maternal_deaths,164,Spain,Spain,European Region,2012,17.59,17.4986108031,15.921705972,19.0519618638,ensemble_top4,,,,,,
maternal_deaths,164,Spain,Spain,European Region,2013,15.9,16.4792417036,14.9048155016,18.0909394063,ensemble_top4,,,,,,
maternal_deaths,164,Spain,Spain,European Region,2014,15.6,15.4635087203,13.9194621293,17.090479026,ensemble_top4,,,,,,
maternal_deaths,164,Spain,Spain,European Region,2015,14.69,14.4351241711,12.858183106,16.1041840224,ensemble_top4,,,,,,
maternal_deaths,164,Spain,Spain,European Region,2016,13.81,13.4710226268,11.885222778,15.1850022107,ensemble_top4,,,,,,
maternal_deaths,164,Spain,Spain,European Region,2017,13.09,12.5048064944,10.8812776757,14.3587090012,ensemble_top4,,,,,,
maternal_deaths,164,Spain,Spain,European Region,2018,11.84,11.567085929,9.99924831791,13.4760383674,ensemble_top4,,,,,,
maternal_deaths,164,Spain,Spain,European Region,2019,10.76,10.7122523567,9.05117743978,12.6706797357,ensemble_top4,,,,,,
maternal_deaths,164,Spain,Spain,European Region,2020,14.73,9.89016871395,8.16180548138,11.9167301957,ensemble_top4,4.83983128605,2.81326980428,6.56819451862,4.83983128605,1.48935780835,0.398345025941
maternal_deaths,164,Spain,Spain,European Region,2021,12.3,9.09969063397,7.41959394369,11.0763985119,ensemble_top4,3.20030936603,1.22360148812,4.88040605631,3.20030936603,1.35169430421,0.3013588457
maternal_deaths,164,Spain,Spain,European Region,2022,13.19,8.34874456797,6.64401389171,10.453041728,ensemble_top4,4.84125543203,2.73695827199,6.54598610829,4.84125543203,1.57987825506,0.457347790311
maternal_deaths,164,Spain,Spain,European Region,2023,9.17,7.64783197786,5.98118904661,9.82086074296,ensemble_top4,1.52216802214,0,3.18881095339,1.52216802214,1.1990326182,0.181515080183
maternal_deaths,165,Sri Lanka,Sri Lanka,Southeast Asia Region,2000,137.6,137.6,137.6,137.6,ensemble_top4,,,,,,
maternal_deaths,165,Sri Lanka,Sri Lanka,Southeast Asia Region,2001,138.4,136.978302746,127.000430302,147.622342538,ensemble_top4,,,,,,
maternal_deaths,165,Sri Lanka,Sri Lanka,Southeast Asia Region,2002,135.3,138.874893663,129.826142692,147.414985459,ensemble_top4,,,,,,
maternal_deaths,165,Sri Lanka,Sri Lanka,Southeast Asia Region,2003,134.7,137.137771066,128.160509393,145.642473529,ensemble_top4,,,,,,
maternal_deaths,165,Sri Lanka,Sri Lanka,Southeast Asia Region,2004,140.2,133.033957396,123.996249365,141.22783704,ensemble_top4,,,,,,
maternal_deaths,165,Sri Lanka,Sri Lanka,Southeast Asia Region,2005,122.7,127.673361491,118.883195594,136.092919725,ensemble_top4,,,,,,
maternal_deaths,165,Sri Lanka,Sri Lanka,Southeast Asia Region,2006,123.5,121.954855884,113.574165035,130.302294754,ensemble_top4,,,,,,
maternal_deaths,165,Sri Lanka,Sri Lanka,Southeast Asia Region,2007,119.8,116.128394954,107.958166757,124.480358976,ensemble_top4,,,,,,
maternal_deaths,165,Sri Lanka,Sri Lanka,Southeast Asia Region,2008,114.2,110.343187393,101.959872687,118.41885066,ensemble_top4,,,,,,
maternal_deaths,165,Sri Lanka,Sri Lanka,Southeast Asia Region,2009,103,104.411058108,96.2170612693,113.068254607,ensemble_top4,,,,,,
maternal_deaths,165,Sri Lanka,Sri Lanka,Southeast Asia Region,2010,93.03,99.0296482435,90.7236032997,107.95064167,ensemble_top4,,,,,,
maternal_deaths,165,Sri Lanka,Sri Lanka,Southeast Asia Region,2011,91.13,93.7473066793,85.6337111089,102.595653865,ensemble_top4,,,,,,
maternal_deaths,165,Sri Lanka,Sri Lanka,Southeast Asia Region,2012,88.25,89.1184236531,80.8672890703,98.0439380517,ensemble_top4,,,,,,
maternal_deaths,165,Sri Lanka,Sri Lanka,Southeast Asia Region,2013,85.17,84.7931288275,76.6010244384,93.3911548758,ensemble_top4,,,,,,
maternal_deaths,165,Sri Lanka,Sri Lanka,Southeast Asia Region,2014,81.08,80.7142259928,72.651442188,89.3099768509,ensemble_top4,,,,,,
maternal_deaths,165,Sri Lanka,Sri Lanka,Southeast Asia Region,2015,76.43,77.0960908498,68.7732883672,85.6377052809,ensemble_top4,,,,,,
maternal_deaths,165,Sri Lanka,Sri Lanka,Southeast Asia Region,2016,74.07,74.1546324554,65.9585713915,82.1156883118,ensemble_top4,,,,,,
maternal_deaths,165,Sri Lanka,Sri Lanka,Southeast Asia Region,2017,72.98,71.2486125151,62.8908027145,79.3707192583,ensemble_top4,,,,,,
maternal_deaths,165,Sri Lanka,Sri Lanka,Southeast Asia Region,2018,69.53,68.8331002175,59.4827340026,77.6014903158,ensemble_top4,,,,,,
maternal_deaths,165,Sri Lanka,Sri Lanka,Southeast Asia Region,2019,67.9,66.9435181916,56.7061260868,76.3539512073,ensemble_top4,,,,,,
maternal_deaths,165,Sri Lanka,Sri Lanka,Southeast Asia Region,2020,75.69,65.2424253521,52.9273666363,76.0950449921,ensemble_top4,10.4475746479,0,22.7626333637,10.4475746479,1.16013467604,0.148536098415
maternal_deaths,165,Sri Lanka,Sri Lanka,Southeast Asia Region,2021,111.7,63.9093396213,50.063215653,75.6377095538,ensemble_top4,47.7906603787,36.0622904462,61.636784347,47.7906603787,1.74778836179,0.558351195415
maternal_deaths,165,Sri Lanka,Sri Lanka,Southeast Asia Region,2022,72.14,63.0582356091,46.992287817,77.0969136606,ensemble_top4,9.08176439089,0,25.147712183,9.08176439089,1.14402186016,0.134550001307
maternal_deaths,165,Sri Lanka,Sri Lanka,Southeast Asia Region,2023,59.37,62.3185019261,44.2643759947,78.7228064435,ensemble_top4,0,0,15.1056240053,-2.94850192614,0.952686572446,-0.0484693145786
maternal_deaths,166,Sudan,Sudan,Eastern Mediterranean,2000,7332,7332,7331,7332,ensemble_top4,,,,,,
maternal_deaths,166,Sudan,Sudan,Eastern Mediterranean,2001,7138,7130.27644183,6606.23642382,7529.18352652,ensemble_top4,,,,,,
maternal_deaths,166,Sudan,Sudan,Eastern Mediterranean,2002,6955,7083.4478849,6765.50707945,7417.48299076,ensemble_top4,,,,,,
maternal_deaths,166,Sudan,Sudan,Eastern Mediterranean,2003,7125,6909.55658098,6566.5943131,7289.42743021,ensemble_top4,,,,,,
maternal_deaths,166,Sudan,Sudan,Eastern Mediterranean,2004,6540,6675.14615667,6302.01184836,7144.07566725,ensemble_top4,,,,,,
maternal_deaths,166,Sudan,Sudan,Eastern Mediterranean,2005,6259,6373.82833781,6001.2933853,6889.15453375,ensemble_top4,,,,,,
maternal_deaths,166,Sudan,Sudan,Eastern Mediterranean,2006,6086,6061.2386815,5692.81590173,6563.4302694,ensemble_top4,,,,,,
maternal_deaths,166,Sudan,Sudan,Eastern Mediterranean,2007,5666,5762.06586472,5416.84358959,6223.89283874,ensemble_top4,,,,,,
maternal_deaths,166,Sudan,Sudan,Eastern Mediterranean,2008,5505,5478.72242412,5136.99596421,5902.80748527,ensemble_top4,,,,,,
maternal_deaths,166,Sudan,Sudan,Eastern Mediterranean,2009,5035,5225.31226566,4891.10589076,5614.74326428,ensemble_top4,,,,,,
maternal_deaths,166,Sudan,Sudan,Eastern Mediterranean,2010,4978,4998.94389448,4669.27745605,5356.46048485,ensemble_top4,,,,,,
maternal_deaths,166,Sudan,Sudan,Eastern Mediterranean,2011,4810,4792.73886754,4458.6054509,5135.03210511,ensemble_top4,,,,,,
maternal_deaths,166,Sudan,Sudan,Eastern Mediterranean,2012,4600,4615.02316288,4286.55470062,4945.1239565,ensemble_top4,,,,,,
maternal_deaths,166,Sudan,Sudan,Eastern Mediterranean,2013,4448,4467.53345397,4094.21098877,4795.95162962,ensemble_top4,,,,,,
maternal_deaths,166,Sudan,Sudan,Eastern Mediterranean,2014,4255,4363.36767913,3992.78519698,4673.2462236,ensemble_top4,,,,,,
maternal_deaths,166,Sudan,Sudan,Eastern Mediterranean,2015,4255,4303.39838545,3995.79317115,4578.94659093,ensemble_top4,,,,,,
maternal_deaths,166,Sudan,Sudan,Eastern Mediterranean,2016,4211,4243.71398705,3954.89702645,4512.93698202,ensemble_top4,,,,,,
maternal_deaths,166,Sudan,Sudan,Eastern Mediterranean,2017,4138,4193.57648797,3909.82921649,4472.51373813,ensemble_top4,,,,,,
maternal_deaths,166,Sudan,Sudan,Eastern Mediterranean,2018,4165,4154.47900414,3862.0428304,4449.94335995,ensemble_top4,,,,,,
maternal_deaths,166,Sudan,Sudan,Eastern Mediterranean,2019,4164,4123.51925361,3797.54818977,4469.56682769,ensemble_top4,,,,,,
maternal_deaths,166,Sudan,Sudan,Eastern Mediterranean,2020,4406,4090.51693089,3755.95711977,4504.2963024,ensemble_top4,315.483069108,0,650.042880229,315.483069108,1.07712547691,0.0742958973406
maternal_deaths,166,Sudan,Sudan,Eastern Mediterranean,2021,4968,4063.46830446,3693.07639114,4554.53247335,ensemble_top4,904.531695544,413.467526654,1274.92360886,904.531695544,1.22260089849,0.200980473511
maternal_deaths,166,Sudan,Sudan,Eastern Mediterranean,2022,4350,4035.15943343,3616.87243586,4637.56318295,ensemble_top4,314.840566571,0,733.127564142,314.840566571,1.07802431893,0.0751300315375
maternal_deaths,166,Sudan,Sudan,Eastern Mediterranean,2023,4301,4016.17692342,3567.21200536,4715.19424253,ensemble_top4,284.823076581,0,733.787994642,284.823076581,1.07091895651,0.0685171177464
maternal_deaths,167,Suriname,Suriname,Region of the Americas,2000,34.24,34.24,33.24,34.24,ensemble_top4,,,,,,
maternal_deaths,167,Suriname,Suriname,Region of the Americas,2001,33.28,33.2663599284,31.8530032623,38.7366205292,ensemble_top4,,,,,,
maternal_deaths,167,Suriname,Suriname,Region of the Americas,2002,30.49,30.6027120887,29.3437772345,34.8008156934,ensemble_top4,,,,,,
maternal_deaths,167,Suriname,Suriname,Region of the Americas,2003,27.74,27.9235270842,26.7176992007,31.1392510378,ensemble_top4,,,,,,
maternal_deaths,167,Suriname,Suriname,Region of the Americas,2004,24.79,25.4819507471,24.1152468737,27.8075555062,ensemble_top4,,,,,,
maternal_deaths,167,Suriname,Suriname,Region of the Americas,2005,22.77,23.3455992045,21.9873664064,25.0056662237,ensemble_top4,,,,,,
maternal_deaths,167,Suriname,Suriname,Region of the Americas,2006,21.23,21.4626263121,20.2491875765,22.649433603,ensemble_top4,,,,,,
maternal_deaths,167,Suriname,Suriname,Region of the Americas,2007,19.84,19.7409913899,18.6371204051,20.8097640235,ensemble_top4,,,,,,
maternal_deaths,167,Suriname,Suriname,Region of the Americas,2008,18.42,18.2124053511,17.2290065206,19.2607761074,ensemble_top4,,,,,,
maternal_deaths,167,Suriname,Suriname,Region of the Americas,2009,16.85,16.9063819245,15.8793965631,17.9704755133,ensemble_top4,,,,,,
maternal_deaths,167,Suriname,Suriname,Region of the Americas,2010,15.31,15.7531149036,14.5331899496,16.8551628991,ensemble_top4,,,,,,
maternal_deaths,167,Suriname,Suriname,Region of the Americas,2011,14.28,14.8092106443,13.2510575329,15.9401717471,ensemble_top4,,,,,,
maternal_deaths,167,Suriname,Suriname,Region of the Americas,2012,13.96,14.0162278787,12.5703123194,15.1352389913,ensemble_top4,,,,,,
maternal_deaths,167,Suriname,Suriname,Region of the Americas,2013,13.88,13.6188651368,12.5677239622,14.6553900385,ensemble_top4,,,,,,
maternal_deaths,167,Suriname,Suriname,Region of the Americas,2014,13.66,13.0168281472,11.9361598649,14.0497972934,ensemble_top4,,,,,,
maternal_deaths,167,Suriname,Suriname,Region of the Americas,2015,13.04,12.4466515904,11.4097383959,13.4494513087,ensemble_top4,,,,,,
maternal_deaths,167,Suriname,Suriname,Region of the Americas,2016,12.09,11.9528607546,10.9417498248,12.9482441916,ensemble_top4,,,,,,
maternal_deaths,167,Suriname,Suriname,Region of the Americas,2017,11.48,11.4697468177,10.5109464161,12.5047490258,ensemble_top4,,,,,,
maternal_deaths,167,Suriname,Suriname,Region of the Americas,2018,10.97,11.0463409668,10.0494496475,12.1032648135,ensemble_top4,,,,,,
maternal_deaths,167,Suriname,Suriname,Region of the Americas,2019,10.52,10.6808162261,9.61666185292,11.9008712479,ensemble_top4,,,,,,
maternal_deaths,167,Suriname,Suriname,Region of the Americas,2020,10.24,10.2886911302,9.2270729872,11.6936545638,ensemble_top4,0,0,1.0129270128,-0.0486911301714,0.995267509778,-0.00474372391014
maternal_deaths,167,Suriname,Suriname,Region of the Americas,2021,15.67,9.97158536817,8.8252208822,11.7131313764,ensemble_top4,5.69841463183,3.95686862359,6.8447791178,5.69841463183,1.57146526068,0.452008471177
maternal_deaths,167,Suriname,Suriname,Region of the Americas,2022,9.55,9.61535447116,8.47517032376,11.7831150593,ensemble_top4,0,0,1.07482967624,-0.0653544711558,0.993203113692,-0.00682009034341
maternal_deaths,167,Suriname,Suriname,Region of the Americas,2023,9.1,9.31535747801,8.12535734039,11.8536233359,ensemble_top4,0,0,0.974642659615,-0.215357478014,0.976881458546,-0.0233899663928
maternal_deaths,168,Sweden,Sweden,European Region,2000,4.92,4.92,4.92,4.92,ranked_top1_fallback,,,,,,
maternal_deaths,168,Sweden,Sweden,European Region,2001,4.78,4.79823418025,4.45760962136,5.12662167019,ranked_top1_fallback,,,,,,
maternal_deaths,168,Sweden,Sweden,European Region,2002,5.15,5.08896521574,4.7795126136,5.38621159238,ranked_top1_fallback,,,,,,
maternal_deaths,168,Sweden,Sweden,European Region,2003,5.42,5.27729456164,4.98697849279,5.57377462462,ranked_top1_fallback,,,,,,
maternal_deaths,168,Sweden,Sweden,European Region,2004,5.29,5.39606083879,5.10741162426,5.67992334433,ranked_top1_fallback,,,,,,
maternal_deaths,168,Sweden,Sweden,European Region,2005,5.13,5.47216652176,5.1834513522,5.7581656544,ranked_top1_fallback,,,,,,
maternal_deaths,168,Sweden,Sweden,European Region,2006,5.56,5.51861327644,5.23355055481,5.80233197595,ranked_top1_fallback,,,,,,
maternal_deaths,168,Sweden,Sweden,European Region,2007,5.54,5.54789997302,5.25757873106,5.83410748652,ranked_top1_fallback,,,,,,
maternal_deaths,168,Sweden,Sweden,European Region,2008,5.59,5.56354081682,5.27631234948,5.84693324338,ranked_top1_fallback,,,,,,
maternal_deaths,168,Sweden,Sweden,European Region,2009,5.66,5.55292809311,5.27065010611,5.84048382945,ranked_top1_fallback,,,,,,
maternal_deaths,168,Sweden,Sweden,European Region,2010,5.44,5.53950224902,5.26280458321,5.81995659044,ranked_top1_fallback,,,,,,
maternal_deaths,168,Sweden,Sweden,European Region,2011,5.46,5.50944796616,5.23817571481,5.79371655074,ranked_top1_fallback,,,,,,
maternal_deaths,168,Sweden,Sweden,European Region,2012,5.6,5.47896582312,5.19472117557,5.75723083245,ranked_top1_fallback,,,,,,
maternal_deaths,168,Sweden,Sweden,European Region,2013,5.61,5.44257518371,5.15987300558,5.7144801744,ranked_top1_fallback,,,,,,
maternal_deaths,168,Sweden,Sweden,European Region,2014,5.58,5.39688964386,5.12062920925,5.67241295193,ranked_top1_fallback,,,,,,
maternal_deaths,168,Sweden,Sweden,European Region,2015,5.16,5.34406017255,5.05722686006,5.64077693896,ranked_top1_fallback,,,,,,
maternal_deaths,168,Sweden,Sweden,European Region,2016,5.27,5.29499331938,5.01108738497,5.57776831262,ranked_top1_fallback,,,,,,
maternal_deaths,168,Sweden,Sweden,European Region,2017,5.19,5.23957609093,4.95376071415,5.52510957228,ranked_top1_fallback,,,,,,
maternal_deaths,168,Sweden,Sweden,European Region,2018,5.17,5.17774877384,4.88693489223,5.46845666782,ranked_top1_fallback,,,,,,
maternal_deaths,168,Sweden,Sweden,European Region,2019,5.06,5.12110217943,4.81247365966,5.4225733076,ranked_top1_fallback,,,,,,
maternal_deaths,168,Sweden,Sweden,European Region,2020,5.86,5.05315066167,4.73932908242,5.36233605796,ranked_top1_fallback,0.806849338332,0.497663942041,1.12067091758,0.806849338332,1.15967252757,0.148137661443
maternal_deaths,168,Sweden,Sweden,European Region,2021,5.81,4.99114514591,4.67004042563,5.3162268984,ranked_top1_fallback,0.818854854094,0.493773101605,1.13995957437,0.818854854094,1.16406151898,0.151915199271
maternal_deaths,168,Sweden,Sweden,European Region,2022,5.32,4.91895070569,4.58166693168,5.27599442251,ranked_top1_fallback,0.401049294312,0.0440055774862,0.738333068321,0.401049294312,1.08153147252,0.0783780667965
maternal_deaths,168,Sweden,Sweden,European Region,2023,3.94,4.85076444367,4.52229824499,5.20638248253,ranked_top1_fallback,0,0,0,-0.910764443666,0.812243110495,-0.20795558647
maternal_deaths,169,Switzerland,Switzerland,European Region,2000,6.78,6.78,6.78,6.78,ensemble_top4,,,,,,
maternal_deaths,169,Switzerland,Switzerland,European Region,2001,6.08,6.03601247875,5.52040909779,6.52257650604,ensemble_top4,,,,,,
maternal_deaths,169,Switzerland,Switzerland,European Region,2002,6.31,6.01287024299,5.53400573893,6.46798694812,ensemble_top4,,,,,,
maternal_deaths,169,Switzerland,Switzerland,European Region,2003,5.82,5.97291096814,5.4998733318,6.45230538825,ensemble_top4,,,,,,
maternal_deaths,169,Switzerland,Switzerland,European Region,2004,5.92,5.9174171802,5.44284262764,6.36925125174,ensemble_top4,,,,,,
maternal_deaths,169,Switzerland,Switzerland,European Region,2005,6.06,5.86360384854,5.39795635209,6.31689082771,ensemble_top4,,,,,,
maternal_deaths,169,Switzerland,Switzerland,European Region,2006,5.79,5.80875377061,5.30852187377,6.26931379293,ensemble_top4,,,,,,
maternal_deaths,169,Switzerland,Switzerland,European Region,2007,5.48,5.7765852374,5.25080901783,6.22665595686,ensemble_top4,,,,,,
maternal_deaths,169,Switzerland,Switzerland,European Region,2008,5.54,5.76151471451,5.2780209813,6.20843239794,ensemble_top4,,,,,,
maternal_deaths,169,Switzerland,Switzerland,European Region,2009,5.45,5.71160104649,5.25556801142,6.16191866051,ensemble_top4,,,,,,
maternal_deaths,169,Switzerland,Switzerland,European Region,2010,5.89,5.66680359774,5.2143436127,6.11444344608,ensemble_top4,,,,,,
maternal_deaths,169,Switzerland,Switzerland,European Region,2011,5.94,5.6317378271,5.18202211797,6.08909485313,ensemble_top4,,,,,,
maternal_deaths,169,Switzerland,Switzerland,European Region,2012,5.53,5.59315254429,5.12797411262,6.04158174908,ensemble_top4,,,,,,
maternal_deaths,169,Switzerland,Switzerland,European Region,2013,5.49,5.55801308764,5.10460650045,6.01306139214,ensemble_top4,,,,,,
maternal_deaths,169,Switzerland,Switzerland,European Region,2014,5.36,5.51075947227,5.07047717419,5.98509094846,ensemble_top4,,,,,,
maternal_deaths,169,Switzerland,Switzerland,European Region,2015,5.4,5.47181721851,5.01204878608,5.95222016669,ensemble_top4,,,,,,
maternal_deaths,169,Switzerland,Switzerland,European Region,2016,5.78,5.43169511792,4.97763659598,5.89874947029,ensemble_top4,,,,,,
maternal_deaths,169,Switzerland,Switzerland,European Region,2017,5.33,5.37789613605,4.92328758974,5.84904169393,ensemble_top4,,,,,,
maternal_deaths,169,Switzerland,Switzerland,European Region,2018,5.44,5.32389025649,4.8436822055,5.79109649397,ensemble_top4,,,,,,
maternal_deaths,169,Switzerland,Switzerland,European Region,2019,5.07,5.27844380147,4.75154689565,5.76679449566,ensemble_top4,,,,,,
maternal_deaths,169,Switzerland,Switzerland,European Region,2020,4.5,5.21735730212,4.57973560328,5.7159486466,ensemble_top4,0,0,0,-0.717357302119,0.86250562103,-0.147913612962
maternal_deaths,169,Switzerland,Switzerland,European Region,2021,4,5.17734505694,4.3132556197,5.71248494989,ensemble_top4,0,0,0,-1.17734505694,0.772596756833,-0.257998026489
maternal_deaths,169,Switzerland,Switzerland,European Region,2022,3.17,5.12804080346,4.05524946009,5.68616136309,ensemble_top4,0,0,0,-1.95804080346,0.618169808216,-0.480992088691
maternal_deaths,169,Switzerland,Switzerland,European Region,2023,4.57,5.08961716874,3.78123259711,5.66565624914,ensemble_top4,0,0,0.788767402893,-0.519617168745,0.897906433526,-0.1076894104
maternal_deaths,170,Syria,Syrian Arab Republic,Eastern Mediterranean,2000,159.3,159.3,158.3,159.3,ensemble_top4,,,,,,
maternal_deaths,170,Syria,Syrian Arab Republic,Eastern Mediterranean,2001,149.7,146.490460083,105.215481186,206.077254451,ensemble_top4,,,,,,
maternal_deaths,170,Syria,Syrian Arab Republic,Eastern Mediterranean,2002,138.2,146.538318986,105.106333284,232.924423101,ensemble_top4,,,,,,
maternal_deaths,170,Syria,Syrian Arab Republic,Eastern Mediterranean,2003,127.2,137.485342228,100.090880181,230.71125328,ensemble_top4,,,,,,
maternal_deaths,170,Syria,Syrian Arab Republic,Eastern Mediterranean,2004,119.8,131.258950013,91.7710377665,211.127535443,ensemble_top4,,,,,,
maternal_deaths,170,Syria,Syrian Arab Republic,Eastern Mediterranean,2005,115.2,130.080542553,87.5344949861,189.661895319,ensemble_top4,,,,,,
maternal_deaths,170,Syria,Syrian Arab Republic,Eastern Mediterranean,2006,109.8,131.512318239,90.2591676928,177.548704133,ensemble_top4,,,,,,
maternal_deaths,170,Syria,Syrian Arab Republic,Eastern Mediterranean,2007,116.3,131.326155026,95.0062539798,168.9222367,ensemble_top4,,,,,,
maternal_deaths,170,Syria,Syrian Arab Republic,Eastern Mediterranean,2008,131.4,131.587414394,96.6196162206,163.950750333,ensemble_top4,,,,,,
maternal_deaths,170,Syria,Syrian Arab Republic,Eastern Mediterranean,2009,124,130.194508885,96.3229934807,159.336418024,ensemble_top4,,,,,,
maternal_deaths,170,Syria,Syrian Arab Republic,Eastern Mediterranean,2010,125.2,127.447092326,93.6875994586,156.708907578,ensemble_top4,,,,,,
maternal_deaths,170,Syria,Syrian Arab Republic,Eastern Mediterranean,2011,133,123.866647475,90.47300997,155.212342252,ensemble_top4,,,,,,
maternal_deaths,170,Syria,Syrian Arab Republic,Eastern Mediterranean,2012,141.2,119.389758248,85.522811651,151.884266525,ensemble_top4,,,,,,
maternal_deaths,170,Syria,Syrian Arab Republic,Eastern Mediterranean,2013,145.4,114.283796584,80.5907715778,147.146862649,ensemble_top4,,,,,,
maternal_deaths,170,Syria,Syrian Arab Republic,Eastern Mediterranean,2014,120.1,108.648173192,72.7247571983,142.392522201,ensemble_top4,,,,,,
maternal_deaths,170,Syria,Syrian Arab Republic,Eastern Mediterranean,2015,100.5,103.100132458,64.0422977422,137.013075534,ensemble_top4,,,,,,
maternal_deaths,170,Syria,Syrian Arab Republic,Eastern Mediterranean,2016,85.1,98.1303266855,54.953356427,134.874350503,ensemble_top4,,,,,,
maternal_deaths,170,Syria,Syrian Arab Republic,Eastern Mediterranean,2017,85.43,92.8606369099,47.4578616676,130.505203252,ensemble_top4,,,,,,
maternal_deaths,170,Syria,Syrian Arab Republic,Eastern Mediterranean,2018,78.52,86.4173345838,38.6087937096,127.372006557,ensemble_top4,,,,,,
maternal_deaths,170,Syria,Syrian Arab Republic,Eastern Mediterranean,2019,98.25,80.46744378,32.0146923049,126.256807367,ensemble_top4,,,,,,
maternal_deaths,170,Syria,Syrian Arab Republic,Eastern Mediterranean,2020,100.2,73.5355672591,24.9554960764,122.835903371,ensemble_top4,26.6644327409,0,75.2445039236,26.6644327409,1.36260592982,0.309398991191
maternal_deaths,170,Syria,Syrian Arab Republic,Eastern Mediterranean,2021,137.4,69.1694635517,19.7694932945,120.827841047,ensemble_top4,68.2305364483,16.5721589532,117.630506705,68.2305364483,1.98642569922,0.686336892711
maternal_deaths,170,Syria,Syrian Arab Republic,Eastern Mediterranean,2022,98.88,64.4457369338,14.8888897587,118.90800052,ensemble_top4,34.4342630662,0,83.9911102413,34.4342630662,1.53431405558,0.428083411837
maternal_deaths,170,Syria,Syrian Arab Republic,Eastern Mediterranean,2023,106.3,60.5607297305,9.43405527023,116.179918633,ensemble_top4,45.7392702695,0,96.8659447298,45.7392702695,1.75526286544,0.56261862658
maternal_deaths,171,Tajikistan,Tajikistan,European Region,2000,105.8,105.8,104.8,105.8,ensemble_top4,,,,,,
maternal_deaths,171,Tajikistan,Tajikistan,European Region,2001,109,108.257584448,81.1069573266,152.96734532,ensemble_top4,,,,,,
maternal_deaths,171,Tajikistan,Tajikistan,European Region,2002,90.98,92.2826929103,78.5452488402,119.582495845,ensemble_top4,,,,,,
maternal_deaths,171,Tajikistan,Tajikistan,European Region,2003,75.08,81.4687714098,71.3120329934,95.9664134581,ensemble_top4,,,,,,
maternal_deaths,171,Tajikistan,Tajikistan,European Region,2004,73.97,74.9277287919,64.1152000534,89.2814018521,ensemble_top4,,,,,,
maternal_deaths,171,Tajikistan,Tajikistan,European Region,2005,72.18,71.4375927913,61.3696776302,86.2103591706,ensemble_top4,,,,,,
maternal_deaths,171,Tajikistan,Tajikistan,European Region,2006,71.27,69.5894261014,61.0990842301,82.8514583927,ensemble_top4,,,,,,
maternal_deaths,171,Tajikistan,Tajikistan,European Region,2007,64.91,68.2577632182,60.3792636617,79.8810222245,ensemble_top4,,,,,,
maternal_deaths,171,Tajikistan,Tajikistan,European Region,2008,64.52,66.9452062462,59.2251397694,77.9653999538,ensemble_top4,,,,,,
maternal_deaths,171,Tajikistan,Tajikistan,European Region,2009,67.1,65.3883256626,57.3833393157,75.6263880324,ensemble_top4,,,,,,
maternal_deaths,171,Tajikistan,Tajikistan,European Region,2010,64.63,63.5034457549,54.9419617044,73.2636347727,ensemble_top4,,,,,,
maternal_deaths,171,Tajikistan,Tajikistan,European Region,2011,63.33,61.505799354,53.0431194372,71.2836966208,ensemble_top4,,,,,,
maternal_deaths,171,Tajikistan,Tajikistan,European Region,2012,58.83,59.4091224569,50.0293772518,68.7944888245,ensemble_top4,,,,,,
maternal_deaths,171,Tajikistan,Tajikistan,European Region,2013,55.42,57.0777687313,48.1913222347,66.427541686,ensemble_top4,,,,,,
maternal_deaths,171,Tajikistan,Tajikistan,European Region,2014,55.88,54.6044738605,45.3794996832,63.4658101183,ensemble_top4,,,,,,
maternal_deaths,171,Tajikistan,Tajikistan,European Region,2015,55.99,52.344520625,43.4814364167,60.9415828359,ensemble_top4,,,,,,
maternal_deaths,171,Tajikistan,Tajikistan,European Region,2016,54.86,49.9090307462,40.8364206398,58.478597564,ensemble_top4,,,,,,
maternal_deaths,171,Tajikistan,Tajikistan,European Region,2017,45.57,47.4309084334,38.2578329314,56.1380235508,ensemble_top4,,,,,,
maternal_deaths,171,Tajikistan,Tajikistan,European Region,2018,44.78,45.0711215656,35.7452491022,53.6663174185,ensemble_top4,,,,,,
maternal_deaths,171,Tajikistan,Tajikistan,European Region,2019,44.8,42.8272588577,33.7830104726,51.7919577701,ensemble_top4,,,,,,
maternal_deaths,171,Tajikistan,Tajikistan,European Region,2020,70.34,40.6279243341,31.4005959135,50.1471569397,ensemble_top4,29.7120756659,20.1928430603,38.9394040865,29.7120756659,1.73132152707,0.548885005377
maternal_deaths,171,Tajikistan,Tajikistan,European Region,2021,68.15,38.4712792253,28.4410382651,47.9635898451,ensemble_top4,29.6787207747,20.1864101549,39.7089617349,29.6787207747,1.77145136248,0.57179918939
maternal_deaths,171,Tajikistan,Tajikistan,European Region,2022,39.63,36.3633025908,26.1974965454,46.4949354972,ensemble_top4,3.26669740921,0,13.4325034546,3.26669740921,1.08983500333,0.086026311688
maternal_deaths,171,Tajikistan,Tajikistan,European Region,2023,37.62,34.464745263,23.9651392941,45.0792567668,ensemble_top4,3.15525473704,0,13.6548607059,3.15525473704,1.09155021205,0.0875988987433
maternal_deaths,172,Thailand,Thailand,Southeast Asia Region,2000,459.4,459.4,459.4,459.4,ensemble_top4,,,,,,
maternal_deaths,172,Thailand,Thailand,Southeast Asia Region,2001,437.6,425.954002223,402.224397324,445.950092359,ensemble_top4,,,,,,
maternal_deaths,172,Thailand,Thailand,Southeast Asia Region,2002,409.7,411.227041801,389.364742539,430.410875108,ensemble_top4,,,,,,
maternal_deaths,172,Thailand,Thailand,Southeast Asia Region,2003,380.9,395.361555494,374.823081195,414.496541357,ensemble_top4,,,,,,
maternal_deaths,172,Thailand,Thailand,Southeast Asia Region,2004,393.9,379.09410455,359.923955237,398.363656608,ensemble_top4,,,,,,
maternal_deaths,172,Thailand,Thailand,Southeast Asia Region,2005,356.6,363.367362175,345.255732759,383.37432007,ensemble_top4,,,,,,
maternal_deaths,172,Thailand,Thailand,Southeast Asia Region,2006,337.5,347.405920487,327.972696562,369.155207695,ensemble_top4,,,,,,
maternal_deaths,172,Thailand,Thailand,Southeast Asia Region,2007,328.8,336.761170647,317.626398774,356.162043622,ensemble_top4,,,,,,
maternal_deaths,172,Thailand,Thailand,Southeast Asia Region,2008,312,327.216555031,304.153241881,357.253935677,ensemble_top4,,,,,,
maternal_deaths,172,Thailand,Thailand,Southeast Asia Region,2009,307.4,315.865467738,291.834917154,344.798893039,ensemble_top4,,,,,,
maternal_deaths,172,Thailand,Thailand,Southeast Asia Region,2010,303.4,307.484268595,281.194982685,332.721840284,ensemble_top4,,,,,,
maternal_deaths,172,Thailand,Thailand,Southeast Asia Region,2011,304.9,295.866147486,269.575533926,319.169861589,ensemble_top4,,,,,,
maternal_deaths,172,Thailand,Thailand,Southeast Asia Region,2012,297.4,287.726344525,265.766937503,307.640924606,ensemble_top4,,,,,,
maternal_deaths,172,Thailand,Thailand,Southeast Asia Region,2013,275.6,277.107511557,256.701298368,295.923282111,ensemble_top4,,,,,,
maternal_deaths,172,Thailand,Thailand,Southeast Asia Region,2014,262.1,266.007992278,245.451775901,284.599097305,ensemble_top4,,,,,,
maternal_deaths,172,Thailand,Thailand,Southeast Asia Region,2015,252,255.742748937,235.211725764,275.153854501,ensemble_top4,,,,,,
maternal_deaths,172,Thailand,Thailand,Southeast Asia Region,2016,244.6,245.638776159,226.172481395,264.700527552,ensemble_top4,,,,,,
maternal_deaths,172,Thailand,Thailand,Southeast Asia Region,2017,235.4,236.292727161,217.185800683,254.658219307,ensemble_top4,,,,,,
maternal_deaths,172,Thailand,Thailand,Southeast Asia Region,2018,225.7,227.292958563,207.076423554,246.033660051,ensemble_top4,,,,,,
maternal_deaths,172,Thailand,Thailand,Southeast Asia Region,2019,219.2,218.518178228,199.216677928,237.73165512,ensemble_top4,,,,,,
maternal_deaths,172,Thailand,Thailand,Southeast Asia Region,2020,228.3,210.111092164,190.796012986,229.524644216,ensemble_top4,18.1889078358,0,37.5039870142,18.1889078358,1.08656805145,0.0830241523891
maternal_deaths,172,Thailand,Thailand,Southeast Asia Region,2021,234.2,201.931841286,182.679604252,222.328100435,ensemble_top4,32.2681587137,11.871899565,51.5203957483,32.2681587137,1.15979727867,0.148245230076
maternal_deaths,172,Thailand,Thailand,Southeast Asia Region,2022,676.2,194.459966766,174.916230859,214.456861616,ensemble_top4,481.740033234,461.743138384,501.283769141,481.740033234,3.47732240854,1.2462625748
maternal_deaths,172,Thailand,Thailand,Southeast Asia Region,2023,203.7,186.914340226,167.413129745,207.37915289,ensemble_top4,16.7856597737,0,36.2868702547,16.7856597737,1.08980402335,0.085997884982
maternal_deaths,173,Timor-Leste,Timor-Leste,Southeast Asia Region,2000,229.2,229.2,229.2,229.2,ensemble_top4,,,,,,
maternal_deaths,173,Timor-Leste,Timor-Leste,Southeast Asia Region,2001,235.2,234.78550212,228.309427112,238.543968608,ensemble_top4,,,,,,
maternal_deaths,173,Timor-Leste,Timor-Leste,Southeast Asia Region,2002,241.7,244.11609749,239.719649099,251.713262725,ensemble_top4,,,,,,
maternal_deaths,173,Timor-Leste,Timor-Leste,Southeast Asia Region,2003,251,248.742133814,242.450266167,253.244318587,ensemble_top4,,,,,,
maternal_deaths,173,Timor-Leste,Timor-Leste,Southeast Asia Region,2004,238.2,237.222761842,232.117785896,241.080890243,ensemble_top4,,,,,,
maternal_deaths,173,Timor-Leste,Timor-Leste,Southeast Asia Region,2005,222.6,222.459199006,218.250504326,227.430565102,ensemble_top4,,,,,,
maternal_deaths,173,Timor-Leste,Timor-Leste,Southeast Asia Region,2006,205.3,206.897538298,202.958654087,211.928730486,ensemble_top4,,,,,,
maternal_deaths,173,Timor-Leste,Timor-Leste,Southeast Asia Region,2007,191.2,191.429893794,187.039170096,196.130108787,ensemble_top4,,,,,,
maternal_deaths,173,Timor-Leste,Timor-Leste,Southeast Asia Region,2008,177,176.513680494,171.274328564,180.817039614,ensemble_top4,,,,,,
maternal_deaths,173,Timor-Leste,Timor-Leste,Southeast Asia Region,2009,163,162.690896601,159.083808562,167.473424136,ensemble_top4,,,,,,
maternal_deaths,173,Timor-Leste,Timor-Leste,Southeast Asia Region,2010,149.8,149.984789978,145.763055166,154.397500387,ensemble_top4,,,,,,
maternal_deaths,173,Timor-Leste,Timor-Leste,Southeast Asia Region,2011,137.4,137.521476822,133.62269699,142.044706643,ensemble_top4,,,,,,
maternal_deaths,173,Timor-Leste,Timor-Leste,Southeast Asia Region,2012,126.6,126.841780715,122.486407379,130.757376103,ensemble_top4,,,,,,
maternal_deaths,173,Timor-Leste,Timor-Leste,Southeast Asia Region,2013,117.2,116.660246616,112.296456691,120.65971085,ensemble_top4,,,,,,
maternal_deaths,173,Timor-Leste,Timor-Leste,Southeast Asia Region,2014,108.6,107.595079707,103.179133693,111.301832437,ensemble_top4,,,,,,
maternal_deaths,173,Timor-Leste,Timor-Leste,Southeast Asia Region,2015,99.45,99.4679864787,94.6969968127,103.142176152,ensemble_top4,,,,,,
maternal_deaths,173,Timor-Leste,Timor-Leste,Southeast Asia Region,2016,92.09,91.8533343707,87.3473935923,95.9755415375,ensemble_top4,,,,,,
maternal_deaths,173,Timor-Leste,Timor-Leste,Southeast Asia Region,2017,85.02,85.4663247201,80.8682585562,89.5249686068,ensemble_top4,,,,,,
maternal_deaths,173,Timor-Leste,Timor-Leste,Southeast Asia Region,2018,78.3,79.6299506154,75.1652205314,83.5738056262,ensemble_top4,,,,,,
maternal_deaths,173,Timor-Leste,Timor-Leste,Southeast Asia Region,2019,73.69,74.5232616735,69.9963800082,78.763163116,ensemble_top4,,,,,,
maternal_deaths,173,Timor-Leste,Timor-Leste,Southeast Asia Region,2020,79.68,69.9519361214,65.5442377243,74.4596092007,ensemble_top4,9.72806387865,5.22039079927,14.1357622757,9.72806387865,1.13906782883,0.130210233901
maternal_deaths,173,Timor-Leste,Timor-Leste,Southeast Asia Region,2021,80.62,66.0013090952,61.3115817245,70.9014550423,ensemble_top4,14.6186909048,9.7185449577,19.3084182755,14.6186909048,1.22149092352,0.200072181084
maternal_deaths,173,Timor-Leste,Timor-Leste,Southeast Asia Region,2022,72.14,62.4407639025,57.9066706344,67.9571514332,ensemble_top4,9.69923609747,4.1828485668,14.2333293656,9.69923609747,1.15533500059,0.144390345718
maternal_deaths,173,Timor-Leste,Timor-Leste,Southeast Asia Region,2023,58.79,59.3604167461,54.7827941225,65.2524044506,ensemble_top4,0,0,4.00720587751,-0.570416746083,0.990390620933,-0.00965584707535
maternal_deaths,174,Togo,Togo,African Region,2000,966.5,966.5,966.5,966.5,ensemble_top4,,,,,,
maternal_deaths,174,Togo,Togo,African Region,2001,956.2,914.642534304,842.875723807,975.473651365,ensemble_top4,,,,,,
maternal_deaths,174,Togo,Togo,African Region,2002,914.5,923.432100623,864.649031662,988.942421507,ensemble_top4,,,,,,
maternal_deaths,174,Togo,Togo,African Region,2003,898.2,931.303945339,872.33877368,1009.52616528,ensemble_top4,,,,,,
maternal_deaths,174,Togo,Togo,African Region,2004,912.3,941.057115041,882.466915281,1027.9131791,ensemble_top4,,,,,,
maternal_deaths,174,Togo,Togo,African Region,2005,950.5,957.57669057,888.105957243,1043.54167669,ensemble_top4,,,,,,
maternal_deaths,174,Togo,Togo,African Region,2006,1024,989.013430125,911.502642056,1063.63946485,ensemble_top4,,,,,,
maternal_deaths,174,Togo,Togo,African Region,2007,1054,1047.02745164,956.754720903,1114.06317051,ensemble_top4,,,,,,
maternal_deaths,174,Togo,Togo,African Region,2008,1106,1117.29904424,1018.07014947,1181.20182584,ensemble_top4,,,,,,
maternal_deaths,174,Togo,Togo,African Region,2009,1175,1184.48396535,1115.15317548,1253.85448041,ensemble_top4,,,,,,
maternal_deaths,174,Togo,Togo,African Region,2010,1268,1237.28100063,1174.86094841,1316.77207357,ensemble_top4,,,,,,
maternal_deaths,174,Togo,Togo,African Region,2011,1287,1272.43117827,1212.88445248,1353.29540939,ensemble_top4,,,,,,
maternal_deaths,174,Togo,Togo,African Region,2012,1300,1290.69070864,1229.19593492,1363.79546914,ensemble_top4,,,,,,
maternal_deaths,174,Togo,Togo,African Region,2013,1290,1294.4080141,1233.63785743,1359.55313378,ensemble_top4,,,,,,
maternal_deaths,174,Togo,Togo,African Region,2014,1281,1284.58916029,1220.10868061,1343.63336253,ensemble_top4,,,,,,
maternal_deaths,174,Togo,Togo,African Region,2015,1250,1267.25071084,1195.41798168,1324.412892,ensemble_top4,,,,,,
maternal_deaths,174,Togo,Togo,African Region,2016,1244,1243.79061258,1170.43240098,1302.03258468,ensemble_top4,,,,,,
maternal_deaths,174,Togo,Togo,African Region,2017,1212,1217.60516769,1146.7767402,1278.98902759,ensemble_top4,,,,,,
maternal_deaths,174,Togo,Togo,African Region,2018,1201,1190.93970659,1127.00235797,1256.27774272,ensemble_top4,,,,,,
maternal_deaths,174,Togo,Togo,African Region,2019,1159,1164.59000107,1101.32833561,1233.9375613,ensemble_top4,,,,,,
maternal_deaths,174,Togo,Togo,African Region,2020,1119,1141.12805738,1075.71720297,1217.30715452,ensemble_top4,0,0,43.2827970292,-22.1280573788,0.980608611596,-0.0195818678369
maternal_deaths,174,Togo,Togo,African Region,2021,1127,1119.95278126,1050.75658855,1207.5796645,ensemble_top4,7.04721874303,0,76.2434114517,7.04721874303,1.00629242488,0.00627271023137
maternal_deaths,174,Togo,Togo,African Region,2022,1038,1099.18083503,1024.49319062,1200.86871011,ensemble_top4,0,0,13.506809382,-61.1808350257,0.944339609029,-0.0572694222061
maternal_deaths,174,Togo,Togo,African Region,2023,1011,1081.92441431,1001.74667765,1193.41824133,ensemble_top4,0,0,9.25332235186,-70.9244143119,0.934446054296,-0.0678013805631
maternal_deaths,175,Tonga,Tonga,Western Pacific Region,2000,3.01,3.01,2.01,3.01,ensemble_top4,,,,,,
maternal_deaths,175,Tonga,Tonga,Western Pacific Region,2001,2.98,2.94149044063,2.76815466124,3.05230122564,ensemble_top4,,,,,,
maternal_deaths,175,Tonga,Tonga,Western Pacific Region,2002,3.01,3.0063102397,2.8931881974,3.10087211836,ensemble_top4,,,,,,
maternal_deaths,175,Tonga,Tonga,Western Pacific Region,2003,2.98,2.99873118413,2.90186098361,3.10444487122,ensemble_top4,,,,,,
maternal_deaths,175,Tonga,Tonga,Western Pacific Region,2004,2.9,2.96487525462,2.87097934137,3.07626558583,ensemble_top4,,,,,,
maternal_deaths,175,Tonga,Tonga,Western Pacific Region,2005,2.92,2.9109840179,2.81525237494,3.03715783424,ensemble_top4,,,,,,
maternal_deaths,175,Tonga,Tonga,Western Pacific Region,2006,2.79,2.84557115651,2.73739179253,2.97690763639,ensemble_top4,,,,,,
maternal_deaths,175,Tonga,Tonga,Western Pacific Region,2007,2.73,2.77776143703,2.65494191492,2.91411006949,ensemble_top4,,,,,,
maternal_deaths,175,Tonga,Tonga,Western Pacific Region,2008,2.69,2.71339888805,2.60748115905,2.83514691756,ensemble_top4,,,,,,
maternal_deaths,175,Tonga,Tonga,Western Pacific Region,2009,2.76,2.65858101916,2.54618022659,2.76347365515,ensemble_top4,,,,,,
maternal_deaths,175,Tonga,Tonga,Western Pacific Region,2010,2.56,2.57750980422,2.46849854142,2.67985623112,ensemble_top4,,,,,,
maternal_deaths,175,Tonga,Tonga,Western Pacific Region,2011,2.49,2.49402487358,2.39224670171,2.60069910156,ensemble_top4,,,,,,
maternal_deaths,175,Tonga,Tonga,Western Pacific Region,2012,2.42,2.41139574625,2.30829065017,2.51865550418,ensemble_top4,,,,,,
maternal_deaths,175,Tonga,Tonga,Western Pacific Region,2013,2.31,2.32757494788,2.22674485959,2.43785587292,ensemble_top4,,,,,,
maternal_deaths,175,Tonga,Tonga,Western Pacific Region,2014,2.24,2.24407036646,2.14436858843,2.35398389096,ensemble_top4,,,,,,
maternal_deaths,175,Tonga,Tonga,Western Pacific Region,2015,2.16,2.16224443312,2.06725806316,2.27944432529,ensemble_top4,,,,,,
maternal_deaths,175,Tonga,Tonga,Western Pacific Region,2016,2.07,2.08216223746,1.99063404446,2.20052581608,ensemble_top4,,,,,,
maternal_deaths,175,Tonga,Tonga,Western Pacific Region,2017,1.98,2.00305002766,1.9087422333,2.12530434519,ensemble_top4,,,,,,
maternal_deaths,175,Tonga,Tonga,Western Pacific Region,2018,1.89,1.92837226448,1.83725908523,2.05497355937,ensemble_top4,,,,,,
maternal_deaths,175,Tonga,Tonga,Western Pacific Region,2019,1.83,1.85530152167,1.76039521036,1.98743799839,ensemble_top4,,,,,,
maternal_deaths,175,Tonga,Tonga,Western Pacific Region,2020,1.85,1.78382807913,1.68982821623,1.91770812777,ensemble_top4,0.0661719208717,0,0.160171783774,0.0661719208717,1.03709545872,0.0364239777777
maternal_deaths,175,Tonga,Tonga,Western Pacific Region,2021,1.88,1.71490029758,1.6167518771,1.8525309907,ensemble_top4,0.16509970242,0.0274690092961,0.263248122903,0.16509970242,1.09627364498,0.091916833436
maternal_deaths,175,Tonga,Tonga,Western Pacific Region,2022,1.76,1.64811261317,1.54780258028,1.79347275088,ensemble_top4,0.111887386829,0,0.212197419717,0.111887386829,1.06788819279,0.0656830466627
maternal_deaths,175,Tonga,Tonga,Western Pacific Region,2023,1.61,1.58461352804,1.48499974688,1.73022857899,ensemble_top4,0.025386471964,0,0.125000253118,0.025386471964,1.01602060787,0.0158936322908
maternal_deaths,176,Trinidad and Tobago,Trinidad and Tobago,Region of the Americas,2000,14.82,14.82,13.82,14.82,ensemble_top4,,,,,,
maternal_deaths,176,Trinidad and Tobago,Trinidad and Tobago,Region of the Americas,2001,14.15,13.7604976008,12.8640484187,14.4934569193,ensemble_top4,,,,,,
maternal_deaths,176,Trinidad and Tobago,Trinidad and Tobago,Region of the Americas,2002,13.39,13.2560219943,12.3669221039,13.8672290722,ensemble_top4,,,,,,
maternal_deaths,176,Trinidad and Tobago,Trinidad and Tobago,Region of the Americas,2003,12.96,12.7461873429,11.8628590175,13.3160257023,ensemble_top4,,,,,,
maternal_deaths,176,Trinidad and Tobago,Trinidad and Tobago,Region of the Americas,2004,12.12,12.2816397091,11.410956757,12.8437902645,ensemble_top4,,,,,,
maternal_deaths,176,Trinidad and Tobago,Trinidad and Tobago,Region of the Americas,2005,11.66,11.8531467689,11.0129708996,12.4510443976,ensemble_top4,,,,,,
maternal_deaths,176,Trinidad and Tobago,Trinidad and Tobago,Region of the Americas,2006,11.37,11.4480443066,10.6805949351,12.0431812602,ensemble_top4,,,,,,
maternal_deaths,176,Trinidad and Tobago,Trinidad and Tobago,Region of the Americas,2007,11.15,11.0738861895,10.3851428538,11.6429895973,ensemble_top4,,,,,,
maternal_deaths,176,Trinidad and Tobago,Trinidad and Tobago,Region of the Americas,2008,10.86,10.7328851017,10.1387073904,11.2933905971,ensemble_top4,,,,,,
maternal_deaths,176,Trinidad and Tobago,Trinidad and Tobago,Region of the Americas,2009,10.68,10.4289942995,9.87180521876,10.9729857765,ensemble_top4,,,,,,
maternal_deaths,176,Trinidad and Tobago,Trinidad and Tobago,Region of the Americas,2010,10.63,10.2141698936,9.69266498629,10.7323894438,ensemble_top4,,,,,,
maternal_deaths,176,Trinidad and Tobago,Trinidad and Tobago,Region of the Americas,2011,10.32,10.0053165783,9.52125650372,10.5213941358,ensemble_top4,,,,,,
maternal_deaths,176,Trinidad and Tobago,Trinidad and Tobago,Region of the Americas,2012,9.85,9.81304367183,9.33532849505,10.303946124,ensemble_top4,,,,,,
maternal_deaths,176,Trinidad and Tobago,Trinidad and Tobago,Region of the Americas,2013,9.55,9.64719199511,9.15113471782,10.1419503684,ensemble_top4,,,,,,
maternal_deaths,176,Trinidad and Tobago,Trinidad and Tobago,Region of the Americas,2014,9.4,9.50202919713,9.00713110487,10.0137978691,ensemble_top4,,,,,,
maternal_deaths,176,Trinidad and Tobago,Trinidad and Tobago,Region of the Americas,2015,9.38,9.39811742793,8.86536801889,9.93109232849,ensemble_top4,,,,,,
maternal_deaths,176,Trinidad and Tobago,Trinidad and Tobago,Region of the Americas,2016,9.31,9.32070763446,8.81369630512,9.82862306022,ensemble_top4,,,,,,
maternal_deaths,176,Trinidad and Tobago,Trinidad and Tobago,Region of the Americas,2017,9.25,9.26771551756,8.74136990566,9.78826202878,ensemble_top4,,,,,,
maternal_deaths,176,Trinidad and Tobago,Trinidad and Tobago,Region of the Americas,2018,9.33,9.24612436151,8.71783069347,9.78989905897,ensemble_top4,,,,,,
maternal_deaths,176,Trinidad and Tobago,Trinidad and Tobago,Region of the Americas,2019,9.58,9.26014992094,8.73907467624,9.89460698158,ensemble_top4,,,,,,
maternal_deaths,176,Trinidad and Tobago,Trinidad and Tobago,Region of the Americas,2020,6.03,9.28588467286,8.72024224477,10.1492350676,ensemble_top4,0,0,0,-3.25588467286,0.649372699795,-0.431748459318
maternal_deaths,176,Trinidad and Tobago,Trinidad and Tobago,Region of the Americas,2021,9.11,9.34094075247,8.69966933272,10.5119893159,ensemble_top4,0,0,0.410330667285,-0.230940752471,0.975276499596,-0.0250342588594
maternal_deaths,176,Trinidad and Tobago,Trinidad and Tobago,Region of the Americas,2022,5,9.37720332833,8.67975939383,11.0810231463,ensemble_top4,0,0,0,-4.37720332833,0.533208017885,-0.628843653497
maternal_deaths,176,Trinidad and Tobago,Trinidad and Tobago,Region of the Americas,2023,8.7,9.42248995917,8.62636268372,11.8258837614,ensemble_top4,0,0,0.0736373162845,-0.722489959169,0.923322819945,-0.0797763548752
maternal_deaths,177,Tunisia,Tunisia,Eastern Mediterranean,2000,90.09,90.09,90.09,90.09,ensemble_top4,,,,,,
maternal_deaths,177,Tunisia,Tunisia,Eastern Mediterranean,2001,87.5,82.6783599978,73.8731368542,90.6759509864,ensemble_top4,,,,,,
maternal_deaths,177,Tunisia,Tunisia,Eastern Mediterranean,2002,84.88,83.0347148112,74.075830613,90.8999099725,ensemble_top4,,,,,,
maternal_deaths,177,Tunisia,Tunisia,Eastern Mediterranean,2003,84.69,82.7851890884,74.029300207,89.6021186402,ensemble_top4,,,,,,
maternal_deaths,177,Tunisia,Tunisia,Eastern Mediterranean,2004,83.48,81.9482617366,74.4827456042,88.5335301409,ensemble_top4,,,,,,
maternal_deaths,177,Tunisia,Tunisia,Eastern Mediterranean,2005,82.82,81.0206790564,74.2537799616,88.508517636,ensemble_top4,,,,,,
maternal_deaths,177,Tunisia,Tunisia,Eastern Mediterranean,2006,81.76,81.0822117485,74.617900043,88.5985723475,ensemble_top4,,,,,,
maternal_deaths,177,Tunisia,Tunisia,Eastern Mediterranean,2007,81.13,81.5371070819,74.7293474519,89.035268884,ensemble_top4,,,,,,
maternal_deaths,177,Tunisia,Tunisia,Eastern Mediterranean,2008,81.09,82.4413884251,75.3982246498,90.7595994862,ensemble_top4,,,,,,
maternal_deaths,177,Tunisia,Tunisia,Eastern Mediterranean,2009,81.59,84.3179198787,76.0380738422,93.8570604535,ensemble_top4,,,,,,
maternal_deaths,177,Tunisia,Tunisia,Eastern Mediterranean,2010,84.53,86.7271786308,77.3943650315,97.4197613225,ensemble_top4,,,,,,
maternal_deaths,177,Tunisia,Tunisia,Eastern Mediterranean,2011,90.02,89.6240144377,79.7096445543,100.848155655,ensemble_top4,,,,,,
maternal_deaths,177,Tunisia,Tunisia,Eastern Mediterranean,2012,93.52,91.6499688547,83.1534552154,101.321050934,ensemble_top4,,,,,,
maternal_deaths,177,Tunisia,Tunisia,Eastern Mediterranean,2013,94.16,91.9465445486,83.606908393,101.104567545,ensemble_top4,,,,,,
maternal_deaths,177,Tunisia,Tunisia,Eastern Mediterranean,2014,92.61,91.0141524323,80.8227624937,100.131026527,ensemble_top4,,,,,,
maternal_deaths,177,Tunisia,Tunisia,Eastern Mediterranean,2015,89.15,88.454510414,78.2771166431,97.2844039934,ensemble_top4,,,,,,
maternal_deaths,177,Tunisia,Tunisia,Eastern Mediterranean,2016,85.04,85.7929747883,76.9454722262,93.32981412,ensemble_top4,,,,,,
maternal_deaths,177,Tunisia,Tunisia,Eastern Mediterranean,2017,80.14,83.0538051933,75.8211182871,90.8369190221,ensemble_top4,,,,,,
maternal_deaths,177,Tunisia,Tunisia,Eastern Mediterranean,2018,76.63,80.956444314,73.5579263235,89.7298817991,ensemble_top4,,,,,,
maternal_deaths,177,Tunisia,Tunisia,Eastern Mediterranean,2019,74.46,80.2223821325,67.9412800606,89.4826702565,ensemble_top4,,,,,,
maternal_deaths,177,Tunisia,Tunisia,Eastern Mediterranean,2020,75.03,80.1803068725,61.6308966417,89.2877123508,ensemble_top4,0,0,13.3991033583,-5.15030687246,0.935765937132,-0.0663899009437
maternal_deaths,177,Tunisia,Tunisia,Eastern Mediterranean,2021,109.1,79.8800742996,55.5835685501,89.0130776442,ensemble_top4,29.2199257004,20.0869223558,53.5164314499,29.2199257004,1.36579742766,0.311738454151
maternal_deaths,177,Tunisia,Tunisia,Eastern Mediterranean,2022,65.24,79.9891416492,49.5057511131,89.3238068034,ensemble_top4,0,0,15.7342488869,-14.7491416492,0.815610702339,-0.203818118324
maternal_deaths,177,Tunisia,Tunisia,Eastern Mediterranean,2023,59.9,79.906710101,43.8157450373,89.0702959034,ensemble_top4,0,0,16.0842549627,-20.006710101,0.749624154521,-0.288183325364
maternal_deaths,178,Turkmenistan,Turkmenistan,European Region,2000,27.13,27.13,27.13,27.13,ensemble_top4,,,,,,
maternal_deaths,178,Turkmenistan,Turkmenistan,European Region,2001,23.88,22.9953933995,21.5593500173,24.1760357753,ensemble_top4,,,,,,
maternal_deaths,178,Turkmenistan,Turkmenistan,European Region,2002,21.4,21.7256343964,20.4544727732,22.8206343587,ensemble_top4,,,,,,
maternal_deaths,178,Turkmenistan,Turkmenistan,European Region,2003,19.65,20.3368172479,19.2413200133,21.4418281752,ensemble_top4,,,,,,
maternal_deaths,178,Turkmenistan,Turkmenistan,European Region,2004,18.69,19.0524714525,17.8471900566,20.190968442,ensemble_top4,,,,,,
maternal_deaths,178,Turkmenistan,Turkmenistan,European Region,2005,18.2,18.1019507795,16.9737140089,19.3378923602,ensemble_top4,,,,,,
maternal_deaths,178,Turkmenistan,Turkmenistan,European Region,2006,17.55,16.9849695905,15.866495055,18.1535874359,ensemble_top4,,,,,,
maternal_deaths,178,Turkmenistan,Turkmenistan,European Region,2007,16.36,15.9017183902,14.8105111044,17.0920863178,ensemble_top4,,,,,,
maternal_deaths,178,Turkmenistan,Turkmenistan,European Region,2008,14.9,14.8712553149,13.8031378696,16.1203739746,ensemble_top4,,,,,,
maternal_deaths,178,Turkmenistan,Turkmenistan,European Region,2009,13.46,13.9244690959,12.8641990077,15.2160436487,ensemble_top4,,,,,,
maternal_deaths,178,Turkmenistan,Turkmenistan,European Region,2010,12.52,13.0545139309,12.0183876628,14.3468324775,ensemble_top4,,,,,,
maternal_deaths,178,Turkmenistan,Turkmenistan,European Region,2011,11.87,12.3208067872,11.2513823623,13.6121479121,ensemble_top4,,,,,,
maternal_deaths,178,Turkmenistan,Turkmenistan,European Region,2012,11.53,11.7551018601,10.6147319727,12.9860620513,ensemble_top4,,,,,,
maternal_deaths,178,Turkmenistan,Turkmenistan,European Region,2013,11.32,11.202272674,10.0390607744,12.3759742453,ensemble_top4,,,,,,
maternal_deaths,178,Turkmenistan,Turkmenistan,European Region,2014,10.81,10.6515268022,9.53480681061,11.8070080151,ensemble_top4,,,,,,
maternal_deaths,178,Turkmenistan,Turkmenistan,European Region,2015,10.33,10.1599935888,8.96104658753,11.2677001621,ensemble_top4,,,,,,
maternal_deaths,178,Turkmenistan,Turkmenistan,European Region,2016,9.77,9.69510388209,8.52740300008,10.8155876101,ensemble_top4,,,,,,
maternal_deaths,178,Turkmenistan,Turkmenistan,European Region,2017,9.39,9.32101807457,8.02105500185,10.4273386494,ensemble_top4,,,,,,
maternal_deaths,178,Turkmenistan,Turkmenistan,European Region,2018,9.02,8.95224266596,7.54305726947,10.1110150468,ensemble_top4,,,,,,
maternal_deaths,178,Turkmenistan,Turkmenistan,European Region,2019,8.65,8.64134051594,6.98845289701,9.96453310982,ensemble_top4,,,,,,
maternal_deaths,178,Turkmenistan,Turkmenistan,European Region,2020,8.81,8.36115036149,6.58317236487,9.88716625214,ensemble_top4,0.448849638509,0,2.22682763513,0.448849638509,1.05368276124,0.0522914192688
maternal_deaths,178,Turkmenistan,Turkmenistan,European Region,2021,9.12,8.11968285411,6.1484281469,9.95112036603,ensemble_top4,1.00031714589,0,2.9715718531,1.00031714589,1.12319657847,0.11617870805
maternal_deaths,178,Turkmenistan,Turkmenistan,European Region,2022,7.51,7.86393315069,5.72059224424,10.20331454,ensemble_top4,0,0,1.78940775576,-0.353933150685,0.954992858675,-0.0460514163568
maternal_deaths,178,Turkmenistan,Turkmenistan,European Region,2023,7.24,7.65770287729,5.39986003394,10.6930885981,ensemble_top4,0,0,1.84013996606,-0.417702877288,0.945453240485,-0.0560908469087
maternal_deaths,179,Tuvalu,Tuvalu,Western Pacific Region,2000,0.6,0.6,0.6,0.6,ensemble_top4,,,,,,
maternal_deaths,179,Tuvalu,Tuvalu,Western Pacific Region,2001,0.58,0.537688954723,0.455763606569,0.604599392555,ensemble_top4,,,,,,
maternal_deaths,179,Tuvalu,Tuvalu,Western Pacific Region,2002,0.55,0.532434278104,0.463356939748,0.600483906654,ensemble_top4,,,,,,
maternal_deaths,179,Tuvalu,Tuvalu,Western Pacific Region,2003,0.48,0.524933000943,0.45471834128,0.595280486335,ensemble_top4,,,,,,
maternal_deaths,179,Tuvalu,Tuvalu,Western Pacific Region,2004,0.47,0.515908886334,0.444807189114,0.584578752922,ensemble_top4,,,,,,
maternal_deaths,179,Tuvalu,Tuvalu,Western Pacific Region,2005,0.52,0.509393832245,0.442285741412,0.582441097993,ensemble_top4,,,,,,
maternal_deaths,179,Tuvalu,Tuvalu,Western Pacific Region,2006,0.51,0.505049682141,0.436033740457,0.573706160387,ensemble_top4,,,,,,
maternal_deaths,179,Tuvalu,Tuvalu,Western Pacific Region,2007,0.5,0.496185910365,0.429839936624,0.564895580067,ensemble_top4,,,,,,
maternal_deaths,179,Tuvalu,Tuvalu,Western Pacific Region,2008,0.49,0.485046778669,0.419304293778,0.554633443437,ensemble_top4,,,,,,
maternal_deaths,179,Tuvalu,Tuvalu,Western Pacific Region,2009,0.49,0.474423029261,0.407800527248,0.544406535257,ensemble_top4,,,,,,
maternal_deaths,179,Tuvalu,Tuvalu,Western Pacific Region,2010,0.5,0.463706258206,0.398310825802,0.531706426763,ensemble_top4,,,,,,
maternal_deaths,179,Tuvalu,Tuvalu,Western Pacific Region,2011,0.41,0.453073739001,0.38602569441,0.524814060003,ensemble_top4,,,,,,
maternal_deaths,179,Tuvalu,Tuvalu,Western Pacific Region,2012,0.42,0.443701715348,0.375702010111,0.514455008234,ensemble_top4,,,,,,
maternal_deaths,179,Tuvalu,Tuvalu,Western Pacific Region,2013,0.42,0.434764558087,0.366650051927,0.50308510041,ensemble_top4,,,,,,
maternal_deaths,179,Tuvalu,Tuvalu,Western Pacific Region,2014,0.42,0.430350565573,0.359493282547,0.503744833562,ensemble_top4,,,,,,
maternal_deaths,179,Tuvalu,Tuvalu,Western Pacific Region,2015,0.43,0.428327372806,0.35502869133,0.503828174957,ensemble_top4,,,,,,
maternal_deaths,179,Tuvalu,Tuvalu,Western Pacific Region,2016,0.44,0.422106439357,0.34902486691,0.498032120635,ensemble_top4,,,,,,
maternal_deaths,179,Tuvalu,Tuvalu,Western Pacific Region,2017,0.45,0.419456375179,0.340112537617,0.491205959597,ensemble_top4,,,,,,
maternal_deaths,179,Tuvalu,Tuvalu,Western Pacific Region,2018,0.41,0.41013172185,0.329315945939,0.484792186041,ensemble_top4,,,,,,
maternal_deaths,179,Tuvalu,Tuvalu,Western Pacific Region,2019,0.41,0.40276953287,0.320775003416,0.477502189052,ensemble_top4,,,,,,
maternal_deaths,179,Tuvalu,Tuvalu,Western Pacific Region,2020,0.53,0.394395350608,0.30768776397,0.470073982091,ensemble_top4,0.135604649392,0.0599260179093,0.22231223603,0.135604649392,1.34382922918,0.295523172406
maternal_deaths,179,Tuvalu,Tuvalu,Western Pacific Region,2021,0.39,0.387220436649,0.299506911096,0.464725736601,ensemble_top4,0.00277956335072,0,0.0904930889043,0.00277956335072,1.00717824548,0.00715260451163
maternal_deaths,179,Tuvalu,Tuvalu,Western Pacific Region,2022,0.53,0.3787548339,0.289095903171,0.458628792885,ensemble_top4,0.1512451661,0.0713712071147,0.240904096829,0.1512451661,1.39932207477,0.335987887033
maternal_deaths,179,Tuvalu,Tuvalu,Western Pacific Region,2023,0.38,0.371297204915,0.280469084659,0.450069263004,ensemble_top4,0.00870279508515,0,0.0995309153414,0.00870279508515,1.023438892,0.0231684194008
maternal_deaths,180,Turkey,Türkiye,European Region,2000,449,449,449,449,ensemble_top4,,,,,,
maternal_deaths,180,Turkey,Türkiye,European Region,2001,424.3,407.514590441,378.168651896,434.82030612,ensemble_top4,,,,,,
maternal_deaths,180,Turkey,Türkiye,European Region,2002,392,392.8817665,368.856972707,413.604156447,ensemble_top4,,,,,,
maternal_deaths,180,Turkey,Türkiye,European Region,2003,370.9,378.12583384,357.339788437,398.194323037,ensemble_top4,,,,,,
maternal_deaths,180,Turkey,Türkiye,European Region,2004,360.3,363.826367277,342.96990756,384.364871497,ensemble_top4,,,,,,
maternal_deaths,180,Turkey,Türkiye,European Region,2005,348.2,350.867230288,329.540972164,373.035171356,ensemble_top4,,,,,,
maternal_deaths,180,Turkey,Türkiye,European Region,2006,337.2,338.192209588,316.427747501,360.804415181,ensemble_top4,,,,,,
maternal_deaths,180,Turkey,Türkiye,European Region,2007,324.5,326.600677507,305.377548574,349.645444097,ensemble_top4,,,,,,
maternal_deaths,180,Turkey,Türkiye,European Region,2008,312.1,315.920066411,294.788021876,339.172972483,ensemble_top4,,,,,,
maternal_deaths,180,Turkey,Türkiye,European Region,2009,299.6,305.463846282,285.43335807,328.909437242,ensemble_top4,,,,,,
maternal_deaths,180,Turkey,Türkiye,European Region,2010,285.7,295.915437955,275.789674838,319.254423119,ensemble_top4,,,,,,
maternal_deaths,180,Turkey,Türkiye,European Region,2011,288.3,286.705708794,266.299224473,310.664554768,ensemble_top4,,,,,,
maternal_deaths,180,Turkey,Türkiye,European Region,2012,277,279.587670864,258.641073317,301.674575877,ensemble_top4,,,,,,
maternal_deaths,180,Turkey,Türkiye,European Region,2013,262.7,275.128236098,251.969227832,298.589396123,ensemble_top4,,,,,,
maternal_deaths,180,Turkey,Türkiye,European Region,2014,270.8,266.415558429,242.69343282,289.870289003,ensemble_top4,,,,,,
maternal_deaths,180,Turkey,Türkiye,European Region,2015,269.3,265.027910584,239.520212076,292.075506795,ensemble_top4,,,,,,
maternal_deaths,180,Turkey,Türkiye,European Region,2016,270.1,257.257935666,231.449513449,282.236102371,ensemble_top4,,,,,,
maternal_deaths,180,Turkey,Türkiye,European Region,2017,254.3,245.960954899,222.320628107,267.344903243,ensemble_top4,,,,,,
maternal_deaths,180,Turkey,Türkiye,European Region,2018,237.7,236.132219317,212.669686712,258.458319456,ensemble_top4,,,,,,
maternal_deaths,180,Turkey,Türkiye,European Region,2019,217.2,227.436642196,204.786321236,249.954800509,ensemble_top4,,,,,,
maternal_deaths,180,Turkey,Türkiye,European Region,2020,230.8,218.007297371,195.481133924,242.016912035,ensemble_top4,12.792702629,0,35.318866076,12.792702629,1.05868015788,0.0570229982263
maternal_deaths,180,Turkey,Türkiye,European Region,2021,228.6,209.887462294,186.207027663,236.484260032,ensemble_top4,18.7125377064,0,42.3929723372,18.7125377064,1.08915510008,0.0854022581258
maternal_deaths,180,Turkey,Türkiye,European Region,2022,228.9,201.660363814,175.869843688,228.87919633,ensemble_top4,27.2396361861,0.020803669588,53.0301563123,27.2396361861,1.13507679779,0.1267003119
maternal_deaths,180,Turkey,Türkiye,European Region,2023,156.8,194.192060538,165.624177106,222.941683327,ensemble_top4,0,0,0,-37.3920605376,0.807448046877,-0.213876564188
maternal_deaths,181,Uganda,Uganda,African Region,2000,5501,5501,5501,5501,ensemble_top4,,,,,,
maternal_deaths,181,Uganda,Uganda,African Region,2001,5221,5049.91777447,4242.8760038,5708.38798759,ensemble_top4,,,,,,
maternal_deaths,181,Uganda,Uganda,African Region,2002,5037,5064.44391831,4469.17757624,5642.35534702,ensemble_top4,,,,,,
maternal_deaths,181,Uganda,Uganda,African Region,2003,4883,5044.58762394,4457.87110187,5648.77605347,ensemble_top4,,,,,,
maternal_deaths,181,Uganda,Uganda,African Region,2004,4854,4996.89059246,4411.32964922,5638.64598842,ensemble_top4,,,,,,
maternal_deaths,181,Uganda,Uganda,African Region,2005,5343,4909.30662744,4320.98685894,5570.88197868,ensemble_top4,,,,,,
maternal_deaths,181,Uganda,Uganda,African Region,2006,5317,4940.71512318,4288.68805986,5861.56520645,ensemble_top4,,,,,,
maternal_deaths,181,Uganda,Uganda,African Region,2007,4550,4707.98893371,4140.69223039,5307.01461769,ensemble_top4,,,,,,
maternal_deaths,181,Uganda,Uganda,African Region,2008,4339,4601.62538521,4031.74933623,5156.29300215,ensemble_top4,,,,,,
maternal_deaths,181,Uganda,Uganda,African Region,2009,4399,4478.04452042,3904.0036945,5034.99625121,ensemble_top4,,,,,,
maternal_deaths,181,Uganda,Uganda,African Region,2010,4228,4361.00079438,3742.21753566,4961.74921152,ensemble_top4,,,,,,
maternal_deaths,181,Uganda,Uganda,African Region,2011,4148,4245.45814312,3543.44244363,4873.79900279,ensemble_top4,,,,,,
maternal_deaths,181,Uganda,Uganda,African Region,2012,4054,4217.19704811,3544.95083434,4889.57288717,ensemble_top4,,,,,,
maternal_deaths,181,Uganda,Uganda,African Region,2013,4409,4249.55206655,3645.39882786,4958.6313271,ensemble_top4,,,,,,
maternal_deaths,181,Uganda,Uganda,African Region,2014,4500,4242.46778124,3636.8032709,4923.84183049,ensemble_top4,,,,,,
maternal_deaths,181,Uganda,Uganda,African Region,2015,4380,4152.90634769,3541.93949928,4819.02075308,ensemble_top4,,,,,,
maternal_deaths,181,Uganda,Uganda,African Region,2016,4046,4018.8086473,3438.18369478,4596.21823486,ensemble_top4,,,,,,
maternal_deaths,181,Uganda,Uganda,African Region,2017,3754,3897.56500468,3319.89622939,4475.68538557,ensemble_top4,,,,,,
maternal_deaths,181,Uganda,Uganda,African Region,2018,3632,3788.01934339,3201.45510359,4363.79719089,ensemble_top4,,,,,,
maternal_deaths,181,Uganda,Uganda,African Region,2019,3500,3689.40145995,3080.89401869,4275.32560378,ensemble_top4,,,,,,
maternal_deaths,181,Uganda,Uganda,African Region,2020,3428,3598.2403096,2946.37031169,4183.01699919,ensemble_top4,0,0,481.629688314,-170.2403096,0.952687898819,-0.0484679223347
maternal_deaths,181,Uganda,Uganda,African Region,2021,3600,3498.28881602,2798.3239982,4108.19211773,ensemble_top4,101.711183979,0,801.676001796,101.711183979,1.02907455311,0.0286599062302
maternal_deaths,181,Uganda,Uganda,African Region,2022,3115,3421.89723378,2685.40784971,4052.63103965,ensemble_top4,0,0,429.592150295,-306.897233778,0.910313719901,-0.0939659917389
maternal_deaths,181,Uganda,Uganda,African Region,2023,2917,3334.09329509,2556.23023168,3994.10755642,ensemble_top4,0,0,360.769768318,-417.093295093,0.874900532716,-0.133645075983
maternal_deaths,182,Ukraine,Ukraine,European Region,2000,122.8,122.8,121.8,122.8,ensemble_top4,,,,,,
maternal_deaths,182,Ukraine,Ukraine,European Region,2001,113.9,110.206754829,87.0042013701,175.210907455,ensemble_top4,,,,,,
maternal_deaths,182,Ukraine,Ukraine,European Region,2002,111.7,118.039343222,99.7987790884,177.36619295,ensemble_top4,,,,,,
maternal_deaths,182,Ukraine,Ukraine,European Region,2003,114.6,122.878477789,104.884740845,165.55528099,ensemble_top4,,,,,,
maternal_deaths,182,Ukraine,Ukraine,European Region,2004,117.9,125.526794619,107.610461045,150.897315457,ensemble_top4,,,,,,
maternal_deaths,182,Ukraine,Ukraine,European Region,2005,116.5,125.778009676,109.593192068,144.247669315,ensemble_top4,,,,,,
maternal_deaths,182,Ukraine,Ukraine,European Region,2006,123.8,125.695631982,109.138961145,140.677943393,ensemble_top4,,,,,,
maternal_deaths,182,Ukraine,Ukraine,European Region,2007,128.5,127.311388049,113.369541543,143.0339373,ensemble_top4,,,,,,
maternal_deaths,182,Ukraine,Ukraine,European Region,2008,134.4,123.9416077,110.009402407,138.439608641,ensemble_top4,,,,,,
maternal_deaths,182,Ukraine,Ukraine,European Region,2009,125.1,118.864289726,104.805979609,133.060947268,ensemble_top4,,,,,,
maternal_deaths,182,Ukraine,Ukraine,European Region,2010,108.2,112.663366034,98.256426578,126.796457164,ensemble_top4,,,,,,
maternal_deaths,182,Ukraine,Ukraine,European Region,2011,103.1,105.56621274,91.0689762173,120.554648484,ensemble_top4,,,,,,
maternal_deaths,182,Ukraine,Ukraine,European Region,2012,104.2,98.6611708697,83.1478792831,113.24562073,ensemble_top4,,,,,,
maternal_deaths,182,Ukraine,Ukraine,European Region,2013,100.5,91.5664139767,75.8108377552,106.658458334,ensemble_top4,,,,,,
maternal_deaths,182,Ukraine,Ukraine,European Region,2014,91.54,84.3941191366,68.2055212586,98.5277318996,ensemble_top4,,,,,,
maternal_deaths,182,Ukraine,Ukraine,European Region,2015,77.55,77.8111316422,60.9201363128,92.9459161813,ensemble_top4,,,,,,
maternal_deaths,182,Ukraine,Ukraine,European Region,2016,72.37,71.0991404577,54.0631694277,87.4782112573,ensemble_top4,,,,,,
maternal_deaths,182,Ukraine,Ukraine,European Region,2017,63.91,64.5167777085,47.2653482372,81.7104857246,ensemble_top4,,,,,,
maternal_deaths,182,Ukraine,Ukraine,European Region,2018,59.4,58.8200551857,40.7633055293,76.4773297604,ensemble_top4,,,,,,
maternal_deaths,182,Ukraine,Ukraine,European Region,2019,55.55,53.2757742134,35.7920110374,71.6231631665,ensemble_top4,,,,,,
maternal_deaths,182,Ukraine,Ukraine,European Region,2020,60.66,47.91894721,30.374741239,66.9373284064,ensemble_top4,12.74105279,0,30.285258761,12.74105279,1.2658875775,0.235773518436
maternal_deaths,182,Ukraine,Ukraine,European Region,2021,79.93,43.435637839,26.1913605125,63.8783458944,ensemble_top4,36.494362161,16.0516541056,53.7386394875,36.494362161,1.84019399683,0.609870999124
maternal_deaths,182,Ukraine,Ukraine,European Region,2022,36.17,38.9468112769,21.5726299626,60.5110594625,ensemble_top4,0,0,14.5973700374,-2.7768112769,0.928702474327,-0.0739668559129
maternal_deaths,182,Ukraine,Ukraine,European Region,2023,31.72,34.8189614607,17.7676598385,57.4116882836,ensemble_top4,0,0,13.9523401615,-3.09896146071,0.91099787786,-0.093214711187
maternal_deaths,183,United Arab Emirates,United Arab Emirates,Eastern Mediterranean,2000,4.73,4.73,3.73,4.73,ensemble_top4,,,,,,
maternal_deaths,183,United Arab Emirates,United Arab Emirates,Eastern Mediterranean,2001,3.99,4.01628386019,3.27924147197,4.83577168688,ensemble_top4,,,,,,
maternal_deaths,183,United Arab Emirates,United Arab Emirates,Eastern Mediterranean,2002,3.43,3.89641268962,3.25160059984,4.71044503808,ensemble_top4,,,,,,
maternal_deaths,183,United Arab Emirates,United Arab Emirates,Eastern Mediterranean,2003,3.08,3.3917495791,2.79267344494,4.43045350358,ensemble_top4,,,,,,
maternal_deaths,183,United Arab Emirates,United Arab Emirates,Eastern Mediterranean,2004,2.76,2.87635416392,2.22340908565,4.04100816278,ensemble_top4,,,,,,
maternal_deaths,183,United Arab Emirates,United Arab Emirates,Eastern Mediterranean,2005,2.51,2.55995055883,1.94654011274,3.74031817375,ensemble_top4,,,,,,
maternal_deaths,183,United Arab Emirates,United Arab Emirates,Eastern Mediterranean,2006,2.07,2.39021796597,1.82892722958,3.54917602656,ensemble_top4,,,,,,
maternal_deaths,183,United Arab Emirates,United Arab Emirates,Eastern Mediterranean,2007,1.96,2.34573628617,1.73320064851,3.50307205754,ensemble_top4,,,,,,
maternal_deaths,183,United Arab Emirates,United Arab Emirates,Eastern Mediterranean,2008,1.98,2.43357423819,1.77200532587,3.54237448765,ensemble_top4,,,,,,
maternal_deaths,183,United Arab Emirates,United Arab Emirates,Eastern Mediterranean,2009,2.51,2.60612737228,2.05037724638,3.61140721385,ensemble_top4,,,,,,
maternal_deaths,183,United Arab Emirates,United Arab Emirates,Eastern Mediterranean,2010,2.72,2.82261031968,2.25907788926,3.6597137874,ensemble_top4,,,,,,
maternal_deaths,183,United Arab Emirates,United Arab Emirates,Eastern Mediterranean,2011,2.88,3.03564453773,2.46671519451,3.66178375961,ensemble_top4,,,,,,
maternal_deaths,183,United Arab Emirates,United Arab Emirates,Eastern Mediterranean,2012,3.13,3.15677552296,2.63529769634,3.60195729961,ensemble_top4,,,,,,
maternal_deaths,183,United Arab Emirates,United Arab Emirates,Eastern Mediterranean,2013,3.29,3.18660249303,2.74501893545,3.54384044408,ensemble_top4,,,,,,
maternal_deaths,183,United Arab Emirates,United Arab Emirates,Eastern Mediterranean,2014,3.21,3.13281300217,2.6739204496,3.56521935137,ensemble_top4,,,,,,
maternal_deaths,183,United Arab Emirates,United Arab Emirates,Eastern Mediterranean,2015,3.11,3.03424288647,2.44000226004,3.54734788845,ensemble_top4,,,,,,
maternal_deaths,183,United Arab Emirates,United Arab Emirates,Eastern Mediterranean,2016,3.03,2.90453148759,2.14958914645,3.44458371145,ensemble_top4,,,,,,
maternal_deaths,183,United Arab Emirates,United Arab Emirates,Eastern Mediterranean,2017,2.93,2.73746423929,1.83363196266,3.30023175849,ensemble_top4,,,,,,
maternal_deaths,183,United Arab Emirates,United Arab Emirates,Eastern Mediterranean,2018,2.68,2.51100859218,1.50960202644,3.12091054378,ensemble_top4,,,,,,
maternal_deaths,183,United Arab Emirates,United Arab Emirates,Eastern Mediterranean,2019,2.58,2.24728717881,1.19830055126,2.89490612389,ensemble_top4,,,,,,
maternal_deaths,183,United Arab Emirates,United Arab Emirates,Eastern Mediterranean,2020,6.39,1.94435935965,0.946254103599,2.74427808528,ensemble_top4,4.44564064035,3.64572191472,5.4437458964,4.44564064035,3.28642952152,1.18980172365
maternal_deaths,183,United Arab Emirates,United Arab Emirates,Eastern Mediterranean,2021,5.8,1.63615824753,0.731129383293,2.57727811309,ensemble_top4,4.16384175247,3.22272188691,5.06887061671,4.16384175247,3.54488938265,1.26550695573
maternal_deaths,183,United Arab Emirates,United Arab Emirates,Eastern Mediterranean,2022,2.3,1.36070220668,0.542631087872,2.44503153314,ensemble_top4,0.939297793316,0,1.75736891213,0.939297793316,1.6903037187,0.524908227995
maternal_deaths,183,United Arab Emirates,United Arab Emirates,Eastern Mediterranean,2023,2.64,1.11296965631,0.398442827903,2.24205927308,ensemble_top4,1.52703034369,0.39794072692,2.2415571721,1.52703034369,2.37203232364,0.863747108208
maternal_deaths,184,United Kingdom,United Kingdom of Great Britain and Northern Ireland,European Region,2000,82.41,82.41,81.41,82.41,ensemble_top4,,,,,,
maternal_deaths,184,United Kingdom,United Kingdom of Great Britain and Northern Ireland,European Region,2001,84.63,87.1807828645,77.4430428646,97.1261977939,ensemble_top4,,,,,,
maternal_deaths,184,United Kingdom,United Kingdom of Great Britain and Northern Ireland,European Region,2002,89.35,91.5236238863,84.4061130529,98.2656294358,ensemble_top4,,,,,,
maternal_deaths,184,United Kingdom,United Kingdom of Great Britain and Northern Ireland,European Region,2003,95.12,92.7835831913,85.7281517667,99.5106525084,ensemble_top4,,,,,,
maternal_deaths,184,United Kingdom,United Kingdom of Great Britain and Northern Ireland,European Region,2004,94.49,92.3546008512,85.0206935868,99.3419023303,ensemble_top4,,,,,,
maternal_deaths,184,United Kingdom,United Kingdom of Great Britain and Northern Ireland,European Region,2005,89.67,90.8701589912,83.2600710126,97.7233918515,ensemble_top4,,,,,,
maternal_deaths,184,United Kingdom,United Kingdom of Great Britain and Northern Ireland,European Region,2006,88.62,89.1878330007,80.9417538114,95.7184337001,ensemble_top4,,,,,,
maternal_deaths,184,United Kingdom,United Kingdom of Great Britain and Northern Ireland,European Region,2007,86.7,87.0052426481,78.5634504407,93.7737437745,ensemble_top4,,,,,,
maternal_deaths,184,United Kingdom,United Kingdom of Great Britain and Northern Ireland,European Region,2008,88.69,84.6853470237,76.175181549,91.4059569882,ensemble_top4,,,,,,
maternal_deaths,184,United Kingdom,United Kingdom of Great Britain and Northern Ireland,European Region,2009,84.28,82.1926500689,73.7555800348,88.9961239047,ensemble_top4,,,,,,
maternal_deaths,184,United Kingdom,United Kingdom of Great Britain and Northern Ireland,European Region,2010,82.95,79.7177666351,71.6655064979,87.1255695114,ensemble_top4,,,,,,
maternal_deaths,184,United Kingdom,United Kingdom of Great Britain and Northern Ireland,European Region,2011,78.82,77.3630279479,69.9727891715,84.9725310309,ensemble_top4,,,,,,
maternal_deaths,184,United Kingdom,United Kingdom of Great Britain and Northern Ireland,European Region,2012,72.96,74.9637026058,68.2640162476,82.8485211161,ensemble_top4,,,,,,
maternal_deaths,184,United Kingdom,United Kingdom of Great Britain and Northern Ireland,European Region,2013,68.39,72.835693628,66.5273352598,80.8102298964,ensemble_top4,,,,,,
maternal_deaths,184,United Kingdom,United Kingdom of Great Britain and Northern Ireland,European Region,2014,70.02,70.7981186771,64.4656782718,78.9455655778,ensemble_top4,,,,,,
maternal_deaths,184,United Kingdom,United Kingdom of Great Britain and Northern Ireland,European Region,2015,71.31,70.6452069069,64.1996139758,77.1762770805,ensemble_top4,,,,,,
maternal_deaths,184,United Kingdom,United Kingdom of Great Britain and Northern Ireland,European Region,2016,73.06,70.1661522568,63.2520796632,76.6547876913,ensemble_top4,,,,,,
maternal_deaths,184,United Kingdom,United Kingdom of Great Britain and Northern Ireland,European Region,2017,69.25,68.5783267866,61.620448159,74.7543396529,ensemble_top4,,,,,,
maternal_deaths,184,United Kingdom,United Kingdom of Great Britain and Northern Ireland,European Region,2018,68.62,67.1043506466,60.1817185381,73.4507884078,ensemble_top4,,,,,,
maternal_deaths,184,United Kingdom,United Kingdom of Great Britain and Northern Ireland,European Region,2019,64.9,65.7744519564,58.6354153573,72.7632858189,ensemble_top4,,,,,,
maternal_deaths,184,United Kingdom,United Kingdom of Great Britain and Northern Ireland,European Region,2020,93.05,64.424553758,56.5780837679,72.4148373278,ensemble_top4,28.625446242,20.6351626722,36.4719162321,28.625446242,1.44432509924,0.367642153108
maternal_deaths,184,United Kingdom,United Kingdom of Great Britain and Northern Ireland,European Region,2021,89.53,63.0593528268,54.4300867974,71.830267393,ensemble_top4,26.4706471732,17.699732607,35.0999132026,26.4706471732,1.4197735306,0.350497373398
maternal_deaths,184,United Kingdom,United Kingdom of Great Britain and Northern Ireland,European Region,2022,104.5,61.6598579215,52.4000982112,71.688927616,ensemble_top4,42.8401420785,32.811072384,52.0999017888,42.8401420785,1.69478171898,0.527553953174
maternal_deaths,184,United Kingdom,United Kingdom of Great Britain and Northern Ireland,European Region,2023,57.18,60.6617590592,50.5748776394,71.9742102885,ensemble_top4,0,0,6.60512236056,-3.48175905917,0.942603724106,-0.0591093136134
maternal_deaths,185,Tanzania,United Republic of Tanzania,African Region,2000,8074,8074,8073,8074,ensemble_top4,,,,,,
maternal_deaths,185,Tanzania,United Republic of Tanzania,African Region,2001,7177,5960.64925005,3494.11436264,7732.69507345,ensemble_top4,,,,,,
maternal_deaths,185,Tanzania,United Republic of Tanzania,African Region,2002,6745,6101.33943272,3539.54984779,7852.56989921,ensemble_top4,,,,,,
maternal_deaths,185,Tanzania,United Republic of Tanzania,African Region,2003,6085,6287.71902895,3852.82513286,8144.92529457,ensemble_top4,,,,,,
maternal_deaths,185,Tanzania,United Republic of Tanzania,African Region,2004,5782,6394.87430533,4438.97329466,8353.20746819,ensemble_top4,,,,,,
maternal_deaths,185,Tanzania,United Republic of Tanzania,African Region,2005,5682,6535.03147605,4937.85549091,8664.17914935,ensemble_top4,,,,,,
maternal_deaths,185,Tanzania,United Republic of Tanzania,African Region,2006,6040,6681.87540106,5125.59854022,8873.25874966,ensemble_top4,,,,,,
maternal_deaths,185,Tanzania,United Republic of Tanzania,African Region,2007,7536,6990.95772938,5384.05492866,9196.1485316,ensemble_top4,,,,,,
maternal_deaths,185,Tanzania,United Republic of Tanzania,African Region,2008,8602,7859.07104582,6010.37991001,9705.18304858,ensemble_top4,,,,,,
maternal_deaths,185,Tanzania,United Republic of Tanzania,African Region,2009,8574,8240.95667162,6333.49564732,10022.1402652,ensemble_top4,,,,,,
maternal_deaths,185,Tanzania,United Republic of Tanzania,African Region,2010,8431,8360.15106297,6486.319617,10102.0680135,ensemble_top4,,,,,,
maternal_deaths,185,Tanzania,United Republic of Tanzania,African Region,2011,8325,8361.7924625,6533.53782854,10049.3928208,ensemble_top4,,,,,,
maternal_deaths,185,Tanzania,United Republic of Tanzania,African Region,2012,8086,8322.98244764,6539.86556393,9849.7491799,ensemble_top4,,,,,,
maternal_deaths,185,Tanzania,United Republic of Tanzania,African Region,2013,8984,8184.35120288,6433.72530267,9781.79763394,ensemble_top4,,,,,,
maternal_deaths,185,Tanzania,United Republic of Tanzania,African Region,2014,8760,8060.64567002,6381.74298015,9605.24787205,ensemble_top4,,,,,,
maternal_deaths,185,Tanzania,United Republic of Tanzania,African Region,2015,8478,7926.21556364,6271.76166071,9567.04133436,ensemble_top4,,,,,,
maternal_deaths,185,Tanzania,United Republic of Tanzania,African Region,2016,8012,7758.78119909,6127.39552487,9392.916559,ensemble_top4,,,,,,
maternal_deaths,185,Tanzania,United Republic of Tanzania,African Region,2017,7228,7571.99895663,5944.91724611,9271.66878763,ensemble_top4,,,,,,
maternal_deaths,185,Tanzania,United Republic of Tanzania,African Region,2018,6840,7405.33766866,5806.51763631,9167.5724554,ensemble_top4,,,,,,
maternal_deaths,185,Tanzania,United Republic of Tanzania,African Region,2019,6366,7231.49338254,5583.02206445,9031.72947082,ensemble_top4,,,,,,
maternal_deaths,185,Tanzania,United Republic of Tanzania,African Region,2020,3551,6992.41382063,5340.57096204,8930.88748871,ensemble_top4,0,0,0,-3441.41382063,0.50783607651,-0.677596567513
maternal_deaths,185,Tanzania,United Republic of Tanzania,African Region,2021,3669,6830.96615226,5130.04440972,8822.72446879,ensemble_top4,0,0,0,-3161.96615226,0.537112894168,-0.621546975344
maternal_deaths,185,Tanzania,United Republic of Tanzania,African Region,2022,3497,6640.44908693,4929.29960802,8741.59626809,ensemble_top4,0,0,0,-3143.44908693,0.526621009245,-0.641274136694
maternal_deaths,185,Tanzania,United Republic of Tanzania,African Region,2023,6472,6450.31658296,4688.96409175,8745.08041661,ensemble_top4,21.6834170384,0,1783.03590825,21.6834170384,1.00336160509,0.00335596752332
maternal_deaths,186,USA,United States of America,Region of the Americas,2000,478.3,478.3,478.3,478.3,ensemble_top4,,,,,,
maternal_deaths,186,USA,United States of America,Region of the Americas,2001,497.6,489.130235102,458.336263348,520.606736834,ensemble_top4,,,,,,
maternal_deaths,186,USA,United States of America,Region of the Americas,2002,509.4,512.796785687,483.938496302,541.70651842,ensemble_top4,,,,,,
maternal_deaths,186,USA,United States of America,Region of the Americas,2003,530.7,529.985446905,503.114663054,558.965425399,ensemble_top4,,,,,,
maternal_deaths,186,USA,United States of America,Region of the Americas,2004,530.8,542.823447375,515.4539902,571.800180654,ensemble_top4,,,,,,
maternal_deaths,186,USA,United States of America,Region of the Americas,2005,541.7,553.631900875,524.995387006,582.753694569,ensemble_top4,,,,,,
maternal_deaths,186,USA,United States of America,Region of the Americas,2006,563.5,562.316778278,533.968320351,591.473381998,ensemble_top4,,,,,,
maternal_deaths,186,USA,United States of America,Region of the Americas,2007,571.1,570.402860722,542.473586289,599.357145994,ensemble_top4,,,,,,
maternal_deaths,186,USA,United States of America,Region of the Americas,2008,579.3,577.767722614,547.937072765,607.329669182,ensemble_top4,,,,,,
maternal_deaths,186,USA,United States of America,Region of the Americas,2009,596.9,583.704776989,552.295212414,613.761704612,ensemble_top4,,,,,,
maternal_deaths,186,USA,United States of America,Region of the Americas,2010,580.3,590.745425322,559.11758613,621.254246428,ensemble_top4,,,,,,
maternal_deaths,186,USA,United States of America,Region of the Americas,2011,604.9,602.92541764,572.515533979,649.674012653,ensemble_top4,,,,,,
maternal_deaths,186,USA,United States of America,Region of the Americas,2012,618.3,615.776265629,582.43494056,668.936762781,ensemble_top4,,,,,,
maternal_deaths,186,USA,United States of America,Region of the Americas,2013,631.4,642.339519292,590.024102885,683.851203851,ensemble_top4,,,,,,
maternal_deaths,186,USA,United States of America,Region of the Americas,2014,658.8,662.120961712,595.085989122,704.479214891,ensemble_top4,,,,,,
maternal_deaths,186,USA,United States of America,Region of the Americas,2015,677.8,676.068460115,638.127396009,710.821646001,ensemble_top4,,,,,,
maternal_deaths,186,USA,United States of America,Region of the Americas,2016,703.2,678.859634204,646.903086577,707.844987683,ensemble_top4,,,,,,
maternal_deaths,186,USA,United States of America,Region of the Americas,2017,691.5,677.27131158,646.535216754,709.547305176,ensemble_top4,,,,,,
maternal_deaths,186,USA,United States of America,Region of the Americas,2018,669.7,674.816553543,640.327492222,710.552009135,ensemble_top4,,,,,,
maternal_deaths,186,USA,United States of America,Region of the Americas,2019,660.9,672.501098986,635.206679528,712.654130417,ensemble_top4,,,,,,
maternal_deaths,186,USA,United States of America,Region of the Americas,2020,817.9,669.189584372,632.389153276,714.751971858,ensemble_top4,148.710415628,103.148028142,185.510846724,148.710415628,1.22222464172,0.200672675047
maternal_deaths,186,USA,United States of America,Region of the Americas,2021,1149,666.37437087,631.492013259,717.294257107,ensemble_top4,482.62562913,431.705742893,517.507986741,482.62562913,1.72425598917,0.544795646814
maternal_deaths,186,USA,United States of America,Region of the Americas,2022,751.5,664.469594144,628.298869096,720.765648247,ensemble_top4,87.0304058565,30.7343517533,123.201130904,87.0304058565,1.13097725859,0.123082089583
maternal_deaths,186,USA,United States of America,Region of the Americas,2023,608.3,663.425468653,623.888208972,723.086952555,ensemble_top4,0,0,0,-55.1254686529,0.916907819706,-0.086748335545
maternal_deaths,187,Uruguay,Uruguay,Region of the Americas,2000,12.23,12.23,12.23,12.23,ensemble_top4,,,,,,
maternal_deaths,187,Uruguay,Uruguay,Region of the Americas,2001,12.34,12.2087318503,11.2270541599,12.8934630716,ensemble_top4,,,,,,
maternal_deaths,187,Uruguay,Uruguay,Region of the Americas,2002,11.96,11.7483755477,10.866857198,12.4224964166,ensemble_top4,,,,,,
maternal_deaths,187,Uruguay,Uruguay,Region of the Americas,2003,11.31,11.2074501513,10.4865046647,11.8174900083,ensemble_top4,,,,,,
maternal_deaths,187,Uruguay,Uruguay,Region of the Americas,2004,10.6,10.6787104056,10.0492325862,11.3614857639,ensemble_top4,,,,,,
maternal_deaths,187,Uruguay,Uruguay,Region of the Americas,2005,10.08,10.193548467,9.55829022688,10.9496969796,ensemble_top4,,,,,,
maternal_deaths,187,Uruguay,Uruguay,Region of the Americas,2006,9.6,9.73839877958,9.09630670833,10.5532644812,ensemble_top4,,,,,,
maternal_deaths,187,Uruguay,Uruguay,Region of the Americas,2007,9.12,9.31876882961,8.70147109355,10.1626902071,ensemble_top4,,,,,,
maternal_deaths,187,Uruguay,Uruguay,Region of the Americas,2008,8.88,8.91290768485,8.33698425141,9.81453189176,ensemble_top4,,,,,,
maternal_deaths,187,Uruguay,Uruguay,Region of the Americas,2009,8.36,8.55350148177,8.0015221257,9.46002793969,ensemble_top4,,,,,,
maternal_deaths,187,Uruguay,Uruguay,Region of the Americas,2010,8.14,8.20818172074,7.64178079901,9.12951062404,ensemble_top4,,,,,,
maternal_deaths,187,Uruguay,Uruguay,Region of the Americas,2011,7.78,7.89927073986,7.2753831696,8.80990246381,ensemble_top4,,,,,,
maternal_deaths,187,Uruguay,Uruguay,Region of the Americas,2012,7.81,7.63704219271,6.91924514414,8.59190956734,ensemble_top4,,,,,,
maternal_deaths,187,Uruguay,Uruguay,Region of the Americas,2013,7.78,7.52377286674,6.73683926095,8.38805925514,ensemble_top4,,,,,,
maternal_deaths,187,Uruguay,Uruguay,Region of the Americas,2014,7.8,7.61658207402,6.77520921559,8.24240434969,ensemble_top4,,,,,,
maternal_deaths,187,Uruguay,Uruguay,Region of the Americas,2015,7.7,7.38847672126,6.52793784154,7.98652206916,ensemble_top4,,,,,,
maternal_deaths,187,Uruguay,Uruguay,Region of the Americas,2016,7.49,7.13424766697,6.31238636985,7.72815261287,ensemble_top4,,,,,,
maternal_deaths,187,Uruguay,Uruguay,Region of the Americas,2017,7.06,6.86415956207,6.06685292936,7.47111532991,ensemble_top4,,,,,,
maternal_deaths,187,Uruguay,Uruguay,Region of the Americas,2018,6.34,6.59398756461,5.78773271848,7.23020956756,ensemble_top4,,,,,,
maternal_deaths,187,Uruguay,Uruguay,Region of the Americas,2019,5.9,6.32011153132,5.54489657242,6.97042140966,ensemble_top4,,,,,,
maternal_deaths,187,Uruguay,Uruguay,Region of the Americas,2020,6.92,6.04309730952,5.29456754836,6.74850176265,ensemble_top4,0.876902690479,0.171498237351,1.62543245164,0.876902690479,1.14510815325,0.13549908953
maternal_deaths,187,Uruguay,Uruguay,Region of the Americas,2021,16.92,5.77632497758,5.05254665024,6.545864074,ensemble_top4,11.1436750224,10.374135926,11.8674533498,11.1436750224,2.92919807415,1.07472869074
maternal_deaths,187,Uruguay,Uruguay,Region of the Americas,2022,6.67,5.52724868617,4.77522252774,6.32606393123,ensemble_top4,1.14275131383,0.343936068773,1.89477747226,1.14275131383,1.20674866986,0.187929693304
maternal_deaths,187,Uruguay,Uruguay,Region of the Americas,2023,5.12,5.25842078283,4.50261279875,6.13646556257,ensemble_top4,0,0,0.617387201249,-0.138420782829,0.973676358636,-0.0266763112184
maternal_deaths,188,Uzbekistan,Uzbekistan,European Region,2000,228.3,228.3,228.3,228.3,ensemble_top4,,,,,,
maternal_deaths,188,Uzbekistan,Uzbekistan,European Region,2001,221.1,215.289817095,198.279512668,230.554189188,ensemble_top4,,,,,,
maternal_deaths,188,Uzbekistan,Uzbekistan,European Region,2002,215.5,214.695933015,201.171325262,227.429661617,ensemble_top4,,,,,,
maternal_deaths,188,Uzbekistan,Uzbekistan,European Region,2003,210.3,213.951499028,200.005121709,227.540407426,ensemble_top4,,,,,,
maternal_deaths,188,Uzbekistan,Uzbekistan,European Region,2004,211.5,215.361938277,202.571555633,228.329316272,ensemble_top4,,,,,,
maternal_deaths,188,Uzbekistan,Uzbekistan,European Region,2005,212.2,216.124518528,203.194820742,229.225493382,ensemble_top4,,,,,,
maternal_deaths,188,Uzbekistan,Uzbekistan,European Region,2006,214.6,216.686312847,204.202905944,229.881569187,ensemble_top4,,,,,,
maternal_deaths,188,Uzbekistan,Uzbekistan,European Region,2007,219.8,216.875471472,204.494079826,230.194916458,ensemble_top4,,,,,,
maternal_deaths,188,Uzbekistan,Uzbekistan,European Region,2008,224.8,217.435321145,204.965017417,231.057316139,ensemble_top4,,,,,,
maternal_deaths,188,Uzbekistan,Uzbekistan,European Region,2009,220.4,217.504724358,205.291233262,230.852431736,ensemble_top4,,,,,,
maternal_deaths,188,Uzbekistan,Uzbekistan,European Region,2010,216.7,217.815780287,205.026540091,231.746571018,ensemble_top4,,,,,,
maternal_deaths,188,Uzbekistan,Uzbekistan,European Region,2011,211.2,218.058599595,205.443931543,232.028528307,ensemble_top4,,,,,,
maternal_deaths,188,Uzbekistan,Uzbekistan,European Region,2012,210.6,218.749673429,205.953133913,232.469478941,ensemble_top4,,,,,,
maternal_deaths,188,Uzbekistan,Uzbekistan,European Region,2013,220.4,222.250426848,208.853182186,235.976061437,ensemble_top4,,,,,,
maternal_deaths,188,Uzbekistan,Uzbekistan,European Region,2014,228.7,224.138446689,210.742685381,237.563204058,ensemble_top4,,,,,,
maternal_deaths,188,Uzbekistan,Uzbekistan,European Region,2015,229.9,225.38407508,211.423483735,239.07587411,ensemble_top4,,,,,,
maternal_deaths,188,Uzbekistan,Uzbekistan,European Region,2016,224.9,226.660373021,212.992661822,239.689762435,ensemble_top4,,,,,,
maternal_deaths,188,Uzbekistan,Uzbekistan,European Region,2017,221.9,227.763011192,213.879547872,240.93157348,ensemble_top4,,,,,,
maternal_deaths,188,Uzbekistan,Uzbekistan,European Region,2018,226.8,228.482558494,214.109018675,241.620605178,ensemble_top4,,,,,,
maternal_deaths,188,Uzbekistan,Uzbekistan,European Region,2019,238,229.491921422,214.306342461,243.697169212,ensemble_top4,,,,,,
maternal_deaths,188,Uzbekistan,Uzbekistan,European Region,2020,247,230.258241023,214.295784349,246.073019424,ensemble_top4,16.7417589767,0.926980576032,32.7042156513,16.7417589767,1.07270862012,0.070186870501
maternal_deaths,188,Uzbekistan,Uzbekistan,European Region,2021,252.9,231.144345776,214.658193512,249.142135674,ensemble_top4,21.7556542235,3.75786432598,38.2418064878,21.7556542235,1.09412150728,0.089951764815
maternal_deaths,188,Uzbekistan,Uzbekistan,European Region,2022,253.9,231.995917978,214.115430933,252.769172236,ensemble_top4,21.9040820217,1.13082776368,39.7845690671,21.9040820217,1.09441580788,0.0902207121201
maternal_deaths,188,Uzbekistan,Uzbekistan,European Region,2023,249.7,232.495105172,214.619432837,256.852561674,ensemble_top4,17.2048948284,0,35.0805671626,17.2048948284,1.0740011056,0.0713910255054
maternal_deaths,189,Vanuatu,Vanuatu,Western Pacific Region,2000,8.03,8.03,8.03,8.03,ranked_top1_fallback,,,,,,
maternal_deaths,189,Vanuatu,Vanuatu,Western Pacific Region,2001,8.13,8.0561174569,7.76456171605,8.31509549496,ranked_top1_fallback,,,,,,
maternal_deaths,189,Vanuatu,Vanuatu,Western Pacific Region,2002,7.97,8.06489130587,7.79828453451,8.33151896779,ranked_top1_fallback,,,,,,
maternal_deaths,189,Vanuatu,Vanuatu,Western Pacific Region,2003,8.31,8.08657246656,7.82038407305,8.39055367188,ranked_top1_fallback,,,,,,
maternal_deaths,189,Vanuatu,Vanuatu,Western Pacific Region,2004,8.45,8.31376421264,8.01825663243,8.58134732503,ranked_top1_fallback,,,,,,
maternal_deaths,189,Vanuatu,Vanuatu,Western Pacific Region,2005,8.36,8.39849977676,8.14513894276,8.66933292214,ranked_top1_fallback,,,,,,
maternal_deaths,189,Vanuatu,Vanuatu,Western Pacific Region,2006,8.33,8.47845109445,8.21735296495,8.74755959968,ranked_top1_fallback,,,,,,
maternal_deaths,189,Vanuatu,Vanuatu,Western Pacific Region,2007,8.44,8.56705844631,8.30744913406,8.83926635236,ranked_top1_fallback,,,,,,
maternal_deaths,189,Vanuatu,Vanuatu,Western Pacific Region,2008,8.61,8.67147502847,8.40713002992,8.9383111745,ranked_top1_fallback,,,,,,
maternal_deaths,189,Vanuatu,Vanuatu,Western Pacific Region,2009,8.69,8.77994808153,8.53200783421,9.0558027473,ranked_top1_fallback,,,,,,
maternal_deaths,189,Vanuatu,Vanuatu,Western Pacific Region,2010,8.98,8.90122769232,8.65271972245,9.17243588065,ranked_top1_fallback,,,,,,
maternal_deaths,189,Vanuatu,Vanuatu,Western Pacific Region,2011,9.01,9.0270808401,8.77753817283,9.3134744004,ranked_top1_fallback,,,,,,
maternal_deaths,189,Vanuatu,Vanuatu,Western Pacific Region,2012,9.02,9.16061592936,8.89656795877,9.43793681985,ranked_top1_fallback,,,,,,
maternal_deaths,189,Vanuatu,Vanuatu,Western Pacific Region,2013,9.33,9.28502911709,9.01960209306,9.56870596608,ranked_top1_fallback,,,,,,
maternal_deaths,189,Vanuatu,Vanuatu,Western Pacific Region,2014,9.51,9.39777021174,9.13425995015,9.6720270039,ranked_top1_fallback,,,,,,
maternal_deaths,189,Vanuatu,Vanuatu,Western Pacific Region,2015,9.54,9.48576977366,9.21166871061,9.75956540123,ranked_top1_fallback,,,,,,
maternal_deaths,189,Vanuatu,Vanuatu,Western Pacific Region,2016,9.49,9.54719665211,9.27994087213,9.81668606414,ranked_top1_fallback,,,,,,
maternal_deaths,189,Vanuatu,Vanuatu,Western Pacific Region,2017,9.6,9.57646550785,9.31287794505,9.83549072057,ranked_top1_fallback,,,,,,
maternal_deaths,189,Vanuatu,Vanuatu,Western Pacific Region,2018,9.64,9.55816265589,9.29151729465,9.83031037971,ranked_top1_fallback,,,,,,
maternal_deaths,189,Vanuatu,Vanuatu,Western Pacific Region,2019,9.43,9.51901264514,9.23847041369,9.81074804639,ranked_top1_fallback,,,,,,
maternal_deaths,189,Vanuatu,Vanuatu,Western Pacific Region,2020,9.58,9.43850961232,9.14254332691,9.78684829825,ranked_top1_fallback,0.141490387683,0,0.437456673092,0.141490387683,1.01499075527,0.0148795043409
maternal_deaths,189,Vanuatu,Vanuatu,Western Pacific Region,2021,11.12,9.34327883221,9.03219754847,9.74533399995,ranked_top1_fallback,1.77672116779,1.37466600005,2.08780245153,1.77672116779,1.19016034945,0.174088045487
maternal_deaths,189,Vanuatu,Vanuatu,Western Pacific Region,2022,9.42,9.22120729047,8.88981947432,9.68532109718,ranked_top1_fallback,0.198792709529,0,0.530180525685,0.198792709529,1.02155820852,0.0213291170247
maternal_deaths,189,Vanuatu,Vanuatu,Western Pacific Region,2023,8.99,9.0896588601,8.74742500418,9.60543342551,ranked_top1_fallback,0,0,0.242574995815,-0.0996588600992,0.989036017563,-0.0110245298596
maternal_deaths,190,Venezuela,Venezuela (Bolivarian Republic of),Region of the Americas,2000,500.7,500.7,500.7,500.7,ensemble_top4,,,,,,
maternal_deaths,190,Venezuela,Venezuela (Bolivarian Republic of),Region of the Americas,2001,593.9,563.160149973,442.557481518,681.146879447,ensemble_top4,,,,,,
maternal_deaths,190,Venezuela,Venezuela (Bolivarian Republic of),Region of the Americas,2002,517.1,571.125384933,447.253091179,685.974912762,ensemble_top4,,,,,,
maternal_deaths,190,Venezuela,Venezuela (Bolivarian Republic of),Region of the Americas,2003,576,574.274678849,451.108271809,695.479192575,ensemble_top4,,,,,,
maternal_deaths,190,Venezuela,Venezuela (Bolivarian Republic of),Region of the Americas,2004,552.5,578.241276232,458.80968609,695.033301978,ensemble_top4,,,,,,
maternal_deaths,190,Venezuela,Venezuela (Bolivarian Republic of),Region of the Americas,2005,554.5,577.473940509,456.313748526,697.672320064,ensemble_top4,,,,,,
maternal_deaths,190,Venezuela,Venezuela (Bolivarian Republic of),Region of the Americas,2006,576.5,578.132106806,457.448988705,695.634524795,ensemble_top4,,,,,,
maternal_deaths,190,Venezuela,Venezuela (Bolivarian Republic of),Region of the Americas,2007,544.8,582.83367424,460.758628127,703.902760585,ensemble_top4,,,,,,
maternal_deaths,190,Venezuela,Venezuela (Bolivarian Republic of),Region of the Americas,2008,610,585.789264377,465.338647913,703.817962218,ensemble_top4,,,,,,
maternal_deaths,190,Venezuela,Venezuela (Bolivarian Republic of),Region of the Americas,2009,634.9,590.743013603,474.784500419,712.888733365,ensemble_top4,,,,,,
maternal_deaths,190,Venezuela,Venezuela (Bolivarian Republic of),Region of the Americas,2010,639.9,599.084935293,477.382362672,727.05667607,ensemble_top4,,,,,,
maternal_deaths,190,Venezuela,Venezuela (Bolivarian Republic of),Region of the Americas,2011,613.5,616.009637645,483.730143447,759.096651967,ensemble_top4,,,,,,
maternal_deaths,190,Venezuela,Venezuela (Bolivarian Republic of),Region of the Americas,2012,665.3,653.520732341,504.544356582,806.404235703,ensemble_top4,,,,,,
maternal_deaths,190,Venezuela,Venezuela (Bolivarian Republic of),Region of the Americas,2013,714.8,720.01145284,571.324854608,877.520636199,ensemble_top4,,,,,,
maternal_deaths,190,Venezuela,Venezuela (Bolivarian Republic of),Region of the Americas,2014,764.2,791.498981859,643.052600077,938.110163719,ensemble_top4,,,,,,
maternal_deaths,190,Venezuela,Venezuela (Bolivarian Republic of),Region of the Americas,2015,775.1,856.720488697,707.322017995,1007.59730477,ensemble_top4,,,,,,
maternal_deaths,190,Venezuela,Venezuela (Bolivarian Republic of),Region of the Americas,2016,911.3,912.324860731,759.565194658,1073.26248597,ensemble_top4,,,,,,
maternal_deaths,190,Venezuela,Venezuela (Bolivarian Republic of),Region of the Americas,2017,1068,962.543873399,817.564183611,1109.75980653,ensemble_top4,,,,,,
maternal_deaths,190,Venezuela,Venezuela (Bolivarian Republic of),Region of the Americas,2018,1057,999.563751289,855.675291327,1144.32953008,ensemble_top4,,,,,,
maternal_deaths,190,Venezuela,Venezuela (Bolivarian Republic of),Region of the Americas,2019,953.7,1020.42767103,867.819313418,1194.74328037,ensemble_top4,,,,,,
maternal_deaths,190,Venezuela,Venezuela (Bolivarian Republic of),Region of the Americas,2020,913.1,1058.92409289,794.728598484,1250.38060012,ensemble_top4,0,0,118.371401516,-145.824092893,0.862290324801,-0.148163261311
maternal_deaths,190,Venezuela,Venezuela (Bolivarian Republic of),Region of the Americas,2021,1078,1103.92221269,732.060372002,1297.48175539,ensemble_top4,0,0,345.939627998,-25.9222126908,0.976518080357,-0.0237620133665
maternal_deaths,190,Venezuela,Venezuela (Bolivarian Republic of),Region of the Americas,2022,927.8,1140.96430969,673.403594056,1371.22827309,ensemble_top4,0,0,254.396405944,-213.164309695,0.813171798729,-0.206812877208
maternal_deaths,190,Venezuela,Venezuela (Bolivarian Republic of),Region of the Americas,2023,967.9,1181.95492198,626.887994716,1428.70544488,ensemble_top4,0,0,341.012005284,-214.054921981,0.818897558612,-0.199796284012
maternal_deaths,191,Viet Nam,Viet Nam,Western Pacific Region,2000,1147,1147,1147,1147,ensemble_top4,,,,,,
maternal_deaths,191,Viet Nam,Viet Nam,Western Pacific Region,2001,1104,1070.30809788,953.752328283,1171.85471956,ensemble_top4,,,,,,
maternal_deaths,191,Viet Nam,Viet Nam,Western Pacific Region,2002,1057,1058.05157105,946.852009433,1162.64105499,ensemble_top4,,,,,,
maternal_deaths,191,Viet Nam,Viet Nam,Western Pacific Region,2003,1030,1045.0120314,935.432208876,1148.36265934,ensemble_top4,,,,,,
maternal_deaths,191,Viet Nam,Viet Nam,Western Pacific Region,2004,1044,1030.46312374,921.773233401,1134.21597426,ensemble_top4,,,,,,
maternal_deaths,191,Viet Nam,Viet Nam,Western Pacific Region,2005,975.6,1016.46558438,911.967067708,1120.20305467,ensemble_top4,,,,,,
maternal_deaths,191,Viet Nam,Viet Nam,Western Pacific Region,2006,948.6,1004.31227253,896.162089383,1106.53316226,ensemble_top4,,,,,,
maternal_deaths,191,Viet Nam,Viet Nam,Western Pacific Region,2007,965,993.01669715,885.743835584,1095.14880526,ensemble_top4,,,,,,
maternal_deaths,191,Viet Nam,Viet Nam,Western Pacific Region,2008,976.4,985.798372006,875.885781275,1087.74791322,ensemble_top4,,,,,,
maternal_deaths,191,Viet Nam,Viet Nam,Western Pacific Region,2009,971.4,977.856614454,879.018364168,1081.18618118,ensemble_top4,,,,,,
maternal_deaths,191,Viet Nam,Viet Nam,Western Pacific Region,2010,948.8,966.886664583,866.377019068,1071.76405133,ensemble_top4,,,,,,
maternal_deaths,191,Viet Nam,Viet Nam,Western Pacific Region,2011,950,953.751627361,853.481240599,1057.7485179,ensemble_top4,,,,,,
maternal_deaths,191,Viet Nam,Viet Nam,Western Pacific Region,2012,967.7,941.452722014,838.423272188,1046.11746966,ensemble_top4,,,,,,
maternal_deaths,191,Viet Nam,Viet Nam,Western Pacific Region,2013,966.6,930.49484967,827.356490394,1036.77092283,ensemble_top4,,,,,,
maternal_deaths,191,Viet Nam,Viet Nam,Western Pacific Region,2014,1010,917.417258147,815.958192116,1023.66932294,ensemble_top4,,,,,,
maternal_deaths,191,Viet Nam,Viet Nam,Western Pacific Region,2015,989.5,905.051130646,801.796952653,1010.76706111,ensemble_top4,,,,,,
maternal_deaths,191,Viet Nam,Viet Nam,Western Pacific Region,2016,912.1,918.825846199,799.805525627,1064.23761858,ensemble_top4,,,,,,
maternal_deaths,191,Viet Nam,Viet Nam,Western Pacific Region,2017,873.3,880.59687361,776.38384037,990.313557868,ensemble_top4,,,,,,
maternal_deaths,191,Viet Nam,Viet Nam,Western Pacific Region,2018,790.2,864.661966729,761.154087452,975.413817999,ensemble_top4,,,,,,
maternal_deaths,191,Viet Nam,Viet Nam,Western Pacific Region,2019,787,854.434986035,751.142706712,963.495808669,ensemble_top4,,,,,,
maternal_deaths,191,Viet Nam,Viet Nam,Western Pacific Region,2020,767,841.892546553,737.378169857,957.055617435,ensemble_top4,0,0,29.621830143,-74.8925465527,0.911042630251,-0.0931655878105
maternal_deaths,191,Viet Nam,Viet Nam,Western Pacific Region,2021,761.5,831.655855744,724.868874961,947.211251414,ensemble_top4,0,0,36.6311250388,-70.1558557442,0.915643165067,-0.0881285479926
maternal_deaths,191,Viet Nam,Viet Nam,Western Pacific Region,2022,698.6,818.182503494,713.071378037,938.020681269,ensemble_top4,0,0,0,-119.582503494,0.853843729261,-0.158007088751
maternal_deaths,191,Viet Nam,Viet Nam,Western Pacific Region,2023,660.8,808.992981588,702.38304579,922.809843976,ensemble_top4,0,0,0,-148.192981588,0.816817963862,-0.202339019398
maternal_deaths,192,Yemen,Yemen,Eastern Mediterranean,2000,1931,1931,1931,1931,ensemble_top4,,,,,,
maternal_deaths,192,Yemen,Yemen,Eastern Mediterranean,2001,1880,1849.99849287,1709.93060289,1960.55186451,ensemble_top4,,,,,,
maternal_deaths,192,Yemen,Yemen,Eastern Mediterranean,2002,1802,1817.03473269,1716.30969546,1942.97799875,ensemble_top4,,,,,,
maternal_deaths,192,Yemen,Yemen,Eastern Mediterranean,2003,1733,1737.75334939,1633.62166201,1833.67982134,ensemble_top4,,,,,,
maternal_deaths,192,Yemen,Yemen,Eastern Mediterranean,2004,1670,1675.08856976,1573.3864364,1781.83603863,ensemble_top4,,,,,,
maternal_deaths,192,Yemen,Yemen,Eastern Mediterranean,2005,1584,1616.14876785,1523.83830238,1727.19596121,ensemble_top4,,,,,,
maternal_deaths,192,Yemen,Yemen,Eastern Mediterranean,2006,1536,1546.43036252,1451.65360349,1647.17253734,ensemble_top4,,,,,,
maternal_deaths,192,Yemen,Yemen,Eastern Mediterranean,2007,1471,1476.51555082,1373.48037384,1584.49229834,ensemble_top4,,,,,,
maternal_deaths,192,Yemen,Yemen,Eastern Mediterranean,2008,1421,1416.18841669,1310.09477141,1528.87290414,ensemble_top4,,,,,,
maternal_deaths,192,Yemen,Yemen,Eastern Mediterranean,2009,1411,1362.37729357,1261.91025758,1481.31605474,ensemble_top4,,,,,,
maternal_deaths,192,Yemen,Yemen,Eastern Mediterranean,2010,1372,1333.44075373,1239.95426719,1443.2661097,ensemble_top4,,,,,,
maternal_deaths,192,Yemen,Yemen,Eastern Mediterranean,2011,1340,1337.33280481,1244.97076921,1441.15152608,ensemble_top4,,,,,,
maternal_deaths,192,Yemen,Yemen,Eastern Mediterranean,2012,1373,1354.22066351,1228.19714972,1465.53790905,ensemble_top4,,,,,,
maternal_deaths,192,Yemen,Yemen,Eastern Mediterranean,2013,1403,1385.5742227,1177.91124196,1510.21950897,ensemble_top4,,,,,,
maternal_deaths,192,Yemen,Yemen,Eastern Mediterranean,2014,1449,1421.51098923,1205.29259133,1555.67412555,ensemble_top4,,,,,,
maternal_deaths,192,Yemen,Yemen,Eastern Mediterranean,2015,1508,1464.80741864,1292.6022677,1604.69517877,ensemble_top4,,,,,,
maternal_deaths,192,Yemen,Yemen,Eastern Mediterranean,2016,1548,1510.67144609,1367.24184643,1655.88510068,ensemble_top4,,,,,,
maternal_deaths,192,Yemen,Yemen,Eastern Mediterranean,2017,1693,1558.81294784,1426.34289094,1705.3296851,ensemble_top4,,,,,,
maternal_deaths,192,Yemen,Yemen,Eastern Mediterranean,2018,1648,1610.6287973,1478.65694054,1750.74883163,ensemble_top4,,,,,,
maternal_deaths,192,Yemen,Yemen,Eastern Mediterranean,2019,1656,1659.24433381,1514.93578219,1810.1878505,ensemble_top4,,,,,,
maternal_deaths,192,Yemen,Yemen,Eastern Mediterranean,2020,1751,1707.11386693,1542.97572704,1860.89806004,ensemble_top4,43.8861330749,0,208.024272958,43.8861330749,1.02570779485,0.0253829058432
maternal_deaths,192,Yemen,Yemen,Eastern Mediterranean,2021,2065,1759.68123708,1544.57789172,1918.5315168,ensemble_top4,305.318762916,146.468483203,520.422108284,305.318762916,1.17350799479,0.15999754906
maternal_deaths,192,Yemen,Yemen,Eastern Mediterranean,2022,1691,1816.17620069,1539.23001853,1983.18622515,ensemble_top4,0,0,151.769981474,-125.176200689,0.931077061443,-0.0714132323667
maternal_deaths,192,Yemen,Yemen,Eastern Mediterranean,2023,1642,1874.98602979,1522.19910263,2040.64159963,ensemble_top4,0,0,119.800897365,-232.986029792,0.875739858276,-0.132686197587
maternal_deaths,193,Zambia,Zambia,African Region,2000,1549,1549,1549,1549,ensemble_top4,,,,,,
maternal_deaths,193,Zambia,Zambia,African Region,2001,1413,1073.29673934,502.055939976,1468.27753889,ensemble_top4,,,,,,
maternal_deaths,193,Zambia,Zambia,African Region,2002,1292,1192.77440717,608.008593922,1622.13955199,ensemble_top4,,,,,,
maternal_deaths,193,Zambia,Zambia,African Region,2003,1206,1285.47242219,654.004076591,1754.38035227,ensemble_top4,,,,,,
maternal_deaths,193,Zambia,Zambia,African Region,2004,1293,1357.9463504,649.216046244,1924.25039454,ensemble_top4,,,,,,
maternal_deaths,193,Zambia,Zambia,African Region,2005,1355,1432.86772229,673.581736745,2043.17228378,ensemble_top4,,,,,,
maternal_deaths,193,Zambia,Zambia,African Region,2006,1389,1561.3987572,904.464009924,2155.01022147,ensemble_top4,,,,,,
maternal_deaths,193,Zambia,Zambia,African Region,2007,1757,1784.03849557,1295.45946764,2390.2068292,ensemble_top4,,,,,,
maternal_deaths,193,Zambia,Zambia,African Region,2008,2185,2086.36100235,1463.74547714,2658.54743367,ensemble_top4,,,,,,
maternal_deaths,193,Zambia,Zambia,African Region,2009,2304,2128.23785423,1428.21282817,2664.60732993,ensemble_top4,,,,,,
maternal_deaths,193,Zambia,Zambia,African Region,2010,1917,1936.73993705,1322.540629,2376.73843903,ensemble_top4,,,,,,
maternal_deaths,193,Zambia,Zambia,African Region,2011,1709,1679.69272388,1142.32148135,2129.63673972,ensemble_top4,,,,,,
maternal_deaths,193,Zambia,Zambia,African Region,2012,1521,1457.36552787,964.338307364,1956.01695596,ensemble_top4,,,,,,
maternal_deaths,193,Zambia,Zambia,African Region,2013,1281,1286.6256312,825.815700058,1798.14220986,ensemble_top4,,,,,,
maternal_deaths,193,Zambia,Zambia,African Region,2014,1052,1146.17330222,726.135158418,1659.59757664,ensemble_top4,,,,,,
maternal_deaths,193,Zambia,Zambia,African Region,2015,945.6,1037.97949603,631.733550838,1572.61678338,ensemble_top4,,,,,,
maternal_deaths,193,Zambia,Zambia,African Region,2016,979.2,953.844079299,542.102486677,1501.34468591,ensemble_top4,,,,,,
maternal_deaths,193,Zambia,Zambia,African Region,2017,886.3,867.974225451,457.564969094,1456.99296498,ensemble_top4,,,,,,
maternal_deaths,193,Zambia,Zambia,African Region,2018,746.9,799.407543681,378.693075307,1436.96573996,ensemble_top4,,,,,,
maternal_deaths,193,Zambia,Zambia,African Region,2019,665.9,742.990493829,294.931891733,1414.63551565,ensemble_top4,,,,,,
maternal_deaths,193,Zambia,Zambia,African Region,2020,646.8,678.88195107,200.162071366,1428.01443522,ensemble_top4,0,0,446.637928634,-32.0819510704,0.952742960658,-0.0484101277017
maternal_deaths,193,Zambia,Zambia,African Region,2021,932.2,627.303889544,133.699727757,1406.33362114,ensemble_top4,304.896110456,0,798.500272243,304.896110456,1.48604211697,0.396116288402
maternal_deaths,193,Zambia,Zambia,African Region,2022,604.7,576.783289804,61.7648466118,1410.48599812,ensemble_top4,27.9167101955,0,542.935153388,27.9167101955,1.04840069171,0.0472658522474
maternal_deaths,193,Zambia,Zambia,African Region,2023,585.8,532.567783422,6.33076302896,1414.6503817,ensemble_top4,53.2322165785,0,579.469236971,53.2322165785,1.09995388049,0.0952682521007
maternal_deaths,194,Zimbabwe,Zimbabwe,African Region,2000,1738,1738,1738,1738,ensemble_top4,,,,,,
maternal_deaths,194,Zimbabwe,Zimbabwe,African Region,2001,2040,1715.02580214,1083.31360553,2269.43659184,ensemble_top4,,,,,,
maternal_deaths,194,Zimbabwe,Zimbabwe,African Region,2002,1845,1846.33004584,1326.74298094,2325.98051259,ensemble_top4,,,,,,
maternal_deaths,194,Zimbabwe,Zimbabwe,African Region,2003,2037,1958.95765518,1462.38844555,2476.16962396,ensemble_top4,,,,,,
maternal_deaths,194,Zimbabwe,Zimbabwe,African Region,2004,2026,2029.96448238,1525.32893211,2612.92318937,ensemble_top4,,,,,,
maternal_deaths,194,Zimbabwe,Zimbabwe,African Region,2005,2028,2126.28557103,1638.49656264,2761.32025243,ensemble_top4,,,,,,
maternal_deaths,194,Zimbabwe,Zimbabwe,African Region,2006,2134,2218.91163067,1709.94493024,2879.10593314,ensemble_top4,,,,,,
maternal_deaths,194,Zimbabwe,Zimbabwe,African Region,2007,2369,2344.55848581,1728.81886185,2988.49314341,ensemble_top4,,,,,,
maternal_deaths,194,Zimbabwe,Zimbabwe,African Region,2008,2478,2535.10304156,1838.45746869,3088.95542623,ensemble_top4,,,,,,
maternal_deaths,194,Zimbabwe,Zimbabwe,African Region,2009,2660,2705.47123387,2124.20734974,3221.92905231,ensemble_top4,,,,,,
maternal_deaths,194,Zimbabwe,Zimbabwe,African Region,2010,2866,2808.84069626,2207.996162,3324.56338452,ensemble_top4,,,,,,
maternal_deaths,194,Zimbabwe,Zimbabwe,African Region,2011,2925,2791.65341176,2136.11867496,3297.7091537,ensemble_top4,,,,,,
maternal_deaths,194,Zimbabwe,Zimbabwe,African Region,2012,2914,2682.76219649,2094.67431211,3154.99901252,ensemble_top4,,,,,,
maternal_deaths,194,Zimbabwe,Zimbabwe,African Region,2013,2722,2540.48554172,1985.94484019,3003.03851666,ensemble_top4,,,,,,
maternal_deaths,194,Zimbabwe,Zimbabwe,African Region,2014,2353,2383.54277063,1890.03916134,2832.20013368,ensemble_top4,,,,,,
maternal_deaths,194,Zimbabwe,Zimbabwe,African Region,2015,2090,2248.74544391,1768.75155999,2713.63453398,ensemble_top4,,,,,,
maternal_deaths,194,Zimbabwe,Zimbabwe,African Region,2016,1964,2135.76207003,1681.60968812,2608.70955903,ensemble_top4,,,,,,
maternal_deaths,194,Zimbabwe,Zimbabwe,African Region,2017,1835,2026.77143054,1561.90257147,2541.16325784,ensemble_top4,,,,,,
maternal_deaths,194,Zimbabwe,Zimbabwe,African Region,2018,1816,1941.98720131,1439.88006445,2459.4533814,ensemble_top4,,,,,,
maternal_deaths,194,Zimbabwe,Zimbabwe,African Region,2019,1842,1887.87392482,1324.34226322,2423.93869705,ensemble_top4,,,,,,
maternal_deaths,194,Zimbabwe,Zimbabwe,African Region,2020,1828,1817.30899444,1199.15019318,2375.11818098,ensemble_top4,10.6910055619,0,628.849806822,10.6910055619,1.00588287715,0.00586564059772
maternal_deaths,194,Zimbabwe,Zimbabwe,African Region,2021,2181,1777.64716418,1097.76748638,2356.47056598,ensemble_top4,403.352835819,0,1083.23251362,403.352835819,1.22690264072,0.204492815163
maternal_deaths,194,Zimbabwe,Zimbabwe,African Region,2022,1825,1731.23161831,993.475022659,2319.94459704,ensemble_top4,93.7683816879,0,831.524977341,93.7683816879,1.05416281721,0.0527469137188
maternal_deaths,194,Zimbabwe,Zimbabwe,African Region,2023,1777,1679.17529366,904.137406989,2323.73306564,ensemble_top4,97.8247063426,0,872.862593011,97.8247063426,1.05825759033,0.0566237729191
maternal_deaths,195,Palestine,"occupied Palestinian territory, including east Jerusalem",Eastern Mediterranean,2000,71.49,71.49,71.49,71.49,ensemble_top4,,,,,,
maternal_deaths,195,Palestine,"occupied Palestinian territory, including east Jerusalem",Eastern Mediterranean,2001,74.25,70.9394322346,63.5278118373,77.1381000206,ensemble_top4,,,,,,
maternal_deaths,195,Palestine,"occupied Palestinian territory, including east Jerusalem",Eastern Mediterranean,2002,71.9,73.1072575776,67.2544596104,78.6668210362,ensemble_top4,,,,,,
maternal_deaths,195,Palestine,"occupied Palestinian territory, including east Jerusalem",Eastern Mediterranean,2003,70.07,72.7298504044,67.1332448937,78.6359953859,ensemble_top4,,,,,,
maternal_deaths,195,Palestine,"occupied Palestinian territory, including east Jerusalem",Eastern Mediterranean,2004,69.27,70.8220189903,65.4534521828,77.0568958013,ensemble_top4,,,,,,
maternal_deaths,195,Palestine,"occupied Palestinian territory, including east Jerusalem",Eastern Mediterranean,2005,65.58,68.0019764545,62.6943211087,74.5635083306,ensemble_top4,,,,,,
maternal_deaths,195,Palestine,"occupied Palestinian territory, including east Jerusalem",Eastern Mediterranean,2006,64.63,64.9281931312,58.7651965293,72.1622869984,ensemble_top4,,,,,,
maternal_deaths,195,Palestine,"occupied Palestinian territory, including east Jerusalem",Eastern Mediterranean,2007,62.56,63.5859683843,57.6938295199,69.7467100986,ensemble_top4,,,,,,
maternal_deaths,195,Palestine,"occupied Palestinian territory, including east Jerusalem",Eastern Mediterranean,2008,64.07,63.5616122881,56.7772313709,69.7078080466,ensemble_top4,,,,,,
maternal_deaths,195,Palestine,"occupied Palestinian territory, including east Jerusalem",Eastern Mediterranean,2009,63.86,59.9725225634,53.3889392433,65.3805100056,ensemble_top4,,,,,,
maternal_deaths,195,Palestine,"occupied Palestinian territory, including east Jerusalem",Eastern Mediterranean,2010,58.33,56.1496784223,50.0141114135,61.4368020279,ensemble_top4,,,,,,
maternal_deaths,195,Palestine,"occupied Palestinian territory, including east Jerusalem",Eastern Mediterranean,2011,54.3,52.2879073199,46.3211978137,57.3734775107,ensemble_top4,,,,,,
maternal_deaths,195,Palestine,"occupied Palestinian territory, including east Jerusalem",Eastern Mediterranean,2012,50.04,48.5043908502,42.9630566386,53.721762587,ensemble_top4,,,,,,
maternal_deaths,195,Palestine,"occupied Palestinian territory, including east Jerusalem",Eastern Mediterranean,2013,45.01,44.84840597,39.4597229948,50.4515878642,ensemble_top4,,,,,,
maternal_deaths,195,Palestine,"occupied Palestinian territory, including east Jerusalem",Eastern Mediterranean,2014,42.66,41.5504781379,36.2854457716,47.1949139875,ensemble_top4,,,,,,
maternal_deaths,195,Palestine,"occupied Palestinian territory, including east Jerusalem",Eastern Mediterranean,2015,38.2,38.4221101557,33.2997595794,44.1504139157,ensemble_top4,,,,,,
maternal_deaths,195,Palestine,"occupied Palestinian territory, including east Jerusalem",Eastern Mediterranean,2016,34.3,35.6836523559,30.4360293485,41.2529440052,ensemble_top4,,,,,,
maternal_deaths,195,Palestine,"occupied Palestinian territory, including east Jerusalem",Eastern Mediterranean,2017,30.94,33.1255473798,27.8498402049,38.6248454262,ensemble_top4,,,,,,
maternal_deaths,195,Palestine,"occupied Palestinian territory, including east Jerusalem",Eastern Mediterranean,2018,28.62,30.9100405067,25.3905096181,36.4704746703,ensemble_top4,,,,,,
maternal_deaths,195,Palestine,"occupied Palestinian territory, including east Jerusalem",Eastern Mediterranean,2019,26.06,28.7905148214,23.1384817609,34.21879904,ensemble_top4,,,,,,
maternal_deaths,195,Palestine,"occupied Palestinian territory, including east Jerusalem",Eastern Mediterranean,2020,28.58,26.84986884,21.2928049115,32.3553721082,ensemble_top4,1.73013116004,0,7.28719508845,1.73013116004,1.06443722948,0.0624462364766
maternal_deaths,195,Palestine,"occupied Palestinian territory, including east Jerusalem",Eastern Mediterranean,2021,41.73,25.0803670674,19.3757960206,30.6584387293,ensemble_top4,16.6496329326,11.0715612707,22.3542039794,16.6496329326,1.66385124619,0.509134943086
maternal_deaths,195,Palestine,"occupied Palestinian territory, including east Jerusalem",Eastern Mediterranean,2022,24.3,23.4077931615,17.6180718344,28.9445108105,ensemble_top4,0.892206838486,0,6.68192816555,0.892206838486,1.03811580324,0.0374073423384
maternal_deaths,195,Palestine,"occupied Palestinian territory, including east Jerusalem",Eastern Mediterranean,2023,23.59,21.9523999698,15.808434922,27.2935474395,ensemble_top4,1.63760003016,0,7.78156507798,1.63760003016,1.07459776755,0.0719464218415
