Indicator,Location,Period,FactValueNumeric
Number of maternal deaths,Andorra,2023,0.059
Number of maternal deaths,Cook Islands,2023,0.0002
Number of maternal deaths,Dominica,2023,0.26
Number of maternal deaths,Iceland,2023,0.13
Number of maternal deaths,Monaco,2023,0.019
Number of maternal deaths,Palau,2023,0.17
Number of maternal deaths,San Marino,2023,0.015
Number of maternal deaths,Antigua and Barbuda,2023,0.38
Number of maternal deaths,Malta,2023,0.35
Number of maternal deaths,Montenegro,2023,0.41
Number of maternal deaths,North Macedonia,2023,0.47
Number of maternal deaths,Saint Kitts and Nevis,2023,0.4
Number of maternal deaths,Tuvalu,2023,0.38
Number of maternal deaths,Belarus,2023,0.71
Number of maternal deaths,Estonia,2023,0.55
Number of maternal deaths,Grenada,2023,0.66
Number of maternal deaths,Luxembourg,2023,0.81
Number of maternal deaths,Norway,2023,0.67
Number of maternal deaths,Saint Vincent and the Grenadines,2023,0.69
Number of maternal deaths,Seychelles,2023,0.73
Number of maternal deaths,Slovenia,2023,0.6
Number of maternal deaths,Nauru,2023,0.83
Number of maternal deaths,Croatia,2023,0.96
Number of maternal deaths,Barbados,2023,1.1
Number of maternal deaths,Qatar,2023,1.16
Number of maternal deaths,Saint Lucia,2023,0.89
Number of maternal deaths,Marshall Islands,2023,1.27
Number of maternal deaths,Hungary,2023,9.95
Number of maternal deaths,Pakistan,2023,10669
Number of maternal deaths,Togo,2023,1011
Number of maternal deaths,Mozambique,2023,1037
Number of maternal deaths,Syrian Arab Republic,2023,106.3
Number of maternal deaths,Liberia,2023,1068
Number of maternal deaths,Namibia,2023,106.5
Number of maternal deaths,Honduras,2023,109.3
Number of maternal deaths,Oman,2023,10.67
Number of maternal deaths,Malaysia,2023,115
Number of maternal deaths,Russian Federation,2023,122
Number of maternal deaths,Senegal,2023,1263
Number of maternal deaths,Costa Rica,2023,12.53
Number of maternal deaths,Guyana,2023,12.53
Number of maternal deaths,Portugal,2023,12.95
Number of maternal deaths,South Africa,2023,1395
Number of maternal deaths,Lebanon,2023,13.96
Number of maternal deaths,China,2023,1446
Number of maternal deaths,Malawi,2023,1490
Number of maternal deaths,Ecuador,2023,149.7
Number of maternal deaths,Philippines,2023,1541
Number of maternal deaths,Türkiye,2023,156.8
Number of maternal deaths,Gabon,2023,159.9
Number of maternal deaths,Yemen,2023,1642
Number of maternal deaths,Central African Republic,2023,1652
Number of maternal deaths,Myanmar,2023,1669
Number of maternal deaths,Argentina,2023,167.4
Number of maternal deaths,Chile,2023,17.42
Number of maternal deaths,Brazil,2023,1741
Number of maternal deaths,Burkina Faso,2023,1762
Number of maternal deaths,Zimbabwe,2023,1777
Number of maternal deaths,Democratic Republic of the Congo,2023,18661
Number of maternal deaths,India,2023,18687
Number of maternal deaths,Burundi,2023,1807
Number of maternal deaths,Lao People's Democratic Republic,2023,182.9
Number of maternal deaths,Iran (Islamic Republic of),2023,185.9
Number of maternal deaths,Bosnia and Herzegovina,2023,1.52
Number of maternal deaths,Ireland,2023,2.02
Number of maternal deaths,Lithuania,2023,1.64
Number of maternal deaths,Maldives,2023,1.84
Number of maternal deaths,Albania,2023,1.98
Number of maternal deaths,Cyprus,2023,1.98
Number of maternal deaths,Czechia,2023,2.48
Number of maternal deaths,Puerto Rico,2023,2.08
Number of maternal deaths,Slovakia,2023,2.34
Number of maternal deaths,Tonga,2023,1.61
Number of maternal deaths,Brunei Darussalam,2023,2.27
Number of maternal deaths,Denmark,2023,2.12
Number of maternal deaths,Thailand,2023,203.7
Number of maternal deaths,Ghana,2023,2083
Number of maternal deaths,Romania,2023,21.45
Number of maternal deaths,Azerbaijan,2023,22.39
Number of maternal deaths,South Sudan,2023,2271
Number of maternal deaths,Democratic People's Republic of Korea,2023,228.8
Number of maternal deaths,Japan,2023,23.08
Number of maternal deaths,"occupied Palestinian territory, including east Jerusalem",2023,23.59
Number of maternal deaths,Guinea,2023,2409
Number of maternal deaths,Cameroon,2023,2472
Number of maternal deaths,Benin,2023,2477
Number of maternal deaths,Italy,2023,24.91
Number of maternal deaths,Uzbekistan,2023,249.7
Number of maternal deaths,Dominican Republic,2023,252.9
Number of maternal deaths,Angola,2023,2531
Number of maternal deaths,Solomon Islands,2023,26.42
Number of maternal deaths,Germany,2023,26.04
Number of maternal deaths,Mongolia,2023,26.34
Number of maternal deaths,Panama,2023,26.45
Number of maternal deaths,Lesotho,2023,266.4
Number of maternal deaths,Peru,2023,277.6
Number of maternal deaths,Eritrea,2023,288.6
Number of maternal deaths,Gambia,2023,290.9
Number of maternal deaths,Uganda,2023,2917
Number of maternal deaths,Cabo Verde,2023,2.58
Number of maternal deaths,Kiribati,2023,2.73
Number of maternal deaths,Micronesia (Federated States of),2023,3.23
Number of maternal deaths,Latvia,2023,2.67
Number of maternal deaths,Bahrain,2023,3.28
Number of maternal deaths,Singapore,2023,2.91
Number of maternal deaths,United Arab Emirates,2023,2.64
Number of maternal deaths,Bahamas,2023,3.29
Number of maternal deaths,Bulgaria,2023,3.48
Number of maternal deaths,Finland,2023,3.43
Number of maternal deaths,Ukraine,2023,31.72
Number of maternal deaths,Guinea-Bissau,2023,326.9
Number of maternal deaths,Cuba,2023,33.38
Number of maternal deaths,Mali,2023,3495
Number of maternal deaths,Eswatini,2023,34.93
Number of maternal deaths,Guatemala,2023,353.5
Number of maternal deaths,Cote d'Ivoire,2023,3579
Number of maternal deaths,Tajikistan,2023,37.62
Number of maternal deaths,Bolivia (Plurinational State of),2023,380.8
Number of maternal deaths,Niger,2023,3839
Number of maternal deaths,Djibouti,2023,38.76
Number of maternal deaths,El Salvador,2023,38.88
Number of maternal deaths,Kazakhstan,2023,39.22
Number of maternal deaths,Greece,2023,3.53
Number of maternal deaths,Israel,2023,4.29
Number of maternal deaths,Belgium,2023,3.91
Number of maternal deaths,New Zealand,2023,4.16
Number of maternal deaths,Kuwait,2023,3.83
Number of maternal deaths,Sweden,2023,3.94
Number of maternal deaths,Saudi Arabia,2023,40.18
Number of maternal deaths,Bangladesh,2023,4017
Number of maternal deaths,Egypt,2023,407.8
Number of maternal deaths,Colombia,2023,418.6
Number of maternal deaths,Canada,2023,42.04
Number of maternal deaths,Jamaica,2023,42.96
Number of maternal deaths,Sudan,2023,4301
Number of maternal deaths,Morocco,2023,439.4
Number of maternal deaths,Comoros,2023,43.59
Number of maternal deaths,Somalia,2023,4437
Number of maternal deaths,Madagascar,2023,4460
Number of maternal deaths,Congo,2023,456.5
Number of maternal deaths,France,2023,46.67
Number of maternal deaths,Papua New Guinea,2023,481.7
Number of maternal deaths,Cambodia,2023,496.8
Number of maternal deaths,Bhutan,2023,4.65
Number of maternal deaths,Switzerland,2023,4.57
Number of maternal deaths,Austria,2023,4.7
Number of maternal deaths,Belize,2023,4.95
Number of maternal deaths,Fiji,2023,5.03
Number of maternal deaths,Poland,2023,4.98
Number of maternal deaths,Sao Tome and Principe,2023,4.9
Number of maternal deaths,Uruguay,2023,5.12
Number of maternal deaths,Algeria,2023,566.1
Number of maternal deaths,Kenya,2023,5682
Number of maternal deaths,United Kingdom of Great Britain and Northern Ireland,2023,57.18
Number of maternal deaths,Zambia,2023,585.8
Number of maternal deaths,Timor-Leste,2023,58.79
Number of maternal deaths,Sri Lanka,2023,59.37
Number of maternal deaths,Samoa,2023,5.58
Number of maternal deaths,Republic of Moldova,2023,6.16
Number of maternal deaths,Serbia,2023,6.43
Number of maternal deaths,Tunisia,2023,59.9
Number of maternal deaths,United States of America,2023,608.3
Number of maternal deaths,Chad,2023,6123
Number of maternal deaths,Indonesia,2023,6298
Number of maternal deaths,Kyrgyzstan,2023,63.16
Number of maternal deaths,United Republic of Tanzania,2023,6472
Number of maternal deaths,Mauritania,2023,658.8
Number of maternal deaths,Viet Nam,2023,660.8
Number of maternal deaths,Turkmenistan,2023,7.24
Number of maternal deaths,Armenia,2023,6.76
Number of maternal deaths,Australia,2023,7.1
Number of maternal deaths,Netherlands (Kingdom of the),2023,7.22
Number of maternal deaths,Jordan,2023,72.57
Number of maternal deaths,Libya,2023,74
Number of maternal deaths,Nigeria,2023,74559
Number of maternal deaths,Afghanistan,2023,7646
Number of maternal deaths,Iraq,2023,765.3
Number of maternal deaths,Mauritius,2023,7.78
Number of maternal deaths,Paraguay,2023,79.7
Number of maternal deaths,Nicaragua,2023,79.79
Number of maternal deaths,Ethiopia,2023,8003
Number of maternal deaths,Nepal,2023,815.5
Number of maternal deaths,Haiti,2023,846.3
Number of maternal deaths,Mexico,2023,858
Number of maternal deaths,Vanuatu,2023,8.99
Number of maternal deaths,Georgia,2023,8.62
Number of maternal deaths,Suriname,2023,9.1
Number of maternal deaths,Republic of Korea,2023,8.96
Number of maternal deaths,Trinidad and Tobago,2023,8.7
Number of maternal deaths,Spain,2023,9.17
Number of maternal deaths,Rwanda,2023,907.8
Number of maternal deaths,Sierra Leone,2023,915.4
Number of maternal deaths,Equatorial Guinea,2023,94.98
Number of maternal deaths,Botswana,2023,95.07
Number of maternal deaths,Venezuela (Bolivarian Republic of),2023,967.9
Number of maternal deaths,Andorra,2022,0.091
Number of maternal deaths,Cook Islands,2022,0.0006
Number of maternal deaths,Iceland,2022,0.22
Number of maternal deaths,Monaco,2022,0.018
Number of maternal deaths,San Marino,2022,0.046
Number of maternal deaths,Antigua and Barbuda,2022,0.4
Number of maternal deaths,Dominica,2022,0.33
Number of maternal deaths,Luxembourg,2022,0.41
Number of maternal deaths,Malta,2022,0.42
Number of maternal deaths,North Macedonia,2022,0.47
Number of maternal deaths,Palau,2022,0.24
Number of maternal deaths,Belarus,2022,0.81
Number of maternal deaths,Estonia,2022,0.83
Number of maternal deaths,Grenada,2022,0.7
Number of maternal deaths,Saint Kitts and Nevis,2022,0.55
Number of maternal deaths,Saint Vincent and the Grenadines,2022,0.71
Number of maternal deaths,Tuvalu,2022,0.53
Number of maternal deaths,Montenegro,2022,0.92
Number of maternal deaths,Nauru,2022,1
Number of maternal deaths,Bahrain,2022,1.01
Number of maternal deaths,Barbados,2022,1.2
Number of maternal deaths,Saint Lucia,2022,0.97
Number of maternal deaths,Norway,2022,1.39
Number of maternal deaths,Suriname,2022,9.55
Number of maternal deaths,Puerto Rico,2022,10.3
Number of maternal deaths,Georgia,2022,9.66
Number of maternal deaths,Oman,2022,10.22
Number of maternal deaths,Pakistan,2022,10975
Number of maternal deaths,Togo,2022,1038
Number of maternal deaths,United Kingdom of Great Britain and Northern Ireland,2022,104.5
Number of maternal deaths,Liberia,2022,1062
Number of maternal deaths,Paraguay,2022,106.9
Number of maternal deaths,Australia,2022,10.91
Number of maternal deaths,Honduras,2022,111.9
Number of maternal deaths,Mozambique,2022,1151
Number of maternal deaths,Senegal,2022,1187
Number of maternal deaths,Belgium,2022,12.25
Number of maternal deaths,Hungary,2022,12.14
Number of maternal deaths,New Zealand,2022,13.33
Number of maternal deaths,Spain,2022,13.19
Number of maternal deaths,Portugal,2022,13.66
Number of maternal deaths,Lebanon,2022,14.21
Number of maternal deaths,Guyana,2022,14.14
Number of maternal deaths,Costa Rica,2022,14.38
Number of maternal deaths,Gabon,2022,148.5
Number of maternal deaths,Singapore,2022,15.21
Number of maternal deaths,South Africa,2022,1538
Number of maternal deaths,Malawi,2022,1560
Number of maternal deaths,Malaysia,2022,161.7
Number of maternal deaths,Philippines,2022,1689
Number of maternal deaths,Yemen,2022,1691
Number of maternal deaths,Republic of Korea,2022,16.94
Number of maternal deaths,China,2022,1730
Number of maternal deaths,Russian Federation,2022,173.6
Number of maternal deaths,Myanmar,2022,1754
Number of maternal deaths,Zimbabwe,2022,1825
Number of maternal deaths,Burundi,2022,1884
Number of maternal deaths,Ecuador,2022,188.9
Number of maternal deaths,Democratic Republic of the Congo,2022,19427
Number of maternal deaths,Central African Republic,2022,1947
Number of maternal deaths,Argentina,2022,195.1
Number of maternal deaths,Lao People's Democratic Republic,2022,196.7
Number of maternal deaths,Croatia,2022,1.83
Number of maternal deaths,Lithuania,2022,2.03
Number of maternal deaths,Maldives,2022,2.05
Number of maternal deaths,Seychelles,2022,1.55
Number of maternal deaths,Albania,2022,2.33
Number of maternal deaths,Marshall Islands,2022,1.53
Number of maternal deaths,Qatar,2022,2.34
Number of maternal deaths,Tonga,2022,1.76
Number of maternal deaths,United Arab Emirates,2022,2.3
Number of maternal deaths,India,2022,20875
Number of maternal deaths,Ghana,2022,2108
Number of maternal deaths,Chile,2022,22.15
Number of maternal deaths,South Sudan,2022,2254
Number of maternal deaths,Burkina Faso,2022,2281
Number of maternal deaths,Türkiye,2022,228.9
Number of maternal deaths,Democratic People's Republic of Korea,2022,231
Number of maternal deaths,Romania,2022,23.52
Number of maternal deaths,"occupied Palestinian territory, including east Jerusalem",2022,24.3
Number of maternal deaths,Guinea,2022,2418
Number of maternal deaths,Angola,2022,2506
Number of maternal deaths,Iran (Islamic Republic of),2022,253
Number of maternal deaths,Uzbekistan,2022,253.9
Number of maternal deaths,Dominican Republic,2022,254.5
Number of maternal deaths,Benin,2022,2586
Number of maternal deaths,Cameroon,2022,2613
Number of maternal deaths,Lesotho,2022,266
Number of maternal deaths,Solomon Islands,2022,26.82
Number of maternal deaths,Brazil,2022,2745
Number of maternal deaths,Mongolia,2022,27.72
Number of maternal deaths,Germany,2022,29.45
Number of maternal deaths,Panama,2022,28.73
Number of maternal deaths,Eritrea,2022,294.6
Number of maternal deaths,Gambia,2022,296.1
Number of maternal deaths,Kiribati,2022,2.96
Number of maternal deaths,Slovenia,2022,2.75
Number of maternal deaths,Cabo Verde,2022,2.69
Number of maternal deaths,Switzerland,2022,3.17
Number of maternal deaths,Bosnia and Herzegovina,2022,2.93
Number of maternal deaths,Czechia,2022,2.94
Number of maternal deaths,Denmark,2022,3.23
Number of maternal deaths,Slovakia,2022,2.87
Number of maternal deaths,Bahamas,2022,3.48
Number of maternal deaths,Uganda,2022,3115
Number of maternal deaths,Eswatini,2022,33.45
Number of maternal deaths,Guinea-Bissau,2022,345.8
Number of maternal deaths,United Republic of Tanzania,2022,3497
Number of maternal deaths,Mali,2022,3547
Number of maternal deaths,Ukraine,2022,36.17
Number of maternal deaths,Guatemala,2022,363
Number of maternal deaths,Niger,2022,3832
Number of maternal deaths,Italy,2022,39.13
Number of maternal deaths,El Salvador,2022,38.76
Number of maternal deaths,Cuba,2022,39.23
Number of maternal deaths,Finland,2022,3.73
Number of maternal deaths,Micronesia (Federated States of),2022,3.63
Number of maternal deaths,Ireland,2022,3.62
Number of maternal deaths,Kuwait,2022,3.73
Number of maternal deaths,Tajikistan,2022,39.63
Number of maternal deaths,Cote d'Ivoire,2022,4043
Number of maternal deaths,Azerbaijan,2022,41.05
Number of maternal deaths,Djibouti,2022,41.71
Number of maternal deaths,Japan,2022,41.98
Number of maternal deaths,Bolivia (Plurinational State of),2022,428
Number of maternal deaths,Madagascar,2022,4339
Number of maternal deaths,Sudan,2022,4350
Number of maternal deaths,Peru,2022,436.5
Number of maternal deaths,Saudi Arabia,2022,44.14
Number of maternal deaths,Comoros,2022,45.13
Number of maternal deaths,Congo,2022,449.7
Number of maternal deaths,Morocco,2022,452.9
Number of maternal deaths,Bangladesh,2022,4550
Number of maternal deaths,Jamaica,2022,46.31
Number of maternal deaths,Somalia,2022,4849
Number of maternal deaths,Papua New Guinea,2022,484.7
Number of maternal deaths,Bhutan,2022,4.86
Number of maternal deaths,Latvia,2022,4.66
Number of maternal deaths,Fiji,2022,5.32
Number of maternal deaths,Poland,2022,5.17
Number of maternal deaths,Sao Tome and Principe,2022,5.28
Number of maternal deaths,Sweden,2022,5.32
Number of maternal deaths,Trinidad and Tobago,2022,5
Number of maternal deaths,Canada,2022,51.91
Number of maternal deaths,Colombia,2022,528.1
Number of maternal deaths,Egypt,2022,570.7
Number of maternal deaths,Kenya,2022,5762
Number of maternal deaths,Cambodia,2022,580.4
Number of maternal deaths,Kazakhstan,2022,58.6
Number of maternal deaths,Brunei Darussalam,2022,5.56
Number of maternal deaths,Samoa,2022,6.19
Number of maternal deaths,Israel,2022,5.52
Number of maternal deaths,Republic of Moldova,2022,6.11
Number of maternal deaths,Austria,2022,6.12
Number of maternal deaths,Bulgaria,2022,6.19
Number of maternal deaths,France,2022,59.85
Number of maternal deaths,Algeria,2022,600.6
Number of maternal deaths,Zambia,2022,604.7
Number of maternal deaths,Chad,2022,6204
Number of maternal deaths,Tunisia,2022,65.24
Number of maternal deaths,Mauritania,2022,654.3
Number of maternal deaths,Kyrgyzstan,2022,65.69
Number of maternal deaths,Indonesia,2022,6698
Number of maternal deaths,Iraq,2022,675.2
Number of maternal deaths,Thailand,2022,676.2
Number of maternal deaths,Viet Nam,2022,698.6
Number of maternal deaths,Greece,2022,7.33
Number of maternal deaths,Uruguay,2022,6.67
Number of maternal deaths,Mauritius,2022,7.35
Number of maternal deaths,Timor-Leste,2022,72.14
Number of maternal deaths,Sri Lanka,2022,72.14
Number of maternal deaths,Botswana,2022,74.19
Number of maternal deaths,Nigeria,2022,75278
Number of maternal deaths,United States of America,2022,751.5
Number of maternal deaths,Libya,2022,76.3
Number of maternal deaths,Belize,2022,7.68
Number of maternal deaths,Turkmenistan,2022,7.51
Number of maternal deaths,Cyprus,2022,7.8
Number of maternal deaths,Netherlands (Kingdom of the),2022,7.61
Number of maternal deaths,Afghanistan,2022,8055
Number of maternal deaths,Nicaragua,2022,81.04
Number of maternal deaths,Nepal,2022,809.7
Number of maternal deaths,Jordan,2022,82.65
Number of maternal deaths,Ethiopia,2022,8432
Number of maternal deaths,Haiti,2022,858.1
Number of maternal deaths,Vanuatu,2022,9.42
Number of maternal deaths,Serbia,2022,8.79
Number of maternal deaths,Armenia,2022,9.23
Number of maternal deaths,Rwanda,2022,921.7
Number of maternal deaths,Venezuela (Bolivarian Republic of),2022,927.8
Number of maternal deaths,Mexico,2022,937.6
Number of maternal deaths,Sierra Leone,2022,950.6
Number of maternal deaths,Namibia,2022,96.57
Number of maternal deaths,Equatorial Guinea,2022,99.48
Number of maternal deaths,Syrian Arab Republic,2022,98.88
Number of maternal deaths,Andorra,2021,0.095
Number of maternal deaths,Cook Islands,2021,0.0003
Number of maternal deaths,Iceland,2021,0.26
Number of maternal deaths,Monaco,2021,0.018
Number of maternal deaths,Palau,2021,0.22
Number of maternal deaths,San Marino,2021,0.073
Number of maternal deaths,Antigua and Barbuda,2021,0.36
Number of maternal deaths,Luxembourg,2021,0.4
Number of maternal deaths,Malta,2021,0.43
Number of maternal deaths,Tuvalu,2021,0.39
Number of maternal deaths,Grenada,2021,0.74
Number of maternal deaths,Saint Kitts and Nevis,2021,0.64
Number of maternal deaths,Dominica,2021,0.83
Number of maternal deaths,Montenegro,2021,1.03
Number of maternal deaths,Nauru,2021,0.86
Number of maternal deaths,Barbados,2021,1.23
Number of maternal deaths,Estonia,2021,1.11
Number of maternal deaths,Norway,2021,0.93
Number of maternal deaths,Saint Vincent and the Grenadines,2021,1.37
Number of maternal deaths,Seychelles,2021,1.3
Number of maternal deaths,Belarus,2021,1.46
Number of maternal deaths,Belize,2021,10.24
Number of maternal deaths,Mauritius,2021,10.36
Number of maternal deaths,Ethiopia,2021,10023
Number of maternal deaths,Indonesia,2021,10289
Number of maternal deaths,Nepal,2021,1002
Number of maternal deaths,Haiti,2021,1003
Number of maternal deaths,Botswana,2021,101
Number of maternal deaths,Sierra Leone,2021,1033
Number of maternal deaths,Kazakhstan,2021,104.2
Number of maternal deaths,Colombia,2021,1047
Number of maternal deaths,Venezuela (Bolivarian Republic of),2021,1078
Number of maternal deaths,Kyrgyzstan,2021,107.6
Number of maternal deaths,Equatorial Guinea,2021,108.9
Number of maternal deaths,Tunisia,2021,109.1
Number of maternal deaths,Vanuatu,2021,11.12
Number of maternal deaths,Liberia,2021,1107
Number of maternal deaths,Sri Lanka,2021,111.7
Number of maternal deaths,Togo,2021,1127
Number of maternal deaths,United States of America,2021,1149
Number of maternal deaths,Fiji,2021,11.54
Number of maternal deaths,Spain,2021,12.3
Number of maternal deaths,Libya,2021,127.5
Number of maternal deaths,Australia,2021,13.16
Number of maternal deaths,Republic of Korea,2021,13.49
Number of maternal deaths,Pakistan,2021,13112
Number of maternal deaths,Senegal,2021,1345
Number of maternal deaths,Syrian Arab Republic,2021,137.4
Number of maternal deaths,Cyprus,2021,14.46
Number of maternal deaths,Portugal,2021,14.61
Number of maternal deaths,Suriname,2021,15.67
Number of maternal deaths,Serbia,2021,16.49
Number of maternal deaths,Nicaragua,2021,164.6
Number of maternal deaths,Cuba,2021,168.3
Number of maternal deaths,Uruguay,2021,16.92
Number of maternal deaths,Gabon,2021,171.6
Number of maternal deaths,Malawi,2021,1837
Number of maternal deaths,Jordan,2021,185.1
Number of maternal deaths,Namibia,2021,193.1
Number of maternal deaths,Paraguay,2021,193.5
Number of maternal deaths,Mozambique,2021,1955
Number of maternal deaths,Bahrain,2021,1.87
Number of maternal deaths,Lithuania,2021,2.14
Number of maternal deaths,Qatar,2021,1.91
Number of maternal deaths,Slovenia,2021,1.57
Number of maternal deaths,Saint Lucia,2021,1.94
Number of maternal deaths,Tonga,2021,1.88
Number of maternal deaths,Marshall Islands,2021,1.97
Number of maternal deaths,North Macedonia,2021,2.29
Number of maternal deaths,Armenia,2021,20.42
Number of maternal deaths,Burundi,2021,2031
Number of maternal deaths,Honduras,2021,204.6
Number of maternal deaths,Yemen,2021,2065
Number of maternal deaths,Democratic Republic of the Congo,2021,21080
Number of maternal deaths,Myanmar,2021,2124
Number of maternal deaths,Mexico,2021,2168
Number of maternal deaths,Zimbabwe,2021,2181
Number of maternal deaths,China,2021,2190
Number of maternal deaths,Malaysia,2021,221.4
Number of maternal deaths,South Africa,2021,2276
Number of maternal deaths,Lao People's Democratic Republic,2021,229.2
Number of maternal deaths,Türkiye,2021,228.6
Number of maternal deaths,Costa Rica,2021,23.45
Number of maternal deaths,Ghana,2021,2320
Number of maternal deaths,Thailand,2021,234.2
Number of maternal deaths,South Sudan,2021,2417
Number of maternal deaths,Chile,2021,25.39
Number of maternal deaths,Democratic People's Republic of Korea,2021,249.6
Number of maternal deaths,Burkina Faso,2021,2524
Number of maternal deaths,Uzbekistan,2021,252.9
Number of maternal deaths,Guinea,2021,2558
Number of maternal deaths,Central African Republic,2021,2606
Number of maternal deaths,Ecuador,2021,262.2
Number of maternal deaths,Benin,2021,2722
Number of maternal deaths,Philippines,2021,2781
Number of maternal deaths,Hungary,2021,27.81
Number of maternal deaths,Angola,2021,2812
Number of maternal deaths,Georgia,2021,29.22
Number of maternal deaths,Russian Federation,2021,292.4
Number of maternal deaths,Brunei Darussalam,2021,2.78
Number of maternal deaths,Bosnia and Herzegovina,2021,3.3
Number of maternal deaths,Ireland,2021,3.45
Number of maternal deaths,Italy,2021,29.96
Number of maternal deaths,Dominican Republic,2021,315.1
Number of maternal deaths,Solomon Islands,2021,32.24
Number of maternal deaths,Guyana,2021,32.31
Number of maternal deaths,Cameroon,2021,3203
Number of maternal deaths,Lesotho,2021,324.8
Number of maternal deaths,Eritrea,2021,326.8
Number of maternal deaths,Kuwait,2021,32.89
Number of maternal deaths,Japan,2021,33.3
Number of maternal deaths,Gambia,2021,337.3
Number of maternal deaths,Brazil,2021,3421
Number of maternal deaths,Germany,2021,35.46
Number of maternal deaths,India,2021,36102
Number of maternal deaths,Uganda,2021,3600
Number of maternal deaths,United Republic of Tanzania,2021,3669
Number of maternal deaths,Romania,2021,36.86
Number of maternal deaths,Mali,2021,3778
Number of maternal deaths,Guinea-Bissau,2021,393.5
Number of maternal deaths,Cabo Verde,2021,3.62
Number of maternal deaths,Maldives,2021,3.63
Number of maternal deaths,Kiribati,2021,4.21
Number of maternal deaths,Albania,2021,4.13
Number of maternal deaths,Micronesia (Federated States of),2021,3.94
Number of maternal deaths,Switzerland,2021,4
Number of maternal deaths,Finland,2021,4.19
Number of maternal deaths,New Zealand,2021,4.46
Number of maternal deaths,Croatia,2021,4.41
Number of maternal deaths,Argentina,2021,404.9
Number of maternal deaths,Niger,2021,4072
Number of maternal deaths,"occupied Palestinian territory, including east Jerusalem",2021,41.73
Number of maternal deaths,Panama,2021,42.21
Number of maternal deaths,Mongolia,2021,44.45
Number of maternal deaths,Cote d'Ivoire,2021,4500
Number of maternal deaths,Madagascar,2021,4561
Number of maternal deaths,Guatemala,2021,471.9
Number of maternal deaths,Sudan,2021,4968
Number of maternal deaths,Bhutan,2021,4.99
Number of maternal deaths,Czechia,2021,4.91
Number of maternal deaths,Denmark,2021,4.86
Number of maternal deaths,Austria,2021,5.09
Number of maternal deaths,Bulgaria,2021,5.47
Number of maternal deaths,Canada,2021,50.22
Number of maternal deaths,Lebanon,2021,50.8
Number of maternal deaths,Comoros,2021,51.84
Number of maternal deaths,Djibouti,2021,52.87
Number of maternal deaths,Somalia,2021,5528
Number of maternal deaths,Congo,2021,557.2
Number of maternal deaths,Papua New Guinea,2021,571.1
Number of maternal deaths,El Salvador,2021,59.08
Number of maternal deaths,Morocco,2021,593.9
Number of maternal deaths,Sao Tome and Principe,2021,6.18
Number of maternal deaths,United Arab Emirates,2021,5.8
Number of maternal deaths,Israel,2021,5.9
Number of maternal deaths,Sweden,2021,5.81
Number of maternal deaths,Oman,2021,61.03
Number of maternal deaths,Saudi Arabia,2021,61.43
Number of maternal deaths,Iran (Islamic Republic of),2021,615
Number of maternal deaths,Kenya,2021,6184
Number of maternal deaths,France,2021,61.72
Number of maternal deaths,Jamaica,2021,63.18
Number of maternal deaths,Eswatini,2021,66.05
Number of maternal deaths,Bangladesh,2021,6636
Number of maternal deaths,Chad,2021,6703
Number of maternal deaths,Tajikistan,2021,68.15
Number of maternal deaths,Samoa,2021,6.63
Number of maternal deaths,Slovakia,2021,6.94
Number of maternal deaths,Latvia,2021,7.28
Number of maternal deaths,Greece,2021,7.47
Number of maternal deaths,Cambodia,2021,702.1
Number of maternal deaths,Bolivia (Plurinational State of),2021,702.9
Number of maternal deaths,Mauritania,2021,711.8
Number of maternal deaths,Azerbaijan,2021,74.28
Number of maternal deaths,Algeria,2021,755.1
Number of maternal deaths,Nigeria,2021,76691
Number of maternal deaths,Viet Nam,2021,761.5
Number of maternal deaths,Peru,2021,769.1
Number of maternal deaths,Bahamas,2021,7.61
Number of maternal deaths,Poland,2021,8.22
Number of maternal deaths,Republic of Moldova,2021,8.45
Number of maternal deaths,Ukraine,2021,79.93
Number of maternal deaths,Timor-Leste,2021,80.62
Number of maternal deaths,Iraq,2021,872.8
Number of maternal deaths,Turkmenistan,2021,9.12
Number of maternal deaths,Singapore,2021,9.22
Number of maternal deaths,Belgium,2021,8.63
Number of maternal deaths,Netherlands (Kingdom of the),2021,8.97
Number of maternal deaths,Trinidad and Tobago,2021,9.11
Number of maternal deaths,Puerto Rico,2021,9.38
Number of maternal deaths,United Kingdom of Great Britain and Northern Ireland,2021,89.53
Number of maternal deaths,Zambia,2021,932.2
Number of maternal deaths,Afghanistan,2021,9598
Number of maternal deaths,Egypt,2021,978.5
Number of maternal deaths,Rwanda,2021,996.8
Number of maternal deaths,Cook Islands,2020,0.0003
Number of maternal deaths,Monaco,2020,0.088
Number of maternal deaths,San Marino,2020,0.097
Number of maternal deaths,Andorra,2020,0.26
Number of maternal deaths,Antigua and Barbuda,2020,0.39
Number of maternal deaths,Dominica,2020,0.36
Number of maternal deaths,Luxembourg,2020,0.38
Number of maternal deaths,Malta,2020,0.44
Number of maternal deaths,Palau,2020,0.24
Number of maternal deaths,Saint Kitts and Nevis,2020,0.47
Number of maternal deaths,Estonia,2020,0.78
Number of maternal deaths,Grenada,2020,0.72
Number of maternal deaths,Iceland,2020,0.53
Number of maternal deaths,Saint Vincent and the Grenadines,2020,0.76
Number of maternal deaths,Tuvalu,2020,0.53
Number of maternal deaths,Montenegro,2020,1.05
Number of maternal deaths,Nauru,2020,1.03
Number of maternal deaths,Saint Lucia,2020,0.9
Number of maternal deaths,Seychelles,2020,0.91
Number of maternal deaths,Bahrain,2020,1.32
Number of maternal deaths,Barbados,2020,1.23
Number of maternal deaths,Belarus,2020,1.41
Number of maternal deaths,Norway,2020,1.15
Number of maternal deaths,North Macedonia,2020,1.43
Number of maternal deaths,Vanuatu,2020,9.58
Number of maternal deaths,Serbia,2020,9.81
Number of maternal deaths,Suriname,2020,10.24
Number of maternal deaths,Syrian Arab Republic,2020,100.2
Number of maternal deaths,Equatorial Guinea,2020,105.3
Number of maternal deaths,Sierra Leone,2020,1076
Number of maternal deaths,Namibia,2020,108.4
Number of maternal deaths,Liberia,2020,1092
Number of maternal deaths,Poland,2020,10.61
Number of maternal deaths,Republic of Moldova,2020,10.57
Number of maternal deaths,Portugal,2020,11.37
Number of maternal deaths,Pakistan,2020,11969
Number of maternal deaths,Togo,2020,1119
Number of maternal deaths,Nicaragua,2020,116.5
Number of maternal deaths,Senegal,2020,1267
Number of maternal deaths,Mexico,2020,1291
Number of maternal deaths,Cyprus,2020,12.62
Number of maternal deaths,Malaysia,2020,130.2
Number of maternal deaths,Mozambique,2020,1315
Number of maternal deaths,Honduras,2020,131.9
Number of maternal deaths,Gabon,2020,133
Number of maternal deaths,South Africa,2020,1398
Number of maternal deaths,Armenia,2020,15.12
Number of maternal deaths,Georgia,2020,14.73
Number of maternal deaths,Spain,2020,14.73
Number of maternal deaths,Australia,2020,15.17
Number of maternal deaths,Malawi,2020,1630
Number of maternal deaths,Philippines,2020,1687
Number of maternal deaths,Hungary,2020,17.21
Number of maternal deaths,Kuwait,2020,17.23
Number of maternal deaths,Yemen,2020,1751
Number of maternal deaths,Zimbabwe,2020,1828
Number of maternal deaths,Myanmar,2020,1834
Number of maternal deaths,Guyana,2020,18.63
Number of maternal deaths,Democratic Republic of the Congo,2020,19823
Number of maternal deaths,Burundi,2020,1995
Number of maternal deaths,Bosnia and Herzegovina,2020,2.04
Number of maternal deaths,Croatia,2020,1.74
Number of maternal deaths,Lithuania,2020,2.04
Number of maternal deaths,Puerto Rico,2020,1.97
Number of maternal deaths,Qatar,2020,1.78
Number of maternal deaths,Albania,2020,2.13
Number of maternal deaths,Marshall Islands,2020,1.78
Number of maternal deaths,Slovenia,2020,2.2
Number of maternal deaths,Tonga,2020,1.85
Number of maternal deaths,Brunei Darussalam,2020,2.46
Number of maternal deaths,Denmark,2020,2.49
Number of maternal deaths,Slovakia,2020,2.31
Number of maternal deaths,Costa Rica,2020,19.5
Number of maternal deaths,Argentina,2020,211.6
Number of maternal deaths,Lao People's Democratic Republic,2020,219.4
Number of maternal deaths,Ghana,2020,2211
Number of maternal deaths,Thailand,2020,228.3
Number of maternal deaths,South Sudan,2020,2296
Number of maternal deaths,India,2020,23610
Number of maternal deaths,Brazil,2020,2302
Number of maternal deaths,Türkiye,2020,230.8
Number of maternal deaths,Democratic People's Republic of Korea,2020,231.9
Number of maternal deaths,China,2020,2348
Number of maternal deaths,Burkina Faso,2020,2349
Number of maternal deaths,Chile,2020,24.06
Number of maternal deaths,Uzbekistan,2020,247
Number of maternal deaths,Guinea,2020,2509
Number of maternal deaths,Dominican Republic,2020,253.5
Number of maternal deaths,Angola,2020,2550
Number of maternal deaths,Lebanon,2020,26.03
Number of maternal deaths,Ecuador,2020,263.1
Number of maternal deaths,Benin,2020,2668
Number of maternal deaths,Solomon Islands,2020,27.32
Number of maternal deaths,Oman,2020,27.39
Number of maternal deaths,Russian Federation,2020,273.9
Number of maternal deaths,Central African Republic,2020,2898
Number of maternal deaths,"occupied Palestinian territory, including east Jerusalem",2020,28.58
Number of maternal deaths,Cameroon,2020,2931
Number of maternal deaths,Kiribati,2020,3.07
Number of maternal deaths,Maldives,2020,2.89
Number of maternal deaths,Ireland,2020,3.16
Number of maternal deaths,Azerbaijan,2020,30.16
Number of maternal deaths,Lesotho,2020,302.9
Number of maternal deaths,Romania,2020,30.53
Number of maternal deaths,Eswatini,2020,30.97
Number of maternal deaths,Republic of Korea,2020,31.25
Number of maternal deaths,Italy,2020,31.17
Number of maternal deaths,Eritrea,2020,317.1
Number of maternal deaths,Gambia,2020,317.3
Number of maternal deaths,Germany,2020,32.81
Number of maternal deaths,Mongolia,2020,34.43
Number of maternal deaths,Uganda,2020,3428
Number of maternal deaths,United Republic of Tanzania,2020,3551
Number of maternal deaths,Mali,2020,3599
Number of maternal deaths,Japan,2020,36.03
Number of maternal deaths,Guinea-Bissau,2020,381.2
Number of maternal deaths,Guatemala,2020,392.1
Number of maternal deaths,Niger,2020,3920
Number of maternal deaths,Czechia,2020,3.58
Number of maternal deaths,Cabo Verde,2020,3.79
Number of maternal deaths,Micronesia (Federated States of),2020,3.78
Number of maternal deaths,Latvia,2020,3.72
Number of maternal deaths,Bahamas,2020,3.71
Number of maternal deaths,Finland,2020,3.97
Number of maternal deaths,New Zealand,2020,4.36
Number of maternal deaths,Peru,2020,409.3
Number of maternal deaths,Cuba,2020,41.34
Number of maternal deaths,Iran (Islamic Republic of),2020,422
Number of maternal deaths,Jamaica,2020,42.92
Number of maternal deaths,Madagascar,2020,4315
Number of maternal deaths,Cote d'Ivoire,2020,4353
Number of maternal deaths,Sudan,2020,4406
Number of maternal deaths,Congo,2020,451.4
Number of maternal deaths,Djibouti,2020,45.69
Number of maternal deaths,Comoros,2020,47.74
Number of maternal deaths,Somalia,2020,4858
Number of maternal deaths,El Salvador,2020,48.81
Number of maternal deaths,Papua New Guinea,2020,497
Number of maternal deaths,Switzerland,2020,4.5
Number of maternal deaths,Bhutan,2020,5.12
Number of maternal deaths,Belgium,2020,4.8
Number of maternal deaths,Austria,2020,4.63
Number of maternal deaths,Bulgaria,2020,5.14
Number of maternal deaths,Israel,2020,5.46
Number of maternal deaths,Bangladesh,2020,5123
Number of maternal deaths,Panama,2020,53.25
Number of maternal deaths,Morocco,2020,531.1
Number of maternal deaths,Bolivia (Plurinational State of),2020,566.2
Number of maternal deaths,Saudi Arabia,2020,57.22
Number of maternal deaths,Botswana,2020,59.08
Number of maternal deaths,Sao Tome and Principe,2020,5.76
Number of maternal deaths,Belize,2020,6.35
Number of maternal deaths,Greece,2020,6.1
Number of maternal deaths,United Arab Emirates,2020,6.39
Number of maternal deaths,Singapore,2020,5.99
Number of maternal deaths,Fiji,2020,5.77
Number of maternal deaths,Sweden,2020,5.86
Number of maternal deaths,Trinidad and Tobago,2020,6.03
Number of maternal deaths,Canada,2020,60.32
Number of maternal deaths,Ukraine,2020,60.66
Number of maternal deaths,Kenya,2020,6110
Number of maternal deaths,Cambodia,2020,614.6
Number of maternal deaths,France,2020,61.87
Number of maternal deaths,Zambia,2020,646.8
Number of maternal deaths,Chad,2020,6611
Number of maternal deaths,Colombia,2020,669
Number of maternal deaths,Mauritania,2020,678.7
Number of maternal deaths,Samoa,2020,6.61
Number of maternal deaths,Netherlands (Kingdom of the),2020,6.53
Number of maternal deaths,Uruguay,2020,6.92
Number of maternal deaths,Tajikistan,2020,70.34
Number of maternal deaths,Iraq,2020,712.4
Number of maternal deaths,Tunisia,2020,75.03
Number of maternal deaths,Egypt,2020,751.1
Number of maternal deaths,Sri Lanka,2020,75.69
Number of maternal deaths,Nigeria,2020,76855
Number of maternal deaths,Viet Nam,2020,767
Number of maternal deaths,Kazakhstan,2020,78.76
Number of maternal deaths,Mauritius,2020,7.74
Number of maternal deaths,Timor-Leste,2020,79.68
Number of maternal deaths,United States of America,2020,817.9
Number of maternal deaths,Indonesia,2020,8451
Number of maternal deaths,Kyrgyzstan,2020,88.23
Number of maternal deaths,Nepal,2020,891
Number of maternal deaths,Turkmenistan,2020,8.81
Number of maternal deaths,Afghanistan,2020,9061
Number of maternal deaths,Haiti,2020,908.6
Number of maternal deaths,Venezuela (Bolivarian Republic of),2020,913.1
Number of maternal deaths,United Kingdom of Great Britain and Northern Ireland,2020,93.05
Number of maternal deaths,Libya,2020,93.51
Number of maternal deaths,Paraguay,2020,95.37
Number of maternal deaths,Algeria,2020,956
Number of maternal deaths,Jordan,2020,96.42
Number of maternal deaths,Ethiopia,2020,9661
Number of maternal deaths,Rwanda,2020,989
Number of maternal deaths,Andorra,2019,0.057
Number of maternal deaths,Cook Islands,2019,0.0004
Number of maternal deaths,Iceland,2019,0.18
Number of maternal deaths,Monaco,2019,0.021
Number of maternal deaths,Palau,2019,0.18
Number of maternal deaths,San Marino,2019,0.016
Number of maternal deaths,Antigua and Barbuda,2019,0.34
Number of maternal deaths,Dominica,2019,0.32
Number of maternal deaths,Malta,2019,0.36
Number of maternal deaths,Montenegro,2019,0.46
Number of maternal deaths,Saint Kitts and Nevis,2019,0.45
Number of maternal deaths,Tuvalu,2019,0.41
Number of maternal deaths,Estonia,2019,0.85
Number of maternal deaths,Grenada,2019,0.7
Number of maternal deaths,Luxembourg,2019,0.78
Number of maternal deaths,North Macedonia,2019,0.67
Number of maternal deaths,Saint Vincent and the Grenadines,2019,0.8
Number of maternal deaths,Nauru,2019,0.91
Number of maternal deaths,Norway,2019,0.86
Number of maternal deaths,Saint Lucia,2019,0.9
Number of maternal deaths,Seychelles,2019,0.86
Number of maternal deaths,Slovenia,2019,0.74
Number of maternal deaths,Barbados,2019,1.17
Number of maternal deaths,Belarus,2019,1.05
Number of maternal deaths,Croatia,2019,1.19
Number of maternal deaths,Qatar,2019,1.27
Number of maternal deaths,Trinidad and Tobago,2019,9.58
Number of maternal deaths,Ethiopia,2019,10437
Number of maternal deaths,Rwanda,2019,1024
Number of maternal deaths,Equatorial Guinea,2019,105.1
Number of maternal deaths,Suriname,2019,10.52
Number of maternal deaths,Spain,2019,10.76
Number of maternal deaths,Georgia,2019,11.48
Number of maternal deaths,Pakistan,2019,11603
Number of maternal deaths,Liberia,2019,1128
Number of maternal deaths,Togo,2019,1159
Number of maternal deaths,Honduras,2019,117.5
Number of maternal deaths,Sierra Leone,2019,1176
Number of maternal deaths,Hungary,2019,11.96
Number of maternal deaths,Oman,2019,12.08
Number of maternal deaths,Portugal,2019,12.49
Number of maternal deaths,Gabon,2019,122.6
Number of maternal deaths,Mozambique,2019,1302
Number of maternal deaths,Namibia,2019,131.6
Number of maternal deaths,Malaysia,2019,135.5
Number of maternal deaths,South Africa,2019,1402
Number of maternal deaths,Senegal,2019,1423
Number of maternal deaths,Lebanon,2019,14.95
Number of maternal deaths,Republic of Korea,2019,14.54
Number of maternal deaths,Costa Rica,2019,16.29
Number of maternal deaths,Australia,2019,16.16
Number of maternal deaths,Malawi,2019,1625
Number of maternal deaths,Yemen,2019,1656
Number of maternal deaths,Russian Federation,2019,175.8
Number of maternal deaths,Ecuador,2019,180.6
Number of maternal deaths,Brazil,2019,1817
Number of maternal deaths,Myanmar,2019,1824
Number of maternal deaths,Zimbabwe,2019,1842
Number of maternal deaths,Philippines,2019,1844
Number of maternal deaths,Guyana,2019,18.96
Number of maternal deaths,Democratic Republic of the Congo,2019,19494
Number of maternal deaths,Burkina Faso,2019,1973
Number of maternal deaths,Bosnia and Herzegovina,2019,1.83
Number of maternal deaths,Cyprus,2019,1.86
Number of maternal deaths,Albania,2019,2.21
Number of maternal deaths,Marshall Islands,2019,1.75
Number of maternal deaths,Tonga,2019,1.83
Number of maternal deaths,Brunei Darussalam,2019,2.48
Number of maternal deaths,Maldives,2019,2.42
Number of maternal deaths,Lithuania,2019,2.45
Number of maternal deaths,Burundi,2019,2015
Number of maternal deaths,Türkiye,2019,217.2
Number of maternal deaths,Thailand,2019,219.2
Number of maternal deaths,Ghana,2019,2265
Number of maternal deaths,Argentina,2019,227.6
Number of maternal deaths,South Sudan,2019,2284
Number of maternal deaths,Lao People's Democratic Republic,2019,228.8
Number of maternal deaths,Chile,2019,23.3
Number of maternal deaths,Democratic People's Republic of Korea,2019,232
Number of maternal deaths,Uzbekistan,2019,238
Number of maternal deaths,India,2019,24379
Number of maternal deaths,Iran (Islamic Republic of),2019,240.2
Number of maternal deaths,Dominican Republic,2019,250
Number of maternal deaths,Guinea,2019,2569
Number of maternal deaths,Angola,2019,2581
Number of maternal deaths,"occupied Palestinian territory, including east Jerusalem",2019,26.06
Number of maternal deaths,Benin,2019,2624
Number of maternal deaths,Lesotho,2019,272.8
Number of maternal deaths,Solomon Islands,2019,27.94
Number of maternal deaths,Romania,2019,27.63
Number of maternal deaths,Eswatini,2019,29.4
Number of maternal deaths,Kiribati,2019,3.07
Number of maternal deaths,Denmark,2019,2.59
Number of maternal deaths,Ireland,2019,2.53
Number of maternal deaths,Puerto Rico,2019,2.54
Number of maternal deaths,Slovakia,2019,2.75
Number of maternal deaths,United Arab Emirates,2019,2.58
Number of maternal deaths,Cabo Verde,2019,2.99
Number of maternal deaths,Czechia,2019,3.5
Number of maternal deaths,Bahrain,2019,3.3
Number of maternal deaths,Panama,2019,30.31
Number of maternal deaths,Italy,2019,30.43
Number of maternal deaths,China,2019,3081
Number of maternal deaths,Germany,2019,30.89
Number of maternal deaths,Cameroon,2019,3101
Number of maternal deaths,Azerbaijan,2019,32.24
Number of maternal deaths,Peru,2019,329.2
Number of maternal deaths,Eritrea,2019,330.9
Number of maternal deaths,Gambia,2019,331
Number of maternal deaths,Mongolia,2019,34.12
Number of maternal deaths,Uganda,2019,3500
Number of maternal deaths,Central African Republic,2019,3599
Number of maternal deaths,Mali,2019,3605
Number of maternal deaths,Guinea-Bissau,2019,374.4
Number of maternal deaths,Bahamas,2019,3.63
Number of maternal deaths,Singapore,2019,3.53
Number of maternal deaths,Micronesia (Federated States of),2019,3.88
Number of maternal deaths,Bulgaria,2019,3.91
Number of maternal deaths,Finland,2019,3.83
Number of maternal deaths,Greece,2019,4.36
Number of maternal deaths,Kuwait,2019,3.97
Number of maternal deaths,Latvia,2019,4.17
Number of maternal deaths,New Zealand,2019,4.43
Number of maternal deaths,Japan,2019,40.08
Number of maternal deaths,Niger,2019,4037
Number of maternal deaths,Bolivia (Plurinational State of),2019,406.5
Number of maternal deaths,Jamaica,2019,41.27
Number of maternal deaths,Cote d'Ivoire,2019,4154
Number of maternal deaths,Sudan,2019,4164
Number of maternal deaths,Guatemala,2019,419.2
Number of maternal deaths,El Salvador,2019,41.54
Number of maternal deaths,Saudi Arabia,2019,43.24
Number of maternal deaths,Cuba,2019,43.02
Number of maternal deaths,Madagascar,2019,4381
Number of maternal deaths,Congo,2019,443.3
Number of maternal deaths,Tajikistan,2019,44.8
Number of maternal deaths,Kazakhstan,2019,44.98
Number of maternal deaths,Egypt,2019,458.1
Number of maternal deaths,Djibouti,2019,46.28
Number of maternal deaths,Canada,2019,45.67
Number of maternal deaths,Colombia,2019,469.7
Number of maternal deaths,Somalia,2019,4745
Number of maternal deaths,Comoros,2019,48.48
Number of maternal deaths,Belize,2019,4.57
Number of maternal deaths,Bhutan,2019,4.97
Number of maternal deaths,Belgium,2019,5.07
Number of maternal deaths,Israel,2019,4.82
Number of maternal deaths,Sweden,2019,5.06
Number of maternal deaths,Switzerland,2019,5.07
Number of maternal deaths,Papua New Guinea,2019,506.2
Number of maternal deaths,Bangladesh,2019,5219
Number of maternal deaths,Morocco,2019,523.7
Number of maternal deaths,Ukraine,2019,55.55
Number of maternal deaths,Cambodia,2019,563.9
Number of maternal deaths,Kenya,2019,5996
Number of maternal deaths,Sao Tome and Principe,2019,5.91
Number of maternal deaths,Samoa,2019,6.48
Number of maternal deaths,Austria,2019,5.6
Number of maternal deaths,Fiji,2019,5.96
Number of maternal deaths,Uruguay,2019,5.9
Number of maternal deaths,Botswana,2019,60.12
Number of maternal deaths,France,2019,59.51
Number of maternal deaths,United Republic of Tanzania,2019,6366
Number of maternal deaths,United Kingdom of Great Britain and Northern Ireland,2019,64.9
Number of maternal deaths,United States of America,2019,660.9
Number of maternal deaths,Zambia,2019,665.9
Number of maternal deaths,Sri Lanka,2019,67.9
Number of maternal deaths,Mauritania,2019,685.3
Number of maternal deaths,Poland,2019,6.88
Number of maternal deaths,Chad,2019,7082
Number of maternal deaths,Timor-Leste,2019,73.69
Number of maternal deaths,Tunisia,2019,74.46
Number of maternal deaths,Algeria,2019,740.7
Number of maternal deaths,Indonesia,2019,7427
Number of maternal deaths,Viet Nam,2019,787
Number of maternal deaths,Nigeria,2019,79270
Number of maternal deaths,Armenia,2019,8.33
Number of maternal deaths,Netherlands (Kingdom of the),2019,8.25
Number of maternal deaths,Republic of Moldova,2019,8.1
Number of maternal deaths,Serbia,2019,7.88
Number of maternal deaths,Paraguay,2019,80.35
Number of maternal deaths,Kyrgyzstan,2019,81.09
Number of maternal deaths,Jordan,2019,82.44
Number of maternal deaths,Iraq,2019,833.7
Number of maternal deaths,Afghanistan,2019,8450
Number of maternal deaths,Libya,2019,86.5
Number of maternal deaths,Vanuatu,2019,9.43
Number of maternal deaths,Turkmenistan,2019,8.65
Number of maternal deaths,Mauritius,2019,8.74
Number of maternal deaths,Mexico,2019,919.9
Number of maternal deaths,Haiti,2019,925.7
Number of maternal deaths,Nicaragua,2019,93.76
Number of maternal deaths,Venezuela (Bolivarian Republic of),2019,953.7
Number of maternal deaths,Syrian Arab Republic,2019,98.25
Number of maternal deaths,Nepal,2019,997.7
Number of maternal deaths,Andorra,2018,0.058
Number of maternal deaths,Antigua and Barbuda,2018,0.3
Number of maternal deaths,Cook Islands,2018,0.0004
Number of maternal deaths,Iceland,2018,0.17
Number of maternal deaths,Monaco,2018,0.022
Number of maternal deaths,Palau,2018,0.17
Number of maternal deaths,San Marino,2018,0.015
Number of maternal deaths,Dominica,2018,0.34
Number of maternal deaths,Malta,2018,0.38
Number of maternal deaths,Montenegro,2018,0.49
Number of maternal deaths,Saint Kitts and Nevis,2018,0.48
Number of maternal deaths,Tuvalu,2018,0.41
Number of maternal deaths,Estonia,2018,0.76
Number of maternal deaths,Grenada,2018,0.67
Number of maternal deaths,Luxembourg,2018,0.59
Number of maternal deaths,North Macedonia,2018,0.76
Number of maternal deaths,Nauru,2018,0.95
Number of maternal deaths,Norway,2018,0.92
Number of maternal deaths,Saint Lucia,2018,0.88
Number of maternal deaths,Saint Vincent and the Grenadines,2018,0.81
Number of maternal deaths,Seychelles,2018,0.88
Number of maternal deaths,Slovenia,2018,0.81
Number of maternal deaths,Barbados,2018,1.19
Number of maternal deaths,Belarus,2018,1.14
Number of maternal deaths,Croatia,2018,1.17
Number of maternal deaths,Qatar,2018,1.32
Number of maternal deaths,Vanuatu,2018,9.64
Number of maternal deaths,Rwanda,2018,1048
Number of maternal deaths,Venezuela (Bolivarian Republic of),2018,1057
Number of maternal deaths,Equatorial Guinea,2018,106.8
Number of maternal deaths,Nepal,2018,1085
Number of maternal deaths,Suriname,2018,10.97
Number of maternal deaths,Ethiopia,2018,11157
Number of maternal deaths,Pakistan,2018,11882
Number of maternal deaths,Liberia,2018,1152
Number of maternal deaths,Honduras,2018,118.2
Number of maternal deaths,Gabon,2018,118.8
Number of maternal deaths,Spain,2018,11.84
Number of maternal deaths,Portugal,2018,12.04
Number of maternal deaths,Togo,2018,1201
Number of maternal deaths,Sierra Leone,2018,1238
Number of maternal deaths,Oman,2018,12.5
Number of maternal deaths,Hungary,2018,12.56
Number of maternal deaths,Georgia,2018,13.25
Number of maternal deaths,Malaysia,2018,141
Number of maternal deaths,Namibia,2018,148.3
Number of maternal deaths,South Africa,2018,1484
Number of maternal deaths,Mozambique,2018,1517
Number of maternal deaths,Senegal,2018,1535
Number of maternal deaths,Lebanon,2018,15.92
Number of maternal deaths,Malawi,2018,1646
Number of maternal deaths,Yemen,2018,1648
Number of maternal deaths,Australia,2018,16.81
Number of maternal deaths,Republic of Korea,2018,17.2
Number of maternal deaths,Guyana,2018,17.67
Number of maternal deaths,Brazil,2018,1801
Number of maternal deaths,Zimbabwe,2018,1816
Number of maternal deaths,Ecuador,2018,182
Number of maternal deaths,Central African Republic,2018,1885
Number of maternal deaths,Myanmar,2018,1896
Number of maternal deaths,Costa Rica,2018,19.16
Number of maternal deaths,Democratic Republic of the Congo,2018,19624
Number of maternal deaths,Russian Federation,2018,194
Number of maternal deaths,Philippines,2018,1965
Number of maternal deaths,Bosnia and Herzegovina,2018,2.03
Number of maternal deaths,Cyprus,2018,1.75
Number of maternal deaths,Albania,2018,2.33
Number of maternal deaths,Marshall Islands,2018,1.82
Number of maternal deaths,Tonga,2018,1.89
Number of maternal deaths,Burundi,2018,2046
Number of maternal deaths,Burkina Faso,2018,2105
Number of maternal deaths,Thailand,2018,225.7
Number of maternal deaths,Uzbekistan,2018,226.8
Number of maternal deaths,Dominican Republic,2018,228.4
Number of maternal deaths,Türkiye,2018,237.7
Number of maternal deaths,Ghana,2018,2397
Number of maternal deaths,Democratic People's Republic of Korea,2018,240.2
Number of maternal deaths,Lao People's Democratic Republic,2018,243.6
Number of maternal deaths,Chile,2018,25.19
Number of maternal deaths,Guinea,2018,2586
Number of maternal deaths,India,2018,26345
Number of maternal deaths,Angola,2018,2612
Number of maternal deaths,Argentina,2018,263.5
Number of maternal deaths,Benin,2018,2679
Number of maternal deaths,South Sudan,2018,2686
Number of maternal deaths,Iran (Islamic Republic of),2018,278.9
Number of maternal deaths,Solomon Islands,2018,28.21
Number of maternal deaths,"occupied Palestinian territory, including east Jerusalem",2018,28.62
Number of maternal deaths,Lesotho,2018,293.4
Number of maternal deaths,Kiribati,2018,2.98
Number of maternal deaths,Brunei Darussalam,2018,2.56
Number of maternal deaths,Ireland,2018,2.87
Number of maternal deaths,Maldives,2018,2.5
Number of maternal deaths,Denmark,2018,2.86
Number of maternal deaths,Lithuania,2018,2.55
Number of maternal deaths,Puerto Rico,2018,2.83
Number of maternal deaths,Slovakia,2018,2.68
Number of maternal deaths,United Arab Emirates,2018,2.68
Number of maternal deaths,Cabo Verde,2018,3.39
Number of maternal deaths,Czechia,2018,3.41
Number of maternal deaths,Bahrain,2018,3.33
Number of maternal deaths,Romania,2018,31.85
Number of maternal deaths,Cameroon,2018,3244
Number of maternal deaths,Azerbaijan,2018,33.07
Number of maternal deaths,Germany,2018,33.14
Number of maternal deaths,Mongolia,2018,33.41
Number of maternal deaths,Italy,2018,32.51
Number of maternal deaths,China,2018,3372
Number of maternal deaths,Eritrea,2018,338.7
Number of maternal deaths,Panama,2018,33.52
Number of maternal deaths,Gambia,2018,349.4
Number of maternal deaths,Peru,2018,357.3
Number of maternal deaths,Uganda,2018,3632
Number of maternal deaths,Guinea-Bissau,2018,363.9
Number of maternal deaths,Mali,2018,3780
Number of maternal deaths,Jamaica,2018,38.95
Number of maternal deaths,Micronesia (Federated States of),2018,4.14
Number of maternal deaths,Finland,2018,3.76
Number of maternal deaths,New Zealand,2018,4.29
Number of maternal deaths,Bahamas,2018,3.63
Number of maternal deaths,Bulgaria,2018,4.16
Number of maternal deaths,Greece,2018,4.37
Number of maternal deaths,Kuwait,2018,4.16
Number of maternal deaths,Singapore,2018,3.68
Number of maternal deaths,Bolivia (Plurinational State of),2018,408.7
Number of maternal deaths,Eswatini,2018,40.94
Number of maternal deaths,Niger,2018,4115
Number of maternal deaths,Sudan,2018,4165
Number of maternal deaths,Japan,2018,43.13
Number of maternal deaths,Madagascar,2018,4309
Number of maternal deaths,Cote d'Ivoire,2018,4327
Number of maternal deaths,Guatemala,2018,438.7
Number of maternal deaths,El Salvador,2018,44.44
Number of maternal deaths,Tajikistan,2018,44.78
Number of maternal deaths,Cuba,2018,44.74
Number of maternal deaths,Congo,2018,465.7
Number of maternal deaths,Colombia,2018,468.6
Number of maternal deaths,Canada,2018,47.08
Number of maternal deaths,Kazakhstan,2018,46.59
Number of maternal deaths,Djibouti,2018,47.6
Number of maternal deaths,Saudi Arabia,2018,47.98
Number of maternal deaths,Latvia,2018,4.5
Number of maternal deaths,Belize,2018,4.82
Number of maternal deaths,Israel,2018,4.84
Number of maternal deaths,Belgium,2018,5.49
Number of maternal deaths,Sweden,2018,5.17
Number of maternal deaths,Switzerland,2018,5.44
Number of maternal deaths,Bhutan,2018,5.43
Number of maternal deaths,Comoros,2018,49.96
Number of maternal deaths,Egypt,2018,499.5
Number of maternal deaths,Somalia,2018,5130
Number of maternal deaths,Papua New Guinea,2018,518.4
Number of maternal deaths,Bangladesh,2018,5511
Number of maternal deaths,Morocco,2018,553.4
Number of maternal deaths,Cambodia,2018,575.1
Number of maternal deaths,Botswana,2018,59.05
Number of maternal deaths,Ukraine,2018,59.4
Number of maternal deaths,Sao Tome and Principe,2018,6.28
Number of maternal deaths,Austria,2018,5.92
Number of maternal deaths,Fiji,2018,6.21
Number of maternal deaths,Uruguay,2018,6.34
Number of maternal deaths,France,2018,61.6
Number of maternal deaths,Kenya,2018,6240
Number of maternal deaths,United States of America,2018,669.7
Number of maternal deaths,United Republic of Tanzania,2018,6840
Number of maternal deaths,United Kingdom of Great Britain and Northern Ireland,2018,68.62
Number of maternal deaths,Mauritania,2018,694.5
Number of maternal deaths,Samoa,2018,6.52
Number of maternal deaths,Poland,2018,7.17
Number of maternal deaths,Sri Lanka,2018,69.53
Number of maternal deaths,Chad,2018,7319
Number of maternal deaths,Zambia,2018,746.9
Number of maternal deaths,Tunisia,2018,76.63
Number of maternal deaths,Algeria,2018,771.5
Number of maternal deaths,Indonesia,2018,7781
Number of maternal deaths,Timor-Leste,2018,78.3
Number of maternal deaths,Syrian Arab Republic,2018,78.52
Number of maternal deaths,Viet Nam,2018,790.2
Number of maternal deaths,Netherlands (Kingdom of the),2018,8.16
Number of maternal deaths,Serbia,2018,8.03
Number of maternal deaths,Republic of Moldova,2018,8.46
Number of maternal deaths,Paraguay,2018,80.97
Number of maternal deaths,Nigeria,2018,81801
Number of maternal deaths,Kyrgyzstan,2018,82.5
Number of maternal deaths,Iraq,2018,841.8
Number of maternal deaths,Jordan,2018,85.93
Number of maternal deaths,Afghanistan,2018,8699
Number of maternal deaths,Turkmenistan,2018,9.02
Number of maternal deaths,Trinidad and Tobago,2018,9.33
Number of maternal deaths,Armenia,2018,8.61
Number of maternal deaths,Mauritius,2018,8.8
Number of maternal deaths,Libya,2018,90.28
Number of maternal deaths,Nicaragua,2018,90.7
Number of maternal deaths,Mexico,2018,933.9
Number of maternal deaths,Haiti,2018,951.8
Number of maternal deaths,Andorra,2017,0.064
Number of maternal deaths,Cook Islands,2017,0.0004
Number of maternal deaths,Iceland,2017,0.12
Number of maternal deaths,Monaco,2017,0.021
Number of maternal deaths,Palau,2017,0.18
Number of maternal deaths,San Marino,2017,0.015
Number of maternal deaths,Antigua and Barbuda,2017,0.33
Number of maternal deaths,Dominica,2017,0.35
Number of maternal deaths,Malta,2017,0.31
Number of maternal deaths,Saint Kitts and Nevis,2017,0.47
Number of maternal deaths,Tuvalu,2017,0.45
Number of maternal deaths,Estonia,2017,0.73
Number of maternal deaths,Grenada,2017,0.6
Number of maternal deaths,Montenegro,2017,0.56
Number of maternal deaths,North Macedonia,2017,0.81
Number of maternal deaths,Nauru,2017,0.95
Number of maternal deaths,Luxembourg,2017,0.93
Number of maternal deaths,Saint Lucia,2017,0.92
Number of maternal deaths,Saint Vincent and the Grenadines,2017,0.87
Number of maternal deaths,Seychelles,2017,0.85
Number of maternal deaths,Slovenia,2017,0.96
Number of maternal deaths,Barbados,2017,1.19
Number of maternal deaths,Belarus,2017,1.27
Number of maternal deaths,Croatia,2017,1.27
Number of maternal deaths,Norway,2017,1.04
Number of maternal deaths,Qatar,2017,1.38
Number of maternal deaths,Vanuatu,2017,9.6
Number of maternal deaths,Rwanda,2017,1063
Number of maternal deaths,Venezuela (Bolivarian Republic of),2017,1068
Number of maternal deaths,Equatorial Guinea,2017,109.4
Number of maternal deaths,Suriname,2017,11.48
Number of maternal deaths,Ethiopia,2017,11918
Number of maternal deaths,Liberia,2017,1138
Number of maternal deaths,Honduras,2017,119.4
Number of maternal deaths,Nepal,2017,1191
Number of maternal deaths,Portugal,2017,11.54
Number of maternal deaths,Pakistan,2017,12209
Number of maternal deaths,Togo,2017,1212
Number of maternal deaths,Gabon,2017,122.2
Number of maternal deaths,Hungary,2017,12.77
Number of maternal deaths,Oman,2017,13.12
Number of maternal deaths,Spain,2017,13.09
Number of maternal deaths,Sierra Leone,2017,1443
Number of maternal deaths,Malaysia,2017,145.4
Number of maternal deaths,Georgia,2017,15.19
Number of maternal deaths,South Africa,2017,1544
Number of maternal deaths,Namibia,2017,158.4
Number of maternal deaths,Senegal,2017,1651
Number of maternal deaths,Yemen,2017,1693
Number of maternal deaths,Lebanon,2017,17.1
Number of maternal deaths,Australia,2017,17.34
Number of maternal deaths,Malawi,2017,1725
Number of maternal deaths,Mozambique,2017,1745
Number of maternal deaths,Brazil,2017,1764
Number of maternal deaths,Costa Rica,2017,18.32
Number of maternal deaths,Ecuador,2017,182.2
Number of maternal deaths,Zimbabwe,2017,1835
Number of maternal deaths,Guyana,2017,18.61
Number of maternal deaths,Democratic Republic of the Congo,2017,19428
Number of maternal deaths,Philippines,2017,1910
Number of maternal deaths,Myanmar,2017,1990
Number of maternal deaths,Bosnia and Herzegovina,2017,1.93
Number of maternal deaths,Cyprus,2017,1.68
Number of maternal deaths,Marshall Islands,2017,2.03
Number of maternal deaths,Tonga,2017,1.98
Number of maternal deaths,Republic of Korea,2017,19.95
Number of maternal deaths,Russian Federation,2017,207.7
Number of maternal deaths,Burundi,2017,2141
Number of maternal deaths,Dominican Republic,2017,221.5
Number of maternal deaths,Uzbekistan,2017,221.9
Number of maternal deaths,Burkina Faso,2017,2239
Number of maternal deaths,Central African Republic,2017,2293
Number of maternal deaths,Thailand,2017,235.4
Number of maternal deaths,Democratic People's Republic of Korea,2017,243.8
Number of maternal deaths,Ghana,2017,2490
Number of maternal deaths,Türkiye,2017,254.3
Number of maternal deaths,Chile,2017,26.42
Number of maternal deaths,Lao People's Democratic Republic,2017,260.1
Number of maternal deaths,Guinea,2017,2660
Number of maternal deaths,Benin,2017,2695
Number of maternal deaths,Botswana,2017,27.34
Number of maternal deaths,India,2017,27650
Number of maternal deaths,Angola,2017,2704
Number of maternal deaths,Argentina,2017,274.3
Number of maternal deaths,Lesotho,2017,285.3
Number of maternal deaths,Solomon Islands,2017,28.91
Number of maternal deaths,Albania,2017,2.6
Number of maternal deaths,Kiribati,2017,3.05
Number of maternal deaths,Denmark,2017,2.84
Number of maternal deaths,Ireland,2017,2.62
Number of maternal deaths,Brunei Darussalam,2017,2.61
Number of maternal deaths,Lithuania,2017,2.84
Number of maternal deaths,Maldives,2017,2.7
Number of maternal deaths,Slovakia,2017,2.78
Number of maternal deaths,United Arab Emirates,2017,2.93
Number of maternal deaths,Czechia,2017,3.36
Number of maternal deaths,Bahrain,2017,3.45
Number of maternal deaths,"occupied Palestinian territory, including east Jerusalem",2017,30.94
Number of maternal deaths,Iran (Islamic Republic of),2017,314.2
Number of maternal deaths,Germany,2017,33
Number of maternal deaths,Cameroon,2017,3369
Number of maternal deaths,Mongolia,2017,34.03
Number of maternal deaths,Italy,2017,35.29
Number of maternal deaths,Eritrea,2017,352.9
Number of maternal deaths,Azerbaijan,2017,36.35
Number of maternal deaths,Romania,2017,35.57
Number of maternal deaths,Panama,2017,36.45
Number of maternal deaths,Peru,2017,360.3
Number of maternal deaths,Gambia,2017,367.2
Number of maternal deaths,Jamaica,2017,37.43
Number of maternal deaths,Guinea-Bissau,2017,370.2
Number of maternal deaths,Uganda,2017,3754
Number of maternal deaths,Mali,2017,3900
Number of maternal deaths,Bahamas,2017,3.52
Number of maternal deaths,Cabo Verde,2017,3.7
Number of maternal deaths,Micronesia (Federated States of),2017,4.33
Number of maternal deaths,New Zealand,2017,4.42
Number of maternal deaths,Belize,2017,4.44
Number of maternal deaths,Bulgaria,2017,4.3
Number of maternal deaths,Finland,2017,3.93
Number of maternal deaths,Puerto Rico,2017,4.16
Number of maternal deaths,Singapore,2017,3.73
Number of maternal deaths,Sudan,2017,4138
Number of maternal deaths,Bolivia (Plurinational State of),2017,415.2
Number of maternal deaths,Niger,2017,4181
Number of maternal deaths,Madagascar,2017,4217
Number of maternal deaths,China,2017,4325
Number of maternal deaths,Guatemala,2017,446
Number of maternal deaths,Japan,2017,44.63
Number of maternal deaths,Cuba,2017,44.67
Number of maternal deaths,Cote d'Ivoire,2017,4549
Number of maternal deaths,Tajikistan,2017,45.57
Number of maternal deaths,Canada,2017,46.35
Number of maternal deaths,Colombia,2017,464.3
Number of maternal deaths,Congo,2017,468.5
Number of maternal deaths,Eswatini,2017,47.22
Number of maternal deaths,El Salvador,2017,46.68
Number of maternal deaths,Kazakhstan,2017,46.58
Number of maternal deaths,Djibouti,2017,48.15
Number of maternal deaths,Saudi Arabia,2017,48.48
Number of maternal deaths,Somalia,2017,4929
Number of maternal deaths,Greece,2017,4.64
Number of maternal deaths,Kuwait,2017,4.59
Number of maternal deaths,Israel,2017,5.25
Number of maternal deaths,Latvia,2017,4.86
Number of maternal deaths,Sweden,2017,5.19
Number of maternal deaths,Switzerland,2017,5.33
Number of maternal deaths,Austria,2017,5.5
Number of maternal deaths,Comoros,2017,51.88
Number of maternal deaths,Papua New Guinea,2017,519.7
Number of maternal deaths,South Sudan,2017,5591
Number of maternal deaths,Egypt,2017,577.8
Number of maternal deaths,Bangladesh,2017,5805
Number of maternal deaths,Cambodia,2017,588.1
Number of maternal deaths,Morocco,2017,590.7
Number of maternal deaths,Belgium,2017,5.62
Number of maternal deaths,Bhutan,2017,6.06
Number of maternal deaths,Fiji,2017,6.29
Number of maternal deaths,France,2017,61.26
Number of maternal deaths,Kenya,2017,6227
Number of maternal deaths,Ukraine,2017,63.91
Number of maternal deaths,United Kingdom of Great Britain and Northern Ireland,2017,69.25
Number of maternal deaths,United States of America,2017,691.5
Number of maternal deaths,Samoa,2017,6.54
Number of maternal deaths,Sao Tome and Principe,2017,6.97
Number of maternal deaths,Uruguay,2017,7.06
Number of maternal deaths,Mauritania,2017,701.8
Number of maternal deaths,United Republic of Tanzania,2017,7228
Number of maternal deaths,Kyrgyzstan,2017,73.02
Number of maternal deaths,Sri Lanka,2017,72.98
Number of maternal deaths,Chad,2017,7614
Number of maternal deaths,Poland,2017,7.65
Number of maternal deaths,Serbia,2017,8.48
Number of maternal deaths,Tunisia,2017,80.14
Number of maternal deaths,Algeria,2017,806.5
Number of maternal deaths,Indonesia,2017,8118
Number of maternal deaths,Paraguay,2017,82.07
Number of maternal deaths,Nigeria,2017,83899
Number of maternal deaths,Syrian Arab Republic,2017,85.43
Number of maternal deaths,Timor-Leste,2017,85.02
Number of maternal deaths,Viet Nam,2017,873.3
Number of maternal deaths,Zambia,2017,886.3
Number of maternal deaths,Afghanistan,2017,8971
Number of maternal deaths,Turkmenistan,2017,9.39
Number of maternal deaths,Netherlands (Kingdom of the),2017,8.6
Number of maternal deaths,Republic of Moldova,2017,8.87
Number of maternal deaths,Trinidad and Tobago,2017,9.25
Number of maternal deaths,Armenia,2017,9.03
Number of maternal deaths,Mauritius,2017,8.95
Number of maternal deaths,Iraq,2017,905.8
Number of maternal deaths,Jordan,2017,90.87
Number of maternal deaths,Mexico,2017,933.4
Number of maternal deaths,Haiti,2017,934.8
Number of maternal deaths,Libya,2017,95.64
Number of maternal deaths,Nicaragua,2017,99.02
Number of maternal deaths,Andorra,2016,0.06
Number of maternal deaths,Antigua and Barbuda,2016,0.29
Number of maternal deaths,Cook Islands,2016,0.0004
Number of maternal deaths,Iceland,2016,0.13
Number of maternal deaths,Monaco,2016,0.022
Number of maternal deaths,Palau,2016,0.18
Number of maternal deaths,San Marino,2016,0.017
Number of maternal deaths,Dominica,2016,0.43
Number of maternal deaths,Malta,2016,0.42
Number of maternal deaths,Montenegro,2016,0.47
Number of maternal deaths,Saint Kitts and Nevis,2016,0.48
Number of maternal deaths,Tuvalu,2016,0.44
Number of maternal deaths,Grenada,2016,0.66
Number of maternal deaths,Nauru,2016,0.93
Number of maternal deaths,Luxembourg,2016,0.8
Number of maternal deaths,North Macedonia,2016,0.94
Number of maternal deaths,Saint Lucia,2016,0.98
Number of maternal deaths,Saint Vincent and the Grenadines,2016,0.84
Number of maternal deaths,Seychelles,2016,0.83
Number of maternal deaths,Slovenia,2016,1.01
Number of maternal deaths,Barbados,2016,1.19
Number of maternal deaths,Croatia,2016,1.36
Number of maternal deaths,Estonia,2016,1
Number of maternal deaths,Norway,2016,1.2
Number of maternal deaths,Qatar,2016,1.4
Number of maternal deaths,Turkmenistan,2016,9.77
Number of maternal deaths,Republic of Moldova,2016,9.93
Number of maternal deaths,Armenia,2016,9.98
Number of maternal deaths,Libya,2016,104.4
Number of maternal deaths,Nicaragua,2016,105.6
Number of maternal deaths,Rwanda,2016,1060
Number of maternal deaths,Portugal,2016,10.51
Number of maternal deaths,Equatorial Guinea,2016,110.2
Number of maternal deaths,Liberia,2016,1113
Number of maternal deaths,Suriname,2016,12.09
Number of maternal deaths,Pakistan,2016,12730
Number of maternal deaths,Ethiopia,2016,12947
Number of maternal deaths,Honduras,2016,122.4
Number of maternal deaths,Togo,2016,1244
Number of maternal deaths,Hungary,2016,12.56
Number of maternal deaths,Oman,2016,13.07
Number of maternal deaths,Nepal,2016,1310
Number of maternal deaths,Spain,2016,13.81
Number of maternal deaths,Gabon,2016,139.8
Number of maternal deaths,Malaysia,2016,148.5
Number of maternal deaths,Yemen,2016,1548
Number of maternal deaths,Sierra Leone,2016,1559
Number of maternal deaths,South Africa,2016,1638
Number of maternal deaths,Georgia,2016,16.76
Number of maternal deaths,Senegal,2016,1755
Number of maternal deaths,Lebanon,2016,17.97
Number of maternal deaths,Australia,2016,18.36
Number of maternal deaths,Democratic Republic of the Congo,2016,18951
Number of maternal deaths,Brazil,2016,1830
Number of maternal deaths,Namibia,2016,184.6
Number of maternal deaths,Mozambique,2016,1861
Number of maternal deaths,Malawi,2016,1874
Number of maternal deaths,Ecuador,2016,188.2
Number of maternal deaths,Costa Rica,2016,18.66
Number of maternal deaths,Guyana,2016,19.46
Number of maternal deaths,Zimbabwe,2016,1964
Number of maternal deaths,Central African Republic,2016,1969
Number of maternal deaths,Belarus,2016,1.52
Number of maternal deaths,Cyprus,2016,1.65
Number of maternal deaths,Bosnia and Herzegovina,2016,1.92
Number of maternal deaths,Marshall Islands,2016,2.16
Number of maternal deaths,Tonga,2016,2.07
Number of maternal deaths,Myanmar,2016,2057
Number of maternal deaths,Uzbekistan,2016,224.9
Number of maternal deaths,Burundi,2016,2256
Number of maternal deaths,Dominican Republic,2016,225.8
Number of maternal deaths,Philippines,2016,2275
Number of maternal deaths,Burkina Faso,2016,2356
Number of maternal deaths,Republic of Korea,2016,24.15
Number of maternal deaths,Thailand,2016,244.6
Number of maternal deaths,Democratic People's Republic of Korea,2016,246.6
Number of maternal deaths,Russian Federation,2016,259.4
Number of maternal deaths,Ghana,2016,2623
Number of maternal deaths,Türkiye,2016,270.1
Number of maternal deaths,Benin,2016,2725
Number of maternal deaths,Guinea,2016,2737
Number of maternal deaths,Lao People's Democratic Republic,2016,279.8
Number of maternal deaths,Angola,2016,2833
Number of maternal deaths,Solomon Islands,2016,29.44
Number of maternal deaths,Argentina,2016,291.2
Number of maternal deaths,Kiribati,2016,2.98
Number of maternal deaths,Ireland,2016,2.78
Number of maternal deaths,Brunei Darussalam,2016,2.66
Number of maternal deaths,Lithuania,2016,2.88
Number of maternal deaths,Maldives,2016,2.82
Number of maternal deaths,Slovakia,2016,2.86
Number of maternal deaths,Albania,2016,2.92
Number of maternal deaths,United Arab Emirates,2016,3.03
Number of maternal deaths,Bahrain,2016,3.47
Number of maternal deaths,Denmark,2016,3.15
Number of maternal deaths,India,2016,30439
Number of maternal deaths,Chile,2016,30.52
Number of maternal deaths,Lesotho,2016,319
Number of maternal deaths,Iran (Islamic Republic of),2016,335.5
Number of maternal deaths,"occupied Palestinian territory, including east Jerusalem",2016,34.3
Number of maternal deaths,Cameroon,2016,3485
Number of maternal deaths,Germany,2016,34.96
Number of maternal deaths,Romania,2016,35.83
Number of maternal deaths,Italy,2016,35.99
Number of maternal deaths,Mongolia,2016,37.13
Number of maternal deaths,Panama,2016,36.58
Number of maternal deaths,Jamaica,2016,37.14
Number of maternal deaths,Eritrea,2016,371
Number of maternal deaths,Peru,2016,372.8
Number of maternal deaths,Guinea-Bissau,2016,386.7
Number of maternal deaths,Gambia,2016,386.7
Number of maternal deaths,Azerbaijan,2016,38.81
Number of maternal deaths,Mali,2016,3975
Number of maternal deaths,Micronesia (Federated States of),2016,4.4
Number of maternal deaths,Cabo Verde,2016,3.93
Number of maternal deaths,Bahamas,2016,3.59
Number of maternal deaths,Belize,2016,4.01
Number of maternal deaths,Czechia,2016,3.62
Number of maternal deaths,Finland,2016,3.91
Number of maternal deaths,New Zealand,2016,4.49
Number of maternal deaths,Puerto Rico,2016,4.43
Number of maternal deaths,Singapore,2016,3.82
Number of maternal deaths,Uganda,2016,4046
Number of maternal deaths,Madagascar,2016,4122
Number of maternal deaths,Botswana,2016,42.4
Number of maternal deaths,Sudan,2016,4211
Number of maternal deaths,Bolivia (Plurinational State of),2016,421.8
Number of maternal deaths,Niger,2016,4273
Number of maternal deaths,China,2016,4542
Number of maternal deaths,Canada,2016,46.04
Number of maternal deaths,Guatemala,2016,465
Number of maternal deaths,Colombia,2016,465.9
Number of maternal deaths,Congo,2016,467.8
Number of maternal deaths,Saudi Arabia,2016,47.49
Number of maternal deaths,Cuba,2016,46.94
Number of maternal deaths,Cote d'Ivoire,2016,4784
Number of maternal deaths,El Salvador,2016,47.72
Number of maternal deaths,Japan,2016,47.65
Number of maternal deaths,Djibouti,2016,48.93
Number of maternal deaths,Bulgaria,2016,4.5
Number of maternal deaths,Greece,2016,4.58
Number of maternal deaths,Kuwait,2016,4.56
Number of maternal deaths,Israel,2016,5.45
Number of maternal deaths,Latvia,2016,5.15
Number of maternal deaths,Sweden,2016,5.27
Number of maternal deaths,Kazakhstan,2016,49.96
Number of maternal deaths,Somalia,2016,5038
Number of maternal deaths,Papua New Guinea,2016,533.8
Number of maternal deaths,Comoros,2016,53.67
Number of maternal deaths,Tajikistan,2016,54.86
Number of maternal deaths,Samoa,2016,6.42
Number of maternal deaths,Austria,2016,5.65
Number of maternal deaths,Belgium,2016,5.85
Number of maternal deaths,Switzerland,2016,5.78
Number of maternal deaths,Cambodia,2016,604.5
Number of maternal deaths,Egypt,2016,612.8
Number of maternal deaths,South Sudan,2016,6185
Number of maternal deaths,Bangladesh,2016,6214
Number of maternal deaths,Morocco,2016,634.6
Number of maternal deaths,Kenya,2016,6411
Number of maternal deaths,France,2016,65.22
Number of maternal deaths,Eswatini,2016,67.59
Number of maternal deaths,Mauritania,2016,696.9
Number of maternal deaths,Bhutan,2016,7.01
Number of maternal deaths,Fiji,2016,7.09
Number of maternal deaths,Poland,2016,7.31
Number of maternal deaths,Uruguay,2016,7.49
Number of maternal deaths,United States of America,2016,703.2
Number of maternal deaths,Ukraine,2016,72.37
Number of maternal deaths,United Kingdom of Great Britain and Northern Ireland,2016,73.06
Number of maternal deaths,Sri Lanka,2016,74.07
Number of maternal deaths,Chad,2016,7799
Number of maternal deaths,Sao Tome and Principe,2016,7.71
Number of maternal deaths,Mauritius,2016,8.24
Number of maternal deaths,Kyrgyzstan,2016,79.7
Number of maternal deaths,United Republic of Tanzania,2016,8012
Number of maternal deaths,Algeria,2016,817.8
Number of maternal deaths,Paraguay,2016,83.79
Number of maternal deaths,Syrian Arab Republic,2016,85.1
Number of maternal deaths,Tunisia,2016,85.04
Number of maternal deaths,Nigeria,2016,85280
Number of maternal deaths,Indonesia,2016,8724
Number of maternal deaths,Vanuatu,2016,9.49
Number of maternal deaths,Netherlands (Kingdom of the),2016,9.15
Number of maternal deaths,Serbia,2016,8.8
Number of maternal deaths,Trinidad and Tobago,2016,9.31
Number of maternal deaths,Venezuela (Bolivarian Republic of),2016,911.3
Number of maternal deaths,Viet Nam,2016,912.1
Number of maternal deaths,Timor-Leste,2016,92.09
Number of maternal deaths,Mexico,2016,933.3
Number of maternal deaths,Afghanistan,2016,9438
Number of maternal deaths,Haiti,2016,954
Number of maternal deaths,Jordan,2016,95.95
Number of maternal deaths,Zambia,2016,979.2
Number of maternal deaths,Iraq,2016,998.9
Number of maternal deaths,Andorra,2015,0.065
Number of maternal deaths,Cook Islands,2015,0.0004
Number of maternal deaths,Iceland,2015,0.16
Number of maternal deaths,Malta,2015,0.3
Number of maternal deaths,Monaco,2015,0.021
Number of maternal deaths,Palau,2015,0.18
Number of maternal deaths,San Marino,2015,0.019
Number of maternal deaths,Antigua and Barbuda,2015,0.33
Number of maternal deaths,Saint Kitts and Nevis,2015,0.49
Number of maternal deaths,Tuvalu,2015,0.43
Number of maternal deaths,Dominica,2015,0.58
Number of maternal deaths,Grenada,2015,0.73
Number of maternal deaths,Montenegro,2015,0.54
Number of maternal deaths,Nauru,2015,0.95
Number of maternal deaths,Estonia,2015,0.88
Number of maternal deaths,Luxembourg,2015,0.78
Number of maternal deaths,North Macedonia,2015,0.93
Number of maternal deaths,Saint Lucia,2015,0.99
Number of maternal deaths,Saint Vincent and the Grenadines,2015,1.01
Number of maternal deaths,Seychelles,2015,0.79
Number of maternal deaths,Slovenia,2015,1.07
Number of maternal deaths,Barbados,2015,1.22
Number of maternal deaths,Croatia,2015,1.46
Number of maternal deaths,Norway,2015,1.31
Number of maternal deaths,Qatar,2015,1.47
Number of maternal deaths,Vanuatu,2015,9.54
Number of maternal deaths,Turkmenistan,2015,10.33
Number of maternal deaths,Republic of Moldova,2015,10.21
Number of maternal deaths,Armenia,2015,10.47
Number of maternal deaths,Syrian Arab Republic,2015,100.5
Number of maternal deaths,Iraq,2015,1018
Number of maternal deaths,Rwanda,2015,1089
Number of maternal deaths,Libya,2015,109
Number of maternal deaths,Nicaragua,2015,111.4
Number of maternal deaths,Equatorial Guinea,2015,111.6
Number of maternal deaths,Hungary,2015,12.41
Number of maternal deaths,Togo,2015,1250
Number of maternal deaths,Liberia,2015,1255
Number of maternal deaths,Honduras,2015,127
Number of maternal deaths,Oman,2015,12.82
Number of maternal deaths,Suriname,2015,13.04
Number of maternal deaths,Pakistan,2015,13495
Number of maternal deaths,Ethiopia,2015,13872
Number of maternal deaths,Nepal,2015,1452
Number of maternal deaths,Spain,2015,14.69
Number of maternal deaths,Yemen,2015,1508
Number of maternal deaths,Gabon,2015,151.7
Number of maternal deaths,Malaysia,2015,152.2
Number of maternal deaths,Sierra Leone,2015,1781
Number of maternal deaths,South Africa,2015,1792
Number of maternal deaths,Senegal,2015,1796
Number of maternal deaths,Costa Rica,2015,18.1
Number of maternal deaths,Australia,2015,18.03
Number of maternal deaths,Georgia,2015,17.98
Number of maternal deaths,Brazil,2015,1864
Number of maternal deaths,Lebanon,2015,18.82
Number of maternal deaths,Democratic Republic of the Congo,2015,19109
Number of maternal deaths,Ecuador,2015,191.8
Number of maternal deaths,Mozambique,2015,1958
Number of maternal deaths,Central African Republic,2015,1967
Number of maternal deaths,Belarus,2015,1.73
Number of maternal deaths,Cyprus,2015,1.54
Number of maternal deaths,Bosnia and Herzegovina,2015,2
Number of maternal deaths,Marshall Islands,2015,2.26
Number of maternal deaths,Tonga,2015,2.16
Number of maternal deaths,Guyana,2015,20.02
Number of maternal deaths,Zimbabwe,2015,2090
Number of maternal deaths,Myanmar,2015,2106
Number of maternal deaths,Malawi,2015,2134
Number of maternal deaths,Dominican Republic,2015,219.2
Number of maternal deaths,Namibia,2015,223.2
Number of maternal deaths,Uzbekistan,2015,229.9
Number of maternal deaths,Burundi,2015,2452
Number of maternal deaths,Burkina Faso,2015,2465
Number of maternal deaths,Democratic People's Republic of Korea,2015,246.7
Number of maternal deaths,Philippines,2015,2500
Number of maternal deaths,Thailand,2015,252
Number of maternal deaths,Benin,2015,2687
Number of maternal deaths,Türkiye,2015,269.3
Number of maternal deaths,Republic of Korea,2015,27.32
Number of maternal deaths,Ghana,2015,2771
Number of maternal deaths,Guinea,2015,2852
Number of maternal deaths,Russian Federation,2015,286.2
Number of maternal deaths,Angola,2015,2938
Number of maternal deaths,Argentina,2015,296.6
Number of maternal deaths,Kiribati,2015,3.05
Number of maternal deaths,Denmark,2015,2.89
Number of maternal deaths,Slovakia,2015,2.54
Number of maternal deaths,Brunei Darussalam,2015,2.71
Number of maternal deaths,Lithuania,2015,3.13
Number of maternal deaths,Maldives,2015,2.92
Number of maternal deaths,Albania,2015,3.29
Number of maternal deaths,United Arab Emirates,2015,3.11
Number of maternal deaths,Bahrain,2015,3.47
Number of maternal deaths,Ireland,2015,3.1
Number of maternal deaths,Czechia,2015,3.47
Number of maternal deaths,Solomon Islands,2015,29.78
Number of maternal deaths,Lao People's Democratic Republic,2015,305
Number of maternal deaths,India,2015,32318
Number of maternal deaths,Germany,2015,33.21
Number of maternal deaths,Chile,2015,34.28
Number of maternal deaths,Iran (Islamic Republic of),2015,346.2
Number of maternal deaths,Cameroon,2015,3583
Number of maternal deaths,Romania,2015,36.1
Number of maternal deaths,Lesotho,2015,364.7
Number of maternal deaths,Jamaica,2015,37.42
Number of maternal deaths,"occupied Palestinian territory, including east Jerusalem",2015,38.2
Number of maternal deaths,Italy,2015,37.69
Number of maternal deaths,Panama,2015,37.77
Number of maternal deaths,Azerbaijan,2015,39.13
Number of maternal deaths,Peru,2015,390.7
Number of maternal deaths,Eritrea,2015,391.7
Number of maternal deaths,Guinea-Bissau,2015,396.9
Number of maternal deaths,Belize,2015,3.65
Number of maternal deaths,Finland,2015,3.95
Number of maternal deaths,Bahamas,2015,4.02
Number of maternal deaths,Cabo Verde,2015,4.15
Number of maternal deaths,Greece,2015,4.39
Number of maternal deaths,Singapore,2015,3.97
Number of maternal deaths,Mali,2015,4050
Number of maternal deaths,Madagascar,2015,4069
Number of maternal deaths,Mongolia,2015,40.85
Number of maternal deaths,Gambia,2015,418.8
Number of maternal deaths,Sudan,2015,4255
Number of maternal deaths,Bolivia (Plurinational State of),2015,432.8
Number of maternal deaths,Uganda,2015,4380
Number of maternal deaths,Niger,2015,4393
Number of maternal deaths,Canada,2015,43.5
Number of maternal deaths,China,2015,4581
Number of maternal deaths,Guatemala,2015,469.1
Number of maternal deaths,Saudi Arabia,2015,46.53
Number of maternal deaths,Colombia,2015,487.2
Number of maternal deaths,El Salvador,2015,49.34
Number of maternal deaths,Cote d'Ivoire,2015,4944
Number of maternal deaths,Micronesia (Federated States of),2015,4.66
Number of maternal deaths,Bulgaria,2015,4.78
Number of maternal deaths,Israel,2015,4.98
Number of maternal deaths,Kuwait,2015,4.64
Number of maternal deaths,Latvia,2015,4.9
Number of maternal deaths,New Zealand,2015,4.82
Number of maternal deaths,Puerto Rico,2015,4.8
Number of maternal deaths,Sweden,2015,5.16
Number of maternal deaths,Austria,2015,5.49
Number of maternal deaths,Switzerland,2015,5.4
Number of maternal deaths,Japan,2015,50.09
Number of maternal deaths,Congo,2015,505.8
Number of maternal deaths,Djibouti,2015,50.52
Number of maternal deaths,Cuba,2015,51.16
Number of maternal deaths,Somalia,2015,5107
Number of maternal deaths,Kazakhstan,2015,51.98
Number of maternal deaths,Papua New Guinea,2015,547.5
Number of maternal deaths,Tajikistan,2015,55.99
Number of maternal deaths,Comoros,2015,56.36
Number of maternal deaths,South Sudan,2015,5646
Number of maternal deaths,Samoa,2015,6.48
Number of maternal deaths,Belgium,2015,6.14
Number of maternal deaths,Cambodia,2015,627.2
Number of maternal deaths,Bangladesh,2015,6570
Number of maternal deaths,Kenya,2015,6599
Number of maternal deaths,France,2015,66.72
Number of maternal deaths,Morocco,2015,672.1
Number of maternal deaths,United States of America,2015,677.8
Number of maternal deaths,Egypt,2015,681.8
Number of maternal deaths,Fiji,2015,7.15
Number of maternal deaths,Poland,2015,7.17
Number of maternal deaths,Mauritania,2015,702.9
Number of maternal deaths,United Kingdom of Great Britain and Northern Ireland,2015,71.31
Number of maternal deaths,Sri Lanka,2015,76.43
Number of maternal deaths,Venezuela (Bolivarian Republic of),2015,775.1
Number of maternal deaths,Ukraine,2015,77.55
Number of maternal deaths,Sao Tome and Principe,2015,8.45
Number of maternal deaths,Mauritius,2015,7.96
Number of maternal deaths,Bhutan,2015,7.93
Number of maternal deaths,Uruguay,2015,7.7
Number of maternal deaths,Chad,2015,8012
Number of maternal deaths,Botswana,2015,81.97
Number of maternal deaths,Algeria,2015,821
Number of maternal deaths,United Republic of Tanzania,2015,8478
Number of maternal deaths,Nigeria,2015,86725
Number of maternal deaths,Tunisia,2015,89.15
Number of maternal deaths,Kyrgyzstan,2015,88.92
Number of maternal deaths,Paraguay,2015,88.89
Number of maternal deaths,Netherlands (Kingdom of the),2015,8.84
Number of maternal deaths,Portugal,2015,9.34
Number of maternal deaths,Serbia,2015,9.04
Number of maternal deaths,Trinidad and Tobago,2015,9.38
Number of maternal deaths,Eswatini,2015,91.54
Number of maternal deaths,Indonesia,2015,9246
Number of maternal deaths,Jordan,2015,93.03
Number of maternal deaths,Zambia,2015,945.6
Number of maternal deaths,Mexico,2015,952.3
Number of maternal deaths,Haiti,2015,974
Number of maternal deaths,Afghanistan,2015,9871
Number of maternal deaths,Timor-Leste,2015,99.45
Number of maternal deaths,Viet Nam,2015,989.5
Number of maternal deaths,Andorra,2014,0.064
Number of maternal deaths,Cook Islands,2014,0.0004
Number of maternal deaths,Iceland,2014,0.18
Number of maternal deaths,Monaco,2014,0.021
Number of maternal deaths,Palau,2014,0.18
Number of maternal deaths,San Marino,2014,0.021
Number of maternal deaths,Antigua and Barbuda,2014,0.35
Number of maternal deaths,Malta,2014,0.34
Number of maternal deaths,Tuvalu,2014,0.42
Number of maternal deaths,Dominica,2014,0.51
Number of maternal deaths,Montenegro,2014,0.54
Number of maternal deaths,Saint Kitts and Nevis,2014,0.54
Number of maternal deaths,Nauru,2014,0.89
Number of maternal deaths,Estonia,2014,0.93
Number of maternal deaths,Grenada,2014,0.74
Number of maternal deaths,Luxembourg,2014,0.78
Number of maternal deaths,Seychelles,2014,0.75
Number of maternal deaths,Barbados,2014,1.28
Number of maternal deaths,Cyprus,2014,1.45
Number of maternal deaths,North Macedonia,2014,1.05
Number of maternal deaths,Norway,2014,1.41
Number of maternal deaths,Saint Lucia,2014,1.06
Number of maternal deaths,Saint Vincent and the Grenadines,2014,1.1
Number of maternal deaths,Slovenia,2014,1.19
Number of maternal deaths,Vanuatu,2014,9.51
Number of maternal deaths,Netherlands (Kingdom of the),2014,9.66
Number of maternal deaths,Republic of Moldova,2014,10
Number of maternal deaths,Viet Nam,2014,1010
Number of maternal deaths,Zambia,2014,1052
Number of maternal deaths,Timor-Leste,2014,108.6
Number of maternal deaths,Iraq,2014,1090
Number of maternal deaths,Turkmenistan,2014,10.81
Number of maternal deaths,Armenia,2014,11.24
Number of maternal deaths,Rwanda,2014,1103
Number of maternal deaths,Libya,2014,112.3
Number of maternal deaths,Equatorial Guinea,2014,112.2
Number of maternal deaths,Nicaragua,2014,114.4
Number of maternal deaths,Hungary,2014,12.4
Number of maternal deaths,Syrian Arab Republic,2014,120.1
Number of maternal deaths,Eswatini,2014,121.6
Number of maternal deaths,Botswana,2014,123.1
Number of maternal deaths,Togo,2014,1281
Number of maternal deaths,Liberia,2014,1288
Number of maternal deaths,Oman,2014,12.55
Number of maternal deaths,Honduras,2014,132
Number of maternal deaths,Suriname,2014,13.66
Number of maternal deaths,Pakistan,2014,14123
Number of maternal deaths,Yemen,2014,1449
Number of maternal deaths,Ethiopia,2014,15014
Number of maternal deaths,Nepal,2014,1516
Number of maternal deaths,Malaysia,2014,152.1
Number of maternal deaths,Spain,2014,15.6
Number of maternal deaths,Lebanon,2014,16.89
Number of maternal deaths,Gabon,2014,169.6
Number of maternal deaths,Australia,2014,17.95
Number of maternal deaths,Senegal,2014,1872
Number of maternal deaths,Brazil,2014,1875
Number of maternal deaths,Mozambique,2014,1890
Number of maternal deaths,Costa Rica,2014,18.81
Number of maternal deaths,Georgia,2014,19.42
Number of maternal deaths,Democratic Republic of the Congo,2014,19032
Number of maternal deaths,South Africa,2014,1964
Number of maternal deaths,Ecuador,2014,196.6
Number of maternal deaths,Croatia,2014,1.72
Number of maternal deaths,Qatar,2014,1.51
Number of maternal deaths,Bosnia and Herzegovina,2014,2.02
Number of maternal deaths,Tonga,2014,2.24
Number of maternal deaths,Belarus,2014,1.94
Number of maternal deaths,Sierra Leone,2014,2010
Number of maternal deaths,Dominican Republic,2014,204.9
Number of maternal deaths,Guyana,2014,20.56
Number of maternal deaths,Central African Republic,2014,2135
Number of maternal deaths,Myanmar,2014,2139
Number of maternal deaths,Malawi,2014,2228
Number of maternal deaths,Uzbekistan,2014,228.7
Number of maternal deaths,Zimbabwe,2014,2353
Number of maternal deaths,Burundi,2014,2471
Number of maternal deaths,Democratic People's Republic of Korea,2014,249.1
Number of maternal deaths,Burkina Faso,2014,2564
Number of maternal deaths,Philippines,2014,2564
Number of maternal deaths,Thailand,2014,262.1
Number of maternal deaths,Benin,2014,2626
Number of maternal deaths,Namibia,2014,264.6
Number of maternal deaths,Türkiye,2014,270.8
Number of maternal deaths,Republic of Korea,2014,28.18
Number of maternal deaths,Ghana,2014,2803
Number of maternal deaths,Guinea,2014,2898
Number of maternal deaths,Solomon Islands,2014,29.49
Number of maternal deaths,Kiribati,2014,3.09
Number of maternal deaths,Marshall Islands,2014,2.55
Number of maternal deaths,Brunei Darussalam,2014,2.75
Number of maternal deaths,Lithuania,2014,2.78
Number of maternal deaths,Maldives,2014,3.13
Number of maternal deaths,Slovakia,2014,2.74
Number of maternal deaths,United Arab Emirates,2014,3.21
Number of maternal deaths,Bahrain,2014,3.38
Number of maternal deaths,Belize,2014,3.35
Number of maternal deaths,Denmark,2014,3.06
Number of maternal deaths,Ireland,2014,3.19
Number of maternal deaths,Angola,2014,3021
Number of maternal deaths,Russian Federation,2014,306.2
Number of maternal deaths,Germany,2014,32.17
Number of maternal deaths,Lao People's Democratic Republic,2014,323.8
Number of maternal deaths,Argentina,2014,336.9
Number of maternal deaths,India,2014,34298
Number of maternal deaths,Iran (Islamic Republic of),2014,355.4
Number of maternal deaths,Romania,2014,35.8
Number of maternal deaths,Cameroon,2014,3643
Number of maternal deaths,Chile,2014,37.9
Number of maternal deaths,Jamaica,2014,37.98
Number of maternal deaths,Panama,2014,38.43
Number of maternal deaths,Italy,2014,38.53
Number of maternal deaths,Albania,2014,3.69
Number of maternal deaths,Czechia,2014,3.52
Number of maternal deaths,Finland,2014,3.92
Number of maternal deaths,Greece,2014,3.93
Number of maternal deaths,New Zealand,2014,4.23
Number of maternal deaths,Bahamas,2014,4.01
Number of maternal deaths,Singapore,2014,4.25
Number of maternal deaths,Cabo Verde,2014,4.44
Number of maternal deaths,Madagascar,2014,4039
Number of maternal deaths,Peru,2014,403.6
Number of maternal deaths,Mali,2014,4108
Number of maternal deaths,Guinea-Bissau,2014,416.3
Number of maternal deaths,Eritrea,2014,418.4
Number of maternal deaths,Sudan,2014,4255
Number of maternal deaths,Azerbaijan,2014,42.92
Number of maternal deaths,"occupied Palestinian territory, including east Jerusalem",2014,42.66
Number of maternal deaths,Lesotho,2014,433.9
Number of maternal deaths,Mongolia,2014,44
Number of maternal deaths,Canada,2014,44.45
Number of maternal deaths,Bolivia (Plurinational State of),2014,445.3
Number of maternal deaths,Gambia,2014,447.9
Number of maternal deaths,Uganda,2014,4500
Number of maternal deaths,Niger,2014,4510
Number of maternal deaths,Guatemala,2014,459
Number of maternal deaths,Saudi Arabia,2014,47.67
Number of maternal deaths,El Salvador,2014,47.75
Number of maternal deaths,Micronesia (Federated States of),2014,4.58
Number of maternal deaths,Kuwait,2014,4.94
Number of maternal deaths,Latvia,2014,4.88
Number of maternal deaths,Austria,2014,5.29
Number of maternal deaths,Bulgaria,2014,4.95
Number of maternal deaths,Switzerland,2014,5.36
Number of maternal deaths,Colombia,2014,502.5
Number of maternal deaths,Djibouti,2014,51.1
Number of maternal deaths,Cote d'Ivoire,2014,5101
Number of maternal deaths,Somalia,2014,5167
Number of maternal deaths,Japan,2014,52.4
Number of maternal deaths,Cuba,2014,51.72
Number of maternal deaths,South Sudan,2014,5216
Number of maternal deaths,China,2014,5277
Number of maternal deaths,Congo,2014,538.9
Number of maternal deaths,Tajikistan,2014,55.88
Number of maternal deaths,Kazakhstan,2014,56.19
Number of maternal deaths,Papua New Guinea,2014,570.9
Number of maternal deaths,Comoros,2014,58.55
Number of maternal deaths,Samoa,2014,6.43
Number of maternal deaths,Puerto Rico,2014,5.52
Number of maternal deaths,Israel,2014,5.51
Number of maternal deaths,Sweden,2014,5.58
Number of maternal deaths,Belgium,2014,6.45
Number of maternal deaths,Cambodia,2014,646
Number of maternal deaths,United States of America,2014,658.8
Number of maternal deaths,Kenya,2014,6855
Number of maternal deaths,France,2014,68.8
Number of maternal deaths,Bangladesh,2014,6948
Number of maternal deaths,Fiji,2014,7.35
Number of maternal deaths,Poland,2014,7.49
Number of maternal deaths,United Kingdom of Great Britain and Northern Ireland,2014,70.02
Number of maternal deaths,Mauritania,2014,709.6
Number of maternal deaths,Egypt,2014,712.8
Number of maternal deaths,Morocco,2014,715.5
Number of maternal deaths,Venezuela (Bolivarian Republic of),2014,764.2
Number of maternal deaths,Chad,2014,7997
Number of maternal deaths,Mauritius,2014,8.16
Number of maternal deaths,Uruguay,2014,7.8
Number of maternal deaths,Sri Lanka,2014,81.08
Number of maternal deaths,Algeria,2014,822.2
Number of maternal deaths,Nigeria,2014,85684
Number of maternal deaths,United Republic of Tanzania,2014,8760
Number of maternal deaths,Bhutan,2014,8.83
Number of maternal deaths,Sao Tome and Principe,2014,9.33
Number of maternal deaths,Portugal,2014,8.84
Number of maternal deaths,Serbia,2014,9.01
Number of maternal deaths,Trinidad and Tobago,2014,9.4
Number of maternal deaths,Jordan,2014,91.45
Number of maternal deaths,Ukraine,2014,91.54
Number of maternal deaths,Tunisia,2014,92.61
Number of maternal deaths,Kyrgyzstan,2014,95.96
Number of maternal deaths,Paraguay,2014,96.73
Number of maternal deaths,Indonesia,2014,9806
Number of maternal deaths,Afghanistan,2014,9810
Number of maternal deaths,Mexico,2014,992.5
Number of maternal deaths,Haiti,2014,995.7
Number of maternal deaths,Andorra,2013,0.064
Number of maternal deaths,Cook Islands,2013,0.0004
Number of maternal deaths,Iceland,2013,0.18
Number of maternal deaths,Malta,2013,0.3
Number of maternal deaths,Monaco,2013,0.019
Number of maternal deaths,Palau,2013,0.21
Number of maternal deaths,San Marino,2013,0.026
Number of maternal deaths,Antigua and Barbuda,2013,0.35
Number of maternal deaths,Dominica,2013,0.46
Number of maternal deaths,Tuvalu,2013,0.42
Number of maternal deaths,Montenegro,2013,0.56
Number of maternal deaths,Saint Kitts and Nevis,2013,0.55
Number of maternal deaths,Nauru,2013,0.92
Number of maternal deaths,Estonia,2013,0.88
Number of maternal deaths,Grenada,2013,0.78
Number of maternal deaths,Luxembourg,2013,0.93
Number of maternal deaths,Seychelles,2013,0.78
Number of maternal deaths,Barbados,2013,1.32
Number of maternal deaths,Cyprus,2013,1.33
Number of maternal deaths,North Macedonia,2013,1.11
Number of maternal deaths,Qatar,2013,1.49
Number of maternal deaths,Saint Lucia,2013,1.15
Number of maternal deaths,Saint Vincent and the Grenadines,2013,1.26
Number of maternal deaths,Slovenia,2013,1.21
Number of maternal deaths,Sao Tome and Principe,2013,10.23
Number of maternal deaths,Bhutan,2013,9.8
Number of maternal deaths,Netherlands (Kingdom of the),2013,9.73
Number of maternal deaths,Trinidad and Tobago,2013,9.55
Number of maternal deaths,Indonesia,2013,10477
Number of maternal deaths,Ukraine,2013,100.5
Number of maternal deaths,Haiti,2013,1013
Number of maternal deaths,Mexico,2013,1041
Number of maternal deaths,Libya,2013,106
Number of maternal deaths,Turkmenistan,2013,11.32
Number of maternal deaths,Paraguay,2013,112.4
Number of maternal deaths,Rwanda,2013,1138
Number of maternal deaths,Equatorial Guinea,2013,114.4
Number of maternal deaths,Iraq,2013,1154
Number of maternal deaths,Timor-Leste,2013,117.2
Number of maternal deaths,Liberia,2013,1174
Number of maternal deaths,Nicaragua,2013,119.1
Number of maternal deaths,Armenia,2013,11.75
Number of maternal deaths,Hungary,2013,11.84
Number of maternal deaths,Oman,2013,12.23
Number of maternal deaths,Zambia,2013,1281
Number of maternal deaths,Botswana,2013,128.7
Number of maternal deaths,Togo,2013,1290
Number of maternal deaths,Honduras,2013,136.4
Number of maternal deaths,Lebanon,2013,13.94
Number of maternal deaths,Suriname,2013,13.88
Number of maternal deaths,Pakistan,2013,14781
Number of maternal deaths,Yemen,2013,1403
Number of maternal deaths,Gabon,2013,143.3
Number of maternal deaths,Syrian Arab Republic,2013,145.4
Number of maternal deaths,Malaysia,2013,146.7
Number of maternal deaths,Spain,2013,15.9
Number of maternal deaths,Ethiopia,2013,16362
Number of maternal deaths,Nepal,2013,1601
Number of maternal deaths,Eswatini,2013,164.6
Number of maternal deaths,Mozambique,2013,1769
Number of maternal deaths,Brazil,2013,1791
Number of maternal deaths,Australia,2013,18.1
Number of maternal deaths,Democratic Republic of the Congo,2013,18762
Number of maternal deaths,Costa Rica,2013,18.52
Number of maternal deaths,Georgia,2013,19.36
Number of maternal deaths,Senegal,2013,1942
Number of maternal deaths,Dominican Republic,2013,196.4
Number of maternal deaths,Croatia,2013,1.81
Number of maternal deaths,Norway,2013,1.68
Number of maternal deaths,Bosnia and Herzegovina,2013,2.14
Number of maternal deaths,Tonga,2013,2.31
Number of maternal deaths,Belarus,2013,2.14
Number of maternal deaths,Sierra Leone,2013,2070
Number of maternal deaths,Ecuador,2013,211.7
Number of maternal deaths,South Africa,2013,2152
Number of maternal deaths,Guyana,2013,21.69
Number of maternal deaths,Uzbekistan,2013,220.4
Number of maternal deaths,Myanmar,2013,2224
Number of maternal deaths,Central African Republic,2013,2263
Number of maternal deaths,Malawi,2013,2500
Number of maternal deaths,Democratic People's Republic of Korea,2013,252.7
Number of maternal deaths,Burundi,2013,2545
Number of maternal deaths,Benin,2013,2574
Number of maternal deaths,Türkiye,2013,262.7
Number of maternal deaths,Burkina Faso,2013,2666
Number of maternal deaths,Zimbabwe,2013,2722
Number of maternal deaths,Philippines,2013,2751
Number of maternal deaths,Thailand,2013,275.6
Number of maternal deaths,Solomon Islands,2013,28.46
Number of maternal deaths,Namibia,2013,282
Number of maternal deaths,Guinea,2013,2931
Number of maternal deaths,Ghana,2013,2986
Number of maternal deaths,Marshall Islands,2013,2.69
Number of maternal deaths,Kiribati,2013,3.18
Number of maternal deaths,Brunei Darussalam,2013,2.76
Number of maternal deaths,Lithuania,2013,3.01
Number of maternal deaths,Slovakia,2013,2.86
Number of maternal deaths,United Arab Emirates,2013,3.29
Number of maternal deaths,Denmark,2013,2.98
Number of maternal deaths,Bahrain,2013,3.33
Number of maternal deaths,Belize,2013,3.12
Number of maternal deaths,Ireland,2013,3.48
Number of maternal deaths,Angola,2013,3006
Number of maternal deaths,Republic of Korea,2013,31.01
Number of maternal deaths,Russian Federation,2013,315.3
Number of maternal deaths,South Sudan,2013,3299
Number of maternal deaths,Germany,2013,33.16
Number of maternal deaths,Romania,2013,33.8
Number of maternal deaths,Argentina,2013,351.8
Number of maternal deaths,Iran (Islamic Republic of),2013,359.1
Number of maternal deaths,Lao People's Democratic Republic,2013,364.9
Number of maternal deaths,Jamaica,2013,36.54
Number of maternal deaths,India,2013,38512
Number of maternal deaths,Cameroon,2013,3820
Number of maternal deaths,Albania,2013,3.8
Number of maternal deaths,Bahamas,2013,3.91
Number of maternal deaths,Czechia,2013,3.62
Number of maternal deaths,Greece,2013,3.73
Number of maternal deaths,Maldives,2013,3.57
Number of maternal deaths,Finland,2013,4.49
Number of maternal deaths,Singapore,2013,4.22
Number of maternal deaths,Madagascar,2013,4023
Number of maternal deaths,Chile,2013,40.83
Number of maternal deaths,Panama,2013,40.5
Number of maternal deaths,Italy,2013,41.42
Number of maternal deaths,Mali,2013,4169
Number of maternal deaths,Peru,2013,421
Number of maternal deaths,Canada,2013,42.64
Number of maternal deaths,Eritrea,2013,432.2
Number of maternal deaths,Uganda,2013,4409
Number of maternal deaths,Sudan,2013,4448
Number of maternal deaths,Guinea-Bissau,2013,444.7
Number of maternal deaths,Mongolia,2013,45.29
Number of maternal deaths,"occupied Palestinian territory, including east Jerusalem",2013,45.01
Number of maternal deaths,Bolivia (Plurinational State of),2013,457.4
Number of maternal deaths,Guatemala,2013,457.3
Number of maternal deaths,Azerbaijan,2013,45.78
Number of maternal deaths,El Salvador,2013,45.62
Number of maternal deaths,Niger,2013,4652
Number of maternal deaths,Saudi Arabia,2013,47.95
Number of maternal deaths,Gambia,2013,485.9
Number of maternal deaths,Micronesia (Federated States of),2013,4.71
Number of maternal deaths,Cabo Verde,2013,4.7
Number of maternal deaths,Austria,2013,4.8
Number of maternal deaths,Bulgaria,2013,4.77
Number of maternal deaths,Israel,2013,5.13
Number of maternal deaths,Kuwait,2013,4.78
Number of maternal deaths,Latvia,2013,5.04
Number of maternal deaths,New Zealand,2013,4.85
Number of maternal deaths,Switzerland,2013,5.49
Number of maternal deaths,Colombia,2013,517.6
Number of maternal deaths,Somalia,2013,5252
Number of maternal deaths,Cote d'Ivoire,2013,5268
Number of maternal deaths,Lesotho,2013,527.2
Number of maternal deaths,Djibouti,2013,53.02
Number of maternal deaths,Cuba,2013,53.29
Number of maternal deaths,China,2013,5450
Number of maternal deaths,Tajikistan,2013,55.42
Number of maternal deaths,Japan,2013,54.93
Number of maternal deaths,Congo,2013,572.8
Number of maternal deaths,Kazakhstan,2013,59.11
Number of maternal deaths,Papua New Guinea,2013,592.7
Number of maternal deaths,Samoa,2013,6.08
Number of maternal deaths,Puerto Rico,2013,5.75
Number of maternal deaths,Sweden,2013,5.61
Number of maternal deaths,Comoros,2013,61.2
Number of maternal deaths,United States of America,2013,631.4
Number of maternal deaths,Cambodia,2013,677.6
Number of maternal deaths,United Kingdom of Great Britain and Northern Ireland,2013,68.39
Number of maternal deaths,France,2013,69.38
Number of maternal deaths,Belgium,2013,6.88
Number of maternal deaths,Kenya,2013,7077
Number of maternal deaths,Mauritania,2013,713.1
Number of maternal deaths,Venezuela (Bolivarian Republic of),2013,714.8
Number of maternal deaths,Bangladesh,2013,7411
Number of maternal deaths,Egypt,2013,748.3
Number of maternal deaths,Morocco,2013,773.9
Number of maternal deaths,Chad,2013,7897
Number of maternal deaths,Algeria,2013,790.2
Number of maternal deaths,Fiji,2013,7.86
Number of maternal deaths,Mauritius,2013,8.18
Number of maternal deaths,Poland,2013,7.75
Number of maternal deaths,Uruguay,2013,7.78
Number of maternal deaths,Nigeria,2013,83909
Number of maternal deaths,Sri Lanka,2013,85.17
Number of maternal deaths,Jordan,2013,87.53
Number of maternal deaths,United Republic of Tanzania,2013,8984
Number of maternal deaths,Vanuatu,2013,9.33
Number of maternal deaths,Portugal,2013,8.51
Number of maternal deaths,Serbia,2013,8.82
Number of maternal deaths,Republic of Moldova,2013,8.82
Number of maternal deaths,Tunisia,2013,94.16
Number of maternal deaths,Viet Nam,2013,966.6
Number of maternal deaths,Kyrgyzstan,2013,97.48
Number of maternal deaths,Afghanistan,2013,9917
Number of maternal deaths,Andorra,2012,0.086
Number of maternal deaths,Cook Islands,2012,0.0004
Number of maternal deaths,Iceland,2012,0.17
Number of maternal deaths,Monaco,2012,0.019
Number of maternal deaths,Palau,2012,0.21
Number of maternal deaths,San Marino,2012,0.022
Number of maternal deaths,Antigua and Barbuda,2012,0.36
Number of maternal deaths,Dominica,2012,0.49
Number of maternal deaths,Malta,2012,0.39
Number of maternal deaths,Tuvalu,2012,0.42
Number of maternal deaths,Montenegro,2012,0.55
Number of maternal deaths,Saint Kitts and Nevis,2012,0.6
Number of maternal deaths,Nauru,2012,0.94
Number of maternal deaths,Grenada,2012,0.78
Number of maternal deaths,Luxembourg,2012,0.78
Number of maternal deaths,Saint Vincent and the Grenadines,2012,1.08
Number of maternal deaths,Seychelles,2012,0.86
Number of maternal deaths,Barbados,2012,1.33
Number of maternal deaths,Cyprus,2012,1.35
Number of maternal deaths,Estonia,2012,1.1
Number of maternal deaths,North Macedonia,2012,1.27
Number of maternal deaths,Qatar,2012,1.47
Number of maternal deaths,Saint Lucia,2012,1.19
Number of maternal deaths,Slovenia,2012,1.36
Number of maternal deaths,Trinidad and Tobago,2012,9.85
Number of maternal deaths,Afghanistan,2012,10072
Number of maternal deaths,Libya,2012,103.3
Number of maternal deaths,Haiti,2012,1035
Number of maternal deaths,Gabon,2012,103.6
Number of maternal deaths,Ukraine,2012,104.2
Number of maternal deaths,Kyrgyzstan,2012,105
Number of maternal deaths,Mexico,2012,1062
Number of maternal deaths,Sao Tome and Principe,2012,10.91
Number of maternal deaths,Bhutan,2012,10.85
Number of maternal deaths,Netherlands (Kingdom of the),2012,10.75
Number of maternal deaths,Oman,2012,11.4
Number of maternal deaths,Indonesia,2012,11361
Number of maternal deaths,Equatorial Guinea,2012,116.4
Number of maternal deaths,Iraq,2012,1172
Number of maternal deaths,Rwanda,2012,1177
Number of maternal deaths,Liberia,2012,1192
Number of maternal deaths,Armenia,2012,12.01
Number of maternal deaths,Hungary,2012,11.9
Number of maternal deaths,Turkmenistan,2012,11.53
Number of maternal deaths,Nicaragua,2012,122.8
Number of maternal deaths,Timor-Leste,2012,126.6
Number of maternal deaths,Togo,2012,1300
Number of maternal deaths,Paraguay,2012,132.6
Number of maternal deaths,Yemen,2012,1373
Number of maternal deaths,Lebanon,2012,14.16
Number of maternal deaths,Suriname,2012,13.96
Number of maternal deaths,Syrian Arab Republic,2012,141.2
Number of maternal deaths,Honduras,2012,141.9
Number of maternal deaths,Malaysia,2012,145
Number of maternal deaths,Pakistan,2012,15312
Number of maternal deaths,Zambia,2012,1521
Number of maternal deaths,Botswana,2012,168.5
Number of maternal deaths,Nepal,2012,1698
Number of maternal deaths,Brazil,2012,1756
Number of maternal deaths,Spain,2012,17.59
Number of maternal deaths,Australia,2012,17.91
Number of maternal deaths,Ethiopia,2012,18058
Number of maternal deaths,Democratic Republic of the Congo,2012,18612
Number of maternal deaths,Dominican Republic,2012,191.9
Number of maternal deaths,Mozambique,2012,1954
Number of maternal deaths,Norway,2012,1.83
Number of maternal deaths,Bosnia and Herzegovina,2012,2.22
Number of maternal deaths,Tonga,2012,2.42
Number of maternal deaths,Croatia,2012,2.07
Number of maternal deaths,Belarus,2012,2.43
Number of maternal deaths,Georgia,2012,19.89
Number of maternal deaths,Costa Rica,2012,19.8
Number of maternal deaths,Senegal,2012,2022
Number of maternal deaths,Eswatini,2012,206.2
Number of maternal deaths,Uzbekistan,2012,210.6
Number of maternal deaths,Guyana,2012,22.15
Number of maternal deaths,Sierra Leone,2012,2264
Number of maternal deaths,Central African Republic,2012,2274
Number of maternal deaths,Myanmar,2012,2278
Number of maternal deaths,South Africa,2012,2305
Number of maternal deaths,Ecuador,2012,236.3
Number of maternal deaths,Democratic People's Republic of Korea,2012,253.9
Number of maternal deaths,Benin,2012,2551
Number of maternal deaths,Burundi,2012,2592
Number of maternal deaths,Solomon Islands,2012,27.34
Number of maternal deaths,Malawi,2012,2707
Number of maternal deaths,Burkina Faso,2012,2730
Number of maternal deaths,Türkiye,2012,277
Number of maternal deaths,Philippines,2012,2790
Number of maternal deaths,Zimbabwe,2012,2914
Number of maternal deaths,Thailand,2012,297.4
Number of maternal deaths,Guinea,2012,2971
Number of maternal deaths,Marshall Islands,2012,2.95
Number of maternal deaths,Belize,2012,2.96
Number of maternal deaths,Brunei Darussalam,2012,2.78
Number of maternal deaths,Lithuania,2012,3.08
Number of maternal deaths,Slovakia,2012,2.82
Number of maternal deaths,United Arab Emirates,2012,3.13
Number of maternal deaths,Kiribati,2012,3.38
Number of maternal deaths,Bahrain,2012,3.24
Number of maternal deaths,Denmark,2012,3.33
Number of maternal deaths,Namibia,2012,302.3
Number of maternal deaths,Ghana,2012,3049
Number of maternal deaths,Angola,2012,3050
Number of maternal deaths,South Sudan,2012,3179
Number of maternal deaths,Germany,2012,33.68
Number of maternal deaths,Russian Federation,2012,341.5
Number of maternal deaths,Jamaica,2012,35.52
Number of maternal deaths,Republic of Korea,2012,35.84
Number of maternal deaths,Iran (Islamic Republic of),2012,362.1
Number of maternal deaths,Argentina,2012,363.1
Number of maternal deaths,Romania,2012,38.71
Number of maternal deaths,Albania,2012,3.67
Number of maternal deaths,Bahamas,2012,3.74
Number of maternal deaths,Czechia,2012,3.95
Number of maternal deaths,Greece,2012,4.02
Number of maternal deaths,Latvia,2012,4.11
Number of maternal deaths,Maldives,2012,3.62
Number of maternal deaths,Ireland,2012,4.13
Number of maternal deaths,Madagascar,2012,4006
Number of maternal deaths,Cameroon,2012,4020
Number of maternal deaths,Uganda,2012,4054
Number of maternal deaths,Lao People's Democratic Republic,2012,410.9
Number of maternal deaths,Panama,2012,41.69
Number of maternal deaths,India,2012,42310
Number of maternal deaths,El Salvador,2012,42.96
Number of maternal deaths,Mali,2012,4309
Number of maternal deaths,Guinea-Bissau,2012,436.7
Number of maternal deaths,Canada,2012,43.92
Number of maternal deaths,Italy,2012,43.54
Number of maternal deaths,Chile,2012,44.37
Number of maternal deaths,Peru,2012,447.1
Number of maternal deaths,Mongolia,2012,44.81
Number of maternal deaths,Eritrea,2012,450.6
Number of maternal deaths,Sudan,2012,4600
Number of maternal deaths,Bolivia (Plurinational State of),2012,470.8
Number of maternal deaths,Guatemala,2012,471.4
Number of maternal deaths,Niger,2012,4764
Number of maternal deaths,Gambia,2012,498
Number of maternal deaths,Micronesia (Federated States of),2012,4.73
Number of maternal deaths,Cabo Verde,2012,4.99
Number of maternal deaths,Austria,2012,4.69
Number of maternal deaths,Finland,2012,4.57
Number of maternal deaths,Kuwait,2012,4.97
Number of maternal deaths,Bulgaria,2012,5.15
Number of maternal deaths,Singapore,2012,4.82
Number of maternal deaths,Israel,2012,5.43
Number of maternal deaths,"occupied Palestinian territory, including east Jerusalem",2012,50.04
Number of maternal deaths,Saudi Arabia,2012,51.16
Number of maternal deaths,Colombia,2012,533.3
Number of maternal deaths,Somalia,2012,5366
Number of maternal deaths,Djibouti,2012,53.64
Number of maternal deaths,Azerbaijan,2012,53.72
Number of maternal deaths,Cuba,2012,53.99
Number of maternal deaths,Cote d'Ivoire,2012,5408
Number of maternal deaths,Japan,2012,57.11
Number of maternal deaths,Tajikistan,2012,58.83
Number of maternal deaths,Samoa,2012,6.08
Number of maternal deaths,New Zealand,2012,5.64
Number of maternal deaths,Sweden,2012,5.6
Number of maternal deaths,Switzerland,2012,5.53
Number of maternal deaths,China,2012,6102
Number of maternal deaths,Lesotho,2012,610.9
Number of maternal deaths,Papua New Guinea,2012,618.4
Number of maternal deaths,United States of America,2012,618.3
Number of maternal deaths,Comoros,2012,64.05
Number of maternal deaths,Kazakhstan,2012,64.76
Number of maternal deaths,Venezuela (Bolivarian Republic of),2012,665.3
Number of maternal deaths,Congo,2012,670.9
Number of maternal deaths,Mauritania,2012,695.7
Number of maternal deaths,Puerto Rico,2012,6.56
Number of maternal deaths,Belgium,2012,6.74
Number of maternal deaths,France,2012,71.71
Number of maternal deaths,Cambodia,2012,722.8
Number of maternal deaths,United Kingdom of Great Britain and Northern Ireland,2012,72.96
Number of maternal deaths,Kenya,2012,7340
Number of maternal deaths,Egypt,2012,758.6
Number of maternal deaths,Algeria,2012,783.2
Number of maternal deaths,Bangladesh,2012,7841
Number of maternal deaths,Chad,2012,7923
Number of maternal deaths,Mauritius,2012,8.06
Number of maternal deaths,Fiji,2012,8.22
Number of maternal deaths,Uruguay,2012,7.81
Number of maternal deaths,United Republic of Tanzania,2012,8086
Number of maternal deaths,Nigeria,2012,81441
Number of maternal deaths,Morocco,2012,846.9
Number of maternal deaths,Sri Lanka,2012,88.25
Number of maternal deaths,Vanuatu,2012,9.02
Number of maternal deaths,Poland,2012,8.58
Number of maternal deaths,Portugal,2012,8.96
Number of maternal deaths,Serbia,2012,8.97
Number of maternal deaths,Republic of Moldova,2012,9.23
Number of maternal deaths,Tunisia,2012,93.52
Number of maternal deaths,Jordan,2012,96.17
Number of maternal deaths,Viet Nam,2012,967.7
Number of maternal deaths,Andorra,2011,0.089
Number of maternal deaths,Cook Islands,2011,0.0004
Number of maternal deaths,Iceland,2011,0.17
Number of maternal deaths,Monaco,2011,0.037
Number of maternal deaths,Palau,2011,0.21
Number of maternal deaths,San Marino,2011,0.025
Number of maternal deaths,Antigua and Barbuda,2011,0.38
Number of maternal deaths,Dominica,2011,0.47
Number of maternal deaths,Malta,2011,0.45
Number of maternal deaths,Tuvalu,2011,0.41
Number of maternal deaths,Luxembourg,2011,0.74
Number of maternal deaths,Montenegro,2011,0.56
Number of maternal deaths,Saint Kitts and Nevis,2011,0.62
Number of maternal deaths,Nauru,2011,0.97
Number of maternal deaths,Grenada,2011,0.79
Number of maternal deaths,Saint Vincent and the Grenadines,2011,1.03
Number of maternal deaths,Seychelles,2011,0.85
Number of maternal deaths,Barbados,2011,1.42
Number of maternal deaths,Cyprus,2011,1.29
Number of maternal deaths,Estonia,2011,1.31
Number of maternal deaths,North Macedonia,2011,1.15
Number of maternal deaths,Qatar,2011,1.48
Number of maternal deaths,Saint Lucia,2011,1.2
Number of maternal deaths,Slovenia,2011,1.4
Number of maternal deaths,Republic of Moldova,2011,9.66
Number of maternal deaths,Trinidad and Tobago,2011,10.32
Number of maternal deaths,Afghanistan,2011,10079
Number of maternal deaths,Ukraine,2011,103.1
Number of maternal deaths,Kyrgyzstan,2011,107.8
Number of maternal deaths,Mexico,2011,1095
Number of maternal deaths,Sao Tome and Principe,2011,11.24
Number of maternal deaths,Oman,2011,10.51
Number of maternal deaths,Indonesia,2011,11850
Number of maternal deaths,Haiti,2011,1110
Number of maternal deaths,Liberia,2011,1132
Number of maternal deaths,Equatorial Guinea,2011,118.2
Number of maternal deaths,Iraq,2011,1198
Number of maternal deaths,Netherlands (Kingdom of the),2011,11.94
Number of maternal deaths,Armenia,2011,12.15
Number of maternal deaths,Hungary,2011,12.04
Number of maternal deaths,Turkmenistan,2011,11.87
Number of maternal deaths,Bhutan,2011,12.38
Number of maternal deaths,Libya,2011,127.4
Number of maternal deaths,Rwanda,2011,1281
Number of maternal deaths,Togo,2011,1287
Number of maternal deaths,Nicaragua,2011,129
Number of maternal deaths,Syrian Arab Republic,2011,133
Number of maternal deaths,Yemen,2011,1340
Number of maternal deaths,Timor-Leste,2011,137.4
Number of maternal deaths,Lebanon,2011,14.1
Number of maternal deaths,Suriname,2011,14.28
Number of maternal deaths,Malaysia,2011,144.6
Number of maternal deaths,Honduras,2011,148.7
Number of maternal deaths,Pakistan,2011,15729
Number of maternal deaths,Botswana,2011,156.4
Number of maternal deaths,Paraguay,2011,157.2
Number of maternal deaths,Zambia,2011,1709
Number of maternal deaths,Nepal,2011,1778
Number of maternal deaths,Australia,2011,17.56
Number of maternal deaths,Democratic Republic of the Congo,2011,18362
Number of maternal deaths,Brazil,2011,1829
Number of maternal deaths,Spain,2011,18.85
Number of maternal deaths,Ethiopia,2011,19526
Number of maternal deaths,Dominican Republic,2011,197.2
Number of maternal deaths,Bosnia and Herzegovina,2011,2.35
Number of maternal deaths,Tonga,2011,2.49
Number of maternal deaths,Croatia,2011,2.16
Number of maternal deaths,Norway,2011,2.24
Number of maternal deaths,Senegal,2011,2009
Number of maternal deaths,Georgia,2011,21.47
Number of maternal deaths,Costa Rica,2011,20.66
Number of maternal deaths,Uzbekistan,2011,211.2
Number of maternal deaths,Guyana,2011,22.44
Number of maternal deaths,Central African Republic,2011,2341
Number of maternal deaths,Myanmar,2011,2344
Number of maternal deaths,South Africa,2011,2364
Number of maternal deaths,Mozambique,2011,2375
Number of maternal deaths,Sierra Leone,2011,2379
Number of maternal deaths,Benin,2011,2457
Number of maternal deaths,Democratic People's Republic of Korea,2011,254.3
Number of maternal deaths,Ecuador,2011,255.8
Number of maternal deaths,Eswatini,2011,260
Number of maternal deaths,Burundi,2011,2668
Number of maternal deaths,Solomon Islands,2011,26.81
Number of maternal deaths,Burkina Faso,2011,2761
Number of maternal deaths,Türkiye,2011,288.3
Number of maternal deaths,Zimbabwe,2011,2925
Number of maternal deaths,Malawi,2011,2945
Number of maternal deaths,Philippines,2011,2945
Number of maternal deaths,Belarus,2011,2.69
Number of maternal deaths,Belize,2011,2.83
Number of maternal deaths,Brunei Darussalam,2011,2.69
Number of maternal deaths,Lithuania,2011,3.21
Number of maternal deaths,Slovakia,2011,3.11
Number of maternal deaths,United Arab Emirates,2011,2.88
Number of maternal deaths,Albania,2011,3.41
Number of maternal deaths,Kiribati,2011,3.42
Number of maternal deaths,Marshall Islands,2011,3.18
Number of maternal deaths,Bahrain,2011,3.39
Number of maternal deaths,Guinea,2011,3037
Number of maternal deaths,Ghana,2011,3040
Number of maternal deaths,Thailand,2011,304.9
Number of maternal deaths,South Sudan,2011,3153
Number of maternal deaths,Angola,2011,3213
Number of maternal deaths,Namibia,2011,332.6
Number of maternal deaths,Germany,2011,34.85
Number of maternal deaths,Russian Federation,2011,355.8
Number of maternal deaths,Iran (Islamic Republic of),2011,362.7
Number of maternal deaths,Argentina,2011,367.6
Number of maternal deaths,Republic of Korea,2011,36.52
Number of maternal deaths,Jamaica,2011,36.85
Number of maternal deaths,Denmark,2011,3.68
Number of maternal deaths,Bahamas,2011,3.94
Number of maternal deaths,Czechia,2011,4.13
Number of maternal deaths,Finland,2011,4.31
Number of maternal deaths,Greece,2011,3.87
Number of maternal deaths,Latvia,2011,4.29
Number of maternal deaths,Maldives,2011,3.68
Number of maternal deaths,Singapore,2011,4.47
Number of maternal deaths,Madagascar,2011,4011
Number of maternal deaths,Romania,2011,40.78
Number of maternal deaths,Uganda,2011,4148
Number of maternal deaths,Guinea-Bissau,2011,414.7
Number of maternal deaths,El Salvador,2011,42.33
Number of maternal deaths,Panama,2011,42.45
Number of maternal deaths,Mali,2011,4235
Number of maternal deaths,Cameroon,2011,4290
Number of maternal deaths,Canada,2011,42.94
Number of maternal deaths,Italy,2011,44.12
Number of maternal deaths,Mongolia,2011,44.95
Number of maternal deaths,India,2011,46265
Number of maternal deaths,Lao People's Democratic Republic,2011,460
Number of maternal deaths,Eritrea,2011,473
Number of maternal deaths,Azerbaijan,2011,48.3
Number of maternal deaths,Sudan,2011,4810
Number of maternal deaths,Peru,2011,481.6
Number of maternal deaths,Bolivia (Plurinational State of),2011,488.5
Number of maternal deaths,Gambia,2011,488.4
Number of maternal deaths,Guatemala,2011,488.5
Number of maternal deaths,Chile,2011,48.56
Number of maternal deaths,Niger,2011,4905
Number of maternal deaths,Micronesia (Federated States of),2011,4.81
Number of maternal deaths,Ireland,2011,4.63
Number of maternal deaths,Austria,2011,4.83
Number of maternal deaths,Kuwait,2011,4.79
Number of maternal deaths,Israel,2011,5.43
Number of maternal deaths,Sweden,2011,5.46
Number of maternal deaths,Saudi Arabia,2011,52.29
Number of maternal deaths,Cote d'Ivoire,2011,5345
Number of maternal deaths,"occupied Palestinian territory, including east Jerusalem",2011,54.3
Number of maternal deaths,Colombia,2011,554.6
Number of maternal deaths,Djibouti,2011,55.85
Number of maternal deaths,China,2011,5794
Number of maternal deaths,Cuba,2011,57.98
Number of maternal deaths,Somalia,2011,5833
Number of maternal deaths,Samoa,2011,5.57
Number of maternal deaths,Cabo Verde,2011,5.74
Number of maternal deaths,New Zealand,2011,6.17
Number of maternal deaths,Switzerland,2011,5.94
Number of maternal deaths,Bulgaria,2011,5.95
Number of maternal deaths,Japan,2011,60.01
Number of maternal deaths,United States of America,2011,604.9
Number of maternal deaths,Venezuela (Bolivarian Republic of),2011,613.5
Number of maternal deaths,Tajikistan,2011,63.33
Number of maternal deaths,Papua New Guinea,2011,644.9
Number of maternal deaths,Congo,2011,669.3
Number of maternal deaths,Comoros,2011,67.05
Number of maternal deaths,Mauritania,2011,673.2
Number of maternal deaths,Belgium,2011,7.45
Number of maternal deaths,Puerto Rico,2011,7.08
Number of maternal deaths,Kazakhstan,2011,72.18
Number of maternal deaths,Lesotho,2011,735.9
Number of maternal deaths,Algeria,2011,737.5
Number of maternal deaths,France,2011,73.58
Number of maternal deaths,Kenya,2011,7406
Number of maternal deaths,Egypt,2011,768.2
Number of maternal deaths,Cambodia,2011,777
Number of maternal deaths,Chad,2011,7819
Number of maternal deaths,United Kingdom of Great Britain and Northern Ireland,2011,78.82
Number of maternal deaths,Nigeria,2011,79359
Number of maternal deaths,Fiji,2011,7.71
Number of maternal deaths,Mauritius,2011,8.14
Number of maternal deaths,Uruguay,2011,7.78
Number of maternal deaths,United Republic of Tanzania,2011,8325
Number of maternal deaths,Bangladesh,2011,8378
Number of maternal deaths,Gabon,2011,87.38
Number of maternal deaths,Vanuatu,2011,9.01
Number of maternal deaths,Serbia,2011,8.81
Number of maternal deaths,Poland,2011,9.33
Number of maternal deaths,Portugal,2011,9.2
Number of maternal deaths,Tunisia,2011,90.02
Number of maternal deaths,Sri Lanka,2011,91.13
Number of maternal deaths,Morocco,2011,921.5
Number of maternal deaths,Viet Nam,2011,950
Number of maternal deaths,Jordan,2011,97.21
Number of maternal deaths,Andorra,2010,0.11
Number of maternal deaths,Cook Islands,2010,0.0004
Number of maternal deaths,Iceland,2010,0.23
Number of maternal deaths,Monaco,2010,0.04
Number of maternal deaths,Palau,2010,0.24
Number of maternal deaths,San Marino,2010,0.026
Number of maternal deaths,Antigua and Barbuda,2010,0.39
Number of maternal deaths,Dominica,2010,0.48
Number of maternal deaths,Malta,2010,0.35
Number of maternal deaths,Montenegro,2010,0.6
Number of maternal deaths,Saint Kitts and Nevis,2010,0.64
Number of maternal deaths,Tuvalu,2010,0.5
Number of maternal deaths,Grenada,2010,0.78
Number of maternal deaths,Luxembourg,2010,0.97
Number of maternal deaths,Saint Vincent and the Grenadines,2010,1.08
Number of maternal deaths,Seychelles,2010,0.79
Number of maternal deaths,Barbados,2010,1.47
Number of maternal deaths,Cyprus,2010,1.29
Number of maternal deaths,Estonia,2010,1.24
Number of maternal deaths,Nauru,2010,1.08
Number of maternal deaths,North Macedonia,2010,1.38
Number of maternal deaths,Qatar,2010,1.46
Number of maternal deaths,Saint Lucia,2010,1.32
Number of maternal deaths,Slovenia,2010,1.48
Number of maternal deaths,Portugal,2010,10.08
Number of maternal deaths,Afghanistan,2010,10544
Number of maternal deaths,Kyrgyzstan,2010,106.4
Number of maternal deaths,Haiti,2010,1077
Number of maternal deaths,Libya,2010,108
Number of maternal deaths,Ukraine,2010,108.2
Number of maternal deaths,Liberia,2010,1098
Number of maternal deaths,Republic of Moldova,2010,10.82
Number of maternal deaths,Trinidad and Tobago,2010,10.63
Number of maternal deaths,Oman,2010,10.94
Number of maternal deaths,Poland,2010,11.02
Number of maternal deaths,Mexico,2010,1149
Number of maternal deaths,Iraq,2010,1151
Number of maternal deaths,Equatorial Guinea,2010,117.2
Number of maternal deaths,Hungary,2010,11.64
Number of maternal deaths,Armenia,2010,12.28
Number of maternal deaths,Netherlands (Kingdom of the),2010,11.93
Number of maternal deaths,Sao Tome and Principe,2010,11.51
Number of maternal deaths,Indonesia,2010,12130
Number of maternal deaths,Syrian Arab Republic,2010,125.2
Number of maternal deaths,Togo,2010,1268
Number of maternal deaths,Turkmenistan,2010,12.52
Number of maternal deaths,Botswana,2010,131.7
Number of maternal deaths,Nicaragua,2010,134.7
Number of maternal deaths,Yemen,2010,1372
Number of maternal deaths,Bhutan,2010,14.13
Number of maternal deaths,Lebanon,2010,13.87
Number of maternal deaths,Malaysia,2010,140.2
Number of maternal deaths,Rwanda,2010,1425
Number of maternal deaths,Suriname,2010,15.31
Number of maternal deaths,Timor-Leste,2010,149.8
Number of maternal deaths,Honduras,2010,157.7
Number of maternal deaths,Australia,2010,16.27
Number of maternal deaths,Pakistan,2010,16039
Number of maternal deaths,Paraguay,2010,175.9
Number of maternal deaths,Democratic Republic of the Congo,2010,18090
Number of maternal deaths,Nepal,2010,1857
Number of maternal deaths,Spain,2010,19.38
Number of maternal deaths,Zambia,2010,1917
Number of maternal deaths,Brazil,2010,1959
Number of maternal deaths,Croatia,2010,2.41
Number of maternal deaths,Costa Rica,2010,20.24
Number of maternal deaths,Ethiopia,2010,20480
Number of maternal deaths,Dominican Republic,2010,199.5
Number of maternal deaths,Senegal,2010,2050
Number of maternal deaths,Uzbekistan,2010,216.7
Number of maternal deaths,Guyana,2010,23.3
Number of maternal deaths,Benin,2010,2364
Number of maternal deaths,Myanmar,2010,2460
Number of maternal deaths,Sierra Leone,2010,2478
Number of maternal deaths,Central African Republic,2010,2485
Number of maternal deaths,Georgia,2010,24.71
Number of maternal deaths,Democratic People's Republic of Korea,2010,256.2
Number of maternal deaths,Eswatini,2010,258.1
Number of maternal deaths,Solomon Islands,2010,26.1
Number of maternal deaths,South Africa,2010,2624
Number of maternal deaths,Ecuador,2010,263
Number of maternal deaths,Mozambique,2010,2669
Number of maternal deaths,Burundi,2010,2705
Number of maternal deaths,Burkina Faso,2010,2822
Number of maternal deaths,Türkiye,2010,285.7
Number of maternal deaths,Zimbabwe,2010,2866
Number of maternal deaths,Tonga,2010,2.56
Number of maternal deaths,Belize,2010,2.88
Number of maternal deaths,Brunei Darussalam,2010,2.57
Number of maternal deaths,Norway,2010,2.51
Number of maternal deaths,Bosnia and Herzegovina,2010,2.72
Number of maternal deaths,Lithuania,2010,3.27
Number of maternal deaths,Slovakia,2010,3.12
Number of maternal deaths,United Arab Emirates,2010,2.72
Number of maternal deaths,Albania,2010,3.39
Number of maternal deaths,Kiribati,2010,3.46
Number of maternal deaths,Marshall Islands,2010,3.41
Number of maternal deaths,Bahrain,2010,3.45
Number of maternal deaths,Belarus,2010,3.19
Number of maternal deaths,Philippines,2010,3005
Number of maternal deaths,South Sudan,2010,3017
Number of maternal deaths,Ghana,2010,3022
Number of maternal deaths,Thailand,2010,303.4
Number of maternal deaths,Guinea,2010,3088
Number of maternal deaths,Malawi,2010,3119
Number of maternal deaths,Angola,2010,3344
Number of maternal deaths,Namibia,2010,347.5
Number of maternal deaths,Germany,2010,36.47
Number of maternal deaths,Iran (Islamic Republic of),2010,364.3
Number of maternal deaths,Republic of Korea,2010,38.11
Number of maternal deaths,Greece,2010,4.03
Number of maternal deaths,Maldives,2010,3.7
Number of maternal deaths,Bahamas,2010,4.25
Number of maternal deaths,Singapore,2010,4.28
Number of maternal deaths,Denmark,2010,4.18
Number of maternal deaths,Ireland,2010,4.17
Number of maternal deaths,Jamaica,2010,40.28
Number of maternal deaths,Madagascar,2010,4072
Number of maternal deaths,El Salvador,2010,41.01
Number of maternal deaths,Argentina,2010,413.9
Number of maternal deaths,Russian Federation,2010,416.5
Number of maternal deaths,Mali,2010,4171
Number of maternal deaths,Guinea-Bissau,2010,418.9
Number of maternal deaths,Panama,2010,42.31
Number of maternal deaths,Uganda,2010,4228
Number of maternal deaths,Canada,2010,43.01
Number of maternal deaths,Italy,2010,43.6
Number of maternal deaths,Cameroon,2010,4402
Number of maternal deaths,Mongolia,2010,45.82
Number of maternal deaths,Gambia,2010,473.1
Number of maternal deaths,Azerbaijan,2010,47.82
Number of maternal deaths,Eritrea,2010,490.8
Number of maternal deaths,Peru,2010,497
Number of maternal deaths,Sudan,2010,4978
Number of maternal deaths,Micronesia (Federated States of),2010,5
Number of maternal deaths,Samoa,2010,5.44
Number of maternal deaths,Austria,2010,4.78
Number of maternal deaths,Czechia,2010,4.55
Number of maternal deaths,Finland,2010,4.63
Number of maternal deaths,Kuwait,2010,4.88
Number of maternal deaths,Latvia,2010,4.5
Number of maternal deaths,Israel,2010,5.39
Number of maternal deaths,Sweden,2010,5.44
Number of maternal deaths,India,2010,50662
Number of maternal deaths,Niger,2010,5074
Number of maternal deaths,Bolivia (Plurinational State of),2010,510.8
Number of maternal deaths,Guatemala,2010,512.3
Number of maternal deaths,Romania,2010,51.81
Number of maternal deaths,Lao People's Democratic Republic,2010,524.7
Number of maternal deaths,Saudi Arabia,2010,53.37
Number of maternal deaths,Chile,2010,53.06
Number of maternal deaths,Cote d'Ivoire,2010,5446
Number of maternal deaths,Cuba,2010,56.65
Number of maternal deaths,Colombia,2010,579
Number of maternal deaths,"occupied Palestinian territory, including east Jerusalem",2010,58.33
Number of maternal deaths,United States of America,2010,580.3
Number of maternal deaths,Djibouti,2010,59.39
Number of maternal deaths,Cabo Verde,2010,6.32
Number of maternal deaths,New Zealand,2010,6.29
Number of maternal deaths,Switzerland,2010,5.89
Number of maternal deaths,China,2010,6029
Number of maternal deaths,Somalia,2010,6261
Number of maternal deaths,Japan,2010,63.67
Number of maternal deaths,Venezuela (Bolivarian Republic of),2010,639.9
Number of maternal deaths,Tajikistan,2010,64.63
Number of maternal deaths,Mauritania,2010,659.2
Number of maternal deaths,Congo,2010,664.1
Number of maternal deaths,Papua New Guinea,2010,677.1
Number of maternal deaths,Comoros,2010,68.82
Number of maternal deaths,Bulgaria,2010,6.88
Number of maternal deaths,Puerto Rico,2010,7.41
Number of maternal deaths,Algeria,2010,727.7
Number of maternal deaths,Kenya,2010,7519
Number of maternal deaths,France,2010,75.92
Number of maternal deaths,Nigeria,2010,76804
Number of maternal deaths,Lesotho,2010,763.3
Number of maternal deaths,Chad,2010,7746
Number of maternal deaths,Egypt,2010,796.7
Number of maternal deaths,Mauritius,2010,7.85
Number of maternal deaths,Fiji,2010,8.08
Number of maternal deaths,Belgium,2010,7.9
Number of maternal deaths,Uruguay,2010,8.14
Number of maternal deaths,Gabon,2010,81.95
Number of maternal deaths,Kazakhstan,2010,82.26
Number of maternal deaths,United Kingdom of Great Britain and Northern Ireland,2010,82.95
Number of maternal deaths,United Republic of Tanzania,2010,8431
Number of maternal deaths,Tunisia,2010,84.53
Number of maternal deaths,Cambodia,2010,850
Number of maternal deaths,Vanuatu,2010,8.98
Number of maternal deaths,Serbia,2010,8.83
Number of maternal deaths,Bangladesh,2010,9143
Number of maternal deaths,Sri Lanka,2010,93.03
Number of maternal deaths,Viet Nam,2010,948.8
Number of maternal deaths,Jordan,2010,99
Number of maternal deaths,Morocco,2010,994.9
Number of maternal deaths,Andorra,2009,0.097
Number of maternal deaths,Cook Islands,2009,0.0005
Number of maternal deaths,Iceland,2009,0.24
Number of maternal deaths,Monaco,2009,0.04
Number of maternal deaths,Palau,2009,0.24
Number of maternal deaths,San Marino,2009,0.024
Number of maternal deaths,Antigua and Barbuda,2009,0.45
Number of maternal deaths,Dominica,2009,0.49
Number of maternal deaths,Malta,2009,0.44
Number of maternal deaths,Tuvalu,2009,0.49
Number of maternal deaths,Montenegro,2009,0.7
Number of maternal deaths,Saint Kitts and Nevis,2009,0.67
Number of maternal deaths,Grenada,2009,0.75
Number of maternal deaths,Luxembourg,2009,0.86
Number of maternal deaths,Saint Vincent and the Grenadines,2009,1.07
Number of maternal deaths,Seychelles,2009,0.87
Number of maternal deaths,Barbados,2009,1.46
Number of maternal deaths,Cyprus,2009,1.27
Number of maternal deaths,Nauru,2009,1.03
Number of maternal deaths,North Macedonia,2009,1.43
Number of maternal deaths,Qatar,2009,1.4
Number of maternal deaths,Saint Lucia,2009,1.27
Number of maternal deaths,Slovenia,2009,1.44
Number of maternal deaths,Oman,2009,10.24
Number of maternal deaths,Bangladesh,2009,10083
Number of maternal deaths,Afghanistan,2009,10717
Number of maternal deaths,Jordan,2009,99.7
Number of maternal deaths,Libya,2009,103
Number of maternal deaths,Sri Lanka,2009,103
Number of maternal deaths,Liberia,2009,1031
Number of maternal deaths,Morocco,2009,1041
Number of maternal deaths,Haiti,2009,1079
Number of maternal deaths,Iraq,2009,1092
Number of maternal deaths,Trinidad and Tobago,2009,10.68
Number of maternal deaths,Mexico,2009,1166
Number of maternal deaths,Equatorial Guinea,2009,116.8
Number of maternal deaths,Togo,2009,1175
Number of maternal deaths,Republic of Moldova,2009,12.14
Number of maternal deaths,Poland,2009,11.91
Number of maternal deaths,Sao Tome and Principe,2009,11.57
Number of maternal deaths,Indonesia,2009,12169
Number of maternal deaths,Botswana,2009,120.2
Number of maternal deaths,Syrian Arab Republic,2009,124
Number of maternal deaths,Ukraine,2009,125.1
Number of maternal deaths,Armenia,2009,12.67
Number of maternal deaths,Hungary,2009,12.8
Number of maternal deaths,Lebanon,2009,13.5
Number of maternal deaths,Turkmenistan,2009,13.46
Number of maternal deaths,Netherlands (Kingdom of the),2009,13.35
Number of maternal deaths,Nicaragua,2009,138.5
Number of maternal deaths,Yemen,2009,1411
Number of maternal deaths,Malaysia,2009,142.2
Number of maternal deaths,Rwanda,2009,1528
Number of maternal deaths,Honduras,2009,156.5
Number of maternal deaths,Australia,2009,16
Number of maternal deaths,Pakistan,2009,16073
Number of maternal deaths,Timor-Leste,2009,163
Number of maternal deaths,Bhutan,2009,16.52
Number of maternal deaths,Suriname,2009,16.85
Number of maternal deaths,Democratic Republic of the Congo,2009,17791
Number of maternal deaths,Nepal,2009,1886
Number of maternal deaths,Paraguay,2009,197.6
Number of maternal deaths,Estonia,2009,1.55
Number of maternal deaths,Brunei Darussalam,2009,2.49
Number of maternal deaths,Senegal,2009,2030
Number of maternal deaths,Brazil,2009,2067
Number of maternal deaths,Dominican Republic,2009,207.4
Number of maternal deaths,Spain,2009,21.01
Number of maternal deaths,Ethiopia,2009,21444
Number of maternal deaths,Costa Rica,2009,21.55
Number of maternal deaths,Uzbekistan,2009,220.4
Number of maternal deaths,Benin,2009,2273
Number of maternal deaths,Zambia,2009,2304
Number of maternal deaths,Guyana,2009,24.27
Number of maternal deaths,Central African Republic,2009,2514
Number of maternal deaths,Sierra Leone,2009,2543
Number of maternal deaths,Burundi,2009,2547
Number of maternal deaths,Myanmar,2009,2571
Number of maternal deaths,Democratic People's Republic of Korea,2009,260.9
Number of maternal deaths,Zimbabwe,2009,2660
Number of maternal deaths,Solomon Islands,2009,26.55
Number of maternal deaths,Ecuador,2009,271.1
Number of maternal deaths,South Africa,2009,2841
Number of maternal deaths,Burkina Faso,2009,2866
Number of maternal deaths,Ghana,2009,2990
Number of maternal deaths,Tonga,2009,2.76
Number of maternal deaths,Croatia,2009,2.62
Number of maternal deaths,Norway,2009,2.74
Number of maternal deaths,Bosnia and Herzegovina,2009,2.97
Number of maternal deaths,United Arab Emirates,2009,2.51
Number of maternal deaths,Albania,2009,3.44
Number of maternal deaths,Kiribati,2009,3.28
Number of maternal deaths,Bahrain,2009,3.36
Number of maternal deaths,Belize,2009,3.17
Number of maternal deaths,Slovakia,2009,3.39
Number of maternal deaths,Lithuania,2009,3.49
Number of maternal deaths,Türkiye,2009,299.6
Number of maternal deaths,Mozambique,2009,3005
Number of maternal deaths,Eswatini,2009,301.4
Number of maternal deaths,Thailand,2009,307.4
Number of maternal deaths,Malawi,2009,3075
Number of maternal deaths,Guinea,2009,3103
Number of maternal deaths,Philippines,2009,3110
Number of maternal deaths,South Sudan,2009,3121
Number of maternal deaths,Namibia,2009,348.1
Number of maternal deaths,Georgia,2009,34.87
Number of maternal deaths,Angola,2009,3525
Number of maternal deaths,Germany,2009,36.36
Number of maternal deaths,Iran (Islamic Republic of),2009,372.1
Number of maternal deaths,Republic of Korea,2009,37.71
Number of maternal deaths,Marshall Islands,2009,3.81
Number of maternal deaths,Belarus,2009,3.8
Number of maternal deaths,Greece,2009,3.89
Number of maternal deaths,Maldives,2009,3.87
Number of maternal deaths,Denmark,2009,4.39
Number of maternal deaths,Austria,2009,4.48
Number of maternal deaths,Madagascar,2009,4085
Number of maternal deaths,El Salvador,2009,41.45
Number of maternal deaths,Jamaica,2009,41.02
Number of maternal deaths,Mali,2009,4102
Number of maternal deaths,Panama,2009,41.74
Number of maternal deaths,Russian Federation,2009,423.6
Number of maternal deaths,Uganda,2009,4399
Number of maternal deaths,Italy,2009,44.07
Number of maternal deaths,Guinea-Bissau,2009,445.3
Number of maternal deaths,Cameroon,2009,4470
Number of maternal deaths,Azerbaijan,2009,46.01
Number of maternal deaths,Canada,2009,45.84
Number of maternal deaths,Gambia,2009,462.1
Number of maternal deaths,Argentina,2009,462.6
Number of maternal deaths,Mongolia,2009,49.36
Number of maternal deaths,Micronesia (Federated States of),2009,5.19
Number of maternal deaths,Samoa,2009,5.4
Number of maternal deaths,Ireland,2009,4.61
Number of maternal deaths,Bahamas,2009,4.84
Number of maternal deaths,Czechia,2009,5
Number of maternal deaths,Finland,2009,4.71
Number of maternal deaths,Kuwait,2009,4.94
Number of maternal deaths,Singapore,2009,4.67
Number of maternal deaths,Latvia,2009,5.4
Number of maternal deaths,Switzerland,2009,5.45
Number of maternal deaths,Sudan,2009,5035
Number of maternal deaths,Eritrea,2009,508.4
Number of maternal deaths,Niger,2009,5141
Number of maternal deaths,Guatemala,2009,523
Number of maternal deaths,Cote d'Ivoire,2009,5266
Number of maternal deaths,Peru,2009,527.7
Number of maternal deaths,Bolivia (Plurinational State of),2009,534.1
Number of maternal deaths,India,2009,55814
Number of maternal deaths,Somalia,2009,5763
Number of maternal deaths,Lao People's Democratic Republic,2009,578.8
Number of maternal deaths,Saudi Arabia,2009,57.88
Number of maternal deaths,Chile,2009,58.4
Number of maternal deaths,Romania,2009,59.45
Number of maternal deaths,Cuba,2009,58.63
Number of maternal deaths,United States of America,2009,596.9
Number of maternal deaths,Cabo Verde,2009,6.14
Number of maternal deaths,Israel,2009,5.59
Number of maternal deaths,New Zealand,2009,6.27
Number of maternal deaths,Sweden,2009,5.66
Number of maternal deaths,Colombia,2009,600.7
Number of maternal deaths,China,2009,6251
Number of maternal deaths,Venezuela (Bolivarian Republic of),2009,634.9
Number of maternal deaths,Djibouti,2009,64.41
Number of maternal deaths,"occupied Palestinian territory, including east Jerusalem",2009,63.86
Number of maternal deaths,Mauritania,2009,640.1
Number of maternal deaths,Japan,2009,66.35
Number of maternal deaths,Tajikistan,2009,67.1
Number of maternal deaths,Congo,2009,674
Number of maternal deaths,Papua New Guinea,2009,694.4
Number of maternal deaths,Puerto Rico,2009,7.39
Number of maternal deaths,Algeria,2009,709.3
Number of maternal deaths,Comoros,2009,70.51
Number of maternal deaths,Nigeria,2009,74933
Number of maternal deaths,Kenya,2009,7484
Number of maternal deaths,Chad,2009,7527
Number of maternal deaths,France,2009,77.58
Number of maternal deaths,Mauritius,2009,7.82
Number of maternal deaths,Bulgaria,2009,7.5
Number of maternal deaths,Belgium,2009,7.89
Number of maternal deaths,Uruguay,2009,8.36
Number of maternal deaths,Lesotho,2009,806.6
Number of maternal deaths,Egypt,2009,814
Number of maternal deaths,Tunisia,2009,81.59
Number of maternal deaths,United Kingdom of Great Britain and Northern Ireland,2009,84.28
Number of maternal deaths,United Republic of Tanzania,2009,8574
Number of maternal deaths,Gabon,2009,86.25
Number of maternal deaths,Vanuatu,2009,8.69
Number of maternal deaths,Fiji,2009,8.56
Number of maternal deaths,Serbia,2009,8.57
Number of maternal deaths,Portugal,2009,9.4
Number of maternal deaths,Cambodia,2009,919
Number of maternal deaths,Kazakhstan,2009,92.4
Number of maternal deaths,Viet Nam,2009,971.4
Number of maternal deaths,Kyrgyzstan,2009,98.94
Number of maternal deaths,Andorra,2008,0.1
Number of maternal deaths,Cook Islands,2008,0.0005
Number of maternal deaths,Iceland,2008,0.21
Number of maternal deaths,Monaco,2008,0.041
Number of maternal deaths,San Marino,2008,0.028
Number of maternal deaths,Antigua and Barbuda,2008,0.44
Number of maternal deaths,Malta,2008,0.41
Number of maternal deaths,Palau,2008,0.26
Number of maternal deaths,Tuvalu,2008,0.49
Number of maternal deaths,Dominica,2008,0.53
Number of maternal deaths,Luxembourg,2008,0.72
Number of maternal deaths,Montenegro,2008,0.69
Number of maternal deaths,Saint Kitts and Nevis,2008,0.69
Number of maternal deaths,Nauru,2008,0.97
Number of maternal deaths,Grenada,2008,0.76
Number of maternal deaths,Saint Vincent and the Grenadines,2008,1.06
Number of maternal deaths,Seychelles,2008,0.86
Number of maternal deaths,Barbados,2008,1.44
Number of maternal deaths,Cyprus,2008,1.28
Number of maternal deaths,North Macedonia,2008,1.4
Number of maternal deaths,Qatar,2008,1.4
Number of maternal deaths,Saint Lucia,2008,1.35
Number of maternal deaths,Slovenia,2008,1.48
Number of maternal deaths,Oman,2008,9.5
Number of maternal deaths,Afghanistan,2008,10761
Number of maternal deaths,Bangladesh,2008,10976
Number of maternal deaths,Jordan,2008,99.88
Number of maternal deaths,Liberia,2008,1005
Number of maternal deaths,Kazakhstan,2008,106.3
Number of maternal deaths,Haiti,2008,1062
Number of maternal deaths,Iraq,2008,1063
Number of maternal deaths,Morocco,2008,1093
Number of maternal deaths,Trinidad and Tobago,2008,10.86
Number of maternal deaths,Botswana,2008,110
Number of maternal deaths,Togo,2008,1106
Number of maternal deaths,Sri Lanka,2008,114.2
Number of maternal deaths,Mexico,2008,1164
Number of maternal deaths,Equatorial Guinea,2008,116.7
Number of maternal deaths,Sao Tome and Principe,2008,11.6
Number of maternal deaths,Indonesia,2008,12359
Number of maternal deaths,Armenia,2008,12.77
Number of maternal deaths,Republic of Moldova,2008,12.52
Number of maternal deaths,Hungary,2008,12.98
Number of maternal deaths,Poland,2008,13.23
Number of maternal deaths,Syrian Arab Republic,2008,131.4
Number of maternal deaths,Ukraine,2008,134.4
Number of maternal deaths,Lebanon,2008,13.56
Number of maternal deaths,Netherlands (Kingdom of the),2008,14.39
Number of maternal deaths,Nicaragua,2008,140.7
Number of maternal deaths,Malaysia,2008,141
Number of maternal deaths,Yemen,2008,1421
Number of maternal deaths,Turkmenistan,2008,14.9
Number of maternal deaths,Australia,2008,14.87
Number of maternal deaths,Honduras,2008,158.3
Number of maternal deaths,Pakistan,2008,16153
Number of maternal deaths,Rwanda,2008,1675
Number of maternal deaths,Democratic Republic of the Congo,2008,17559
Number of maternal deaths,Timor-Leste,2008,177
Number of maternal deaths,Bhutan,2008,18.48
Number of maternal deaths,Suriname,2008,18.42
Number of maternal deaths,Nepal,2008,1932
Number of maternal deaths,Dominican Republic,2008,198.3
Number of maternal deaths,Estonia,2008,1.7
Number of maternal deaths,United Arab Emirates,2008,1.98
Number of maternal deaths,Brunei Darussalam,2008,2.45
Number of maternal deaths,Senegal,2008,2084
Number of maternal deaths,Benin,2008,2099
Number of maternal deaths,Paraguay,2008,214
Number of maternal deaths,Brazil,2008,2148
Number of maternal deaths,Zambia,2008,2185
Number of maternal deaths,Spain,2008,22.38
Number of maternal deaths,Costa Rica,2008,22.35
Number of maternal deaths,Ethiopia,2008,22543
Number of maternal deaths,Uzbekistan,2008,224.8
Number of maternal deaths,Central African Republic,2008,2388
Number of maternal deaths,Zimbabwe,2008,2478
Number of maternal deaths,Guyana,2008,25.42
Number of maternal deaths,Burundi,2008,2518
Number of maternal deaths,Malawi,2008,2555
Number of maternal deaths,Solomon Islands,2008,26.4
Number of maternal deaths,Sierra Leone,2008,2615
Number of maternal deaths,Eswatini,2008,271.6
Number of maternal deaths,Ecuador,2008,273
Number of maternal deaths,Democratic People's Republic of Korea,2008,273.9
Number of maternal deaths,Myanmar,2008,2765
Number of maternal deaths,Burkina Faso,2008,2872
Number of maternal deaths,Tonga,2008,2.69
Number of maternal deaths,Croatia,2008,2.67
Number of maternal deaths,Norway,2008,2.82
Number of maternal deaths,Slovakia,2008,3.15
Number of maternal deaths,Bosnia and Herzegovina,2008,3.11
Number of maternal deaths,Kiribati,2008,3.22
Number of maternal deaths,Bahrain,2008,3.41
Number of maternal deaths,Belize,2008,3.44
Number of maternal deaths,Ghana,2008,3022
Number of maternal deaths,Mozambique,2008,3029
Number of maternal deaths,Guinea,2008,3065
Number of maternal deaths,Philippines,2008,3083
Number of maternal deaths,Georgia,2008,31.28
Number of maternal deaths,Türkiye,2008,312.1
Number of maternal deaths,Thailand,2008,312
Number of maternal deaths,South Sudan,2008,3148
Number of maternal deaths,Namibia,2008,332.8
Number of maternal deaths,South Africa,2008,3378
Number of maternal deaths,Angola,2008,3655
Number of maternal deaths,Germany,2008,37.38
Number of maternal deaths,Iran (Islamic Republic of),2008,381.3
Number of maternal deaths,Marshall Islands,2008,4.04
Number of maternal deaths,Albania,2008,3.56
Number of maternal deaths,Austria,2008,4.27
Number of maternal deaths,Greece,2008,3.82
Number of maternal deaths,Lithuania,2008,3.99
Number of maternal deaths,Maldives,2008,3.72
Number of maternal deaths,Finland,2008,4.32
Number of maternal deaths,El Salvador,2008,40.13
Number of maternal deaths,Madagascar,2008,4008
Number of maternal deaths,Mali,2008,4038
Number of maternal deaths,Republic of Korea,2008,41.21
Number of maternal deaths,Jamaica,2008,41.48
Number of maternal deaths,Panama,2008,41.35
Number of maternal deaths,Italy,2008,42.17
Number of maternal deaths,Uganda,2008,4339
Number of maternal deaths,Argentina,2008,442.7
Number of maternal deaths,Cameroon,2008,4469
Number of maternal deaths,Canada,2008,44.89
Number of maternal deaths,Russian Federation,2008,462
Number of maternal deaths,Gambia,2008,464.7
Number of maternal deaths,Guinea-Bissau,2008,469.6
Number of maternal deaths,Cote d'Ivoire,2008,4895
Number of maternal deaths,Azerbaijan,2008,48.86
Number of maternal deaths,Mongolia,2008,48.56
Number of maternal deaths,Samoa,2008,4.9
Number of maternal deaths,Micronesia (Federated States of),2008,5.4
Number of maternal deaths,Denmark,2008,4.72
Number of maternal deaths,Ireland,2008,4.75
Number of maternal deaths,Bahamas,2008,4.56
Number of maternal deaths,Belarus,2008,4.59
Number of maternal deaths,Czechia,2008,5.16
Number of maternal deaths,Kuwait,2008,4.92
Number of maternal deaths,Singapore,2008,5.04
Number of maternal deaths,Israel,2008,5.48
Number of maternal deaths,Eritrea,2008,509.4
Number of maternal deaths,Niger,2008,5153
Number of maternal deaths,Guatemala,2008,533.1
Number of maternal deaths,Cuba,2008,53.75
Number of maternal deaths,Peru,2008,544.7
Number of maternal deaths,Sudan,2008,5505
Number of maternal deaths,Bolivia (Plurinational State of),2008,558.3
Number of maternal deaths,United States of America,2008,579.3
Number of maternal deaths,Somalia,2008,5888
Number of maternal deaths,Chile,2008,58.98
Number of maternal deaths,Sweden,2008,5.59
Number of maternal deaths,New Zealand,2008,6.29
Number of maternal deaths,Switzerland,2008,5.54
Number of maternal deaths,Latvia,2008,6.08
Number of maternal deaths,Romania,2008,59.83
Number of maternal deaths,India,2008,60545
Number of maternal deaths,Saudi Arabia,2008,61.25
Number of maternal deaths,Venezuela (Bolivarian Republic of),2008,610
Number of maternal deaths,Congo,2008,616.8
Number of maternal deaths,Colombia,2008,622.1
Number of maternal deaths,Mauritania,2008,629.3
Number of maternal deaths,"occupied Palestinian territory, including east Jerusalem",2008,64.07
Number of maternal deaths,Lao People's Democratic Republic,2008,641.9
Number of maternal deaths,Tajikistan,2008,64.52
Number of maternal deaths,Djibouti,2008,67.05
Number of maternal deaths,China,2008,6726
Number of maternal deaths,Algeria,2008,688.6
Number of maternal deaths,Cabo Verde,2008,6.78
Number of maternal deaths,Japan,2008,69.89
Number of maternal deaths,Lesotho,2008,702.7
Number of maternal deaths,Papua New Guinea,2008,712.8
Number of maternal deaths,Kenya,2008,7182
Number of maternal deaths,Chad,2008,7186
Number of maternal deaths,Comoros,2008,71.72
Number of maternal deaths,Nigeria,2008,72948
Number of maternal deaths,France,2008,76.74
Number of maternal deaths,Bulgaria,2008,7.6
Number of maternal deaths,Puerto Rico,2008,7.84
Number of maternal deaths,Mauritius,2008,7.66
Number of maternal deaths,Belgium,2008,8
Number of maternal deaths,Serbia,2008,8.28
Number of maternal deaths,Tunisia,2008,81.09
Number of maternal deaths,Gabon,2008,82.68
Number of maternal deaths,Egypt,2008,835.5
Number of maternal deaths,United Republic of Tanzania,2008,8602
Number of maternal deaths,United Kingdom of Great Britain and Northern Ireland,2008,88.69
Number of maternal deaths,Vanuatu,2008,8.61
Number of maternal deaths,Fiji,2008,8.89
Number of maternal deaths,Uruguay,2008,8.88
Number of maternal deaths,Portugal,2008,9.16
Number of maternal deaths,Kyrgyzstan,2008,97.48
Number of maternal deaths,Viet Nam,2008,976.4
Number of maternal deaths,Cambodia,2008,988.6
Number of maternal deaths,Libya,2008,99.18
Number of maternal deaths,Andorra,2007,0.096
Number of maternal deaths,Cook Islands,2007,0.0005
Number of maternal deaths,Iceland,2007,0.21
Number of maternal deaths,Monaco,2007,0.038
Number of maternal deaths,San Marino,2007,0.023
Number of maternal deaths,Antigua and Barbuda,2007,0.41
Number of maternal deaths,Malta,2007,0.4
Number of maternal deaths,Palau,2007,0.26
Number of maternal deaths,Tuvalu,2007,0.5
Number of maternal deaths,Dominica,2007,0.55
Number of maternal deaths,Grenada,2007,0.74
Number of maternal deaths,Montenegro,2007,0.69
Number of maternal deaths,Saint Kitts and Nevis,2007,0.71
Number of maternal deaths,Nauru,2007,0.92
Number of maternal deaths,Luxembourg,2007,0.73
Number of maternal deaths,Saint Vincent and the Grenadines,2007,1
Number of maternal deaths,Seychelles,2007,0.84
Number of maternal deaths,Barbados,2007,1.46
Number of maternal deaths,Cyprus,2007,1.2
Number of maternal deaths,Qatar,2007,1.18
Number of maternal deaths,Saint Lucia,2007,1.36
Number of maternal deaths,Slovenia,2007,1.27
Number of maternal deaths,Haiti,2007,1024
Number of maternal deaths,Cambodia,2007,1052
Number of maternal deaths,Togo,2007,1054
Number of maternal deaths,Botswana,2007,109
Number of maternal deaths,Trinidad and Tobago,2007,11.15
Number of maternal deaths,Sao Tome and Principe,2007,11.48
Number of maternal deaths,Afghanistan,2007,11720
Number of maternal deaths,Kazakhstan,2007,111.3
Number of maternal deaths,Mexico,2007,1139
Number of maternal deaths,Iraq,2007,1148
Number of maternal deaths,Morocco,2007,1157
Number of maternal deaths,Syrian Arab Republic,2007,116.3
Number of maternal deaths,Equatorial Guinea,2007,117.9
Number of maternal deaths,Bangladesh,2007,12126
Number of maternal deaths,Indonesia,2007,12757
Number of maternal deaths,Sri Lanka,2007,119.8
Number of maternal deaths,Ukraine,2007,128.5
Number of maternal deaths,Armenia,2007,12.82
Number of maternal deaths,Republic of Moldova,2007,12.84
Number of maternal deaths,Hungary,2007,13.16
Number of maternal deaths,Malaysia,2007,137.5
Number of maternal deaths,Poland,2007,13.56
Number of maternal deaths,Lebanon,2007,13.8
Number of maternal deaths,Nicaragua,2007,146.8
Number of maternal deaths,Yemen,2007,1471
Number of maternal deaths,Australia,2007,14.67
Number of maternal deaths,Netherlands (Kingdom of the),2007,14.97
Number of maternal deaths,Honduras,2007,158.8
Number of maternal deaths,Turkmenistan,2007,16.36
Number of maternal deaths,Pakistan,2007,16293
Number of maternal deaths,Democratic Republic of the Congo,2007,17317
Number of maternal deaths,Zambia,2007,1757
Number of maternal deaths,Rwanda,2007,1831
Number of maternal deaths,Benin,2007,1837
Number of maternal deaths,Dominican Republic,2007,185.8
Number of maternal deaths,Timor-Leste,2007,191.2
Number of maternal deaths,Malawi,2007,1957
Number of maternal deaths,North Macedonia,2007,1.68
Number of maternal deaths,Estonia,2007,2.01
Number of maternal deaths,United Arab Emirates,2007,1.96
Number of maternal deaths,Brunei Darussalam,2007,2.42
Number of maternal deaths,Suriname,2007,19.84
Number of maternal deaths,Senegal,2007,2006
Number of maternal deaths,Nepal,2007,2014
Number of maternal deaths,Bhutan,2007,21.02
Number of maternal deaths,Spain,2007,21.09
Number of maternal deaths,Costa Rica,2007,22.05
Number of maternal deaths,Uzbekistan,2007,219.8
Number of maternal deaths,Brazil,2007,2221
Number of maternal deaths,Paraguay,2007,226.4
Number of maternal deaths,Eswatini,2007,226.9
Number of maternal deaths,Ethiopia,2007,23439
Number of maternal deaths,Zimbabwe,2007,2369
Number of maternal deaths,Central African Republic,2007,2394
Number of maternal deaths,Burundi,2007,2496
Number of maternal deaths,Guyana,2007,26.09
Number of maternal deaths,Mozambique,2007,2607
Number of maternal deaths,Sierra Leone,2007,2673
Number of maternal deaths,Democratic People's Republic of Korea,2007,274.4
Number of maternal deaths,Ecuador,2007,278.1
Number of maternal deaths,Solomon Islands,2007,27.64
Number of maternal deaths,Georgia,2007,27.8
Number of maternal deaths,Myanmar,2007,2848
Number of maternal deaths,Namibia,2007,295.8
Number of maternal deaths,Ghana,2007,2963
Number of maternal deaths,Burkina Faso,2007,2966
Number of maternal deaths,Tonga,2007,2.73
Number of maternal deaths,Croatia,2007,2.63
Number of maternal deaths,Norway,2007,2.91
Number of maternal deaths,Bosnia and Herzegovina,2007,3.26
Number of maternal deaths,Kiribati,2007,3.12
Number of maternal deaths,Bahrain,2007,3.45
Number of maternal deaths,Maldives,2007,3.27
Number of maternal deaths,Philippines,2007,3032
Number of maternal deaths,Guinea,2007,3115
Number of maternal deaths,South Africa,2007,3172
Number of maternal deaths,Türkiye,2007,324.5
Number of maternal deaths,Thailand,2007,328.8
Number of maternal deaths,South Sudan,2007,3310
Number of maternal deaths,Germany,2007,37.32
Number of maternal deaths,Angola,2007,3822
Number of maternal deaths,Iran (Islamic Republic of),2007,388.4
Number of maternal deaths,Mali,2007,3936
Number of maternal deaths,Marshall Islands,2007,4.24
Number of maternal deaths,Belize,2007,3.73
Number of maternal deaths,Albania,2007,3.93
Number of maternal deaths,Austria,2007,4.29
Number of maternal deaths,Greece,2007,3.63
Number of maternal deaths,Ireland,2007,3.97
Number of maternal deaths,Lithuania,2007,4.13
Number of maternal deaths,Slovakia,2007,3.5
Number of maternal deaths,Finland,2007,4.29
Number of maternal deaths,Bahamas,2007,4.46
Number of maternal deaths,Madagascar,2007,4002
Number of maternal deaths,El Salvador,2007,41.02
Number of maternal deaths,Italy,2007,41.24
Number of maternal deaths,Panama,2007,41.12
Number of maternal deaths,Canada,2007,41.86
Number of maternal deaths,Jamaica,2007,41.59
Number of maternal deaths,Argentina,2007,443.9
Number of maternal deaths,Cameroon,2007,4465
Number of maternal deaths,Uganda,2007,4550
Number of maternal deaths,Mongolia,2007,46.41
Number of maternal deaths,Guinea-Bissau,2007,459.6
Number of maternal deaths,Russian Federation,2007,468.4
Number of maternal deaths,Republic of Korea,2007,46.62
Number of maternal deaths,Cuba,2007,47.38
Number of maternal deaths,Gambia,2007,471
Number of maternal deaths,Cote d'Ivoire,2007,4888
Number of maternal deaths,Samoa,2007,4.7
Number of maternal deaths,Denmark,2007,4.77
Number of maternal deaths,Czechia,2007,5.01
Number of maternal deaths,Kuwait,2007,4.92
Number of maternal deaths,Singapore,2007,5.35
Number of maternal deaths,Switzerland,2007,5.48
Number of maternal deaths,Israel,2007,5.5
Number of maternal deaths,Lesotho,2007,513.4
Number of maternal deaths,Eritrea,2007,519.3
Number of maternal deaths,Niger,2007,5275
Number of maternal deaths,Azerbaijan,2007,54.13
Number of maternal deaths,Guatemala,2007,542.3
Number of maternal deaths,Venezuela (Bolivarian Republic of),2007,544.8
Number of maternal deaths,Congo,2007,548.8
Number of maternal deaths,Sudan,2007,5666
Number of maternal deaths,Romania,2007,56.7
Number of maternal deaths,United States of America,2007,571.1
Number of maternal deaths,Peru,2007,576.5
Number of maternal deaths,Bolivia (Plurinational State of),2007,583.2
Number of maternal deaths,Somalia,2007,5950
Number of maternal deaths,Micronesia (Federated States of),2007,5.58
Number of maternal deaths,Sweden,2007,5.54
Number of maternal deaths,Belarus,2007,5.64
Number of maternal deaths,Chile,2007,60.79
Number of maternal deaths,Mauritania,2007,623.6
Number of maternal deaths,"occupied Palestinian territory, including east Jerusalem",2007,62.56
Number of maternal deaths,Saudi Arabia,2007,63.92
Number of maternal deaths,Colombia,2007,640.4
Number of maternal deaths,China,2007,6465
Number of maternal deaths,Tajikistan,2007,64.91
Number of maternal deaths,India,2007,65609
Number of maternal deaths,Algeria,2007,652.9
Number of maternal deaths,Lao People's Democratic Republic,2007,684.6
Number of maternal deaths,Chad,2007,6887
Number of maternal deaths,Nigeria,2007,69912
Number of maternal deaths,Kenya,2007,6918
Number of maternal deaths,Cabo Verde,2007,7.46
Number of maternal deaths,Latvia,2007,6.61
Number of maternal deaths,New Zealand,2007,6.61
Number of maternal deaths,Djibouti,2007,70.97
Number of maternal deaths,Japan,2007,70.88
Number of maternal deaths,Papua New Guinea,2007,724.5
Number of maternal deaths,France,2007,73.31
Number of maternal deaths,Comoros,2007,74.04
Number of maternal deaths,United Republic of Tanzania,2007,7536
Number of maternal deaths,Vanuatu,2007,8.44
Number of maternal deaths,Bulgaria,2007,8.03
Number of maternal deaths,Mauritius,2007,7.69
Number of maternal deaths,Belgium,2007,8.29
Number of maternal deaths,Serbia,2007,8.19
Number of maternal deaths,Tunisia,2007,81.13
Number of maternal deaths,Egypt,2007,856.9
Number of maternal deaths,United Kingdom of Great Britain and Northern Ireland,2007,86.7
Number of maternal deaths,Gabon,2007,87.68
Number of maternal deaths,Portugal,2007,8.69
Number of maternal deaths,Puerto Rico,2007,8.63
Number of maternal deaths,Uruguay,2007,9.12
Number of maternal deaths,Fiji,2007,9.15
Number of maternal deaths,Oman,2007,9.36
Number of maternal deaths,Viet Nam,2007,965
Number of maternal deaths,Libya,2007,97.07
Number of maternal deaths,Jordan,2007,97.13
Number of maternal deaths,Kyrgyzstan,2007,97.11
Number of maternal deaths,Liberia,2007,976.9
Number of maternal deaths,Andorra,2006,0.089
Number of maternal deaths,Cook Islands,2006,0.0006
Number of maternal deaths,Iceland,2006,0.21
Number of maternal deaths,Monaco,2006,0.018
Number of maternal deaths,San Marino,2006,0.034
Number of maternal deaths,Antigua and Barbuda,2006,0.39
Number of maternal deaths,Malta,2006,0.48
Number of maternal deaths,Palau,2006,0.28
Number of maternal deaths,Dominica,2006,0.58
Number of maternal deaths,Grenada,2006,0.72
Number of maternal deaths,Montenegro,2006,0.67
Number of maternal deaths,Saint Kitts and Nevis,2006,0.74
Number of maternal deaths,Tuvalu,2006,0.51
Number of maternal deaths,Nauru,2006,0.89
Number of maternal deaths,Luxembourg,2006,0.88
Number of maternal deaths,Saint Vincent and the Grenadines,2006,1
Number of maternal deaths,Seychelles,2006,0.78
Number of maternal deaths,Slovenia,2006,1.19
Number of maternal deaths,Cyprus,2006,1.25
Number of maternal deaths,Qatar,2006,1.14
Number of maternal deaths,Saint Lucia,2006,1.36
Number of maternal deaths,Uruguay,2006,9.6
Number of maternal deaths,Togo,2006,1024
Number of maternal deaths,Cambodia,2006,1078
Number of maternal deaths,Botswana,2006,107.7
Number of maternal deaths,Trinidad and Tobago,2006,11.37
Number of maternal deaths,Sao Tome and Principe,2006,11.38
Number of maternal deaths,Afghanistan,2006,11987
Number of maternal deaths,Syrian Arab Republic,2006,109.8
Number of maternal deaths,Kazakhstan,2006,114.7
Number of maternal deaths,Mexico,2006,1166
Number of maternal deaths,Equatorial Guinea,2006,117.5
Number of maternal deaths,Hungary,2006,12.4
Number of maternal deaths,Indonesia,2006,12943
Number of maternal deaths,Iraq,2006,1201
Number of maternal deaths,Morocco,2006,1227
Number of maternal deaths,Ukraine,2006,123.8
Number of maternal deaths,Sri Lanka,2006,123.5
Number of maternal deaths,Armenia,2006,12.8
Number of maternal deaths,Australia,2006,13.34
Number of maternal deaths,Republic of Moldova,2006,13.14
Number of maternal deaths,Bangladesh,2006,13025
Number of maternal deaths,Zambia,2006,1389
Number of maternal deaths,Poland,2006,14.24
Number of maternal deaths,Malaysia,2006,139.8
Number of maternal deaths,Lebanon,2006,14.94
Number of maternal deaths,Yemen,2006,1536
Number of maternal deaths,Nicaragua,2006,155.7
Number of maternal deaths,Honduras,2006,159
Number of maternal deaths,Democratic Republic of the Congo,2006,16494
Number of maternal deaths,Pakistan,2006,16950
Number of maternal deaths,Malawi,2006,1651
Number of maternal deaths,Netherlands (Kingdom of the),2006,16.82
Number of maternal deaths,Dominican Republic,2006,176.9
Number of maternal deaths,Eswatini,2006,178.7
Number of maternal deaths,Turkmenistan,2006,17.55
Number of maternal deaths,Rwanda,2006,1830
Number of maternal deaths,Benin,2006,1831
Number of maternal deaths,Senegal,2006,1997
Number of maternal deaths,Barbados,2006,1.51
Number of maternal deaths,North Macedonia,2006,1.74
Number of maternal deaths,Estonia,2006,1.89
Number of maternal deaths,United Arab Emirates,2006,2.07
Number of maternal deaths,Brunei Darussalam,2006,2.48
Number of maternal deaths,Timor-Leste,2006,205.3
Number of maternal deaths,Spain,2006,21.1
Number of maternal deaths,Suriname,2006,21.23
Number of maternal deaths,Costa Rica,2006,21.37
Number of maternal deaths,Nepal,2006,2107
Number of maternal deaths,Zimbabwe,2006,2134
Number of maternal deaths,Uzbekistan,2006,214.6
Number of maternal deaths,Brazil,2006,2249
Number of maternal deaths,Bhutan,2006,23.45
Number of maternal deaths,Georgia,2006,23.18
Number of maternal deaths,Mozambique,2006,2343
Number of maternal deaths,Paraguay,2006,239.2
Number of maternal deaths,Ethiopia,2006,24165
Number of maternal deaths,Namibia,2006,241.4
Number of maternal deaths,Burundi,2006,2456
Number of maternal deaths,Central African Republic,2006,2469
Number of maternal deaths,Solomon Islands,2006,26.57
Number of maternal deaths,Guyana,2006,27.45
Number of maternal deaths,Democratic People's Republic of Korea,2006,274.3
Number of maternal deaths,Sierra Leone,2006,2745
Number of maternal deaths,Ecuador,2006,291.3
Number of maternal deaths,Burkina Faso,2006,2955
Number of maternal deaths,Myanmar,2006,2961
Number of maternal deaths,Tonga,2006,2.79
Number of maternal deaths,Croatia,2006,2.67
Number of maternal deaths,Maldives,2006,3.1
Number of maternal deaths,Slovakia,2006,3.12
Number of maternal deaths,Bosnia and Herzegovina,2006,3.43
Number of maternal deaths,Kiribati,2006,3.04
Number of maternal deaths,Norway,2006,3.09
Number of maternal deaths,Greece,2006,3.45
Number of maternal deaths,Ghana,2006,3001
Number of maternal deaths,Guinea,2006,3139
Number of maternal deaths,Philippines,2006,3156
Number of maternal deaths,South Africa,2006,3280
Number of maternal deaths,Türkiye,2006,337.2
Number of maternal deaths,Thailand,2006,337.5
Number of maternal deaths,South Sudan,2006,3462
Number of maternal deaths,Mali,2006,3780
Number of maternal deaths,Germany,2006,38.44
Number of maternal deaths,Lesotho,2006,387.6
Number of maternal deaths,Iran (Islamic Republic of),2006,389
Number of maternal deaths,Madagascar,2006,3957
Number of maternal deaths,Marshall Islands,2006,4.42
Number of maternal deaths,Bahrain,2006,3.61
Number of maternal deaths,Bahamas,2006,4.14
Number of maternal deaths,Belize,2006,4.07
Number of maternal deaths,Finland,2006,4.09
Number of maternal deaths,Ireland,2006,3.85
Number of maternal deaths,Lithuania,2006,4.1
Number of maternal deaths,Austria,2006,4.35
Number of maternal deaths,Canada,2006,39.75
Number of maternal deaths,Angola,2006,4036
Number of maternal deaths,Panama,2006,41.38
Number of maternal deaths,El Salvador,2006,41.71
Number of maternal deaths,Italy,2006,41.74
Number of maternal deaths,Jamaica,2006,42.84
Number of maternal deaths,Argentina,2006,432.1
Number of maternal deaths,Cameroon,2006,4439
Number of maternal deaths,Mongolia,2006,46.42
Number of maternal deaths,Republic of Korea,2006,46.1
Number of maternal deaths,Cote d'Ivoire,2006,4636
Number of maternal deaths,Gambia,2006,466.8
Number of maternal deaths,Cuba,2006,46.76
Number of maternal deaths,Guinea-Bissau,2006,473.7
Number of maternal deaths,Russian Federation,2006,477.9
Number of maternal deaths,Samoa,2006,4.73
Number of maternal deaths,Albania,2006,4.52
Number of maternal deaths,Denmark,2006,4.66
Number of maternal deaths,Czechia,2006,4.98
Number of maternal deaths,Kuwait,2006,5
Number of maternal deaths,Uganda,2006,5317
Number of maternal deaths,Niger,2006,5360
Number of maternal deaths,Eritrea,2006,542.4
Number of maternal deaths,Azerbaijan,2006,54.89
Number of maternal deaths,Congo,2006,560.5
Number of maternal deaths,United States of America,2006,563.5
Number of maternal deaths,Guatemala,2006,568.9
Number of maternal deaths,Venezuela (Bolivarian Republic of),2006,576.5
Number of maternal deaths,Somalia,2006,5883
Number of maternal deaths,Micronesia (Federated States of),2006,5.84
Number of maternal deaths,Singapore,2006,5.5
Number of maternal deaths,Sweden,2006,5.56
Number of maternal deaths,Israel,2006,6.12
Number of maternal deaths,New Zealand,2006,5.98
Number of maternal deaths,Switzerland,2006,5.79
Number of maternal deaths,Latvia,2006,6.37
Number of maternal deaths,United Republic of Tanzania,2006,6040
Number of maternal deaths,Mauritania,2006,608.5
Number of maternal deaths,Sudan,2006,6086
Number of maternal deaths,Romania,2006,61.2
Number of maternal deaths,Peru,2006,611
Number of maternal deaths,Bolivia (Plurinational State of),2006,615.2
Number of maternal deaths,Chile,2006,61.83
Number of maternal deaths,Algeria,2006,624.8
Number of maternal deaths,Saudi Arabia,2006,63.47
Number of maternal deaths,Kenya,2006,6387
Number of maternal deaths,"occupied Palestinian territory, including east Jerusalem",2006,64.63
Number of maternal deaths,Colombia,2006,652.8
Number of maternal deaths,Chad,2006,6570
Number of maternal deaths,China,2006,6682
Number of maternal deaths,Nigeria,2006,68693
Number of maternal deaths,Belarus,2006,6.94
Number of maternal deaths,Papua New Guinea,2006,708.9
Number of maternal deaths,Tajikistan,2006,71.27
Number of maternal deaths,India,2006,71395
Number of maternal deaths,Lao People's Democratic Republic,2006,730.3
Number of maternal deaths,France,2006,74.41
Number of maternal deaths,Djibouti,2006,74.94
Number of maternal deaths,Comoros,2006,74.67
Number of maternal deaths,Japan,2006,74.66
Number of maternal deaths,Vanuatu,2006,8.33
Number of maternal deaths,Cabo Verde,2006,8.01
Number of maternal deaths,Mauritius,2006,7.72
Number of maternal deaths,Portugal,2006,8.34
Number of maternal deaths,Serbia,2006,8.37
Number of maternal deaths,Belgium,2006,7.82
Number of maternal deaths,Tunisia,2006,81.76
Number of maternal deaths,Jordan,2006,82.97
Number of maternal deaths,Egypt,2006,871.6
Number of maternal deaths,United Kingdom of Great Britain and Northern Ireland,2006,88.62
Number of maternal deaths,Bulgaria,2006,8.64
Number of maternal deaths,Fiji,2006,9.25
Number of maternal deaths,Oman,2006,9.08
Number of maternal deaths,Puerto Rico,2006,9.21
Number of maternal deaths,Gabon,2006,91.38
Number of maternal deaths,Liberia,2006,922
Number of maternal deaths,Viet Nam,2006,948.6
Number of maternal deaths,Libya,2006,94.93
Number of maternal deaths,Kyrgyzstan,2006,96.58
Number of maternal deaths,Haiti,2006,978.6
Number of maternal deaths,Andorra,2005,0.1
Number of maternal deaths,Cook Islands,2005,0.0004
Number of maternal deaths,Iceland,2005,0.22
Number of maternal deaths,Monaco,2005,0.018
Number of maternal deaths,San Marino,2005,0.034
Number of maternal deaths,Antigua and Barbuda,2005,0.4
Number of maternal deaths,Malta,2005,0.43
Number of maternal deaths,Palau,2005,0.29
Number of maternal deaths,Dominica,2005,0.56
Number of maternal deaths,Grenada,2005,0.75
Number of maternal deaths,Montenegro,2005,0.69
Number of maternal deaths,Tuvalu,2005,0.52
Number of maternal deaths,Nauru,2005,0.94
Number of maternal deaths,Luxembourg,2005,0.88
Number of maternal deaths,Saint Kitts and Nevis,2005,0.78
Number of maternal deaths,Saint Vincent and the Grenadines,2005,1.05
Number of maternal deaths,Seychelles,2005,0.79
Number of maternal deaths,Slovenia,2005,1.09
Number of maternal deaths,Cyprus,2005,1.25
Number of maternal deaths,Qatar,2005,1.36
Number of maternal deaths,Saint Lucia,2005,1.41
Number of maternal deaths,Puerto Rico,2005,10.28
Number of maternal deaths,Uruguay,2005,10.08
Number of maternal deaths,Sao Tome and Principe,2005,11.41
Number of maternal deaths,Cambodia,2005,1132
Number of maternal deaths,Iraq,2005,1135
Number of maternal deaths,Syrian Arab Republic,2005,115.2
Number of maternal deaths,Kazakhstan,2005,117.5
Number of maternal deaths,Ukraine,2005,116.5
Number of maternal deaths,Equatorial Guinea,2005,118
Number of maternal deaths,Mexico,2005,1197
Number of maternal deaths,Trinidad and Tobago,2005,11.66
Number of maternal deaths,Hungary,2005,12.41
Number of maternal deaths,Afghanistan,2005,12156
Number of maternal deaths,Sri Lanka,2005,122.7
Number of maternal deaths,Australia,2005,12.79
Number of maternal deaths,Armenia,2005,13.12
Number of maternal deaths,Indonesia,2005,13008
Number of maternal deaths,Morocco,2005,1301
Number of maternal deaths,Zambia,2005,1355
Number of maternal deaths,Republic of Moldova,2005,13.8
Number of maternal deaths,Bangladesh,2005,14235
Number of maternal deaths,Malaysia,2005,145.3
Number of maternal deaths,Poland,2005,14.99
Number of maternal deaths,Lebanon,2005,15.07
Number of maternal deaths,Democratic Republic of the Congo,2005,15742
Number of maternal deaths,Yemen,2005,1584
Number of maternal deaths,Malawi,2005,1602
Number of maternal deaths,Honduras,2005,162.7
Number of maternal deaths,Nicaragua,2005,170.1
Number of maternal deaths,Rwanda,2005,1712
Number of maternal deaths,Dominican Republic,2005,173
Number of maternal deaths,Benin,2005,1780
Number of maternal deaths,Turkmenistan,2005,18.2
Number of maternal deaths,Pakistan,2005,18149
Number of maternal deaths,Eswatini,2005,185.6
Number of maternal deaths,Netherlands (Kingdom of the),2005,19.36
Number of maternal deaths,Namibia,2005,198.2
Number of maternal deaths,Barbados,2005,1.52
Number of maternal deaths,North Macedonia,2005,1.73
Number of maternal deaths,Estonia,2005,2.12
Number of maternal deaths,Zimbabwe,2005,2028
Number of maternal deaths,Senegal,2005,2083
Number of maternal deaths,Spain,2005,20.92
Number of maternal deaths,Uzbekistan,2005,212.2
Number of maternal deaths,Timor-Leste,2005,222.6
Number of maternal deaths,Brazil,2005,2268
Number of maternal deaths,Suriname,2005,22.77
Number of maternal deaths,Costa Rica,2005,22.94
Number of maternal deaths,Nepal,2005,2341
Number of maternal deaths,Mozambique,2005,2345
Number of maternal deaths,Burundi,2005,2399
Number of maternal deaths,Ethiopia,2005,24872
Number of maternal deaths,Central African Republic,2005,2488
Number of maternal deaths,Paraguay,2005,250.7
Number of maternal deaths,Solomon Islands,2005,26.47
Number of maternal deaths,Bhutan,2005,26.06
Number of maternal deaths,Democratic People's Republic of Korea,2005,264.9
Number of maternal deaths,Georgia,2005,27.04
Number of maternal deaths,Guyana,2005,27.43
Number of maternal deaths,Philippines,2005,2814
Number of maternal deaths,Burkina Faso,2005,2866
Number of maternal deaths,Sierra Leone,2005,2988
Number of maternal deaths,Brunei Darussalam,2005,2.55
Number of maternal deaths,Croatia,2005,2.9
Number of maternal deaths,Greece,2005,3.24
Number of maternal deaths,Maldives,2005,3.05
Number of maternal deaths,United Arab Emirates,2005,2.51
Number of maternal deaths,Kiribati,2005,2.96
Number of maternal deaths,Tonga,2005,2.92
Number of maternal deaths,Norway,2005,3.18
Number of maternal deaths,Ghana,2005,3008
Number of maternal deaths,Ecuador,2005,301.9
Number of maternal deaths,Lesotho,2005,306.5
Number of maternal deaths,Myanmar,2005,3099
Number of maternal deaths,South Africa,2005,3135
Number of maternal deaths,Guinea,2005,3149
Number of maternal deaths,Türkiye,2005,348.2
Number of maternal deaths,Thailand,2005,356.6
Number of maternal deaths,South Sudan,2005,3612
Number of maternal deaths,Mali,2005,3743
Number of maternal deaths,Canada,2005,38.3
Number of maternal deaths,Iran (Islamic Republic of),2005,388.7
Number of maternal deaths,Germany,2005,39.27
Number of maternal deaths,Madagascar,2005,3979
Number of maternal deaths,Bosnia and Herzegovina,2005,3.73
Number of maternal deaths,Bahamas,2005,3.84
Number of maternal deaths,Bahrain,2005,3.7
Number of maternal deaths,Ireland,2005,3.84
Number of maternal deaths,Lithuania,2005,3.96
Number of maternal deaths,Slovakia,2005,3.6
Number of maternal deaths,Belize,2005,4.49
Number of maternal deaths,Finland,2005,4.48
Number of maternal deaths,Jamaica,2005,39.78
Number of maternal deaths,Argentina,2005,412.5
Number of maternal deaths,Angola,2005,4129
Number of maternal deaths,Cote d'Ivoire,2005,4144
Number of maternal deaths,Panama,2005,41.58
Number of maternal deaths,El Salvador,2005,43.36
Number of maternal deaths,Italy,2005,44.13
Number of maternal deaths,Cameroon,2005,4435
Number of maternal deaths,Gambia,2005,467.9
Number of maternal deaths,Mongolia,2005,47.19
Number of maternal deaths,Republic of Korea,2005,49.13
Number of maternal deaths,Marshall Islands,2005,4.51
Number of maternal deaths,Samoa,2005,4.83
Number of maternal deaths,Denmark,2005,4.81
Number of maternal deaths,Austria,2005,4.61
Number of maternal deaths,Czechia,2005,5.19
Number of maternal deaths,Kuwait,2005,5.09
Number of maternal deaths,Albania,2005,5.2
Number of maternal deaths,Sweden,2005,5.13
Number of maternal deaths,Cuba,2005,51.37
Number of maternal deaths,Congo,2005,527
Number of maternal deaths,Uganda,2005,5343
Number of maternal deaths,Guinea-Bissau,2005,536
Number of maternal deaths,Niger,2005,5402
Number of maternal deaths,United States of America,2005,541.7
Number of maternal deaths,Eritrea,2005,548.3
Number of maternal deaths,Venezuela (Bolivarian Republic of),2005,554.5
Number of maternal deaths,Russian Federation,2005,560.6
Number of maternal deaths,United Republic of Tanzania,2005,5682
Number of maternal deaths,Somalia,2005,5735
Number of maternal deaths,Micronesia (Federated States of),2005,5.96
Number of maternal deaths,Singapore,2005,5.63
Number of maternal deaths,Israel,2005,6.22
Number of maternal deaths,Latvia,2005,5.88
Number of maternal deaths,New Zealand,2005,6.06
Number of maternal deaths,Switzerland,2005,6.06
Number of maternal deaths,Kenya,2005,6019
Number of maternal deaths,Mauritania,2005,605.1
Number of maternal deaths,Algeria,2005,608.5
Number of maternal deaths,Guatemala,2005,615.7
Number of maternal deaths,Bolivia (Plurinational State of),2005,619.8
Number of maternal deaths,Chad,2005,6220
Number of maternal deaths,Sudan,2005,6259
Number of maternal deaths,Saudi Arabia,2005,63.35
Number of maternal deaths,Azerbaijan,2005,62.57
Number of maternal deaths,Chile,2005,63.94
Number of maternal deaths,Peru,2005,639.5
Number of maternal deaths,"occupied Palestinian territory, including east Jerusalem",2005,65.58
Number of maternal deaths,Nigeria,2005,66656
Number of maternal deaths,Colombia,2005,673.2
Number of maternal deaths,Romania,2005,68.59
Number of maternal deaths,China,2005,6968
Number of maternal deaths,Papua New Guinea,2005,699.8
Number of maternal deaths,France,2005,71.32
Number of maternal deaths,Tajikistan,2005,72.18
Number of maternal deaths,Comoros,2005,76.13
Number of maternal deaths,Japan,2005,77.27
Number of maternal deaths,India,2005,77603
Number of maternal deaths,Lao People's Democratic Republic,2005,774.5
Number of maternal deaths,Vanuatu,2005,8.36
Number of maternal deaths,Mauritius,2005,7.97
Number of maternal deaths,Cabo Verde,2005,8.28
Number of maternal deaths,Belarus,2005,8.33
Number of maternal deaths,Belgium,2005,7.85
Number of maternal deaths,Djibouti,2005,80.91
Number of maternal deaths,Liberia,2005,829.4
Number of maternal deaths,Tunisia,2005,82.82
Number of maternal deaths,Gabon,2005,83.81
Number of maternal deaths,Botswana,2005,84.77
Number of maternal deaths,Jordan,2005,86.41
Number of maternal deaths,Egypt,2005,893.5
Number of maternal deaths,Bulgaria,2005,9.13
Number of maternal deaths,Serbia,2005,8.92
Number of maternal deaths,Portugal,2005,9.03
Number of maternal deaths,Fiji,2005,9.42
Number of maternal deaths,Oman,2005,9.27
Number of maternal deaths,Kyrgyzstan,2005,89.92
Number of maternal deaths,United Kingdom of Great Britain and Northern Ireland,2005,89.67
Number of maternal deaths,Libya,2005,92.69
Number of maternal deaths,Haiti,2005,938.1
Number of maternal deaths,Togo,2005,950.5
Number of maternal deaths,Viet Nam,2005,975.6
Number of maternal deaths,Andorra,2004,0.089
Number of maternal deaths,Cook Islands,2004,0.0004
Number of maternal deaths,Iceland,2004,0.25
Number of maternal deaths,Monaco,2004,0.018
Number of maternal deaths,San Marino,2004,0.038
Number of maternal deaths,Antigua and Barbuda,2004,0.42
Number of maternal deaths,Malta,2004,0.44
Number of maternal deaths,Palau,2004,0.3
Number of maternal deaths,Tuvalu,2004,0.47
Number of maternal deaths,Dominica,2004,0.57
Number of maternal deaths,Montenegro,2004,0.78
Number of maternal deaths,Nauru,2004,0.92
Number of maternal deaths,Grenada,2004,0.9
Number of maternal deaths,Luxembourg,2004,0.9
Number of maternal deaths,Saint Kitts and Nevis,2004,0.8
Number of maternal deaths,Saint Vincent and the Grenadines,2004,1.08
Number of maternal deaths,Seychelles,2004,0.77
Number of maternal deaths,Slovenia,2004,1.05
Number of maternal deaths,Cyprus,2004,1.25
Number of maternal deaths,Qatar,2004,1.35
Number of maternal deaths,Saint Lucia,2004,1.43
Number of maternal deaths,Fiji,2004,9.69
Number of maternal deaths,Bulgaria,2004,9.54
Number of maternal deaths,Puerto Rico,2004,10.23
Number of maternal deaths,Belarus,2004,10.01
Number of maternal deaths,Viet Nam,2004,1044
Number of maternal deaths,Sao Tome and Principe,2004,10.97
Number of maternal deaths,Uruguay,2004,10.6
Number of maternal deaths,Haiti,2004,1128
Number of maternal deaths,Iraq,2004,1152
Number of maternal deaths,Equatorial Guinea,2004,115.7
Number of maternal deaths,Ukraine,2004,117.9
Number of maternal deaths,Cambodia,2004,1196
Number of maternal deaths,Trinidad and Tobago,2004,12.12
Number of maternal deaths,Hungary,2004,11.72
Number of maternal deaths,Afghanistan,2004,12777
Number of maternal deaths,Syrian Arab Republic,2004,119.8
Number of maternal deaths,Kazakhstan,2004,122.1
Number of maternal deaths,Mexico,2004,1239
Number of maternal deaths,Zambia,2004,1293
Number of maternal deaths,Australia,2004,13.07
Number of maternal deaths,Indonesia,2004,13429
Number of maternal deaths,Morocco,2004,1385
Number of maternal deaths,Armenia,2004,13.52
Number of maternal deaths,Sri Lanka,2004,140.2
Number of maternal deaths,Republic of Moldova,2004,14.58
Number of maternal deaths,Democratic Republic of the Congo,2004,15139
Number of maternal deaths,Bangladesh,2004,15664
Number of maternal deaths,Malaysia,2004,153.8
Number of maternal deaths,Eswatini,2004,157.5
Number of maternal deaths,Namibia,2004,158.6
Number of maternal deaths,Lebanon,2004,16.2
Number of maternal deaths,Poland,2004,15.89
Number of maternal deaths,Dominican Republic,2004,163.8
Number of maternal deaths,Honduras,2004,165.3
Number of maternal deaths,Rwanda,2004,1668
Number of maternal deaths,Malawi,2004,1669
Number of maternal deaths,Yemen,2004,1670
Number of maternal deaths,Benin,2004,1789
Number of maternal deaths,Pakistan,2004,18932
Number of maternal deaths,Turkmenistan,2004,18.69
Number of maternal deaths,Nicaragua,2004,189.6
Number of maternal deaths,Barbados,2004,1.54
Number of maternal deaths,Estonia,2004,2.16
Number of maternal deaths,North Macedonia,2004,2.01
Number of maternal deaths,Zimbabwe,2004,2026
Number of maternal deaths,Spain,2004,20.55
Number of maternal deaths,Georgia,2004,21.38
Number of maternal deaths,Netherlands (Kingdom of the),2004,21.47
Number of maternal deaths,Senegal,2004,2108
Number of maternal deaths,Uzbekistan,2004,211.5
Number of maternal deaths,Brazil,2004,2224
Number of maternal deaths,Burundi,2004,2273
Number of maternal deaths,Timor-Leste,2004,238.2
Number of maternal deaths,Costa Rica,2004,23.65
Number of maternal deaths,Ethiopia,2004,24821
Number of maternal deaths,Mozambique,2004,2480
Number of maternal deaths,Suriname,2004,24.79
Number of maternal deaths,Central African Republic,2004,2526
Number of maternal deaths,Nepal,2004,2545
Number of maternal deaths,Paraguay,2004,258.1
Number of maternal deaths,Solomon Islands,2004,26.66
Number of maternal deaths,Guyana,2004,27.25
Number of maternal deaths,Democratic People's Republic of Korea,2004,274.2
Number of maternal deaths,South Africa,2004,2808
Number of maternal deaths,Lesotho,2004,282.4
Number of maternal deaths,Burkina Faso,2004,2865
Number of maternal deaths,Bhutan,2004,28.65
Number of maternal deaths,Philippines,2004,2901
Number of maternal deaths,Croatia,2004,2.82
Number of maternal deaths,Brunei Darussalam,2004,2.67
Number of maternal deaths,United Arab Emirates,2004,2.76
Number of maternal deaths,Kiribati,2004,2.93
Number of maternal deaths,Tonga,2004,2.9
Number of maternal deaths,Greece,2004,3.31
Number of maternal deaths,Norway,2004,3.22
Number of maternal deaths,Ghana,2004,3019
Number of maternal deaths,Sierra Leone,2004,3106
Number of maternal deaths,Ecuador,2004,312.8
Number of maternal deaths,Guinea,2004,3168
Number of maternal deaths,Myanmar,2004,3280
Number of maternal deaths,Canada,2004,34.87
Number of maternal deaths,Türkiye,2004,360.3
Number of maternal deaths,Mali,2004,3704
Number of maternal deaths,Cote d'Ivoire,2004,3779
Number of maternal deaths,South Sudan,2004,3785
Number of maternal deaths,Jamaica,2004,38.71
Number of maternal deaths,Iran (Islamic Republic of),2004,389.9
Number of maternal deaths,Thailand,2004,393.9
Number of maternal deaths,Bosnia and Herzegovina,2004,4.01
Number of maternal deaths,Ireland,2004,3.8
Number of maternal deaths,Bahamas,2004,3.74
Number of maternal deaths,Bahrain,2004,3.64
Number of maternal deaths,Finland,2004,4.23
Number of maternal deaths,Lithuania,2004,3.7
Number of maternal deaths,Maldives,2004,3.58
Number of maternal deaths,Slovakia,2004,3.59
Number of maternal deaths,Austria,2004,4.37
Number of maternal deaths,Madagascar,2004,4024
Number of maternal deaths,Germany,2004,41.08
Number of maternal deaths,Argentina,2004,415
Number of maternal deaths,Panama,2004,42.1
Number of maternal deaths,Angola,2004,4311
Number of maternal deaths,Cameroon,2004,4342
Number of maternal deaths,El Salvador,2004,45.86
Number of maternal deaths,Italy,2004,46.47
Number of maternal deaths,Gambia,2004,462.7
Number of maternal deaths,Uganda,2004,4854
Number of maternal deaths,Marshall Islands,2004,4.61
Number of maternal deaths,Samoa,2004,4.78
Number of maternal deaths,Belize,2004,4.65
Number of maternal deaths,Czechia,2004,5.02
Number of maternal deaths,Kuwait,2004,5.21
Number of maternal deaths,Denmark,2004,5.2
Number of maternal deaths,Sweden,2004,5.29
Number of maternal deaths,Mongolia,2004,50.45
Number of maternal deaths,Congo,2004,529.2
Number of maternal deaths,United States of America,2004,530.8
Number of maternal deaths,Guinea-Bissau,2004,539.3
Number of maternal deaths,Niger,2004,5426
Number of maternal deaths,Venezuela (Bolivarian Republic of),2004,552.5
Number of maternal deaths,Cuba,2004,55.85
Number of maternal deaths,Republic of Korea,2004,55.65
Number of maternal deaths,Eritrea,2004,565.5
Number of maternal deaths,Somalia,2004,5664
Number of maternal deaths,United Republic of Tanzania,2004,5782
Number of maternal deaths,Kenya,2004,5783
Number of maternal deaths,Chad,2004,5832
Number of maternal deaths,Micronesia (Federated States of),2004,6.17
Number of maternal deaths,Latvia,2004,5.81
Number of maternal deaths,Albania,2004,5.86
Number of maternal deaths,Singapore,2004,5.82
Number of maternal deaths,New Zealand,2004,6.11
Number of maternal deaths,Switzerland,2004,5.92
Number of maternal deaths,Algeria,2004,601.9
Number of maternal deaths,Guatemala,2004,601.5
Number of maternal deaths,Azerbaijan,2004,60.59
Number of maternal deaths,Mauritania,2004,611.8
Number of maternal deaths,Russian Federation,2004,619.8
Number of maternal deaths,Bolivia (Plurinational State of),2004,638.6
Number of maternal deaths,Saudi Arabia,2004,64.87
Number of maternal deaths,Nigeria,2004,65931
Number of maternal deaths,Sudan,2004,6540
Number of maternal deaths,Gabon,2004,66.33
Number of maternal deaths,Chile,2004,65.56
Number of maternal deaths,Peru,2004,665.2
Number of maternal deaths,Papua New Guinea,2004,685.9
Number of maternal deaths,"occupied Palestinian territory, including east Jerusalem",2004,69.27
Number of maternal deaths,Israel,2004,6.5
Number of maternal deaths,France,2004,70.17
Number of maternal deaths,Colombia,2004,708.9
Number of maternal deaths,Romania,2004,72.35
Number of maternal deaths,China,2004,7350
Number of maternal deaths,Tajikistan,2004,73.97
Number of maternal deaths,Botswana,2004,74.65
Number of maternal deaths,Comoros,2004,76.77
Number of maternal deaths,Vanuatu,2004,8.45
Number of maternal deaths,Mauritius,2004,8.1
Number of maternal deaths,Belgium,2004,7.74
Number of maternal deaths,Tunisia,2004,83.48
Number of maternal deaths,Japan,2004,82.63
Number of maternal deaths,Liberia,2004,837
Number of maternal deaths,India,2004,84577
Number of maternal deaths,Lao People's Democratic Republic,2004,856.3
Number of maternal deaths,Kyrgyzstan,2004,87.93
Number of maternal deaths,Jordan,2004,88.69
Number of maternal deaths,Cabo Verde,2004,9.17
Number of maternal deaths,Portugal,2004,8.78
Number of maternal deaths,Oman,2004,9.44
Number of maternal deaths,Serbia,2004,9.48
Number of maternal deaths,Libya,2004,89.57
Number of maternal deaths,Togo,2004,912.3
Number of maternal deaths,Egypt,2004,916.4
Number of maternal deaths,United Kingdom of Great Britain and Northern Ireland,2004,94.49
Number of maternal deaths,Djibouti,2004,94.9
Number of maternal deaths,Andorra,2003,0.083
Number of maternal deaths,Cook Islands,2003,0.0006
Number of maternal deaths,Iceland,2003,0.23
Number of maternal deaths,Monaco,2003,0.018
Number of maternal deaths,San Marino,2003,0.039
Number of maternal deaths,Antigua and Barbuda,2003,0.43
Number of maternal deaths,Palau,2003,0.3
Number of maternal deaths,Tuvalu,2003,0.48
Number of maternal deaths,Dominica,2003,0.59
Number of maternal deaths,Luxembourg,2003,0.76
Number of maternal deaths,Malta,2003,0.54
Number of maternal deaths,Seychelles,2003,0.7
Number of maternal deaths,Nauru,2003,0.9
Number of maternal deaths,Grenada,2003,0.79
Number of maternal deaths,Montenegro,2003,0.87
Number of maternal deaths,Saint Kitts and Nevis,2003,0.86
Number of maternal deaths,Slovenia,2003,1.01
Number of maternal deaths,Cyprus,2003,1.23
Number of maternal deaths,Qatar,2003,1.37
Number of maternal deaths,Saint Vincent and the Grenadines,2003,1.17
Number of maternal deaths,Cabo Verde,2003,10.06
Number of maternal deaths,Bulgaria,2003,9.57
Number of maternal deaths,Fiji,2003,9.91
Number of maternal deaths,Oman,2003,9.74
Number of maternal deaths,Puerto Rico,2003,9.99
Number of maternal deaths,Serbia,2003,9.93
Number of maternal deaths,Haiti,2003,1017
Number of maternal deaths,Viet Nam,2003,1030
Number of maternal deaths,Djibouti,2003,103.9
Number of maternal deaths,Uruguay,2003,11.31
Number of maternal deaths,Sao Tome and Principe,2003,10.86
Number of maternal deaths,Ukraine,2003,114.6
Number of maternal deaths,Iraq,2003,1158
Number of maternal deaths,Equatorial Guinea,2003,116.3
Number of maternal deaths,Belarus,2003,11.86
Number of maternal deaths,Hungary,2003,12.04
Number of maternal deaths,Afghanistan,2003,12852
Number of maternal deaths,Zambia,2003,1206
Number of maternal deaths,Kazakhstan,2003,122.8
Number of maternal deaths,Syrian Arab Republic,2003,127.2
Number of maternal deaths,Mexico,2003,1271
Number of maternal deaths,Cambodia,2003,1282
Number of maternal deaths,Trinidad and Tobago,2003,12.96
Number of maternal deaths,Indonesia,2003,13076
Number of maternal deaths,Sri Lanka,2003,134.7
Number of maternal deaths,Eswatini,2003,135.3
Number of maternal deaths,Armenia,2003,13.6
Number of maternal deaths,Australia,2003,13.65
Number of maternal deaths,Democratic Republic of the Congo,2003,14777
Number of maternal deaths,Morocco,2003,1431
Number of maternal deaths,Republic of Moldova,2003,14.55
Number of maternal deaths,Dominican Republic,2003,152.1
Number of maternal deaths,Namibia,2003,161.4
Number of maternal deaths,Malaysia,2003,161.9
Number of maternal deaths,Honduras,2003,167.9
Number of maternal deaths,Lebanon,2003,17.45
Number of maternal deaths,Poland,2003,17.03
Number of maternal deaths,Bangladesh,2003,17040
Number of maternal deaths,Yemen,2003,1733
Number of maternal deaths,Benin,2003,1747
Number of maternal deaths,Malawi,2003,1849
Number of maternal deaths,Spain,2003,19.01
Number of maternal deaths,Rwanda,2003,1959
Number of maternal deaths,Barbados,2003,1.67
Number of maternal deaths,Saint Lucia,2003,1.53
Number of maternal deaths,Estonia,2003,2.35
Number of maternal deaths,North Macedonia,2003,2.27
Number of maternal deaths,Turkmenistan,2003,19.65
Number of maternal deaths,Pakistan,2003,20540
Number of maternal deaths,Zimbabwe,2003,2037
Number of maternal deaths,Nicaragua,2003,208
Number of maternal deaths,Georgia,2003,20.66
Number of maternal deaths,Uzbekistan,2003,210.3
Number of maternal deaths,Senegal,2003,2157
Number of maternal deaths,Brazil,2003,2158
Number of maternal deaths,Burundi,2003,2210
Number of maternal deaths,Costa Rica,2003,24.16
Number of maternal deaths,Netherlands (Kingdom of the),2003,24.21
Number of maternal deaths,Ethiopia,2003,25504
Number of maternal deaths,Timor-Leste,2003,251
Number of maternal deaths,South Africa,2003,2541
Number of maternal deaths,Central African Republic,2003,2545
Number of maternal deaths,Paraguay,2003,263.9
Number of maternal deaths,Solomon Islands,2003,26.9
Number of maternal deaths,Mozambique,2003,2752
Number of maternal deaths,Nepal,2003,2760
Number of maternal deaths,Suriname,2003,27.74
Number of maternal deaths,Guyana,2003,28.35
Number of maternal deaths,Democratic People's Republic of Korea,2003,280.9
Number of maternal deaths,Burkina Faso,2003,2884
Number of maternal deaths,Lesotho,2003,295.5
Number of maternal deaths,Bahamas,2003,3.08
Number of maternal deaths,Brunei Darussalam,2003,2.81
Number of maternal deaths,Kiribati,2003,2.84
Number of maternal deaths,United Arab Emirates,2003,3.08
Number of maternal deaths,Tonga,2003,2.98
Number of maternal deaths,Bahrain,2003,3.47
Number of maternal deaths,Croatia,2003,3.05
Number of maternal deaths,Greece,2003,3.42
Number of maternal deaths,Norway,2003,3.05
Number of maternal deaths,Philippines,2003,3022
Number of maternal deaths,Ghana,2003,3033
Number of maternal deaths,Guinea,2003,3189
Number of maternal deaths,Bhutan,2003,31.73
Number of maternal deaths,Sierra Leone,2003,3225
Number of maternal deaths,Ecuador,2003,329.1
Number of maternal deaths,Canada,2003,34.37
Number of maternal deaths,Myanmar,2003,3479
Number of maternal deaths,Cote d'Ivoire,2003,3692
Number of maternal deaths,Türkiye,2003,370.9
Number of maternal deaths,Mali,2003,3715
Number of maternal deaths,Thailand,2003,380.9
Number of maternal deaths,South Sudan,2003,3871
Number of maternal deaths,Marshall Islands,2003,4.3
Number of maternal deaths,Ireland,2003,3.64
Number of maternal deaths,Finland,2003,3.84
Number of maternal deaths,Lithuania,2003,4.23
Number of maternal deaths,Maldives,2003,3.84
Number of maternal deaths,Slovakia,2003,3.63
Number of maternal deaths,Bosnia and Herzegovina,2003,4.16
Number of maternal deaths,Jamaica,2003,40.2
Number of maternal deaths,Iran (Islamic Republic of),2003,405.5
Number of maternal deaths,Madagascar,2003,4077
Number of maternal deaths,Germany,2003,42.43
Number of maternal deaths,Panama,2003,42.19
Number of maternal deaths,Cameroon,2003,4280
Number of maternal deaths,Italy,2003,43.41
Number of maternal deaths,Argentina,2003,431
Number of maternal deaths,Angola,2003,4494
Number of maternal deaths,Gambia,2003,469.3
Number of maternal deaths,Uganda,2003,4883
Number of maternal deaths,Samoa,2003,4.85
Number of maternal deaths,Austria,2003,4.77
Number of maternal deaths,Belize,2003,4.92
Number of maternal deaths,Czechia,2003,5.19
Number of maternal deaths,Kuwait,2003,5.12
Number of maternal deaths,Denmark,2003,5.35
Number of maternal deaths,Sweden,2003,5.42
Number of maternal deaths,Azerbaijan,2003,50.13
Number of maternal deaths,El Salvador,2003,52.41
Number of maternal deaths,Eritrea,2003,526
Number of maternal deaths,United States of America,2003,530.7
Number of maternal deaths,Mongolia,2003,53.58
Number of maternal deaths,Niger,2003,5427
Number of maternal deaths,Somalia,2003,5518
Number of maternal deaths,Congo,2003,554.6
Number of maternal deaths,Chad,2003,5554
Number of maternal deaths,Kenya,2003,5693
Number of maternal deaths,Venezuela (Bolivarian Republic of),2003,576
Number of maternal deaths,Guinea-Bissau,2003,582.3
Number of maternal deaths,Micronesia (Federated States of),2003,6.34
Number of maternal deaths,New Zealand,2003,6.01
Number of maternal deaths,Switzerland,2003,5.82
Number of maternal deaths,Latvia,2003,6.42
Number of maternal deaths,Singapore,2003,6.25
Number of maternal deaths,Cuba,2003,60.25
Number of maternal deaths,Mauritania,2003,607
Number of maternal deaths,Guatemala,2003,608.5
Number of maternal deaths,United Republic of Tanzania,2003,6085
Number of maternal deaths,Gabon,2003,60.81
Number of maternal deaths,Republic of Korea,2003,62.04
Number of maternal deaths,Algeria,2003,637.5
Number of maternal deaths,Peru,2003,641.6
Number of maternal deaths,Nigeria,2003,65392
Number of maternal deaths,Bolivia (Plurinational State of),2003,652.3
Number of maternal deaths,Russian Federation,2003,666.2
Number of maternal deaths,Papua New Guinea,2003,677.2
Number of maternal deaths,Saudi Arabia,2003,69.06
Number of maternal deaths,Botswana,2003,69.31
Number of maternal deaths,Chile,2003,69.37
Number of maternal deaths,Albania,2003,6.53
Number of maternal deaths,Israel,2003,7.48
Number of maternal deaths,"occupied Palestinian territory, including east Jerusalem",2003,70.07
Number of maternal deaths,France,2003,70.83
Number of maternal deaths,Sudan,2003,7125
Number of maternal deaths,Colombia,2003,743.4
Number of maternal deaths,Tajikistan,2003,75.08
Number of maternal deaths,China,2003,7633
Number of maternal deaths,Romania,2003,77.99
Number of maternal deaths,Comoros,2003,78.52
Number of maternal deaths,Vanuatu,2003,8.31
Number of maternal deaths,Mauritius,2003,7.98
Number of maternal deaths,Belgium,2003,7.84
Number of maternal deaths,Tunisia,2003,84.69
Number of maternal deaths,Kyrgyzstan,2003,86.32
Number of maternal deaths,Japan,2003,86.16
Number of maternal deaths,Libya,2003,87.71
Number of maternal deaths,Togo,2003,898.2
Number of maternal deaths,Portugal,2003,9.48
Number of maternal deaths,India,2003,90124
Number of maternal deaths,Lao People's Democratic Republic,2003,915.9
Number of maternal deaths,Jordan,2003,91.72
Number of maternal deaths,United Kingdom of Great Britain and Northern Ireland,2003,95.12
Number of maternal deaths,Egypt,2003,950.7
Number of maternal deaths,Liberia,2003,994
Number of maternal deaths,Andorra,2002,0.097
Number of maternal deaths,Cook Islands,2002,0.0007
Number of maternal deaths,Iceland,2002,0.29
Number of maternal deaths,Monaco,2002,0.038
Number of maternal deaths,San Marino,2002,0.045
Number of maternal deaths,Antigua and Barbuda,2002,0.47
Number of maternal deaths,Palau,2002,0.33
Number of maternal deaths,Dominica,2002,0.62
Number of maternal deaths,Malta,2002,0.53
Number of maternal deaths,Seychelles,2002,0.66
Number of maternal deaths,Tuvalu,2002,0.55
Number of maternal deaths,Nauru,2002,0.9
Number of maternal deaths,Grenada,2002,0.79
Number of maternal deaths,Luxembourg,2002,0.91
Number of maternal deaths,Montenegro,2002,0.89
Number of maternal deaths,Saint Kitts and Nevis,2002,0.89
Number of maternal deaths,Slovenia,2002,0.99
Number of maternal deaths,Cyprus,2002,1.21
Number of maternal deaths,Qatar,2002,1.38
Number of maternal deaths,Saint Vincent and the Grenadines,2002,1.28
Number of maternal deaths,Bulgaria,2002,10.18
Number of maternal deaths,Fiji,2002,10.04
Number of maternal deaths,Oman,2002,9.74
Number of maternal deaths,Portugal,2002,9.92
Number of maternal deaths,Serbia,2002,10.29
Number of maternal deaths,Puerto Rico,2002,10.32
Number of maternal deaths,Viet Nam,2002,1057
Number of maternal deaths,Djibouti,2002,106
Number of maternal deaths,Haiti,2002,1080
Number of maternal deaths,Cabo Verde,2002,11.1
Number of maternal deaths,Sao Tome and Principe,2002,10.67
Number of maternal deaths,Ukraine,2002,111.7
Number of maternal deaths,Eswatini,2002,113.2
Number of maternal deaths,Iraq,2002,1156
Number of maternal deaths,Equatorial Guinea,2002,116.8
Number of maternal deaths,Uruguay,2002,11.96
Number of maternal deaths,Afghanistan,2002,12817
Number of maternal deaths,Kazakhstan,2002,124.3
Number of maternal deaths,Zambia,2002,1292
Number of maternal deaths,Hungary,2002,12.66
Number of maternal deaths,Armenia,2002,13.24
Number of maternal deaths,Trinidad and Tobago,2002,13.39
Number of maternal deaths,Indonesia,2002,13288
Number of maternal deaths,Mexico,2002,1305
Number of maternal deaths,Sri Lanka,2002,135.3
Number of maternal deaths,Syrian Arab Republic,2002,138.2
Number of maternal deaths,Belarus,2002,13.51
Number of maternal deaths,Australia,2002,13.81
Number of maternal deaths,Democratic Republic of the Congo,2002,14405
Number of maternal deaths,Cambodia,2002,1411
Number of maternal deaths,Dominican Republic,2002,147.3
Number of maternal deaths,Republic of Moldova,2002,15.22
Number of maternal deaths,Morocco,2002,1501
Number of maternal deaths,Malaysia,2002,166.7
Number of maternal deaths,Honduras,2002,169.3
Number of maternal deaths,Benin,2002,1701
Number of maternal deaths,Namibia,2002,175.5
Number of maternal deaths,Bangladesh,2002,18440
Number of maternal deaths,Yemen,2002,1802
Number of maternal deaths,Zimbabwe,2002,1845
Number of maternal deaths,Lebanon,2002,18.96
Number of maternal deaths,Poland,2002,18.94
Number of maternal deaths,Spain,2002,19.14
Number of maternal deaths,Barbados,2002,1.62
Number of maternal deaths,Saint Lucia,2002,1.74
Number of maternal deaths,Turkmenistan,2002,21.4
Number of maternal deaths,Pakistan,2002,21647
Number of maternal deaths,Malawi,2002,2110
Number of maternal deaths,Senegal,2002,2148
Number of maternal deaths,Uzbekistan,2002,215.5
Number of maternal deaths,Brazil,2002,2177
Number of maternal deaths,Burundi,2002,2235
Number of maternal deaths,South Africa,2002,2263
Number of maternal deaths,Georgia,2002,23.1
Number of maternal deaths,Nicaragua,2002,230.3
Number of maternal deaths,Rwanda,2002,2377
Number of maternal deaths,Timor-Leste,2002,241.7
Number of maternal deaths,Central African Republic,2002,2481
Number of maternal deaths,Costa Rica,2002,25.19
Number of maternal deaths,Netherlands (Kingdom of the),2002,25.86
Number of maternal deaths,Ethiopia,2002,26190
Number of maternal deaths,Solomon Islands,2002,26.71
Number of maternal deaths,Paraguay,2002,271.5
Number of maternal deaths,Lesotho,2002,283.6
Number of maternal deaths,Burkina Faso,2002,2865
Number of maternal deaths,Philippines,2002,2994
Number of maternal deaths,Bahamas,2002,2.5
Number of maternal deaths,Norway,2002,2.82
Number of maternal deaths,Brunei Darussalam,2002,2.92
Number of maternal deaths,Croatia,2002,2.95
Number of maternal deaths,Estonia,2002,2.88
Number of maternal deaths,North Macedonia,2002,2.82
Number of maternal deaths,Kiribati,2002,2.97
Number of maternal deaths,United Arab Emirates,2002,3.43
Number of maternal deaths,Tonga,2002,3.01
Number of maternal deaths,Bahrain,2002,3.24
Number of maternal deaths,Greece,2002,3.46
Number of maternal deaths,Suriname,2002,30.49
Number of maternal deaths,Guyana,2002,29.81
Number of maternal deaths,Nepal,2002,3003
Number of maternal deaths,Mozambique,2002,3021
Number of maternal deaths,Ghana,2002,3171
Number of maternal deaths,Guinea,2002,3223
Number of maternal deaths,Sierra Leone,2002,3285
Number of maternal deaths,Canada,2002,32.86
Number of maternal deaths,Cote d'Ivoire,2002,3455
Number of maternal deaths,Ecuador,2002,354.1
Number of maternal deaths,Bhutan,2002,36.3
Number of maternal deaths,Myanmar,2002,3667
Number of maternal deaths,Mali,2002,3777
Number of maternal deaths,Türkiye,2002,392
Number of maternal deaths,Marshall Islands,2002,4.31
Number of maternal deaths,Finland,2002,3.91
Number of maternal deaths,Ireland,2002,4.05
Number of maternal deaths,Lithuania,2002,4.06
Number of maternal deaths,Maldives,2002,4.16
Number of maternal deaths,Slovakia,2002,3.68
Number of maternal deaths,Bosnia and Herzegovina,2002,4.3
Number of maternal deaths,Jamaica,2002,41.48
Number of maternal deaths,Thailand,2002,409.7
Number of maternal deaths,Iran (Islamic Republic of),2002,416.1
Number of maternal deaths,Madagascar,2002,4181
Number of maternal deaths,Argentina,2002,420.7
Number of maternal deaths,Cameroon,2002,4223
Number of maternal deaths,Panama,2002,42.6
Number of maternal deaths,Germany,2002,44.66
Number of maternal deaths,Gambia,2002,474.6
Number of maternal deaths,Azerbaijan,2002,47.81
Number of maternal deaths,South Sudan,2002,4819
Number of maternal deaths,Angola,2002,4871
Number of maternal deaths,Samoa,2002,5
Number of maternal deaths,Austria,2002,4.77
Number of maternal deaths,Belize,2002,5.01
Number of maternal deaths,Kuwait,2002,5.04
Number of maternal deaths,Czechia,2002,5.31
Number of maternal deaths,Sweden,2002,5.15
Number of maternal deaths,Uganda,2002,5037
Number of maternal deaths,Democratic People's Republic of Korea,2002,504.9
Number of maternal deaths,United States of America,2002,509.4
Number of maternal deaths,Venezuela (Bolivarian Republic of),2002,517.1
Number of maternal deaths,Italy,2002,51.95
Number of maternal deaths,Somalia,2002,5392
Number of maternal deaths,Niger,2002,5419
Number of maternal deaths,Chad,2002,5517
Number of maternal deaths,Eritrea,2002,564.6
Number of maternal deaths,Kenya,2002,5687
Number of maternal deaths,Mongolia,2002,58.16
Number of maternal deaths,El Salvador,2002,58.25
Number of maternal deaths,Congo,2002,580.7
Number of maternal deaths,Denmark,2002,5.56
Number of maternal deaths,Latvia,2002,5.92
Number of maternal deaths,New Zealand,2002,5.68
Number of maternal deaths,Switzerland,2002,6.31
Number of maternal deaths,Mauritania,2002,611.3
Number of maternal deaths,Guinea-Bissau,2002,611.5
Number of maternal deaths,Algeria,2002,618.8
Number of maternal deaths,Guatemala,2002,624.9
Number of maternal deaths,Cuba,2002,63.55
Number of maternal deaths,Nigeria,2002,65313
Number of maternal deaths,Peru,2002,651.9
Number of maternal deaths,Russian Federation,2002,653.8
Number of maternal deaths,Republic of Korea,2002,65.88
Number of maternal deaths,Papua New Guinea,2002,662.8
Number of maternal deaths,Bolivia (Plurinational State of),2002,665.9
Number of maternal deaths,Gabon,2002,67.11
Number of maternal deaths,Botswana,2002,67.41
Number of maternal deaths,United Republic of Tanzania,2002,6745
Number of maternal deaths,Sudan,2002,6955
Number of maternal deaths,Micronesia (Federated States of),2002,7.32
Number of maternal deaths,Albania,2002,6.73
Number of maternal deaths,Singapore,2002,7.18
Number of maternal deaths,France,2002,71.24
Number of maternal deaths,"occupied Palestinian territory, including east Jerusalem",2002,71.9
Number of maternal deaths,Chile,2002,73.5
Number of maternal deaths,Saudi Arabia,2002,74.78
Number of maternal deaths,Colombia,2002,785.9
Number of maternal deaths,Vanuatu,2002,7.97
Number of maternal deaths,Mauritius,2002,8.21
Number of maternal deaths,Belgium,2002,8.19
Number of maternal deaths,China,2002,8153
Number of maternal deaths,Comoros,2002,83.05
Number of maternal deaths,Romania,2002,82.87
Number of maternal deaths,Kyrgyzstan,2002,83.36
Number of maternal deaths,Tunisia,2002,84.88
Number of maternal deaths,Libya,2002,86.09
Number of maternal deaths,United Kingdom of Great Britain and Northern Ireland,2002,89.35
Number of maternal deaths,Israel,2002,8.88
Number of maternal deaths,Tajikistan,2002,90.98
Number of maternal deaths,Japan,2002,90.77
Number of maternal deaths,Liberia,2002,909.8
Number of maternal deaths,Togo,2002,914.5
Number of maternal deaths,Jordan,2002,92.49
Number of maternal deaths,India,2002,96157
Number of maternal deaths,Lao People's Democratic Republic,2002,962.9
Number of maternal deaths,Egypt,2002,981.7
Number of maternal deaths,Andorra,2001,0.1
Number of maternal deaths,Cook Islands,2001,0.001
Number of maternal deaths,Iceland,2001,0.26
Number of maternal deaths,Monaco,2001,0.042
Number of maternal deaths,San Marino,2001,0.049
Number of maternal deaths,Antigua and Barbuda,2001,0.49
Number of maternal deaths,Malta,2001,0.49
Number of maternal deaths,Palau,2001,0.33
Number of maternal deaths,Seychelles,2001,0.61
Number of maternal deaths,Tuvalu,2001,0.58
Number of maternal deaths,Nauru,2001,0.85
Number of maternal deaths,Dominica,2001,0.72
Number of maternal deaths,Grenada,2001,0.84
Number of maternal deaths,Luxembourg,2001,1.01
Number of maternal deaths,Montenegro,2001,0.97
Number of maternal deaths,Saint Kitts and Nevis,2001,1.04
Number of maternal deaths,Slovenia,2001,1.11
Number of maternal deaths,Cyprus,2001,1.29
Number of maternal deaths,Qatar,2001,1.39
Number of maternal deaths,Saint Vincent and the Grenadines,2001,1.38
Number of maternal deaths,Sao Tome and Principe,2001,10.44
Number of maternal deaths,Israel,2001,9.75
Number of maternal deaths,Oman,2001,9.83
Number of maternal deaths,Portugal,2001,10.37
Number of maternal deaths,Egypt,2001,1015
Number of maternal deaths,Lao People's Democratic Republic,2001,1017
Number of maternal deaths,India,2001,102386
Number of maternal deaths,Eswatini,2001,104.5
Number of maternal deaths,Tajikistan,2001,109
Number of maternal deaths,Serbia,2001,10.64
Number of maternal deaths,Viet Nam,2001,1104
Number of maternal deaths,Djibouti,2001,113.3
Number of maternal deaths,Haiti,2001,1132
Number of maternal deaths,Ukraine,2001,113.9
Number of maternal deaths,Equatorial Guinea,2001,117.6
Number of maternal deaths,Bulgaria,2001,11.65
Number of maternal deaths,Puerto Rico,2001,11.68
Number of maternal deaths,Uruguay,2001,12.34
Number of maternal deaths,Cabo Verde,2001,12.48
Number of maternal deaths,Iraq,2001,1231
Number of maternal deaths,Hungary,2001,12.61
Number of maternal deaths,Afghanistan,2001,13196
Number of maternal deaths,Democratic Republic of the Congo,2001,13797
Number of maternal deaths,Kazakhstan,2001,131.4
Number of maternal deaths,Mexico,2001,1318
Number of maternal deaths,Sri Lanka,2001,138.4
Number of maternal deaths,Armenia,2001,13.66
Number of maternal deaths,Australia,2001,14.29
Number of maternal deaths,Trinidad and Tobago,2001,14.15
Number of maternal deaths,Indonesia,2001,14066
Number of maternal deaths,Zambia,2001,1413
Number of maternal deaths,Dominican Republic,2001,148.8
Number of maternal deaths,Syrian Arab Republic,2001,149.7
Number of maternal deaths,Cambodia,2001,1556
Number of maternal deaths,Belarus,2001,15.83
Number of maternal deaths,Morocco,2001,1617
Number of maternal deaths,Benin,2001,1653
Number of maternal deaths,Republic of Moldova,2001,16.89
Number of maternal deaths,Honduras,2001,175.2
Number of maternal deaths,Malaysia,2001,180.5
Number of maternal deaths,Yemen,2001,1880
Number of maternal deaths,Spain,2001,19.24
Number of maternal deaths,Bangladesh,2001,19748
Number of maternal deaths,South Africa,2001,1945
Number of maternal deaths,Barbados,2001,1.81
Number of maternal deaths,Saint Lucia,2001,2.04
Number of maternal deaths,Lebanon,2001,20.44
Number of maternal deaths,Zimbabwe,2001,2040
Number of maternal deaths,Namibia,2001,212.9
Number of maternal deaths,Poland,2001,22.43
Number of maternal deaths,Pakistan,2001,22754
Number of maternal deaths,Uzbekistan,2001,221.1
Number of maternal deaths,Senegal,2001,2221
Number of maternal deaths,Brazil,2001,2247
Number of maternal deaths,Burundi,2001,2281
Number of maternal deaths,Malawi,2001,2288
Number of maternal deaths,Georgia,2001,23.01
Number of maternal deaths,Timor-Leste,2001,235.2
Number of maternal deaths,Turkmenistan,2001,23.88
Number of maternal deaths,Central African Republic,2001,2473
Number of maternal deaths,Solomon Islands,2001,26.28
Number of maternal deaths,Netherlands (Kingdom of the),2001,25.83
Number of maternal deaths,Ethiopia,2001,26773
Number of maternal deaths,Nicaragua,2001,267
Number of maternal deaths,Lesotho,2001,267
Number of maternal deaths,Rwanda,2001,2684
Number of maternal deaths,Costa Rica,2001,27.48
Number of maternal deaths,Paraguay,2001,278.3
Number of maternal deaths,Burkina Faso,2001,2831
Number of maternal deaths,Bahamas,2001,2.65
Number of maternal deaths,North Macedonia,2001,2.57
Number of maternal deaths,Bahrain,2001,3.15
Number of maternal deaths,Brunei Darussalam,2001,2.98
Number of maternal deaths,Estonia,2001,3.15
Number of maternal deaths,Kiribati,2001,3.12
Number of maternal deaths,Tonga,2001,2.98
Number of maternal deaths,Croatia,2001,3.05
Number of maternal deaths,Norway,2001,3.08
Number of maternal deaths,Guyana,2001,31.16
Number of maternal deaths,Philippines,2001,3123
Number of maternal deaths,Sierra Leone,2001,3134
Number of maternal deaths,Canada,2001,31.83
Number of maternal deaths,Cote d'Ivoire,2001,3228
Number of maternal deaths,Nepal,2001,3292
Number of maternal deaths,Suriname,2001,33.28
Number of maternal deaths,Ghana,2001,3304
Number of maternal deaths,Guinea,2001,3337
Number of maternal deaths,Mozambique,2001,3596
Number of maternal deaths,Ecuador,2001,377.1
Number of maternal deaths,Myanmar,2001,3815
Number of maternal deaths,Mali,2001,3895
Number of maternal deaths,Marshall Islands,2001,4.46
Number of maternal deaths,Finland,2001,3.89
Number of maternal deaths,Greece,2001,3.51
Number of maternal deaths,Ireland,2001,4.21
Number of maternal deaths,Slovakia,2001,4.12
Number of maternal deaths,Maldives,2001,4.43
Number of maternal deaths,United Arab Emirates,2001,3.99
Number of maternal deaths,Bosnia and Herzegovina,2001,4.49
Number of maternal deaths,Cameroon,2001,4186
Number of maternal deaths,Bhutan,2001,41.63
Number of maternal deaths,Türkiye,2001,424.3
Number of maternal deaths,Madagascar,2001,4277
Number of maternal deaths,Argentina,2001,429.4
Number of maternal deaths,Jamaica,2001,42.51
Number of maternal deaths,Iran (Islamic Republic of),2001,432.6
Number of maternal deaths,Thailand,2001,437.6
Number of maternal deaths,Panama,2001,43.88
Number of maternal deaths,Germany,2001,46.38
Number of maternal deaths,Gambia,2001,480.8
Number of maternal deaths,South Sudan,2001,4876
Number of maternal deaths,Angola,2001,4924
Number of maternal deaths,United States of America,2001,497.6
Number of maternal deaths,Samoa,2001,5.31
Number of maternal deaths,Sweden,2001,4.78
Number of maternal deaths,Austria,2001,4.63
Number of maternal deaths,Kuwait,2001,5
Number of maternal deaths,Lithuania,2001,4.94
Number of maternal deaths,Democratic People's Republic of Korea,2001,521.6
Number of maternal deaths,Uganda,2001,5221
Number of maternal deaths,Somalia,2001,5230
Number of maternal deaths,Azerbaijan,2001,53.08
Number of maternal deaths,Niger,2001,5330
Number of maternal deaths,Italy,2001,54.08
Number of maternal deaths,Chad,2001,5433
Number of maternal deaths,Eritrea,2001,547.1
Number of maternal deaths,Kenya,2001,5507
Number of maternal deaths,Congo,2001,593.4
Number of maternal deaths,Venezuela (Bolivarian Republic of),2001,593.9
Number of maternal deaths,Czechia,2001,5.63
Number of maternal deaths,Denmark,2001,5.72
Number of maternal deaths,Belize,2001,5.57
Number of maternal deaths,New Zealand,2001,5.76
Number of maternal deaths,Latvia,2001,6.42
Number of maternal deaths,Switzerland,2001,6.08
Number of maternal deaths,Mauritania,2001,627.2
Number of maternal deaths,Russian Federation,2001,634.1
Number of maternal deaths,Papua New Guinea,2001,636.8
Number of maternal deaths,Cuba,2001,64.01
Number of maternal deaths,Nigeria,2001,64462
Number of maternal deaths,Guinea-Bissau,2001,644.2
Number of maternal deaths,Mongolia,2001,65.15
Number of maternal deaths,Botswana,2001,65.91
Number of maternal deaths,Guatemala,2001,662.9
Number of maternal deaths,Peru,2001,679.2
Number of maternal deaths,Algeria,2001,689.4
Number of maternal deaths,Gabon,2001,69.43
Number of maternal deaths,Micronesia (Federated States of),2001,6.92
Number of maternal deaths,Singapore,2001,7.45
Number of maternal deaths,El Salvador,2001,69.8
Number of maternal deaths,Bolivia (Plurinational State of),2001,702.8
Number of maternal deaths,Sudan,2001,7138
Number of maternal deaths,United Republic of Tanzania,2001,7177
Number of maternal deaths,France,2001,72.32
Number of maternal deaths,"occupied Palestinian territory, including east Jerusalem",2001,74.25
Number of maternal deaths,Republic of Korea,2001,75.89
Number of maternal deaths,Chile,2001,78.82
Number of maternal deaths,Vanuatu,2001,8.13
Number of maternal deaths,Albania,2001,7.54
Number of maternal deaths,Mauritius,2001,8.14
Number of maternal deaths,Colombia,2001,809.1
Number of maternal deaths,Kyrgyzstan,2001,80.6
Number of maternal deaths,Saudi Arabia,2001,81.81
Number of maternal deaths,Libya,2001,84.23
Number of maternal deaths,Comoros,2001,84.54
Number of maternal deaths,United Kingdom of Great Britain and Northern Ireland,2001,84.63
Number of maternal deaths,China,2001,8689
Number of maternal deaths,Tunisia,2001,87.5
Number of maternal deaths,Belgium,2001,8.77
Number of maternal deaths,Fiji,2001,9.46
Number of maternal deaths,Romania,2001,89.83
Number of maternal deaths,Liberia,2001,924.3
Number of maternal deaths,Jordan,2001,93.41
Number of maternal deaths,Togo,2001,956.2
Number of maternal deaths,Japan,2001,97.51
Number of maternal deaths,Andorra,2000,0.11
Number of maternal deaths,Cook Islands,2000,0.001
Number of maternal deaths,Iceland,2000,0.28
Number of maternal deaths,Monaco,2000,0.04
Number of maternal deaths,San Marino,2000,0.045
Number of maternal deaths,Palau,2000,0.33
Number of maternal deaths,Antigua and Barbuda,2000,0.55
Number of maternal deaths,Malta,2000,0.57
Number of maternal deaths,Nauru,2000,0.8
Number of maternal deaths,Seychelles,2000,0.66
Number of maternal deaths,Tuvalu,2000,0.6
Number of maternal deaths,Dominica,2000,0.75
Number of maternal deaths,Grenada,2000,0.86
Number of maternal deaths,Luxembourg,2000,0.98
Number of maternal deaths,Cyprus,2000,1.4
Number of maternal deaths,Montenegro,2000,1.04
Number of maternal deaths,Qatar,2000,1.28
Number of maternal deaths,Saint Kitts and Nevis,2000,1.15
Number of maternal deaths,Saint Vincent and the Grenadines,2000,1.47
Number of maternal deaths,Slovenia,2000,1.3
Number of maternal deaths,Sao Tome and Principe,2000,10.31
Number of maternal deaths,Fiji,2000,9.62
Number of maternal deaths,Oman,2000,10.09
Number of maternal deaths,Romania,2000,103.2
Number of maternal deaths,India,2000,105471
Number of maternal deaths,Egypt,2000,1057
Number of maternal deaths,Tajikistan,2000,105.8
Number of maternal deaths,Japan,2000,105.5
Number of maternal deaths,Lao People's Democratic Republic,2000,1088
Number of maternal deaths,Israel,2000,11.39
Number of maternal deaths,Portugal,2000,11.18
Number of maternal deaths,Serbia,2000,11.14
Number of maternal deaths,Viet Nam,2000,1147
Number of maternal deaths,Equatorial Guinea,2000,116.4
Number of maternal deaths,Haiti,2000,1174
Number of maternal deaths,Uruguay,2000,12.23
Number of maternal deaths,Eswatini,2000,122.4
Number of maternal deaths,Ukraine,2000,122.8
Number of maternal deaths,Djibouti,2000,125.3
Number of maternal deaths,Iraq,2000,1284
Number of maternal deaths,Puerto Rico,2000,12.97
Number of maternal deaths,Hungary,2000,13.48
Number of maternal deaths,Democratic Republic of the Congo,2000,13393
Number of maternal deaths,Mexico,2000,1346
Number of maternal deaths,Sri Lanka,2000,137.6
Number of maternal deaths,Bulgaria,2000,13.64
Number of maternal deaths,Armenia,2000,14.45
Number of maternal deaths,Cabo Verde,2000,13.92
Number of maternal deaths,Afghanistan,2000,14217
Number of maternal deaths,Indonesia,2000,14586
Number of maternal deaths,Kazakhstan,2000,142.1
Number of maternal deaths,Trinidad and Tobago,2000,14.82
Number of maternal deaths,Zambia,2000,1549
Number of maternal deaths,Syrian Arab Republic,2000,159.3
Number of maternal deaths,Benin,2000,1609
Number of maternal deaths,Dominican Republic,2000,165.9
Number of maternal deaths,Cambodia,2000,1689
Number of maternal deaths,Australia,2000,16.51
Number of maternal deaths,Zimbabwe,2000,1738
Number of maternal deaths,Morocco,2000,1750
Number of maternal deaths,South Africa,2000,1777
Number of maternal deaths,Belarus,2000,18.32
Number of maternal deaths,Honduras,2000,183.6
Number of maternal deaths,Spain,2000,18.75
Number of maternal deaths,Republic of Moldova,2000,18.97
Number of maternal deaths,Malaysia,2000,193.5
Number of maternal deaths,Yemen,2000,1931
Number of maternal deaths,Barbados,2000,1.81
Number of maternal deaths,Saint Lucia,2000,2.47
Number of maternal deaths,Bangladesh,2000,20807
Number of maternal deaths,Lebanon,2000,21.79
Number of maternal deaths,Namibia,2000,220.5
Number of maternal deaths,Senegal,2000,2276
Number of maternal deaths,Uzbekistan,2000,228.3
Number of maternal deaths,Timor-Leste,2000,229.2
Number of maternal deaths,Georgia,2000,22.95
Number of maternal deaths,Pakistan,2000,23725
Number of maternal deaths,Lesotho,2000,233.6
Number of maternal deaths,Brazil,2000,2375
Number of maternal deaths,Burundi,2000,2378
Number of maternal deaths,Central African Republic,2000,2402
Number of maternal deaths,Malawi,2000,2554
Number of maternal deaths,Solomon Islands,2000,25.96
Number of maternal deaths,Poland,2000,26.35
Number of maternal deaths,Ethiopia,2000,26752
Number of maternal deaths,Turkmenistan,2000,27.13
Number of maternal deaths,Netherlands (Kingdom of the),2000,27.77
Number of maternal deaths,Costa Rica,2000,28.31
Number of maternal deaths,Burkina Faso,2000,2829
Number of maternal deaths,Paraguay,2000,283.5
Number of maternal deaths,Philippines,2000,2956
Number of maternal deaths,Cote d'Ivoire,2000,2960
Number of maternal deaths,Nicaragua,2000,298.8
Number of maternal deaths,Bahamas,2000,2.86
Number of maternal deaths,Brunei Darussalam,2000,3.1
Number of maternal deaths,Kiribati,2000,3.31
Number of maternal deaths,Tonga,2000,3.01
Number of maternal deaths,Bahrain,2000,3.45
Number of maternal deaths,Croatia,2000,3.1
Number of maternal deaths,North Macedonia,2000,3.31
Number of maternal deaths,Norway,2000,3.21
Number of maternal deaths,Canada,2000,29.63
Number of maternal deaths,Rwanda,2000,3062
Number of maternal deaths,Sierra Leone,2000,3194
Number of maternal deaths,Ghana,2000,3331
Number of maternal deaths,Guinea,2000,3355
Number of maternal deaths,Suriname,2000,34.24
Number of maternal deaths,Guyana,2000,34.22
Number of maternal deaths,Nepal,2000,3645
Number of maternal deaths,Myanmar,2000,3933
Number of maternal deaths,Ecuador,2000,399.4
Number of maternal deaths,Estonia,2000,3.54
Number of maternal deaths,Finland,2000,4.07
Number of maternal deaths,Greece,2000,3.79
Number of maternal deaths,Ireland,2000,4.37
Number of maternal deaths,Mali,2000,4035
Number of maternal deaths,Cameroon,2000,4133
Number of maternal deaths,Mozambique,2000,4152
Number of maternal deaths,Argentina,2000,415.8
Number of maternal deaths,Jamaica,2000,42.98
Number of maternal deaths,Madagascar,2000,4428
Number of maternal deaths,Türkiye,2000,449
Number of maternal deaths,Panama,2000,45.35
Number of maternal deaths,Iran (Islamic Republic of),2000,456.2
Number of maternal deaths,Thailand,2000,459.4
Number of maternal deaths,United States of America,2000,478.3
Number of maternal deaths,Gambia,2000,484.1
Number of maternal deaths,Bhutan,2000,48.65
Number of maternal deaths,South Sudan,2000,4982
Number of maternal deaths,Samoa,2000,5.41
Number of maternal deaths,Bosnia and Herzegovina,2000,4.89
Number of maternal deaths,United Arab Emirates,2000,4.73
Number of maternal deaths,Marshall Islands,2000,4.85
Number of maternal deaths,Austria,2000,5.2
Number of maternal deaths,Kuwait,2000,4.92
Number of maternal deaths,Slovakia,2000,4.5
Number of maternal deaths,Sweden,2000,4.92
Number of maternal deaths,Lithuania,2000,5.44
Number of maternal deaths,Maldives,2000,5.26
Number of maternal deaths,Angola,2000,5003
Number of maternal deaths,Venezuela (Bolivarian Republic of),2000,500.7
Number of maternal deaths,Somalia,2000,5129
Number of maternal deaths,Niger,2000,5191
Number of maternal deaths,Germany,2000,51.51
Number of maternal deaths,Chad,2000,5304
Number of maternal deaths,Democratic People's Republic of Korea,2000,534.3
Number of maternal deaths,Kenya,2000,5488
Number of maternal deaths,Uganda,2000,5501
Number of maternal deaths,Italy,2000,57.43
Number of maternal deaths,Azerbaijan,2000,57.48
Number of maternal deaths,Congo,2000,580.7
Number of maternal deaths,Belize,2000,5.68
Number of maternal deaths,Czechia,2000,5.9
Number of maternal deaths,Denmark,2000,5.88
Number of maternal deaths,New Zealand,2000,6.04
Number of maternal deaths,Papua New Guinea,2000,616.2
Number of maternal deaths,Nigeria,2000,62998
Number of maternal deaths,Eritrea,2000,632.6
Number of maternal deaths,Mauritania,2000,638.2
Number of maternal deaths,Botswana,2000,63.57
Number of maternal deaths,Russian Federation,2000,646.7
Number of maternal deaths,Guatemala,2000,673.2
Number of maternal deaths,Guinea-Bissau,2000,677.3
Number of maternal deaths,Cuba,2000,68.84
Number of maternal deaths,Micronesia (Federated States of),2000,7.35
Number of maternal deaths,Latvia,2000,6.83
Number of maternal deaths,Switzerland,2000,6.78
Number of maternal deaths,"occupied Palestinian territory, including east Jerusalem",2000,71.49
Number of maternal deaths,Mongolia,2000,73.47
Number of maternal deaths,Peru,2000,731.3
Number of maternal deaths,Sudan,2000,7332
Number of maternal deaths,Bolivia (Plurinational State of),2000,737
Number of maternal deaths,France,2000,73.64
Number of maternal deaths,Algeria,2000,741.7
Number of maternal deaths,Gabon,2000,75.95
Number of maternal deaths,El Salvador,2000,76.91
Number of maternal deaths,Vanuatu,2000,8.03
Number of maternal deaths,United Republic of Tanzania,2000,8074
Number of maternal deaths,Kyrgyzstan,2000,80.52
Number of maternal deaths,Libya,2000,81.69
Number of maternal deaths,United Kingdom of Great Britain and Northern Ireland,2000,82.41
Number of maternal deaths,Colombia,2000,827.5
Number of maternal deaths,Chile,2000,83.36
Number of maternal deaths,Saudi Arabia,2000,89.11
Number of maternal deaths,Albania,2000,8.55
Number of maternal deaths,Mauritius,2000,8.73
Number of maternal deaths,Singapore,2000,8.79
Number of maternal deaths,Belgium,2000,9.29
Number of maternal deaths,Comoros,2000,90.29
Number of maternal deaths,Tunisia,2000,90.09
Number of maternal deaths,Republic of Korea,2000,92.7
Number of maternal deaths,Jordan,2000,96.04
Number of maternal deaths,Togo,2000,966.5
Number of maternal deaths,China,2000,9771
Number of maternal deaths,Liberia,2000,994.8
Number of maternal deaths,Andorra,1999,0.11
Number of maternal deaths,Cook Islands,1999,0.001
Number of maternal deaths,Iceland,1999,0.29
Number of maternal deaths,Monaco,1999,0.039
Number of maternal deaths,San Marino,1999,0.027
Number of maternal deaths,Antigua and Barbuda,1999,0.45
Number of maternal deaths,Palau,1999,0.33
Number of maternal deaths,Malta,1999,0.71
Number of maternal deaths,Nauru,1999,0.81
Number of maternal deaths,Seychelles,1999,0.59
Number of maternal deaths,Tuvalu,1999,0.63
Number of maternal deaths,Dominica,1999,0.84
Number of maternal deaths,Grenada,1999,0.89
Number of maternal deaths,Cyprus,1999,1.43
Number of maternal deaths,Luxembourg,1999,1.18
Number of maternal deaths,Montenegro,1999,1.06
Number of maternal deaths,Qatar,1999,1.22
Number of maternal deaths,Saint Kitts and Nevis,1999,1.39
Number of maternal deaths,Slovenia,1999,1.42
Number of maternal deaths,Sao Tome and Principe,1999,10.04
Number of maternal deaths,Albania,1999,9.75
Number of maternal deaths,Fiji,1999,9.5
Number of maternal deaths,Oman,1999,10.5
Number of maternal deaths,Jordan,1999,100.3
Number of maternal deaths,Togo,1999,1006
Number of maternal deaths,Republic of Korea,1999,100.7
Number of maternal deaths,Liberia,1999,1041
Number of maternal deaths,India,1999,108796
Number of maternal deaths,Portugal,1999,11.48
Number of maternal deaths,Japan,1999,110.6
Number of maternal deaths,Egypt,1999,1121
Number of maternal deaths,Viet Nam,1999,1149
Number of maternal deaths,Lao People's Democratic Republic,1999,1165
Number of maternal deaths,Romania,1999,118
Number of maternal deaths,Serbia,1999,11.88
Number of maternal deaths,Haiti,1999,1225
Number of maternal deaths,Equatorial Guinea,1999,123.3
Number of maternal deaths,Tajikistan,1999,126.1
Number of maternal deaths,Djibouti,1999,127.3
Number of maternal deaths,Puerto Rico,1999,13.1
Number of maternal deaths,Uruguay,1999,13.06
Number of maternal deaths,Democratic Republic of the Congo,1999,13294
Number of maternal deaths,Afghanistan,1999,13640
Number of maternal deaths,Ukraine,1999,133
Number of maternal deaths,Iraq,1999,1355
Number of maternal deaths,Eswatini,1999,137
Number of maternal deaths,Sri Lanka,1999,139.1
Number of maternal deaths,Mexico,1999,1392
Number of maternal deaths,Hungary,1999,14.21
Number of maternal deaths,Israel,1999,13.83
Number of maternal deaths,Bulgaria,1999,14.52
Number of maternal deaths,Armenia,1999,15.14
Number of maternal deaths,Trinidad and Tobago,1999,15.33
Number of maternal deaths,Indonesia,1999,15165
Number of maternal deaths,Kazakhstan,1999,153.5
Number of maternal deaths,Benin,1999,1596
Number of maternal deaths,Cabo Verde,1999,15.77
Number of maternal deaths,South Africa,1999,1604
Number of maternal deaths,Syrian Arab Republic,1999,166.2
Number of maternal deaths,Zimbabwe,1999,1673
Number of maternal deaths,Zambia,1999,1690
Number of maternal deaths,Spain,1999,17.92
Number of maternal deaths,Australia,1999,17.68
Number of maternal deaths,Cambodia,1999,1848
Number of maternal deaths,Honduras,1999,189.9
Number of maternal deaths,Morocco,1999,1911
Number of maternal deaths,Dominican Republic,1999,197.2
Number of maternal deaths,Yemen,1999,1977
Number of maternal deaths,Barbados,1999,1.62
Number of maternal deaths,Saint Vincent and the Grenadines,1999,1.59
Number of maternal deaths,Malaysia,1999,205.3
Number of maternal deaths,Belarus,1999,20.52
Number of maternal deaths,Bangladesh,1999,21877
Number of maternal deaths,Lesotho,1999,211.6
Number of maternal deaths,Namibia,1999,215.2
Number of maternal deaths,Republic of Moldova,1999,21.92
Number of maternal deaths,Central African Republic,1999,2227
Number of maternal deaths,Lebanon,1999,22.84
Number of maternal deaths,Georgia,1999,23.41
Number of maternal deaths,Senegal,1999,2319
Number of maternal deaths,Uzbekistan,1999,237.5
Number of maternal deaths,Pakistan,1999,24555
Number of maternal deaths,Burundi,1999,2404
Number of maternal deaths,Solomon Islands,1999,25.35
Number of maternal deaths,Brazil,1999,2658
Number of maternal deaths,Netherlands (Kingdom of the),1999,26.97
Number of maternal deaths,Ethiopia,1999,27317
Number of maternal deaths,Burkina Faso,1999,2866
Number of maternal deaths,Malawi,1999,2888
Number of maternal deaths,Paraguay,1999,288.8
Number of maternal deaths,Costa Rica,1999,28.73
Number of maternal deaths,Cote d'Ivoire,1999,2905
Number of maternal deaths,Bahamas,1999,3.11
Number of maternal deaths,Brunei Darussalam,1999,3.22
Number of maternal deaths,Saint Lucia,1999,2.98
Number of maternal deaths,Kiribati,1999,3.43
Number of maternal deaths,Tonga,1999,3.01
Number of maternal deaths,Croatia,1999,3.38
Number of maternal deaths,Estonia,1999,3.4
Number of maternal deaths,North Macedonia,1999,3.34
Number of maternal deaths,Norway,1999,3.2
Number of maternal deaths,Poland,1999,29.75
Number of maternal deaths,Canada,1999,29.84
Number of maternal deaths,Philippines,1999,3021
Number of maternal deaths,Turkmenistan,1999,31.15
Number of maternal deaths,Nicaragua,1999,321.7
Number of maternal deaths,Ghana,1999,3335
Number of maternal deaths,Guinea,1999,3361
Number of maternal deaths,Sierra Leone,1999,3447
Number of maternal deaths,Suriname,1999,34.74
Number of maternal deaths,Rwanda,1999,3683
Number of maternal deaths,Guyana,1999,36.92
Number of maternal deaths,Nepal,1999,3925
Number of maternal deaths,Mali,1999,3955
Number of maternal deaths,Bahrain,1999,3.64
Number of maternal deaths,Finland,1999,3.86
Number of maternal deaths,Greece,1999,3.94
Number of maternal deaths,Ireland,1999,4
Number of maternal deaths,Cameroon,1999,4014
Number of maternal deaths,Myanmar,1999,4063
Number of maternal deaths,Argentina,1999,412.3
Number of maternal deaths,Ecuador,1999,418.2
Number of maternal deaths,Madagascar,1999,4468
Number of maternal deaths,Jamaica,1999,44.62
Number of maternal deaths,United States of America,1999,452
Number of maternal deaths,Panama,1999,45.92
Number of maternal deaths,Thailand,1999,467.7
Number of maternal deaths,Mozambique,1999,4696
Number of maternal deaths,Iran (Islamic Republic of),1999,486.9
Number of maternal deaths,Gambia,1999,491
Number of maternal deaths,Marshall Islands,1999,4.81
Number of maternal deaths,Kuwait,1999,4.84
Number of maternal deaths,Slovakia,1999,5.08
Number of maternal deaths,Sweden,1999,5.11
Number of maternal deaths,Austria,1999,5.37
Number of maternal deaths,United Arab Emirates,1999,5.48
Number of maternal deaths,Niger,1999,5025
Number of maternal deaths,Türkiye,1999,502.9
Number of maternal deaths,Somalia,1999,5033
Number of maternal deaths,Chad,1999,5045
Number of maternal deaths,Angola,1999,5056
Number of maternal deaths,Venezuela (Bolivarian Republic of),1999,513.5
Number of maternal deaths,Kenya,1999,5369
Number of maternal deaths,Bhutan,1999,54.1
Number of maternal deaths,Germany,1999,54.19
Number of maternal deaths,Democratic People's Republic of Korea,1999,554.9
Number of maternal deaths,Uganda,1999,5705
Number of maternal deaths,Timor-Leste,1999,581.8
Number of maternal deaths,Italy,1999,59.47
Number of maternal deaths,Papua New Guinea,1999,594.4
Number of maternal deaths,South Sudan,1999,5989
Number of maternal deaths,Samoa,1999,5.58
Number of maternal deaths,Bosnia and Herzegovina,1999,5.58
Number of maternal deaths,Belize,1999,5.55
Number of maternal deaths,Czechia,1999,5.84
Number of maternal deaths,Denmark,1999,6.25
Number of maternal deaths,Lithuania,1999,6.49
Number of maternal deaths,Botswana,1999,59.68
Number of maternal deaths,Nigeria,1999,62297
Number of maternal deaths,Congo,1999,622.9
Number of maternal deaths,Eritrea,1999,624.4
Number of maternal deaths,Azerbaijan,1999,63.65
Number of maternal deaths,Mauritania,1999,647.7
Number of maternal deaths,Russian Federation,1999,665.4
Number of maternal deaths,"occupied Palestinian territory, including east Jerusalem",1999,69.39
Number of maternal deaths,Micronesia (Federated States of),1999,7.2
Number of maternal deaths,Maldives,1999,6.53
Number of maternal deaths,New Zealand,1999,6.7
Number of maternal deaths,Switzerland,1999,7.3
Number of maternal deaths,Guatemala,1999,699.8
Number of maternal deaths,Sudan,1999,7362
Number of maternal deaths,France,1999,74.6
Number of maternal deaths,Bolivia (Plurinational State of),1999,754
Number of maternal deaths,Guinea-Bissau,1999,755.7
Number of maternal deaths,Cuba,1999,76.08
Number of maternal deaths,United Kingdom of Great Britain and Northern Ireland,1999,77.09
Number of maternal deaths,Libya,1999,78.25
Number of maternal deaths,Algeria,1999,781.9
Number of maternal deaths,Peru,1999,791.3
Number of maternal deaths,Latvia,1999,7.59
Number of maternal deaths,Singapore,1999,8.09
Number of maternal deaths,Mongolia,1999,82.97
Number of maternal deaths,Colombia,1999,844.4
Number of maternal deaths,Kyrgyzstan,1999,86.46
Number of maternal deaths,Chile,1999,88.2
Number of maternal deaths,United Republic of Tanzania,1999,8836
Number of maternal deaths,El Salvador,1999,88.86
Number of maternal deaths,Vanuatu,1999,8.61
Number of maternal deaths,Mauritius,1999,9.49
Number of maternal deaths,Belgium,1999,8.97
Number of maternal deaths,Gabon,1999,90.01
Number of maternal deaths,Comoros,1999,91.33
Number of maternal deaths,Saudi Arabia,1999,91.66
Number of maternal deaths,Tunisia,1999,93.5
Number of maternal deaths,China,1999,9712
Number of maternal deaths,Andorra,1998,0.11
Number of maternal deaths,Cook Islands,1998,0.002
Number of maternal deaths,Iceland,1998,0.32
Number of maternal deaths,Monaco,1998,0.038
Number of maternal deaths,San Marino,1998,0.027
Number of maternal deaths,Antigua and Barbuda,1998,0.46
Number of maternal deaths,Palau,1998,0.35
Number of maternal deaths,Malta,1998,0.67
Number of maternal deaths,Nauru,1998,0.75
Number of maternal deaths,Seychelles,1998,0.57
Number of maternal deaths,Tuvalu,1998,0.66
Number of maternal deaths,Dominica,1998,0.8
Number of maternal deaths,Grenada,1998,0.97
Number of maternal deaths,Luxembourg,1998,0.95
Number of maternal deaths,Montenegro,1998,1.07
Number of maternal deaths,Qatar,1998,1.25
Number of maternal deaths,Sao Tome and Principe,1998,9.68
Number of maternal deaths,Fiji,1998,10.07
Number of maternal deaths,United Republic of Tanzania,1998,10090
Number of maternal deaths,China,1998,10336
Number of maternal deaths,Tunisia,1998,101
Number of maternal deaths,Gabon,1998,105.4
Number of maternal deaths,Jordan,1998,104.8
Number of maternal deaths,Togo,1998,1056
Number of maternal deaths,El Salvador,1998,105.9
Number of maternal deaths,Oman,1998,11.04
Number of maternal deaths,Albania,1998,11.17
Number of maternal deaths,Republic of Korea,1998,111.4
Number of maternal deaths,Liberia,1998,1110
Number of maternal deaths,India,1998,112764
Number of maternal deaths,Japan,1998,118.1
Number of maternal deaths,Egypt,1998,1184
Number of maternal deaths,Lao People's Democratic Republic,1998,1191
Number of maternal deaths,Portugal,1998,12.08
Number of maternal deaths,Democratic Republic of the Congo,1998,12865
Number of maternal deaths,Viet Nam,1998,1274
Number of maternal deaths,Equatorial Guinea,1998,129.1
Number of maternal deaths,Bulgaria,1998,13.18
Number of maternal deaths,Djibouti,1998,129.9
Number of maternal deaths,Haiti,1998,1349
Number of maternal deaths,Romania,1998,136.2
Number of maternal deaths,Iraq,1998,1379
Number of maternal deaths,Puerto Rico,1998,13.74
Number of maternal deaths,Serbia,1998,13.54
Number of maternal deaths,Uruguay,1998,13.56
Number of maternal deaths,Afghanistan,1998,14430
Number of maternal deaths,Sri Lanka,1998,142.4
Number of maternal deaths,Mexico,1998,1450
Number of maternal deaths,Tajikistan,1998,146.8
Number of maternal deaths,Zimbabwe,1998,1472
Number of maternal deaths,Hungary,1998,14.94
Number of maternal deaths,Indonesia,1998,15291
Number of maternal deaths,Ukraine,1998,154.8
Number of maternal deaths,Eswatini,1998,155.6
Number of maternal deaths,Benin,1998,1596
Number of maternal deaths,Trinidad and Tobago,1998,15.72
Number of maternal deaths,South Africa,1998,1631
Number of maternal deaths,Spain,1998,17.27
Number of maternal deaths,Israel,1998,16.85
Number of maternal deaths,Syrian Arab Republic,1998,170.6
Number of maternal deaths,Zambia,1998,1716
Number of maternal deaths,Kazakhstan,1998,173.6
Number of maternal deaths,Cabo Verde,1998,17.76
Number of maternal deaths,Armenia,1998,18.19
Number of maternal deaths,Australia,1998,18.54
Number of maternal deaths,Lesotho,1998,194.1
Number of maternal deaths,Honduras,1998,199.3
Number of maternal deaths,Barbados,1998,1.56
Number of maternal deaths,Saint Kitts and Nevis,1998,1.65
Number of maternal deaths,Saint Vincent and the Grenadines,1998,1.72
Number of maternal deaths,Slovenia,1998,1.54
Number of maternal deaths,Cyprus,1998,1.58
Number of maternal deaths,Yemen,1998,2006
Number of maternal deaths,Cambodia,1998,2040
Number of maternal deaths,Central African Republic,1998,2079
Number of maternal deaths,Malaysia,1998,208.7
Number of maternal deaths,South Sudan,1998,21623
Number of maternal deaths,Morocco,1998,2117
Number of maternal deaths,Senegal,1998,2258
Number of maternal deaths,Namibia,1998,225.8
Number of maternal deaths,Belarus,1998,23.02
Number of maternal deaths,Bangladesh,1998,23052
Number of maternal deaths,Dominican Republic,1998,229.9
Number of maternal deaths,Lebanon,1998,23.55
Number of maternal deaths,Pakistan,1998,24950
Number of maternal deaths,Uzbekistan,1998,246.3
Number of maternal deaths,Burundi,1998,2482
Number of maternal deaths,Solomon Islands,1998,25.12
Number of maternal deaths,Netherlands (Kingdom of the),1998,24.93
Number of maternal deaths,Georgia,1998,25.85
Number of maternal deaths,Republic of Moldova,1998,25.89
Number of maternal deaths,Ethiopia,1998,27114
Number of maternal deaths,Cote d'Ivoire,1998,2795
Number of maternal deaths,Canada,1998,29.41
Number of maternal deaths,Burkina Faso,1998,2906
Number of maternal deaths,Paraguay,1998,291.3
Number of maternal deaths,Saint Lucia,1998,2.87
Number of maternal deaths,Brunei Darussalam,1998,3.32
Number of maternal deaths,Tonga,1998,3.14
Number of maternal deaths,Bahamas,1998,3.42
Number of maternal deaths,Norway,1998,3.15
Number of maternal deaths,Costa Rica,1998,29.59
Number of maternal deaths,Brazil,1998,3011
Number of maternal deaths,Philippines,1998,3088
Number of maternal deaths,Malawi,1998,3255
Number of maternal deaths,Guinea,1998,3359
Number of maternal deaths,Nicaragua,1998,341.5
Number of maternal deaths,Ghana,1998,3455
Number of maternal deaths,Sierra Leone,1998,3486
Number of maternal deaths,Suriname,1998,35.41
Number of maternal deaths,Poland,1998,34.51
Number of maternal deaths,Turkmenistan,1998,37.52
Number of maternal deaths,Cameroon,1998,3860
Number of maternal deaths,Guyana,1998,39.44
Number of maternal deaths,Mali,1998,3958
Number of maternal deaths,Kiribati,1998,3.61
Number of maternal deaths,Bahrain,1998,3.63
Number of maternal deaths,Croatia,1998,3.81
Number of maternal deaths,Estonia,1998,3.85
Number of maternal deaths,Finland,1998,3.82
Number of maternal deaths,Greece,1998,4.11
Number of maternal deaths,Ireland,1998,4.15
Number of maternal deaths,North Macedonia,1998,4.05
Number of maternal deaths,Nepal,1998,4042
Number of maternal deaths,Argentina,1998,406.2
Number of maternal deaths,Myanmar,1998,4193
Number of maternal deaths,Ecuador,1998,428.5
Number of maternal deaths,United States of America,1998,428.9
Number of maternal deaths,Rwanda,1998,4319
Number of maternal deaths,Timor-Leste,1998,443.9
Number of maternal deaths,Madagascar,1998,4526
Number of maternal deaths,Jamaica,1998,45.61
Number of maternal deaths,Panama,1998,47.23
Number of maternal deaths,Thailand,1998,472.6
Number of maternal deaths,Venezuela (Bolivarian Republic of),1998,479
Number of maternal deaths,Somalia,1998,4864
Number of maternal deaths,Niger,1998,4866
Number of maternal deaths,Chad,1998,4881
Number of maternal deaths,Marshall Islands,1998,4.95
Number of maternal deaths,Kuwait,1998,4.8
Number of maternal deaths,Sweden,1998,5.12
Number of maternal deaths,Austria,1998,5.41
Number of maternal deaths,Belize,1998,5.48
Number of maternal deaths,Türkiye,1998,503.6
Number of maternal deaths,Gambia,1998,507.8
Number of maternal deaths,Mozambique,1998,5142
Number of maternal deaths,Angola,1998,5176
Number of maternal deaths,Iran (Islamic Republic of),1998,518.5
Number of maternal deaths,Kenya,1998,5443
Number of maternal deaths,Botswana,1998,56
Number of maternal deaths,Democratic People's Republic of Korea,1998,567.4
Number of maternal deaths,Uganda,1998,5754
Number of maternal deaths,Papua New Guinea,1998,584
Number of maternal deaths,Germany,1998,59.31
Number of maternal deaths,Samoa,1998,5.74
Number of maternal deaths,Slovakia,1998,5.53
Number of maternal deaths,United Arab Emirates,1998,5.96
Number of maternal deaths,Denmark,1998,6.14
Number of maternal deaths,Czechia,1998,6.28
Number of maternal deaths,Bhutan,1998,60.93
Number of maternal deaths,Nigeria,1998,61586
Number of maternal deaths,Italy,1998,64.87
Number of maternal deaths,Congo,1998,661.5
Number of maternal deaths,Mauritania,1998,666.7
Number of maternal deaths,Russian Federation,1998,688.1
Number of maternal deaths,"occupied Palestinian territory, including east Jerusalem",1998,69.5
Number of maternal deaths,United Kingdom of Great Britain and Northern Ireland,1998,69.15
Number of maternal deaths,Micronesia (Federated States of),1998,7.27
Number of maternal deaths,Bosnia and Herzegovina,1998,6.96
Number of maternal deaths,New Zealand,1998,6.55
Number of maternal deaths,Latvia,1998,7.29
Number of maternal deaths,Lithuania,1998,7.25
Number of maternal deaths,Switzerland,1998,7.49
Number of maternal deaths,Azerbaijan,1998,71.59
Number of maternal deaths,Sudan,1998,7283
Number of maternal deaths,Libya,1998,73.92
Number of maternal deaths,Guatemala,1998,741.9
Number of maternal deaths,Guinea-Bissau,1998,751.6
Number of maternal deaths,Eritrea,1998,752.4
Number of maternal deaths,Bolivia (Plurinational State of),1998,767.1
Number of maternal deaths,France,1998,78.4
Number of maternal deaths,Vanuatu,1998,7.84
Number of maternal deaths,Singapore,1998,8.21
Number of maternal deaths,Cuba,1998,80.84
Number of maternal deaths,Colombia,1998,821.7
Number of maternal deaths,Algeria,1998,839.9
Number of maternal deaths,Peru,1998,890.1
Number of maternal deaths,Maldives,1998,8.55
Number of maternal deaths,Mauritius,1998,9.25
Number of maternal deaths,Belgium,1998,9.46
Number of maternal deaths,Mongolia,1998,89.83
Number of maternal deaths,Kyrgyzstan,1998,91.19
Number of maternal deaths,Chile,1998,95.36
Number of maternal deaths,Saudi Arabia,1998,95.67
Number of maternal deaths,Comoros,1998,96.97
Number of maternal deaths,Andorra,1997,0.1
Number of maternal deaths,Cook Islands,1997,0.003
Number of maternal deaths,Iceland,1997,0.31
Number of maternal deaths,Monaco,1997,0.037
Number of maternal deaths,San Marino,1997,0.027
Number of maternal deaths,Palau,1997,0.4
Number of maternal deaths,Antigua and Barbuda,1997,0.52
Number of maternal deaths,Nauru,1997,0.64
Number of maternal deaths,Seychelles,1997,0.54
Number of maternal deaths,Tuvalu,1997,0.68
Number of maternal deaths,Dominica,1997,0.89
Number of maternal deaths,Malta,1997,0.77
Number of maternal deaths,Grenada,1997,1.11
Number of maternal deaths,Luxembourg,1997,1.21
Number of maternal deaths,Montenegro,1997,1.09
Number of maternal deaths,Qatar,1997,1.25
Number of maternal deaths,Maldives,1997,9.96
Number of maternal deaths,Belgium,1997,9.7
Number of maternal deaths,Mauritius,1997,10.07
Number of maternal deaths,United Republic of Tanzania,1997,10323
Number of maternal deaths,Chile,1997,103.2
Number of maternal deaths,Liberia,1997,1050
Number of maternal deaths,Togo,1997,1085
Number of maternal deaths,Fiji,1997,10.76
Number of maternal deaths,China,1997,11149
Number of maternal deaths,South Sudan,1997,11869
Number of maternal deaths,Jordan,1997,110.6
Number of maternal deaths,Tunisia,1997,112.6
Number of maternal deaths,Gabon,1997,116.1
Number of maternal deaths,El Salvador,1997,115.9
Number of maternal deaths,India,1997,116553
Number of maternal deaths,Oman,1997,11.68
Number of maternal deaths,Japan,1997,120.2
Number of maternal deaths,Lao People's Democratic Republic,1997,1231
Number of maternal deaths,Egypt,1997,1239
Number of maternal deaths,Republic of Korea,1997,124.9
Number of maternal deaths,Serbia,1997,12.79
Number of maternal deaths,Portugal,1997,13.37
Number of maternal deaths,Democratic Republic of the Congo,1997,13061
Number of maternal deaths,Afghanistan,1997,13229
Number of maternal deaths,Djibouti,1997,131.7
Number of maternal deaths,Equatorial Guinea,1997,133.8
Number of maternal deaths,Zimbabwe,1997,1354
Number of maternal deaths,Iraq,1997,1366
Number of maternal deaths,Albania,1997,13.89
Number of maternal deaths,Haiti,1997,1453
Number of maternal deaths,Bulgaria,1997,14.9
Number of maternal deaths,Puerto Rico,1997,14.82
Number of maternal deaths,Uruguay,1997,14.8
Number of maternal deaths,Indonesia,1997,15734
Number of maternal deaths,Mexico,1997,1509
Number of maternal deaths,Viet Nam,1997,1517
Number of maternal deaths,Sri Lanka,1997,151.7
Number of maternal deaths,Tajikistan,1997,153.9
Number of maternal deaths,Romania,1997,155.8
Number of maternal deaths,Benin,1997,1587
Number of maternal deaths,Hungary,1997,16.14
Number of maternal deaths,South Africa,1997,1664
Number of maternal deaths,Trinidad and Tobago,1997,16.6
Number of maternal deaths,Syrian Arab Republic,1997,169.8
Number of maternal deaths,Zambia,1997,1724
Number of maternal deaths,Eswatini,1997,179.3
Number of maternal deaths,Spain,1997,18.34
Number of maternal deaths,Ukraine,1997,182.4
Number of maternal deaths,Kazakhstan,1997,187.1
Number of maternal deaths,Lesotho,1997,187.6
Number of maternal deaths,Central African Republic,1997,1930
Number of maternal deaths,Barbados,1997,1.79
Number of maternal deaths,Saint Kitts and Nevis,1997,1.65
Number of maternal deaths,Saint Vincent and the Grenadines,1997,1.84
Number of maternal deaths,Slovenia,1997,1.7
Number of maternal deaths,Cyprus,1997,1.63
Number of maternal deaths,Cabo Verde,1997,19.83
Number of maternal deaths,Armenia,1997,20.42
Number of maternal deaths,Australia,1997,20.03
Number of maternal deaths,Yemen,1997,2062
Number of maternal deaths,Honduras,1997,206.9
Number of maternal deaths,Israel,1997,20.5
Number of maternal deaths,Namibia,1997,212.2
Number of maternal deaths,Cambodia,1997,2127
Number of maternal deaths,Senegal,1997,2183
Number of maternal deaths,Malaysia,1997,219.1
Number of maternal deaths,Morocco,1997,2281
Number of maternal deaths,Belarus,1997,23.25
Number of maternal deaths,Lebanon,1997,24.17
Number of maternal deaths,Bangladesh,1997,24174
Number of maternal deaths,Solomon Islands,1997,24.59
Number of maternal deaths,Netherlands (Kingdom of the),1997,24.77
Number of maternal deaths,Pakistan,1997,25826
Number of maternal deaths,Cote d'Ivoire,1997,2576
Number of maternal deaths,Uzbekistan,1997,258.9
Number of maternal deaths,Dominican Republic,1997,261.7
Number of maternal deaths,Georgia,1997,27.94
Number of maternal deaths,Ethiopia,1997,28121
Number of maternal deaths,Burundi,1997,2821
Number of maternal deaths,Canada,1997,29.49
Number of maternal deaths,Paraguay,1997,290.6
Number of maternal deaths,Saint Lucia,1997,3.22
Number of maternal deaths,Brunei Darussalam,1997,3.43
Number of maternal deaths,Tonga,1997,3.33
Number of maternal deaths,Norway,1997,3.26
Number of maternal deaths,Costa Rica,1997,30.05
Number of maternal deaths,Burkina Faso,1997,3059
Number of maternal deaths,Republic of Moldova,1997,30.67
Number of maternal deaths,Philippines,1997,3133
Number of maternal deaths,Malawi,1997,3266
Number of maternal deaths,Brazil,1997,3326
Number of maternal deaths,Sierra Leone,1997,3388
Number of maternal deaths,Nicaragua,1997,341.4
Number of maternal deaths,Guinea,1997,3462
Number of maternal deaths,Ghana,1997,3590
Number of maternal deaths,Suriname,1997,36.07
Number of maternal deaths,Cameroon,1997,3676
Number of maternal deaths,Bahamas,1997,3.62
Number of maternal deaths,Bahrain,1997,3.69
Number of maternal deaths,Estonia,1997,3.96
Number of maternal deaths,Finland,1997,4.22
Number of maternal deaths,Greece,1997,4.27
Number of maternal deaths,Kiribati,1997,3.8
Number of maternal deaths,North Macedonia,1997,4.04
Number of maternal deaths,Ireland,1997,4.42
Number of maternal deaths,Poland,1997,40.34
Number of maternal deaths,Mali,1997,4026
Number of maternal deaths,Rwanda,1997,4142
Number of maternal deaths,United States of America,1997,422.2
Number of maternal deaths,Argentina,1997,427.7
Number of maternal deaths,Guyana,1997,42.79
Number of maternal deaths,Nepal,1997,4309
Number of maternal deaths,Timor-Leste,1997,438.5
Number of maternal deaths,Ecuador,1997,439.2
Number of maternal deaths,Myanmar,1997,4415
Number of maternal deaths,Madagascar,1997,4498
Number of maternal deaths,Turkmenistan,1997,44.63
Number of maternal deaths,Jamaica,1997,46.5
Number of maternal deaths,Chad,1997,4608
Number of maternal deaths,Niger,1997,4718
Number of maternal deaths,Venezuela (Bolivarian Republic of),1997,476.6
Number of maternal deaths,Somalia,1997,4800
Number of maternal deaths,Thailand,1997,487.8
Number of maternal deaths,Panama,1997,48.59
Number of maternal deaths,Marshall Islands,1997,5.19
Number of maternal deaths,Belize,1997,5.11
Number of maternal deaths,Croatia,1997,4.76
Number of maternal deaths,Kuwait,1997,4.78
Number of maternal deaths,Sweden,1997,5.28
Number of maternal deaths,Angola,1997,5001
Number of maternal deaths,Türkiye,1997,516.4
Number of maternal deaths,Gambia,1997,536.7
Number of maternal deaths,Mozambique,1997,5396
Number of maternal deaths,Botswana,1997,54.02
Number of maternal deaths,Papua New Guinea,1997,549.8
Number of maternal deaths,Kenya,1997,5543
Number of maternal deaths,Uganda,1997,5656
Number of maternal deaths,Democratic People's Republic of Korea,1997,575.9
Number of maternal deaths,Iran (Islamic Republic of),1997,584.9
Number of maternal deaths,Samoa,1997,5.93
Number of maternal deaths,Austria,1997,6.02
Number of maternal deaths,Slovakia,1997,6.08
Number of maternal deaths,Nigeria,1997,60136
Number of maternal deaths,United Kingdom of Great Britain and Northern Ireland,1997,62.56
Number of maternal deaths,Germany,1997,64.3
Number of maternal deaths,Italy,1997,68.05
Number of maternal deaths,Libya,1997,69.49
Number of maternal deaths,"occupied Palestinian territory, including east Jerusalem",1997,68.67
Number of maternal deaths,Bhutan,1997,68.84
Number of maternal deaths,United Arab Emirates,1997,6.56
Number of maternal deaths,Micronesia (Federated States of),1997,7.18
Number of maternal deaths,Denmark,1997,7.06
Number of maternal deaths,New Zealand,1997,7.28
Number of maternal deaths,Czechia,1997,7.43
Number of maternal deaths,Mauritania,1997,714.3
Number of maternal deaths,Congo,1997,720.6
Number of maternal deaths,Eritrea,1997,724.7
Number of maternal deaths,Sudan,1997,7321
Number of maternal deaths,Russian Federation,1997,761.1
Number of maternal deaths,Bolivia (Plurinational State of),1997,785.7
Number of maternal deaths,Guatemala,1997,786.4
Number of maternal deaths,Vanuatu,1997,7.63
Number of maternal deaths,Bosnia and Herzegovina,1997,7.87
Number of maternal deaths,Lithuania,1997,7.83
Number of maternal deaths,Latvia,1997,7.61
Number of maternal deaths,Switzerland,1997,8.27
Number of maternal deaths,Colombia,1997,803.3
Number of maternal deaths,Guinea-Bissau,1997,834.9
Number of maternal deaths,Azerbaijan,1997,83.74
Number of maternal deaths,France,1997,84.17
Number of maternal deaths,Cuba,1997,86.08
Number of maternal deaths,Singapore,1997,8.86
Number of maternal deaths,Sao Tome and Principe,1997,9.42
Number of maternal deaths,Mongolia,1997,95.41
Number of maternal deaths,Algeria,1997,953.4
Number of maternal deaths,Comoros,1997,98.36
Number of maternal deaths,Saudi Arabia,1997,98.3
Number of maternal deaths,Kyrgyzstan,1997,98.24
Number of maternal deaths,Peru,1997,982.5
Number of maternal deaths,Andorra,1996,0.12
Number of maternal deaths,Cook Islands,1996,0.003
Number of maternal deaths,Iceland,1996,0.32
Number of maternal deaths,Monaco,1996,0.036
Number of maternal deaths,San Marino,1996,0.027
Number of maternal deaths,Palau,1996,0.42
Number of maternal deaths,Antigua and Barbuda,1996,0.53
Number of maternal deaths,Nauru,1996,0.65
Number of maternal deaths,Seychelles,1996,0.61
Number of maternal deaths,Tuvalu,1996,0.77
Number of maternal deaths,Dominica,1996,1.01
Number of maternal deaths,Malta,1996,0.82
Number of maternal deaths,Grenada,1996,1.18
Number of maternal deaths,Luxembourg,1996,1.3
Number of maternal deaths,Montenegro,1996,1.1
Number of maternal deaths,Qatar,1996,1.3
Number of maternal deaths,Lithuania,1996,9.92
Number of maternal deaths,Belgium,1996,10.22
Number of maternal deaths,United Republic of Tanzania,1996,10152
Number of maternal deaths,Saudi Arabia,1996,101.3
Number of maternal deaths,Comoros,1996,103.7
Number of maternal deaths,Peru,1996,1083
Number of maternal deaths,Mauritius,1996,10.93
Number of maternal deaths,Fiji,1996,11.33
Number of maternal deaths,Togo,1996,1107
Number of maternal deaths,Kyrgyzstan,1996,111
Number of maternal deaths,Algeria,1996,1124
Number of maternal deaths,Chile,1996,112.5
Number of maternal deaths,Jordan,1996,114.9
Number of maternal deaths,Oman,1996,12.39
Number of maternal deaths,Maldives,1996,12.05
Number of maternal deaths,China,1996,12218
Number of maternal deaths,South Sudan,1996,12286
Number of maternal deaths,Afghanistan,1996,12955
Number of maternal deaths,India,1996,120872
Number of maternal deaths,Tunisia,1996,125.3
Number of maternal deaths,Japan,1996,126.4
Number of maternal deaths,Gabon,1996,126.4
Number of maternal deaths,Zimbabwe,1996,1273
Number of maternal deaths,Iraq,1996,1273
Number of maternal deaths,Lao People's Democratic Republic,1996,1282
Number of maternal deaths,Serbia,1996,12.98
Number of maternal deaths,Portugal,1996,13.22
Number of maternal deaths,Egypt,1996,1312
Number of maternal deaths,Republic of Korea,1996,137.4
Number of maternal deaths,Djibouti,1996,137.3
Number of maternal deaths,El Salvador,1996,137.7
Number of maternal deaths,Albania,1996,14.32
Number of maternal deaths,Democratic Republic of the Congo,1996,14082
Number of maternal deaths,Equatorial Guinea,1996,139.8
Number of maternal deaths,Liberia,1996,1443
Number of maternal deaths,Puerto Rico,1996,15.39
Number of maternal deaths,Uruguay,1996,15.29
Number of maternal deaths,Haiti,1996,1548
Number of maternal deaths,Mexico,1996,1568
Number of maternal deaths,Tajikistan,1996,158.1
Number of maternal deaths,Bulgaria,1996,15.96
Number of maternal deaths,Indonesia,1996,16065
Number of maternal deaths,Sri Lanka,1996,160.6
Number of maternal deaths,Benin,1996,1611
Number of maternal deaths,Syrian Arab Republic,1996,167.7
Number of maternal deaths,Romania,1996,167.9
Number of maternal deaths,South Africa,1996,1685
Number of maternal deaths,Viet Nam,1996,1708
Number of maternal deaths,Central African Republic,1996,1787
Number of maternal deaths,Hungary,1996,17.88
Number of maternal deaths,Trinidad and Tobago,1996,17.63
Number of maternal deaths,Zambia,1996,1815
Number of maternal deaths,Lesotho,1996,191.2
Number of maternal deaths,Eswatini,1996,198.1
Number of maternal deaths,Barbados,1996,1.86
Number of maternal deaths,Saint Kitts and Nevis,1996,1.6
Number of maternal deaths,Cyprus,1996,1.77
Number of maternal deaths,Saint Vincent and the Grenadines,1996,1.94
Number of maternal deaths,Slovenia,1996,1.9
Number of maternal deaths,Spain,1996,20.46
Number of maternal deaths,Australia,1996,20.42
Number of maternal deaths,Kazakhstan,1996,204.9
Number of maternal deaths,Namibia,1996,209.7
Number of maternal deaths,Yemen,1996,2106
Number of maternal deaths,Senegal,1996,2140
Number of maternal deaths,Ukraine,1996,215.3
Number of maternal deaths,Honduras,1996,217.1
Number of maternal deaths,Malaysia,1996,228.2
Number of maternal deaths,Cabo Verde,1996,23.15
Number of maternal deaths,Georgia,1996,23.16
Number of maternal deaths,Israel,1996,22.86
Number of maternal deaths,Armenia,1996,23.46
Number of maternal deaths,Solomon Islands,1996,24.44
Number of maternal deaths,Netherlands (Kingdom of the),1996,24
Number of maternal deaths,Bangladesh,1996,24886
Number of maternal deaths,Cambodia,1996,2406
Number of maternal deaths,Morocco,1996,2426
Number of maternal deaths,Lebanon,1996,25.02
Number of maternal deaths,Pakistan,1996,25975
Number of maternal deaths,Cote d'Ivoire,1996,2589
Number of maternal deaths,Belarus,1996,26.27
Number of maternal deaths,Uzbekistan,1996,283
Number of maternal deaths,Paraguay,1996,288.3
Number of maternal deaths,Ethiopia,1996,29110
Number of maternal deaths,Burkina Faso,1996,2973
Number of maternal deaths,Saint Lucia,1996,2.55
Number of maternal deaths,Tonga,1996,3.45
Number of maternal deaths,Republic of Moldova,1996,30.29
Number of maternal deaths,Dominican Republic,1996,302.6
Number of maternal deaths,Canada,1996,31.47
Number of maternal deaths,Costa Rica,1996,31.22
Number of maternal deaths,Philippines,1996,3192
Number of maternal deaths,Rwanda,1996,3233
Number of maternal deaths,Burundi,1996,3358
Number of maternal deaths,Sierra Leone,1996,3368
Number of maternal deaths,Malawi,1996,3413
Number of maternal deaths,Guinea,1996,3468
Number of maternal deaths,Brazil,1996,3506
Number of maternal deaths,Nicaragua,1996,357.6
Number of maternal deaths,Cameroon,1996,3584
Number of maternal deaths,Suriname,1996,36.67
Number of maternal deaths,Ghana,1996,3770
Number of maternal deaths,Norway,1996,3.55
Number of maternal deaths,Bahamas,1996,3.88
Number of maternal deaths,Bahrain,1996,3.87
Number of maternal deaths,Brunei Darussalam,1996,3.58
Number of maternal deaths,Finland,1996,4.15
Number of maternal deaths,Ireland,1996,4
Number of maternal deaths,Kiribati,1996,4.06
Number of maternal deaths,Mali,1996,4173
Number of maternal deaths,Argentina,1996,426.1
Number of maternal deaths,United States of America,1996,433.2
Number of maternal deaths,Madagascar,1996,4394
Number of maternal deaths,Timor-Leste,1996,440
Number of maternal deaths,Guyana,1996,44.87
Number of maternal deaths,Ecuador,1996,450.5
Number of maternal deaths,Chad,1996,4512
Number of maternal deaths,Niger,1996,4638
Number of maternal deaths,Nepal,1996,4689
Number of maternal deaths,Poland,1996,47.18
Number of maternal deaths,Jamaica,1996,46.74
Number of maternal deaths,Somalia,1996,4719
Number of maternal deaths,Myanmar,1996,4719
Number of maternal deaths,Venezuela (Bolivarian Republic of),1996,498.5
Number of maternal deaths,Marshall Islands,1996,5.48
Number of maternal deaths,Belize,1996,4.8
Number of maternal deaths,Croatia,1996,4.84
Number of maternal deaths,Estonia,1996,4.78
Number of maternal deaths,Greece,1996,4.62
Number of maternal deaths,Kuwait,1996,4.66
Number of maternal deaths,North Macedonia,1996,4.61
Number of maternal deaths,Panama,1996,50.2
Number of maternal deaths,Thailand,1996,507
Number of maternal deaths,Angola,1996,5076
Number of maternal deaths,Turkmenistan,1996,51.89
Number of maternal deaths,Türkiye,1996,527.8
Number of maternal deaths,Papua New Guinea,1996,530.7
Number of maternal deaths,Uganda,1996,5399
Number of maternal deaths,Gambia,1996,548.8
Number of maternal deaths,Kenya,1996,5637
Number of maternal deaths,Botswana,1996,57.06
Number of maternal deaths,Democratic People's Republic of Korea,1996,587.2
Number of maternal deaths,Mozambique,1996,5872
Number of maternal deaths,Nigeria,1996,59125
Number of maternal deaths,Congo,1996,591.3
Number of maternal deaths,Samoa,1996,6.21
Number of maternal deaths,Sweden,1996,5.94
Number of maternal deaths,Slovakia,1996,6.15
Number of maternal deaths,United Kingdom of Great Britain and Northern Ireland,1996,61.07
Number of maternal deaths,Iran (Islamic Republic of),1996,657
Number of maternal deaths,Libya,1996,66.53
Number of maternal deaths,Germany,1996,66.83
Number of maternal deaths,Micronesia (Federated States of),1996,7.3
Number of maternal deaths,Bosnia and Herzegovina,1996,7.23
Number of maternal deaths,United Arab Emirates,1996,7.3
Number of maternal deaths,Denmark,1996,7.36
Number of maternal deaths,Austria,1996,7.19
Number of maternal deaths,"occupied Palestinian territory, including east Jerusalem",1996,69.64
Number of maternal deaths,Sudan,1996,7587
Number of maternal deaths,Italy,1996,75.56
Number of maternal deaths,Bhutan,1996,77.28
Number of maternal deaths,Guinea-Bissau,1996,772
Number of maternal deaths,Mauritania,1996,780.2
Number of maternal deaths,Azerbaijan,1996,78.71
Number of maternal deaths,Colombia,1996,793.1
Number of maternal deaths,Vanuatu,1996,7.58
Number of maternal deaths,Czechia,1996,7.61
Number of maternal deaths,New Zealand,1996,7.74
Number of maternal deaths,Eritrea,1996,809.2
Number of maternal deaths,Bolivia (Plurinational State of),1996,811.8
Number of maternal deaths,Guatemala,1996,836.1
Number of maternal deaths,Cuba,1996,83.53
Number of maternal deaths,Sao Tome and Principe,1996,9.21
Number of maternal deaths,Latvia,1996,8.84
Number of maternal deaths,Singapore,1996,9.02
Number of maternal deaths,Switzerland,1996,8.9
Number of maternal deaths,Russian Federation,1996,922.2
Number of maternal deaths,Mongolia,1996,98.16
Number of maternal deaths,France,1996,98.04
Number of maternal deaths,Andorra,1995,0.12
Number of maternal deaths,Cook Islands,1995,0.005
Number of maternal deaths,Monaco,1995,0.035
Number of maternal deaths,San Marino,1995,0.026
Number of maternal deaths,Palau,1995,0.4
Number of maternal deaths,Antigua and Barbuda,1995,0.51
Number of maternal deaths,Iceland,1995,0.55
Number of maternal deaths,Nauru,1995,0.66
Number of maternal deaths,Seychelles,1995,0.64
Number of maternal deaths,Tuvalu,1995,0.8
Number of maternal deaths,Malta,1995,0.7
Number of maternal deaths,Dominica,1995,1.11
Number of maternal deaths,Grenada,1995,1.25
Number of maternal deaths,Luxembourg,1995,1.2
Number of maternal deaths,Montenegro,1995,1.09
Number of maternal deaths,Qatar,1995,1.35
Number of maternal deaths,Czechia,1995,9.51
Number of maternal deaths,Switzerland,1995,10.05
Number of maternal deaths,Belgium,1995,10.34
Number of maternal deaths,United Republic of Tanzania,1995,10146
Number of maternal deaths,Saudi Arabia,1995,104.7
Number of maternal deaths,Comoros,1995,108.8
Number of maternal deaths,France,1995,108.8
Number of maternal deaths,Russian Federation,1995,1134
Number of maternal deaths,Togo,1995,1140
Number of maternal deaths,Zimbabwe,1995,1153
Number of maternal deaths,Jordan,1995,116
Number of maternal deaths,Kyrgyzstan,1995,115.7
Number of maternal deaths,Peru,1995,1185
Number of maternal deaths,Mauritius,1995,11.81
Number of maternal deaths,Lithuania,1995,11.69
Number of maternal deaths,Fiji,1995,11.87
Number of maternal deaths,South Sudan,1995,12203
Number of maternal deaths,Afghanistan,1995,12713
Number of maternal deaths,Iraq,1995,1202
Number of maternal deaths,India,1995,124866
Number of maternal deaths,Chile,1995,125.3
Number of maternal deaths,Latvia,1995,12.56
Number of maternal deaths,Serbia,1995,13.14
Number of maternal deaths,Oman,1995,13.13
Number of maternal deaths,Portugal,1995,13.23
Number of maternal deaths,China,1995,13501
Number of maternal deaths,Democratic Republic of the Congo,1995,13511
Number of maternal deaths,Algeria,1995,1309
Number of maternal deaths,Gabon,1995,133.1
Number of maternal deaths,Japan,1995,133.8
Number of maternal deaths,Lao People's Democratic Republic,1995,1344
Number of maternal deaths,Egypt,1995,1404
Number of maternal deaths,Tunisia,1995,141.2
Number of maternal deaths,South Africa,1995,1421
Number of maternal deaths,Djibouti,1995,144.1
Number of maternal deaths,Liberia,1995,1467
Number of maternal deaths,Equatorial Guinea,1995,147.2
Number of maternal deaths,Maldives,1995,14.8
Number of maternal deaths,Republic of Korea,1995,152
Number of maternal deaths,El Salvador,1995,158.4
Number of maternal deaths,Albania,1995,15.84
Number of maternal deaths,Puerto Rico,1995,15.63
Number of maternal deaths,Uruguay,1995,16.07
Number of maternal deaths,Indonesia,1995,16066
Number of maternal deaths,Benin,1995,1618
Number of maternal deaths,Mexico,1995,1630
Number of maternal deaths,Syrian Arab Republic,1995,164
Number of maternal deaths,Central African Republic,1995,1659
Number of maternal deaths,Sri Lanka,1995,166.7
Number of maternal deaths,Haiti,1995,1676
Number of maternal deaths,Bulgaria,1995,16.58
Number of maternal deaths,Trinidad and Tobago,1995,18.33
Number of maternal deaths,Tajikistan,1995,181.7
Number of maternal deaths,Romania,1995,181.9
Number of maternal deaths,Zambia,1995,1913
Number of maternal deaths,Viet Nam,1995,1951
Number of maternal deaths,Saint Kitts and Nevis,1995,1.7
Number of maternal deaths,Cyprus,1995,1.88
Number of maternal deaths,Barbados,1995,1.98
Number of maternal deaths,Saint Lucia,1995,2.32
Number of maternal deaths,Saint Vincent and the Grenadines,1995,2.02
Number of maternal deaths,Slovenia,1995,2.1
Number of maternal deaths,Eswatini,1995,201.8
Number of maternal deaths,Namibia,1995,203.7
Number of maternal deaths,Senegal,1995,2051
Number of maternal deaths,Spain,1995,20.84
Number of maternal deaths,Lesotho,1995,212.8
Number of maternal deaths,Hungary,1995,21.61
Number of maternal deaths,Australia,1995,21.82
Number of maternal deaths,Kazakhstan,1995,224.1
Number of maternal deaths,Yemen,1995,2270
Number of maternal deaths,Malaysia,1995,229.4
Number of maternal deaths,Honduras,1995,230.6
Number of maternal deaths,Ukraine,1995,232.7
Number of maternal deaths,Solomon Islands,1995,24.3
Number of maternal deaths,Netherlands (Kingdom of the),1995,23.93
Number of maternal deaths,Cambodia,1995,2495
Number of maternal deaths,Armenia,1995,24.53
Number of maternal deaths,Israel,1995,24.91
Number of maternal deaths,Pakistan,1995,25855
Number of maternal deaths,Morocco,1995,2574
Number of maternal deaths,Lebanon,1995,25.69
Number of maternal deaths,Bangladesh,1995,26299
Number of maternal deaths,Cote d'Ivoire,1995,2761
Number of maternal deaths,Cabo Verde,1995,28.08
Number of maternal deaths,Belarus,1995,28.34
Number of maternal deaths,Paraguay,1995,287.7
Number of maternal deaths,Georgia,1995,28.7
Number of maternal deaths,Ethiopia,1995,29894
Number of maternal deaths,Burkina Faso,1995,3009
Number of maternal deaths,Uzbekistan,1995,308
Number of maternal deaths,Canada,1995,31.45
Number of maternal deaths,Costa Rica,1995,31.38
Number of maternal deaths,Republic of Moldova,1995,33.03
Number of maternal deaths,Philippines,1995,3330
Number of maternal deaths,Dominican Republic,1995,334.5
Number of maternal deaths,Rwanda,1995,3375
Number of maternal deaths,Sierra Leone,1995,3474
Number of maternal deaths,Guinea,1995,3486
Number of maternal deaths,Cameroon,1995,3491
Number of maternal deaths,Burundi,1995,3528
Number of maternal deaths,Suriname,1995,37.13
Number of maternal deaths,Malawi,1995,3718
Number of maternal deaths,Nicaragua,1995,371.9
Number of maternal deaths,Brazil,1995,3722
Number of maternal deaths,Tonga,1995,3.68
Number of maternal deaths,Bahamas,1995,4
Number of maternal deaths,Bahrain,1995,4.08
Number of maternal deaths,Brunei Darussalam,1995,3.76
Number of maternal deaths,Norway,1995,3.73
Number of maternal deaths,Kiribati,1995,4.2
Number of maternal deaths,Kuwait,1995,4.46
Number of maternal deaths,North Macedonia,1995,4.47
Number of maternal deaths,Finland,1995,4.39
Number of maternal deaths,Ireland,1995,4.38
Number of maternal deaths,Ghana,1995,4025
Number of maternal deaths,Chad,1995,4091
Number of maternal deaths,Mali,1995,4184
Number of maternal deaths,Madagascar,1995,4277
Number of maternal deaths,Argentina,1995,440.8
Number of maternal deaths,United States of America,1995,444.1
Number of maternal deaths,Somalia,1995,4461
Number of maternal deaths,Timor-Leste,1995,448.9
Number of maternal deaths,Niger,1995,4546
Number of maternal deaths,Guyana,1995,46.46
Number of maternal deaths,Jamaica,1995,45.8
Number of maternal deaths,Ecuador,1995,473.1
Number of maternal deaths,Venezuela (Bolivarian Republic of),1995,484.1
Number of maternal deaths,Belize,1995,4.68
Number of maternal deaths,Croatia,1995,4.81
Number of maternal deaths,Greece,1995,5.06
Number of maternal deaths,Myanmar,1995,5064
Number of maternal deaths,Angola,1995,5115
Number of maternal deaths,Nepal,1995,5122
Number of maternal deaths,Papua New Guinea,1995,517.4
Number of maternal deaths,Panama,1995,51.99
Number of maternal deaths,Poland,1995,53.3
Number of maternal deaths,Uganda,1995,5378
Number of maternal deaths,Thailand,1995,538.3
Number of maternal deaths,Türkiye,1995,542
Number of maternal deaths,Kenya,1995,5558
Number of maternal deaths,Nigeria,1995,57926
Number of maternal deaths,Gambia,1995,569.9
Number of maternal deaths,Congo,1995,582.8
Number of maternal deaths,Democratic People's Republic of Korea,1995,587.3
Number of maternal deaths,Turkmenistan,1995,59.32
Number of maternal deaths,Marshall Islands,1995,5.64
Number of maternal deaths,Samoa,1995,6.25
Number of maternal deaths,Estonia,1995,6.13
Number of maternal deaths,Mozambique,1995,6137
Number of maternal deaths,United Kingdom of Great Britain and Northern Ireland,1995,63.35
Number of maternal deaths,Libya,1995,64.61
Number of maternal deaths,Germany,1995,65.07
Number of maternal deaths,Botswana,1995,66.47
Number of maternal deaths,Eritrea,1995,682.9
Number of maternal deaths,Micronesia (Federated States of),1995,7.27
Number of maternal deaths,Slovakia,1995,6.69
Number of maternal deaths,Sweden,1995,6.95
Number of maternal deaths,"occupied Palestinian territory, including east Jerusalem",1995,71.46
Number of maternal deaths,Sudan,1995,7670
Number of maternal deaths,Guinea-Bissau,1995,771.5
Number of maternal deaths,Mauritania,1995,782.7
Number of maternal deaths,Iran (Islamic Republic of),1995,784.9
Number of maternal deaths,Italy,1995,78.92
Number of maternal deaths,Vanuatu,1995,7.75
Number of maternal deaths,Bosnia and Herzegovina,1995,7.5
Number of maternal deaths,United Arab Emirates,1995,8.1
Number of maternal deaths,Austria,1995,7.75
Number of maternal deaths,Singapore,1995,8.5
Number of maternal deaths,Denmark,1995,8.27
Number of maternal deaths,New Zealand,1995,8.03
Number of maternal deaths,Colombia,1995,814.4
Number of maternal deaths,Bolivia (Plurinational State of),1995,829.7
Number of maternal deaths,Guatemala,1995,893.5
Number of maternal deaths,Sao Tome and Principe,1995,9.17
Number of maternal deaths,Bhutan,1995,90.91
Number of maternal deaths,Cuba,1995,91.13
Number of maternal deaths,Azerbaijan,1995,94.51
Number of maternal deaths,Mongolia,1995,98.84
Number of maternal deaths,Andorra,1994,0.13
Number of maternal deaths,Cook Islands,1994,0.007
Number of maternal deaths,Monaco,1994,0.035
Number of maternal deaths,San Marino,1994,0.026
Number of maternal deaths,Antigua and Barbuda,1994,0.48
Number of maternal deaths,Iceland,1994,0.41
Number of maternal deaths,Palau,1994,0.42
Number of maternal deaths,Nauru,1994,0.68
Number of maternal deaths,Tuvalu,1994,0.82
Number of maternal deaths,Luxembourg,1994,1.06
Number of maternal deaths,Malta,1994,0.77
Number of maternal deaths,Seychelles,1994,0.77
Number of maternal deaths,Dominica,1994,1.3
Number of maternal deaths,Grenada,1994,1.28
Number of maternal deaths,Montenegro,1994,1.06
Number of maternal deaths,Qatar,1994,1.32
Number of maternal deaths,Bosnia and Herzegovina,1994,9.79
Number of maternal deaths,Switzerland,1994,10.28
Number of maternal deaths,Belgium,1994,10.31
Number of maternal deaths,Mongolia,1994,100.6
Number of maternal deaths,Bhutan,1994,104.2
Number of maternal deaths,Saudi Arabia,1994,107.9
Number of maternal deaths,Czechia,1994,11.47
Number of maternal deaths,Afghanistan,1994,11889
Number of maternal deaths,Kyrgyzstan,1994,109.6
Number of maternal deaths,France,1994,110.1
Number of maternal deaths,Iraq,1994,1103
Number of maternal deaths,Jordan,1994,113.9
Number of maternal deaths,Togo,1994,1144
Number of maternal deaths,Comoros,1994,115.4
Number of maternal deaths,Zimbabwe,1994,1157
Number of maternal deaths,Fiji,1994,12.47
Number of maternal deaths,Democratic Republic of the Congo,1994,12676
Number of maternal deaths,Russian Federation,1994,1213
Number of maternal deaths,Peru,1994,1253
Number of maternal deaths,India,1994,128659
Number of maternal deaths,Serbia,1994,13.23
Number of maternal deaths,Lithuania,1994,13.02
Number of maternal deaths,Chile,1994,132.6
Number of maternal deaths,Japan,1994,134
Number of maternal deaths,Gabon,1994,138.9
Number of maternal deaths,Oman,1994,14.12
Number of maternal deaths,Mauritius,1994,14.1
Number of maternal deaths,Portugal,1994,14.43
Number of maternal deaths,China,1994,14895
Number of maternal deaths,Lao People's Democratic Republic,1994,1426
Number of maternal deaths,South Africa,1994,1444
Number of maternal deaths,Algeria,1994,1494
Number of maternal deaths,Indonesia,1994,15861
Number of maternal deaths,Egypt,1994,1514
Number of maternal deaths,Central African Republic,1994,1516
Number of maternal deaths,Equatorial Guinea,1994,156.3
Number of maternal deaths,Tunisia,1994,156.3
Number of maternal deaths,Syrian Arab Republic,1994,159
Number of maternal deaths,Djibouti,1994,158.9
Number of maternal deaths,Latvia,1994,15.5
Number of maternal deaths,Puerto Rico,1994,16.14
Number of maternal deaths,Republic of Korea,1994,162.2
Number of maternal deaths,Benin,1994,1685
Number of maternal deaths,Albania,1994,17.34
Number of maternal deaths,Uruguay,1994,16.86
Number of maternal deaths,Sri Lanka,1994,170.1
Number of maternal deaths,Mexico,1994,1705
Number of maternal deaths,El Salvador,1994,179.4
Number of maternal deaths,Liberia,1994,1797
Number of maternal deaths,Maldives,1994,18.14
Number of maternal deaths,Rwanda,1994,18668
Number of maternal deaths,Haiti,1994,1864
Number of maternal deaths,Trinidad and Tobago,1994,19.14
Number of maternal deaths,Tajikistan,1994,191.6
Number of maternal deaths,Senegal,1994,1990
Number of maternal deaths,Saint Kitts and Nevis,1994,1.69
Number of maternal deaths,Cyprus,1994,2.06
Number of maternal deaths,Barbados,1994,2.09
Number of maternal deaths,Saint Lucia,1994,2.29
Number of maternal deaths,Saint Vincent and the Grenadines,1994,2.02
Number of maternal deaths,Slovenia,1994,2.27
Number of maternal deaths,Bulgaria,1994,19.53
Number of maternal deaths,Romania,1994,203.4
Number of maternal deaths,Zambia,1994,2033
Number of maternal deaths,Namibia,1994,207.1
Number of maternal deaths,Spain,1994,21.59
Number of maternal deaths,Viet Nam,1994,2245
Number of maternal deaths,Australia,1994,22.83
Number of maternal deaths,Malaysia,1994,231.9
Number of maternal deaths,Eswatini,1994,233.9
Number of maternal deaths,Kazakhstan,1994,235.8
Number of maternal deaths,Yemen,1994,2377
Number of maternal deaths,Ukraine,1994,239
Number of maternal deaths,Solomon Islands,1994,23.94
Number of maternal deaths,Hungary,1994,24.13
Number of maternal deaths,Netherlands (Kingdom of the),1994,24.18
Number of maternal deaths,Honduras,1994,246.5
Number of maternal deaths,Pakistan,1994,25331
Number of maternal deaths,Lesotho,1994,253.1
Number of maternal deaths,Democratic People's Republic of Korea,1994,259.3
Number of maternal deaths,Israel,1994,25.72
Number of maternal deaths,Burundi,1994,2601
Number of maternal deaths,Cambodia,1994,2603
Number of maternal deaths,Armenia,1994,26.83
Number of maternal deaths,Morocco,1994,2747
Number of maternal deaths,Lebanon,1994,27.92
Number of maternal deaths,Bangladesh,1994,28012
Number of maternal deaths,Paraguay,1994,284.9
Number of maternal deaths,Georgia,1994,29.03
Number of maternal deaths,Cote d'Ivoire,1994,2924
Number of maternal deaths,Ethiopia,1994,30721
Number of maternal deaths,Burkina Faso,1994,3030
Number of maternal deaths,Canada,1994,31.07
Number of maternal deaths,Cabo Verde,1994,31.51
Number of maternal deaths,Costa Rica,1994,31.52
Number of maternal deaths,Belarus,1994,32.42
Number of maternal deaths,Uzbekistan,1994,325.7
Number of maternal deaths,Philippines,1994,3361
Number of maternal deaths,Cameroon,1994,3371
Number of maternal deaths,Sierra Leone,1994,3426
Number of maternal deaths,Guinea,1994,3576
Number of maternal deaths,Dominican Republic,1994,367.5
Number of maternal deaths,Suriname,1994,37.33
Number of maternal deaths,Republic of Moldova,1994,37.13
Number of maternal deaths,Nicaragua,1994,383
Number of maternal deaths,Brazil,1994,3875
Number of maternal deaths,Tonga,1994,3.96
Number of maternal deaths,Bahamas,1994,4.15
Number of maternal deaths,Ireland,1994,4.17
Number of maternal deaths,Kuwait,1994,4.15
Number of maternal deaths,Norway,1994,3.97
Number of maternal deaths,Bahrain,1994,4.41
Number of maternal deaths,Brunei Darussalam,1994,4.03
Number of maternal deaths,Kiribati,1994,4.24
Number of maternal deaths,Chad,1994,4075
Number of maternal deaths,Madagascar,1994,4143
Number of maternal deaths,Ghana,1994,4271
Number of maternal deaths,Mali,1994,4338
Number of maternal deaths,Timor-Leste,1994,444.4
Number of maternal deaths,South Sudan,1994,4452
Number of maternal deaths,United States of America,1994,448.4
Number of maternal deaths,Malawi,1994,4490
Number of maternal deaths,Niger,1994,4491
Number of maternal deaths,Jamaica,1994,44.97
Number of maternal deaths,Somalia,1994,4504
Number of maternal deaths,Argentina,1994,456
Number of maternal deaths,Guyana,1994,45.65
Number of maternal deaths,Venezuela (Bolivarian Republic of),1994,484.3
Number of maternal deaths,Ecuador,1994,497.4
Number of maternal deaths,Finland,1994,4.57
Number of maternal deaths,Belize,1994,4.59
Number of maternal deaths,Croatia,1994,4.55
Number of maternal deaths,North Macedonia,1994,4.76
Number of maternal deaths,Greece,1994,5.42
Number of maternal deaths,Papua New Guinea,1994,512.2
Number of maternal deaths,Uganda,1994,5146
Number of maternal deaths,Angola,1994,5242
Number of maternal deaths,Panama,1994,52.68
Number of maternal deaths,Nepal,1994,5316
Number of maternal deaths,Myanmar,1994,5367
Number of maternal deaths,Türkiye,1994,549.2
Number of maternal deaths,Kenya,1994,5573
Number of maternal deaths,Nigeria,1994,56644
Number of maternal deaths,Congo,1994,569
Number of maternal deaths,Thailand,1994,572.5
Number of maternal deaths,Mozambique,1994,5796
Number of maternal deaths,Gambia,1994,585.4
Number of maternal deaths,Marshall Islands,1994,5.64
Number of maternal deaths,United Kingdom of Great Britain and Northern Ireland,1994,64.08
Number of maternal deaths,Libya,1994,64.54
Number of maternal deaths,Poland,1994,65.03
Number of maternal deaths,Turkmenistan,1994,65.04
Number of maternal deaths,Germany,1994,67.34
Number of maternal deaths,Samoa,1994,6.58
Number of maternal deaths,Micronesia (Federated States of),1994,7.07
Number of maternal deaths,New Zealand,1994,7.42
Number of maternal deaths,"occupied Palestinian territory, including east Jerusalem",1994,72.41
Number of maternal deaths,Mauritania,1994,758.8
Number of maternal deaths,Guinea-Bissau,1994,798.9
Number of maternal deaths,Vanuatu,1994,7.76
Number of maternal deaths,Slovakia,1994,8.21
Number of maternal deaths,Singapore,1994,8.25
Number of maternal deaths,Denmark,1994,8.23
Number of maternal deaths,Sweden,1994,8.25
Number of maternal deaths,Sudan,1994,8009
Number of maternal deaths,Eritrea,1994,805.3
Number of maternal deaths,Botswana,1994,83.28
Number of maternal deaths,Italy,1994,82.56
Number of maternal deaths,Colombia,1994,845.1
Number of maternal deaths,Bolivia (Plurinational State of),1994,866.1
Number of maternal deaths,Sao Tome and Principe,1994,8.78
Number of maternal deaths,United Arab Emirates,1994,9.23
Number of maternal deaths,Estonia,1994,8.55
Number of maternal deaths,Austria,1994,9.07
Number of maternal deaths,Guatemala,1994,935.9
Number of maternal deaths,Cuba,1994,94.47
Number of maternal deaths,Azerbaijan,1994,94.63
Number of maternal deaths,Iran (Islamic Republic of),1994,959.3
Number of maternal deaths,United Republic of Tanzania,1994,9970
Number of maternal deaths,Andorra,1993,0.13
Number of maternal deaths,Cook Islands,1993,0.01
Number of maternal deaths,Monaco,1993,0.035
Number of maternal deaths,San Marino,1993,0.026
Number of maternal deaths,Antigua and Barbuda,1993,0.48
Number of maternal deaths,Iceland,1993,0.49
Number of maternal deaths,Palau,1993,0.4
Number of maternal deaths,Nauru,1993,0.69
Number of maternal deaths,Luxembourg,1993,1.08
Number of maternal deaths,Malta,1993,0.85
Number of maternal deaths,Seychelles,1993,0.83
Number of maternal deaths,Tuvalu,1993,0.85
Number of maternal deaths,Dominica,1993,1.44
Number of maternal deaths,Grenada,1993,1.27
Number of maternal deaths,Montenegro,1993,1.04
Number of maternal deaths,Qatar,1993,1.36
Number of maternal deaths,Austria,1993,9.66
Number of maternal deaths,Slovakia,1993,9.95
Number of maternal deaths,United Republic of Tanzania,1993,10066
Number of maternal deaths,Afghanistan,1993,10228
Number of maternal deaths,Cuba,1993,99.71
Number of maternal deaths,Botswana,1993,104.2
Number of maternal deaths,Kyrgyzstan,1993,104.2
Number of maternal deaths,Mongolia,1993,106.4
Number of maternal deaths,Russian Federation,1993,1078
Number of maternal deaths,Belgium,1993,10.55
Number of maternal deaths,Switzerland,1993,10.72
Number of maternal deaths,Saudi Arabia,1993,110.9
Number of maternal deaths,Jordan,1993,111.4
Number of maternal deaths,Bhutan,1993,113.7
Number of maternal deaths,Zimbabwe,1993,1162
Number of maternal deaths,France,1993,118.7
Number of maternal deaths,Democratic Republic of the Congo,1993,12732
Number of maternal deaths,Comoros,1993,124.7
Number of maternal deaths,Iran (Islamic Republic of),1993,1266
Number of maternal deaths,Togo,1993,1278
Number of maternal deaths,Peru,1993,1296
Number of maternal deaths,Serbia,1993,13.15
Number of maternal deaths,Bosnia and Herzegovina,1993,13.07
Number of maternal deaths,India,1993,132562
Number of maternal deaths,Japan,1993,136.7
Number of maternal deaths,Fiji,1993,13.51
Number of maternal deaths,Lithuania,1993,13.69
Number of maternal deaths,Central African Republic,1993,1407
Number of maternal deaths,Gabon,1993,141
Number of maternal deaths,Chile,1993,141.8
Number of maternal deaths,Lao People's Democratic Republic,1993,1452
Number of maternal deaths,Czechia,1993,14.82
Number of maternal deaths,Oman,1993,15.16
Number of maternal deaths,Latvia,1993,15.19
Number of maternal deaths,Indonesia,1993,15490
Number of maternal deaths,Algeria,1993,1500
Number of maternal deaths,Benin,1993,1529
Number of maternal deaths,Syrian Arab Republic,1993,156.8
Number of maternal deaths,Equatorial Guinea,1993,158.9
Number of maternal deaths,Mauritius,1993,16.06
Number of maternal deaths,China,1993,16205
Number of maternal deaths,Djibouti,1993,160.6
Number of maternal deaths,Egypt,1993,1636
Number of maternal deaths,Liberia,1993,1658
Number of maternal deaths,South Africa,1993,1672
Number of maternal deaths,Republic of Korea,1993,168.1
Number of maternal deaths,Tunisia,1993,168.7
Number of maternal deaths,Puerto Rico,1993,16.77
Number of maternal deaths,Portugal,1993,17.2
Number of maternal deaths,Uruguay,1993,17.05
Number of maternal deaths,Sri Lanka,1993,174.8
Number of maternal deaths,Mexico,1993,1753
Number of maternal deaths,Albania,1993,18.77
Number of maternal deaths,South Sudan,1993,19674
Number of maternal deaths,Tajikistan,1993,191.7
Number of maternal deaths,Haiti,1993,1959
Number of maternal deaths,Senegal,1993,1992
Number of maternal deaths,Saint Kitts and Nevis,1993,1.87
Number of maternal deaths,Cyprus,1993,2.13
Number of maternal deaths,Barbados,1993,2.21
Number of maternal deaths,Saint Lucia,1993,2.17
Number of maternal deaths,Saint Vincent and the Grenadines,1993,2.01
Number of maternal deaths,Slovenia,1993,2.47
Number of maternal deaths,Bulgaria,1993,19.78
Number of maternal deaths,Trinidad and Tobago,1993,19.83
Number of maternal deaths,El Salvador,1993,202.4
Number of maternal deaths,Namibia,1993,202.2
Number of maternal deaths,Democratic People's Republic of Korea,1993,205.3
Number of maternal deaths,Zambia,1993,2077
Number of maternal deaths,Maldives,1993,21.34
Number of maternal deaths,Eswatini,1993,224.4
Number of maternal deaths,Romania,1993,225.1
Number of maternal deaths,Spain,1993,23.05
Number of maternal deaths,Australia,1993,22.76
Number of maternal deaths,Malaysia,1993,237.8
Number of maternal deaths,Kazakhstan,1993,239.1
Number of maternal deaths,Solomon Islands,1993,23.54
Number of maternal deaths,Netherlands (Kingdom of the),1993,24.2
Number of maternal deaths,Pakistan,1993,24725
Number of maternal deaths,Ukraine,1993,239.6
Number of maternal deaths,Yemen,1993,2414
Number of maternal deaths,Viet Nam,1993,2448
Number of maternal deaths,Cambodia,1993,2605
Number of maternal deaths,Honduras,1993,260.8
Number of maternal deaths,Israel,1993,26.92
Number of maternal deaths,Hungary,1993,27.19
Number of maternal deaths,Paraguay,1993,279
Number of maternal deaths,Bangladesh,1993,29329
Number of maternal deaths,Morocco,1993,2968
Number of maternal deaths,Burkina Faso,1993,3087
Number of maternal deaths,Cote d'Ivoire,1993,3098
Number of maternal deaths,Lebanon,1993,30.91
Number of maternal deaths,Armenia,1993,31.46
Number of maternal deaths,Ethiopia,1993,31395
Number of maternal deaths,Cameroon,1993,3195
Number of maternal deaths,Georgia,1993,31.58
Number of maternal deaths,Canada,1993,31.54
Number of maternal deaths,Costa Rica,1993,31.71
Number of maternal deaths,Uzbekistan,1993,326.4
Number of maternal deaths,Lesotho,1993,329.2
Number of maternal deaths,Sierra Leone,1993,3310
Number of maternal deaths,Philippines,1993,3408
Number of maternal deaths,Cabo Verde,1993,35.37
Number of maternal deaths,Belarus,1993,35.38
Number of maternal deaths,Guinea,1993,3536
Number of maternal deaths,Suriname,1993,39.14
Number of maternal deaths,Republic of Moldova,1993,39.14
Number of maternal deaths,Dominican Republic,1993,390.1
Number of maternal deaths,Nicaragua,1993,399.5
Number of maternal deaths,Tonga,1993,4.16
Number of maternal deaths,Kuwait,1993,3.78
Number of maternal deaths,Norway,1993,4.16
Number of maternal deaths,Bahamas,1993,4.44
Number of maternal deaths,Brunei Darussalam,1993,4.2
Number of maternal deaths,Ireland,1993,4.42
Number of maternal deaths,Somalia,1993,4002
Number of maternal deaths,Madagascar,1993,4004
Number of maternal deaths,Brazil,1993,4059
Number of maternal deaths,Chad,1993,4191
Number of maternal deaths,Jamaica,1993,42.96
Number of maternal deaths,Ghana,1993,4444
Number of maternal deaths,Niger,1993,4463
Number of maternal deaths,Mali,1993,4497
Number of maternal deaths,Timor-Leste,1993,452.2
Number of maternal deaths,Argentina,1993,454.3
Number of maternal deaths,United States of America,1993,458.7
Number of maternal deaths,Guyana,1993,45.71
Number of maternal deaths,Venezuela (Bolivarian Republic of),1993,469.2
Number of maternal deaths,Malawi,1993,4979
Number of maternal deaths,Bahrain,1993,4.6
Number of maternal deaths,Kiribati,1993,4.6
Number of maternal deaths,Belize,1993,4.74
Number of maternal deaths,Croatia,1993,4.75
Number of maternal deaths,Finland,1993,4.76
Number of maternal deaths,North Macedonia,1993,4.99
Number of maternal deaths,Burundi,1993,5000
Number of maternal deaths,Uganda,1993,5050
Number of maternal deaths,Papua New Guinea,1993,512.8
Number of maternal deaths,Rwanda,1993,5368
Number of maternal deaths,Ecuador,1993,537.2
Number of maternal deaths,Angola,1993,5384
Number of maternal deaths,Panama,1993,53.92
Number of maternal deaths,Congo,1993,541.2
Number of maternal deaths,Nigeria,1993,55643
Number of maternal deaths,Kenya,1993,5534
Number of maternal deaths,Türkiye,1993,555.6
Number of maternal deaths,Nepal,1993,5613
Number of maternal deaths,Myanmar,1993,5660
Number of maternal deaths,Gambia,1993,587.7
Number of maternal deaths,Marshall Islands,1993,5.96
Number of maternal deaths,Greece,1993,5.84
Number of maternal deaths,United Kingdom of Great Britain and Northern Ireland,1993,60.18
Number of maternal deaths,Mozambique,1993,6027
Number of maternal deaths,Thailand,1993,614.2
Number of maternal deaths,Libya,1993,66.21
Number of maternal deaths,Samoa,1993,6.73
Number of maternal deaths,Micronesia (Federated States of),1993,7.22
Number of maternal deaths,Estonia,1993,7.08
Number of maternal deaths,Turkmenistan,1993,69.85
Number of maternal deaths,Mauritania,1993,736.6
Number of maternal deaths,Poland,1993,73.88
Number of maternal deaths,"occupied Palestinian territory, including east Jerusalem",1993,74.52
Number of maternal deaths,Germany,1993,75.79
Number of maternal deaths,Guinea-Bissau,1993,761.6
Number of maternal deaths,Eritrea,1993,788.3
Number of maternal deaths,Vanuatu,1993,7.91
Number of maternal deaths,Singapore,1993,8.12
Number of maternal deaths,Denmark,1993,7.96
Number of maternal deaths,New Zealand,1993,8.22
Number of maternal deaths,Sudan,1993,8533
Number of maternal deaths,Colombia,1993,860
Number of maternal deaths,Italy,1993,89.46
Number of maternal deaths,Sao Tome and Principe,1993,8.63
Number of maternal deaths,United Arab Emirates,1993,8.88
Number of maternal deaths,Sweden,1993,8.98
Number of maternal deaths,Bolivia (Plurinational State of),1993,914.9
Number of maternal deaths,Iraq,1993,979
Number of maternal deaths,Guatemala,1993,989.2
Number of maternal deaths,Azerbaijan,1993,99.45
Number of maternal deaths,Andorra,1992,0.13
Number of maternal deaths,Cook Islands,1992,0.015
Number of maternal deaths,Monaco,1992,0.052
Number of maternal deaths,San Marino,1992,0.027
Number of maternal deaths,Antigua and Barbuda,1992,0.49
Number of maternal deaths,Palau,1992,0.39
Number of maternal deaths,Iceland,1992,0.54
Number of maternal deaths,Nauru,1992,0.69
Number of maternal deaths,Malta,1992,0.93
Number of maternal deaths,Seychelles,1992,0.82
Number of maternal deaths,Dominica,1992,1.44
Number of maternal deaths,Grenada,1992,1.44
Number of maternal deaths,Luxembourg,1992,1.31
Number of maternal deaths,Montenegro,1992,1.08
Number of maternal deaths,Qatar,1992,1.37
Number of maternal deaths,Tuvalu,1992,0.93
Number of maternal deaths,Sweden,1992,9.53
Number of maternal deaths,Austria,1992,9.97
Number of maternal deaths,United Republic of Tanzania,1992,10035
Number of maternal deaths,Russian Federation,1992,1013
Number of maternal deaths,Kyrgyzstan,1992,103.1
Number of maternal deaths,Cuba,1992,106.7
Number of maternal deaths,Azerbaijan,1992,108.2
Number of maternal deaths,Jordan,1992,109.1
Number of maternal deaths,Slovakia,1992,11.17
Number of maternal deaths,Belgium,1992,11.15
Number of maternal deaths,Switzerland,1992,11.38
Number of maternal deaths,Saudi Arabia,1992,113.7
Number of maternal deaths,Botswana,1992,117.4
Number of maternal deaths,Togo,1992,1195
Number of maternal deaths,Democratic Republic of the Congo,1992,12710
Number of maternal deaths,Zimbabwe,1992,1221
Number of maternal deaths,Mongolia,1992,128.1
Number of maternal deaths,France,1992,129.1
Number of maternal deaths,Serbia,1992,12.8
Number of maternal deaths,Central African Republic,1992,1326
Number of maternal deaths,Peru,1992,1327
Number of maternal deaths,Comoros,1992,132.9
Number of maternal deaths,India,1992,136598
Number of maternal deaths,Fiji,1992,14.29
Number of maternal deaths,Gabon,1992,141.7
Number of maternal deaths,Bhutan,1992,145.3
Number of maternal deaths,Japan,1992,147.6
Number of maternal deaths,Iran (Islamic Republic of),1992,1485
Number of maternal deaths,Lao People's Democratic Republic,1992,1486
Number of maternal deaths,Latvia,1992,15.24
Number of maternal deaths,Chile,1992,150.4
Number of maternal deaths,Algeria,1992,1507
Number of maternal deaths,Liberia,1992,1520
Number of maternal deaths,Syrian Arab Republic,1992,157.1
Number of maternal deaths,Benin,1992,1578
Number of maternal deaths,Equatorial Guinea,1992,157.8
Number of maternal deaths,Lithuania,1992,15.52
Number of maternal deaths,Czechia,1992,16.06
Number of maternal deaths,Oman,1992,16.35
Number of maternal deaths,Indonesia,1992,16948
Number of maternal deaths,Democratic People's Republic of Korea,1992,164.7
Number of maternal deaths,Mauritius,1992,16.99
Number of maternal deaths,Puerto Rico,1992,17.14
Number of maternal deaths,Tunisia,1992,173.4
Number of maternal deaths,South Africa,1992,1748
Number of maternal deaths,Egypt,1992,1783
Number of maternal deaths,Portugal,1992,18.06
Number of maternal deaths,Uruguay,1992,18.08
Number of maternal deaths,China,1992,18147
Number of maternal deaths,Mexico,1992,1806
Number of maternal deaths,Sri Lanka,1992,180.8
Number of maternal deaths,Republic of Korea,1992,189
Number of maternal deaths,South Sudan,1992,19597
Number of maternal deaths,Tajikistan,1992,193.4
Number of maternal deaths,Djibouti,1992,194.7
Number of maternal deaths,Namibia,1992,198.5
Number of maternal deaths,Senegal,1992,1986
Number of maternal deaths,Cyprus,1992,2.34
Number of maternal deaths,Saint Kitts and Nevis,1992,2.14
Number of maternal deaths,Saint Lucia,1992,2.23
Number of maternal deaths,Saint Vincent and the Grenadines,1992,2.33
Number of maternal deaths,Bosnia and Herzegovina,1992,19.79
Number of maternal deaths,Haiti,1992,2085
Number of maternal deaths,Albania,1992,21.16
Number of maternal deaths,Trinidad and Tobago,1992,20.64
Number of maternal deaths,Eswatini,1992,211.5
Number of maternal deaths,El Salvador,1992,218.1
Number of maternal deaths,Zambia,1992,2211
Number of maternal deaths,Solomon Islands,1992,22.96
Number of maternal deaths,Bulgaria,1992,22.68
Number of maternal deaths,Pakistan,1992,23820
Number of maternal deaths,Cambodia,1992,2382
Number of maternal deaths,Australia,1992,23.5
Number of maternal deaths,Netherlands (Kingdom of the),1992,24.01
Number of maternal deaths,Spain,1992,24.34
Number of maternal deaths,Malaysia,1992,240.4
Number of maternal deaths,Kazakhstan,1992,241.8
Number of maternal deaths,Yemen,1992,2444
Number of maternal deaths,Ukraine,1992,246
Number of maternal deaths,Maldives,1992,24.78
Number of maternal deaths,Romania,1992,256.2
Number of maternal deaths,Viet Nam,1992,2598
Number of maternal deaths,Paraguay,1992,275.8
Number of maternal deaths,Honduras,1992,276.8
Number of maternal deaths,Israel,1992,27.78
Number of maternal deaths,Hungary,1992,28.59
Number of maternal deaths,Barbados,1992,2.52
Number of maternal deaths,Slovenia,1992,2.56
Number of maternal deaths,Kuwait,1992,3.47
Number of maternal deaths,Cameroon,1992,3077
Number of maternal deaths,Canada,1992,31.21
Number of maternal deaths,Bangladesh,1992,31064
Number of maternal deaths,Ethiopia,1992,31834
Number of maternal deaths,Burkina Faso,1992,3151
Number of maternal deaths,Georgia,1992,32.36
Number of maternal deaths,Costa Rica,1992,31.66
Number of maternal deaths,Morocco,1992,3265
Number of maternal deaths,Cote d'Ivoire,1992,3286
Number of maternal deaths,Uzbekistan,1992,329.4
Number of maternal deaths,Sierra Leone,1992,3292
Number of maternal deaths,Philippines,1992,3482
Number of maternal deaths,Lebanon,1992,34.5
Number of maternal deaths,Guinea,1992,3563
Number of maternal deaths,Lesotho,1992,373.1
Number of maternal deaths,Chad,1992,3864
Number of maternal deaths,Cabo Verde,1992,38.89
Number of maternal deaths,Armenia,1992,39.14
Number of maternal deaths,Belarus,1992,39.2
Number of maternal deaths,Burundi,1992,3917
Number of maternal deaths,Madagascar,1992,3932
Number of maternal deaths,Brunei Darussalam,1992,4.49
Number of maternal deaths,Tonga,1992,4.25
Number of maternal deaths,Suriname,1992,40.43
Number of maternal deaths,Jamaica,1992,40.27
Number of maternal deaths,Dominican Republic,1992,408.8
Number of maternal deaths,Republic of Moldova,1992,41.05
Number of maternal deaths,Nicaragua,1992,413.1
Number of maternal deaths,Brazil,1992,4233
Number of maternal deaths,Niger,1992,4450
Number of maternal deaths,Somalia,1992,4478
Number of maternal deaths,Ghana,1992,4558
Number of maternal deaths,Mali,1992,4588
Number of maternal deaths,Guyana,1992,46.32
Number of maternal deaths,United States of America,1992,462.4
Number of maternal deaths,Timor-Leste,1992,462.8
Number of maternal deaths,Venezuela (Bolivarian Republic of),1992,469.5
Number of maternal deaths,Argentina,1992,473.9
Number of maternal deaths,Rwanda,1992,4966
Number of maternal deaths,Bahamas,1992,4.58
Number of maternal deaths,Bahrain,1992,4.8
Number of maternal deaths,Belize,1992,4.91
Number of maternal deaths,Croatia,1992,4.93
Number of maternal deaths,Finland,1992,5.25
Number of maternal deaths,Norway,1992,4.55
Number of maternal deaths,Ireland,1992,4.98
Number of maternal deaths,Kiribati,1992,4.99
Number of maternal deaths,North Macedonia,1992,5.25
Number of maternal deaths,Uganda,1992,5039
Number of maternal deaths,Papua New Guinea,1992,506.6
Number of maternal deaths,Malawi,1992,5076
Number of maternal deaths,Congo,1992,518.5
Number of maternal deaths,Angola,1992,5397
Number of maternal deaths,Ecuador,1992,551.9
Number of maternal deaths,Panama,1992,56.22
Number of maternal deaths,United Kingdom of Great Britain and Northern Ireland,1992,56.11
Number of maternal deaths,Nigeria,1992,56382
Number of maternal deaths,Türkiye,1992,562.4
Number of maternal deaths,Kenya,1992,5773
Number of maternal deaths,Myanmar,1992,5890
Number of maternal deaths,Nepal,1992,5933
Number of maternal deaths,Gambia,1992,595.9
Number of maternal deaths,Marshall Islands,1992,6.01
Number of maternal deaths,Greece,1992,6.43
Number of maternal deaths,Thailand,1992,626.4
Number of maternal deaths,Mozambique,1992,6487
Number of maternal deaths,Mauritania,1992,689.3
Number of maternal deaths,Micronesia (Federated States of),1992,7.23
Number of maternal deaths,Samoa,1992,6.95
Number of maternal deaths,Estonia,1992,7.34
Number of maternal deaths,Libya,1992,69.64
Number of maternal deaths,Turkmenistan,1992,74.61
Number of maternal deaths,Guinea-Bissau,1992,749.7
Number of maternal deaths,"occupied Palestinian territory, including east Jerusalem",1992,76.52
Number of maternal deaths,Vanuatu,1992,8.29
Number of maternal deaths,Singapore,1992,7.93
Number of maternal deaths,Sao Tome and Principe,1992,8.43
Number of maternal deaths,Denmark,1992,8.09
Number of maternal deaths,Germany,1992,80.45
Number of maternal deaths,Poland,1992,84.73
Number of maternal deaths,Sudan,1992,8641
Number of maternal deaths,Colombia,1992,873
Number of maternal deaths,Eritrea,1992,874.7
Number of maternal deaths,United Arab Emirates,1992,8.91
Number of maternal deaths,New Zealand,1992,8.69
Number of maternal deaths,Iraq,1992,913.4
Number of maternal deaths,Afghanistan,1992,9643
Number of maternal deaths,Italy,1992,96.71
Number of maternal deaths,Bolivia (Plurinational State of),1992,970.8
Number of maternal deaths,Guatemala,1992,996.6
Number of maternal deaths,Andorra,1991,0.12
Number of maternal deaths,Cook Islands,1991,0.022
Number of maternal deaths,Monaco,1991,0.053
Number of maternal deaths,San Marino,1991,0.027
Number of maternal deaths,Antigua and Barbuda,1991,0.48
Number of maternal deaths,Iceland,1991,0.48
Number of maternal deaths,Palau,1991,0.35
Number of maternal deaths,Nauru,1991,0.67
Number of maternal deaths,Malta,1991,0.91
Number of maternal deaths,Seychelles,1991,0.94
Number of maternal deaths,Tuvalu,1991,0.86
Number of maternal deaths,Dominica,1991,1.45
Number of maternal deaths,Luxembourg,1991,1.24
Number of maternal deaths,Montenegro,1991,1.05
Number of maternal deaths,Qatar,1991,1.36
Number of maternal deaths,New Zealand,1991,9.72
Number of maternal deaths,Sweden,1991,10.16
Number of maternal deaths,Italy,1991,101.2
Number of maternal deaths,Kyrgyzstan,1991,100.6
Number of maternal deaths,Bolivia (Plurinational State of),1991,1016
Number of maternal deaths,Russian Federation,1991,1053
Number of maternal deaths,Jordan,1991,107.7
Number of maternal deaths,Austria,1991,10.52
Number of maternal deaths,Belgium,1991,11.05
Number of maternal deaths,Switzerland,1991,11.43
Number of maternal deaths,Iraq,1991,1117
Number of maternal deaths,Cuba,1991,114.1
Number of maternal deaths,Togo,1991,1147
Number of maternal deaths,Saudi Arabia,1991,118.4
Number of maternal deaths,South Sudan,1991,12079
Number of maternal deaths,Democratic Republic of the Congo,1991,12813
Number of maternal deaths,Zimbabwe,1991,1205
Number of maternal deaths,Eritrea,1991,1224
Number of maternal deaths,Central African Republic,1991,1246
Number of maternal deaths,Botswana,1991,124.5
Number of maternal deaths,Serbia,1991,12.63
Number of maternal deaths,Slovakia,1991,13.3
Number of maternal deaths,France,1991,135.7
Number of maternal deaths,Peru,1991,1375
Number of maternal deaths,Comoros,1991,138
Number of maternal deaths,Gabon,1991,138.7
Number of maternal deaths,India,1991,140901
Number of maternal deaths,Liberia,1991,1421
Number of maternal deaths,Lao People's Democratic Republic,1991,1494
Number of maternal deaths,Fiji,1991,15.23
Number of maternal deaths,Bosnia and Herzegovina,1991,15.46
Number of maternal deaths,Bhutan,1991,151.2
Number of maternal deaths,Algeria,1991,1517
Number of maternal deaths,Equatorial Guinea,1991,154.7
Number of maternal deaths,Japan,1991,155.8
Number of maternal deaths,Latvia,1991,15.98
Number of maternal deaths,Mongolia,1991,159.8
Number of maternal deaths,Chile,1991,160.5
Number of maternal deaths,Syrian Arab Republic,1991,164
Number of maternal deaths,Benin,1991,1646
Number of maternal deaths,Democratic People's Republic of Korea,1991,168.7
Number of maternal deaths,Lithuania,1991,16.54
Number of maternal deaths,Mauritius,1991,16.92
Number of maternal deaths,Puerto Rico,1991,17.06
Number of maternal deaths,Djibouti,1991,174.4
Number of maternal deaths,Iran (Islamic Republic of),1991,1755
Number of maternal deaths,Tunisia,1991,178.3
Number of maternal deaths,Oman,1991,17.53
Number of maternal deaths,Uruguay,1991,18.35
Number of maternal deaths,Indonesia,1991,18040
Number of maternal deaths,Tajikistan,1991,184.1
Number of maternal deaths,Mexico,1991,1883
Number of maternal deaths,Sri Lanka,1991,188.8
Number of maternal deaths,South Africa,1991,1897
Number of maternal deaths,Czechia,1991,19.11
Number of maternal deaths,Portugal,1991,19.46
Number of maternal deaths,Namibia,1991,192.8
Number of maternal deaths,Egypt,1991,1941
Number of maternal deaths,Eswatini,1991,195.5
Number of maternal deaths,Grenada,1991,1.6
Number of maternal deaths,Kuwait,1991,2.03
Number of maternal deaths,Saint Vincent and the Grenadines,1991,1.86
Number of maternal deaths,Cyprus,1991,2.23
Number of maternal deaths,Saint Kitts and Nevis,1991,2.5
Number of maternal deaths,China,1991,20863
Number of maternal deaths,Republic of Korea,1991,201.4
Number of maternal deaths,Senegal,1991,2016
Number of maternal deaths,Trinidad and Tobago,1991,20.75
Number of maternal deaths,Haiti,1991,2184
Number of maternal deaths,Pakistan,1991,22561
Number of maternal deaths,Zambia,1991,2287
Number of maternal deaths,Solomon Islands,1991,23.05
Number of maternal deaths,Albania,1991,23.2
Number of maternal deaths,Australia,1991,23.16
Number of maternal deaths,El Salvador,1991,234.8
Number of maternal deaths,Cambodia,1991,2394
Number of maternal deaths,Bulgaria,1991,24.16
Number of maternal deaths,Malaysia,1991,239.7
Number of maternal deaths,Kazakhstan,1991,244.9
Number of maternal deaths,Yemen,1991,2474
Number of maternal deaths,Netherlands (Kingdom of the),1991,24.51
Number of maternal deaths,Ukraine,1991,259
Number of maternal deaths,Spain,1991,25.86
Number of maternal deaths,Paraguay,1991,269.3
Number of maternal deaths,Israel,1991,27.49
Number of maternal deaths,Viet Nam,1991,2714
Number of maternal deaths,Maldives,1991,28.14
Number of maternal deaths,Honduras,1991,289.9
Number of maternal deaths,Romania,1991,293
Number of maternal deaths,Cameroon,1991,2960
Number of maternal deaths,Barbados,1991,2.54
Number of maternal deaths,Saint Lucia,1991,2.72
Number of maternal deaths,Slovenia,1991,2.84
Number of maternal deaths,Hungary,1991,29.91
Number of maternal deaths,Ethiopia,1991,30963
Number of maternal deaths,Canada,1991,31.34
Number of maternal deaths,Costa Rica,1991,32.42
Number of maternal deaths,Burkina Faso,1991,3230
Number of maternal deaths,Uzbekistan,1991,333.1
Number of maternal deaths,Georgia,1991,34.3
Number of maternal deaths,Bangladesh,1991,34059
Number of maternal deaths,Cote d'Ivoire,1991,3411
Number of maternal deaths,Sierra Leone,1991,3428
Number of maternal deaths,Guinea,1991,3504
Number of maternal deaths,Chad,1991,3508
Number of maternal deaths,Morocco,1991,3569
Number of maternal deaths,Jamaica,1991,36.7
Number of maternal deaths,Philippines,1991,3784
Number of maternal deaths,Madagascar,1991,3785
Number of maternal deaths,Lebanon,1991,37.84
Number of maternal deaths,Bahamas,1991,4.15
Number of maternal deaths,Tonga,1991,4.46
Number of maternal deaths,Armenia,1991,39.52
Number of maternal deaths,Burundi,1991,4012
Number of maternal deaths,Lesotho,1991,403.4
Number of maternal deaths,Republic of Moldova,1991,41.06
Number of maternal deaths,Belarus,1991,41.46
Number of maternal deaths,Nicaragua,1991,416.9
Number of maternal deaths,Cabo Verde,1991,42.2
Number of maternal deaths,Suriname,1991,41.66
Number of maternal deaths,Dominican Republic,1991,425.1
Number of maternal deaths,Rwanda,1991,4464
Number of maternal deaths,Niger,1991,4483
Number of maternal deaths,Venezuela (Bolivarian Republic of),1991,458.3
Number of maternal deaths,Brazil,1991,4674
Number of maternal deaths,Ghana,1991,4690
Number of maternal deaths,Mali,1991,4695
Number of maternal deaths,Timor-Leste,1991,473.7
Number of maternal deaths,United States of America,1991,484.2
Number of maternal deaths,Argentina,1991,484.8
Number of maternal deaths,Congo,1991,488.7
Number of maternal deaths,Guyana,1991,48.6
Number of maternal deaths,Angola,1991,4972
Number of maternal deaths,Bahrain,1991,4.75
Number of maternal deaths,Brunei Darussalam,1991,4.75
Number of maternal deaths,Belize,1991,5.06
Number of maternal deaths,Finland,1991,4.98
Number of maternal deaths,Norway,1991,5.04
Number of maternal deaths,Croatia,1991,5.42
Number of maternal deaths,Ireland,1991,5.34
Number of maternal deaths,Kiribati,1991,5.4
Number of maternal deaths,Uganda,1991,5038
Number of maternal deaths,Somalia,1991,5060
Number of maternal deaths,Papua New Guinea,1991,513.1
Number of maternal deaths,Malawi,1991,5144
Number of maternal deaths,United Kingdom of Great Britain and Northern Ireland,1991,53.04
Number of maternal deaths,Nigeria,1991,56655
Number of maternal deaths,Ecuador,1991,562.8
Number of maternal deaths,Panama,1991,57.27
Number of maternal deaths,Türkiye,1991,574.8
Number of maternal deaths,Kenya,1991,5995
Number of maternal deaths,Marshall Islands,1991,5.57
Number of maternal deaths,North Macedonia,1991,5.62
Number of maternal deaths,Gambia,1991,606
Number of maternal deaths,Myanmar,1991,6166
Number of maternal deaths,Thailand,1991,638.9
Number of maternal deaths,Nepal,1991,6436
Number of maternal deaths,Mozambique,1991,6731
Number of maternal deaths,Micronesia (Federated States of),1991,7.32
Number of maternal deaths,Samoa,1991,7.42
Number of maternal deaths,Greece,1991,6.7
Number of maternal deaths,Mauritania,1991,701.2
Number of maternal deaths,Libya,1991,74.47
Number of maternal deaths,Guinea-Bissau,1991,743.5
Number of maternal deaths,"occupied Palestinian territory, including east Jerusalem",1991,76.65
Number of maternal deaths,Turkmenistan,1991,77.82
Number of maternal deaths,Vanuatu,1991,8.22
Number of maternal deaths,Singapore,1991,8.01
Number of maternal deaths,Sao Tome and Principe,1991,8.47
Number of maternal deaths,Estonia,1991,8.24
Number of maternal deaths,Denmark,1991,7.68
Number of maternal deaths,Sudan,1991,8588
Number of maternal deaths,Colombia,1991,875.4
Number of maternal deaths,Azerbaijan,1991,87.69
Number of maternal deaths,United Arab Emirates,1991,8.72
Number of maternal deaths,Germany,1991,90.26
Number of maternal deaths,Poland,1991,95.92
Number of maternal deaths,Guatemala,1991,977.3
Number of maternal deaths,Afghanistan,1991,9818
Number of maternal deaths,United Republic of Tanzania,1991,9979
Number of maternal deaths,Andorra,1990,0.11
Number of maternal deaths,Cook Islands,1990,0.038
Number of maternal deaths,Monaco,1990,0.056
Number of maternal deaths,San Marino,1990,0.027
Number of maternal deaths,Palau,1990,0.34
Number of maternal deaths,Antigua and Barbuda,1990,0.54
Number of maternal deaths,Iceland,1990,0.62
Number of maternal deaths,Nauru,1990,0.6
Number of maternal deaths,Malta,1990,0.97
Number of maternal deaths,Seychelles,1990,0.88
Number of maternal deaths,Tuvalu,1990,0.86
Number of maternal deaths,Dominica,1990,1.4
Number of maternal deaths,Luxembourg,1990,1.17
Number of maternal deaths,Montenegro,1990,1
Number of maternal deaths,Qatar,1990,1.4
Number of maternal deaths,Estonia,1990,9.88
Number of maternal deaths,New Zealand,1990,10.48
Number of maternal deaths,Sweden,1990,10.35
Number of maternal deaths,United Republic of Tanzania,1990,10109
Number of maternal deaths,Kyrgyzstan,1990,101.3
Number of maternal deaths,Bolivia (Plurinational State of),1990,1048
Number of maternal deaths,Italy,1990,104.6
Number of maternal deaths,Germany,1990,105.9
Number of maternal deaths,Togo,1990,1094
Number of maternal deaths,Austria,1990,10.53
Number of maternal deaths,Belgium,1990,11.13
Number of maternal deaths,Central African Republic,1990,1165
Number of maternal deaths,Russian Federation,1990,1184
Number of maternal deaths,Eritrea,1990,1190
Number of maternal deaths,Switzerland,1990,11.68
Number of maternal deaths,South Sudan,1990,12082
Number of maternal deaths,Democratic Republic of the Congo,1990,12704
Number of maternal deaths,Saudi Arabia,1990,122.5
Number of maternal deaths,Cuba,1990,122.8
Number of maternal deaths,Zimbabwe,1990,1272
Number of maternal deaths,Serbia,1990,12.76
Number of maternal deaths,Botswana,1990,130
Number of maternal deaths,Peru,1990,1312
Number of maternal deaths,Gabon,1990,136.2
Number of maternal deaths,France,1990,136.8
Number of maternal deaths,Iraq,1990,1391
Number of maternal deaths,Slovakia,1990,14.22
Number of maternal deaths,Comoros,1990,143.3
Number of maternal deaths,India,1990,145253
Number of maternal deaths,Equatorial Guinea,1990,150.6
Number of maternal deaths,Lao People's Democratic Republic,1990,1527
Number of maternal deaths,Algeria,1990,1531
Number of maternal deaths,Djibouti,1990,156.2
Number of maternal deaths,Bhutan,1990,158.5
Number of maternal deaths,Fiji,1990,15.98
Number of maternal deaths,Lithuania,1990,16.47
Number of maternal deaths,Japan,1990,165.7
Number of maternal deaths,Chile,1990,167.5
Number of maternal deaths,Benin,1990,1670
Number of maternal deaths,Bosnia and Herzegovina,1990,16.85
Number of maternal deaths,Syrian Arab Republic,1990,173.5
Number of maternal deaths,Mauritius,1990,17.53
Number of maternal deaths,Latvia,1990,17.76
Number of maternal deaths,Indonesia,1990,18551
Number of maternal deaths,Namibia,1990,182.5
Number of maternal deaths,Eswatini,1990,183.5
Number of maternal deaths,Tunisia,1990,183.5
Number of maternal deaths,Tajikistan,1990,186
Number of maternal deaths,Democratic People's Republic of Korea,1990,186.9
Number of maternal deaths,Oman,1990,18.98
Number of maternal deaths,Republic of Korea,1990,194.4
Number of maternal deaths,Mexico,1990,1965
Number of maternal deaths,Sri Lanka,1990,197.2
Number of maternal deaths,South Africa,1990,1987
Number of maternal deaths,Grenada,1990,1.65
Number of maternal deaths,Saint Vincent and the Grenadines,1990,1.85
Number of maternal deaths,Cyprus,1990,2.32
Number of maternal deaths,Czechia,1990,19.83
Number of maternal deaths,Uruguay,1990,19.64
Number of maternal deaths,Portugal,1990,20.38
Number of maternal deaths,Mongolia,1990,204
Number of maternal deaths,Senegal,1990,2068
Number of maternal deaths,Iran (Islamic Republic of),1990,2087
Number of maternal deaths,Egypt,1990,2087
Number of maternal deaths,Puerto Rico,1990,21.02
Number of maternal deaths,Pakistan,1990,21602
Number of maternal deaths,Trinidad and Tobago,1990,22.23
Number of maternal deaths,Zambia,1990,2286
Number of maternal deaths,Haiti,1990,2292
Number of maternal deaths,Solomon Islands,1990,23.34
Number of maternal deaths,Australia,1990,23.05
Number of maternal deaths,Cambodia,1990,2330
Number of maternal deaths,Malaysia,1990,238.5
Number of maternal deaths,Netherlands (Kingdom of the),1990,23.75
Number of maternal deaths,Albania,1990,25.23
Number of maternal deaths,Kazakhstan,1990,250.6
Number of maternal deaths,Liberia,1990,2525
Number of maternal deaths,Yemen,1990,2535
Number of maternal deaths,Israel,1990,26.44
Number of maternal deaths,Spain,1990,26.12
Number of maternal deaths,El Salvador,1990,263.2
Number of maternal deaths,Ukraine,1990,272.5
Number of maternal deaths,Paraguay,1990,275.3
Number of maternal deaths,Viet Nam,1990,2784
Number of maternal deaths,Bulgaria,1990,28.46
Number of maternal deaths,China,1990,28532
Number of maternal deaths,Cameroon,1990,2819
Number of maternal deaths,Barbados,1990,2.51
Number of maternal deaths,Saint Kitts and Nevis,1990,2.9
Number of maternal deaths,Saint Lucia,1990,2.82
Number of maternal deaths,Slovenia,1990,3.1
Number of maternal deaths,Canada,1990,30.08
Number of maternal deaths,Sierra Leone,1990,3000
Number of maternal deaths,Honduras,1990,303.9
Number of maternal deaths,Hungary,1990,30.85
Number of maternal deaths,Ethiopia,1990,31924
Number of maternal deaths,Maldives,1990,32.1
Number of maternal deaths,Burkina Faso,1990,3276
Number of maternal deaths,Jamaica,1990,33.39
Number of maternal deaths,Costa Rica,1990,33.32
Number of maternal deaths,Guinea,1990,3398
Number of maternal deaths,Georgia,1990,34.45
Number of maternal deaths,Bangladesh,1990,34145
Number of maternal deaths,Uzbekistan,1990,344.1
Number of maternal deaths,Chad,1990,3508
Number of maternal deaths,Cote d'Ivoire,1990,3510
Number of maternal deaths,Madagascar,1990,3677
Number of maternal deaths,Romania,1990,372.3
Number of maternal deaths,Philippines,1990,3761
Number of maternal deaths,Morocco,1990,3788
Number of maternal deaths,Burundi,1990,3971
Number of maternal deaths,Bahamas,1990,4.01
Number of maternal deaths,Armenia,1990,41.17
Number of maternal deaths,Lesotho,1990,422.9
Number of maternal deaths,Rwanda,1990,4255
Number of maternal deaths,Nicaragua,1990,429.4
Number of maternal deaths,Suriname,1990,43.47
Number of maternal deaths,Republic of Moldova,1990,43.74
Number of maternal deaths,Dominican Republic,1990,446
Number of maternal deaths,Niger,1990,4489
Number of maternal deaths,Cabo Verde,1990,44.91
Number of maternal deaths,Belarus,1990,45.78
Number of maternal deaths,Congo,1990,467.7
Number of maternal deaths,Mali,1990,4696
Number of maternal deaths,Venezuela (Bolivarian Republic of),1990,476.6
Number of maternal deaths,Ghana,1990,4790
Number of maternal deaths,Lebanon,1990,47.95
Number of maternal deaths,United Kingdom of Great Britain and Northern Ireland,1990,48.26
Number of maternal deaths,Timor-Leste,1990,480.1
Number of maternal deaths,Somalia,1990,4835
Number of maternal deaths,Argentina,1990,488.8
Number of maternal deaths,United States of America,1990,490.3
Number of maternal deaths,Bahrain,1990,4.88
Number of maternal deaths,Tonga,1990,4.58
Number of maternal deaths,Finland,1990,5.25
Number of maternal deaths,Belize,1990,5.24
Number of maternal deaths,Brunei Darussalam,1990,4.92
Number of maternal deaths,Croatia,1990,5.49
Number of maternal deaths,Norway,1990,5.44
Number of maternal deaths,Guyana,1990,50.21
Number of maternal deaths,Angola,1990,5122
Number of maternal deaths,Malawi,1990,5143
Number of maternal deaths,Papua New Guinea,1990,514.8
Number of maternal deaths,Uganda,1990,5151
Number of maternal deaths,Brazil,1990,5163
Number of maternal deaths,Ecuador,1990,527.5
Number of maternal deaths,Nigeria,1990,55571
Number of maternal deaths,Panama,1990,58.4
Number of maternal deaths,Marshall Islands,1990,5.89
Number of maternal deaths,Kiribati,1990,5.61
Number of maternal deaths,North Macedonia,1990,5.97
Number of maternal deaths,Ireland,1990,5.74
Number of maternal deaths,Türkiye,1990,599.7
Number of maternal deaths,Gambia,1990,607.5
Number of maternal deaths,Kenya,1990,6237
Number of maternal deaths,Myanmar,1990,6350
Number of maternal deaths,Thailand,1990,649
Number of maternal deaths,Nepal,1990,6847
Number of maternal deaths,Mauritania,1990,693.5
Number of maternal deaths,Micronesia (Federated States of),1990,7.4
Number of maternal deaths,Greece,1990,7.14
Number of maternal deaths,Mozambique,1990,7046
Number of maternal deaths,Guinea-Bissau,1990,753.6
Number of maternal deaths,"occupied Palestinian territory, including east Jerusalem",1990,76.24
Number of maternal deaths,Samoa,1990,7.8
Number of maternal deaths,Sao Tome and Principe,1990,8.22
Number of maternal deaths,Denmark,1990,7.7
Number of maternal deaths,Libya,1990,80.01
Number of maternal deaths,Sudan,1990,8099
Number of maternal deaths,Turkmenistan,1990,81.17
Number of maternal deaths,Azerbaijan,1990,85.55
Number of maternal deaths,Colombia,1990,891.1
Number of maternal deaths,Vanuatu,1990,8.69
Number of maternal deaths,Kuwait,1990,8.63
Number of maternal deaths,United Arab Emirates,1990,8.67
Number of maternal deaths,Singapore,1990,8.55
Number of maternal deaths,Jordan,1990,93.46
Number of maternal deaths,Guatemala,1990,971.1
Number of maternal deaths,Afghanistan,1990,9875
Number of maternal deaths,Poland,1990,99.15
Number of maternal deaths,Andorra,1989,0.13
Number of maternal deaths,Cook Islands,1989,0.037
Number of maternal deaths,Monaco,1989,0.06
Number of maternal deaths,San Marino,1989,0.026
Number of maternal deaths,Palau,1989,0.31
Number of maternal deaths,Antigua and Barbuda,1989,0.54
Number of maternal deaths,Iceland,1989,0.62
Number of maternal deaths,Nauru,1989,0.59
Number of maternal deaths,Luxembourg,1989,0.98
Number of maternal deaths,Malta,1989,1
Number of maternal deaths,Seychelles,1989,1.01
Number of maternal deaths,Tuvalu,1989,0.89
Number of maternal deaths,Dominica,1989,1.25
Number of maternal deaths,Montenegro,1989,0.99
Number of maternal deaths,Qatar,1989,1.48
Number of maternal deaths,Sweden,1989,9.82
Number of maternal deaths,New Zealand,1989,10.33
Number of maternal deaths,United Republic of Tanzania,1989,10266
Number of maternal deaths,Jordan,1989,100.1
Number of maternal deaths,Poland,1989,101.4
Number of maternal deaths,Kyrgyzstan,1989,101.7
Number of maternal deaths,Togo,1989,1052
Number of maternal deaths,Germany,1989,105.8
Number of maternal deaths,Italy,1989,107.4
Number of maternal deaths,Bolivia (Plurinational State of),1989,1095
Number of maternal deaths,Belgium,1989,10.55
Number of maternal deaths,Austria,1989,10.93
Number of maternal deaths,Central African Republic,1989,1100
Number of maternal deaths,Estonia,1989,11.67
Number of maternal deaths,Switzerland,1989,11.66
Number of maternal deaths,South Sudan,1989,12774
Number of maternal deaths,Democratic Republic of the Congo,1989,12947
Number of maternal deaths,Cuba,1989,124.9
Number of maternal deaths,Saudi Arabia,1989,127.6
Number of maternal deaths,Eritrea,1989,1285
Number of maternal deaths,Serbia,1989,12.92
Number of maternal deaths,Peru,1989,1302
Number of maternal deaths,Iraq,1989,1306
Number of maternal deaths,Botswana,1989,131.7
Number of maternal deaths,Gabon,1989,133.2
Number of maternal deaths,Russian Federation,1989,1347
Number of maternal deaths,Zimbabwe,1989,1372
Number of maternal deaths,Slovakia,1989,13.76
Number of maternal deaths,France,1989,144
Number of maternal deaths,Equatorial Guinea,1989,146
Number of maternal deaths,Djibouti,1989,147.8
Number of maternal deaths,Comoros,1989,147.8
Number of maternal deaths,Namibia,1989,150.8
Number of maternal deaths,India,1989,151595
Number of maternal deaths,Lao People's Democratic Republic,1989,1528
Number of maternal deaths,Fiji,1989,15.93
Number of maternal deaths,Algeria,1989,1665
Number of maternal deaths,Bhutan,1989,167.4
Number of maternal deaths,Lithuania,1989,17.23
Number of maternal deaths,Benin,1989,1725
Number of maternal deaths,Eswatini,1989,176
Number of maternal deaths,Latvia,1989,17.88
Number of maternal deaths,Mauritius,1989,18.36
Number of maternal deaths,Bosnia and Herzegovina,1989,18.31
Number of maternal deaths,Japan,1989,179.6
Number of maternal deaths,Chile,1989,181.7
Number of maternal deaths,Liberia,1989,1882
Number of maternal deaths,Syrian Arab Republic,1989,189.4
Number of maternal deaths,Tunisia,1989,189.3
Number of maternal deaths,Indonesia,1989,19292
Number of maternal deaths,Republic of Korea,1989,193.5
Number of maternal deaths,Tajikistan,1989,197.6
Number of maternal deaths,Grenada,1989,1.81
Number of maternal deaths,Saint Vincent and the Grenadines,1989,1.8
Number of maternal deaths,Cyprus,1989,2.33
Number of maternal deaths,Barbados,1989,2.19
Number of maternal deaths,Czechia,1989,19.59
Number of maternal deaths,Uruguay,1989,20.09
Number of maternal deaths,Sri Lanka,1989,203
Number of maternal deaths,Democratic People's Republic of Korea,1989,204.3
Number of maternal deaths,Mexico,1989,2060
Number of maternal deaths,Senegal,1989,2094
Number of maternal deaths,Oman,1989,20.56
Number of maternal deaths,Portugal,1989,21.29
Number of maternal deaths,Pakistan,1989,21393
Number of maternal deaths,South Africa,1989,2145
Number of maternal deaths,Puerto Rico,1989,22.48
Number of maternal deaths,Iran (Islamic Republic of),1989,2248
Number of maternal deaths,Egypt,1989,2260
Number of maternal deaths,Zambia,1989,2272
Number of maternal deaths,Solomon Islands,1989,23.4
Number of maternal deaths,Australia,1989,22.57
Number of maternal deaths,Cambodia,1989,2318
Number of maternal deaths,Haiti,1989,2326
Number of maternal deaths,Mongolia,1989,232.8
Number of maternal deaths,Malaysia,1989,238.3
Number of maternal deaths,Netherlands (Kingdom of the),1989,23.84
Number of maternal deaths,Trinidad and Tobago,1989,24.05
Number of maternal deaths,Yemen,1989,2552
Number of maternal deaths,Albania,1989,26.36
Number of maternal deaths,Kazakhstan,1989,264.4
Number of maternal deaths,Israel,1989,27.43
Number of maternal deaths,Spain,1989,27.1
Number of maternal deaths,Cameroon,1989,2720
Number of maternal deaths,China,1989,28201
Number of maternal deaths,El Salvador,1989,282.8
Number of maternal deaths,Viet Nam,1989,2840
Number of maternal deaths,Paraguay,1989,288.4
Number of maternal deaths,Bulgaria,1989,28.92
Number of maternal deaths,Sierra Leone,1989,2938
Number of maternal deaths,Ukraine,1989,297.2
Number of maternal deaths,Saint Kitts and Nevis,1989,3.05
Number of maternal deaths,Saint Lucia,1989,2.62
Number of maternal deaths,Slovenia,1989,3.41
Number of maternal deaths,Hungary,1989,30.24
Number of maternal deaths,Canada,1989,29.52
Number of maternal deaths,Ethiopia,1989,30223
Number of maternal deaths,Jamaica,1989,30.93
Number of maternal deaths,Honduras,1989,317.2
Number of maternal deaths,Chad,1989,3284
Number of maternal deaths,Burkina Faso,1989,3322
Number of maternal deaths,Guinea,1989,3399
Number of maternal deaths,Costa Rica,1989,33.63
Number of maternal deaths,Bangladesh,1989,34750
Number of maternal deaths,Madagascar,1989,3512
Number of maternal deaths,Cote d'Ivoire,1989,3534
Number of maternal deaths,Uzbekistan,1989,353.9
Number of maternal deaths,Maldives,1989,35.62
Number of maternal deaths,Georgia,1989,37.41
Number of maternal deaths,Philippines,1989,3794
Number of maternal deaths,Armenia,1989,38.84
Number of maternal deaths,Burundi,1989,3920
Number of maternal deaths,Bahamas,1989,3.92
Number of maternal deaths,United Kingdom of Great Britain and Northern Ireland,1989,40.06
Number of maternal deaths,Rwanda,1989,4029
Number of maternal deaths,Morocco,1989,4092
Number of maternal deaths,Nicaragua,1989,436.2
Number of maternal deaths,Lesotho,1989,437.9
Number of maternal deaths,Niger,1989,4478
Number of maternal deaths,Republic of Moldova,1989,45.26
Number of maternal deaths,Venezuela (Bolivarian Republic of),1989,454.4
Number of maternal deaths,Congo,1989,457.4
Number of maternal deaths,Suriname,1989,46.19
Number of maternal deaths,Dominican Republic,1989,464.6
Number of maternal deaths,Mali,1989,4747
Number of maternal deaths,Cabo Verde,1989,48.28
Number of maternal deaths,Argentina,1989,480.3
Number of maternal deaths,United States of America,1989,482
Number of maternal deaths,Timor-Leste,1989,482.9
Number of maternal deaths,Belarus,1989,49.15
Number of maternal deaths,Ghana,1989,4903
Number of maternal deaths,Somalia,1989,4999
Number of maternal deaths,Bahrain,1989,4.87
Number of maternal deaths,Tonga,1989,4.6
Number of maternal deaths,Finland,1989,4.96
Number of maternal deaths,Belize,1989,5.35
Number of maternal deaths,Brunei Darussalam,1989,5.13
Number of maternal deaths,Croatia,1989,5.32
Number of maternal deaths,Ireland,1989,5.17
Number of maternal deaths,Norway,1989,5.25
Number of maternal deaths,North Macedonia,1989,5.47
Number of maternal deaths,Lebanon,1989,49.67
Number of maternal deaths,Angola,1989,5023
Number of maternal deaths,Malawi,1989,5050
Number of maternal deaths,Guyana,1989,51.19
Number of maternal deaths,Ecuador,1989,512.4
Number of maternal deaths,Papua New Guinea,1989,518.6
Number of maternal deaths,Romania,1989,521.8
Number of maternal deaths,Uganda,1989,5278
Number of maternal deaths,Kenya,1989,5404
Number of maternal deaths,Nigeria,1989,55229
Number of maternal deaths,Brazil,1989,5640
Number of maternal deaths,Marshall Islands,1989,5.7
Number of maternal deaths,Kuwait,1989,5.55
Number of maternal deaths,Kiribati,1989,5.89
Number of maternal deaths,Gambia,1989,609.4
Number of maternal deaths,Panama,1989,62.96
Number of maternal deaths,Myanmar,1989,6527
Number of maternal deaths,Türkiye,1989,656.7
Number of maternal deaths,Thailand,1989,697.7
Number of maternal deaths,Micronesia (Federated States of),1989,7.5
Number of maternal deaths,Mauritania,1989,702.3
Number of maternal deaths,Nepal,1989,7113
Number of maternal deaths,Mozambique,1989,7363
Number of maternal deaths,Guinea-Bissau,1989,755.7
Number of maternal deaths,"occupied Palestinian territory, including east Jerusalem",1989,76.91
Number of maternal deaths,Samoa,1989,7.99
Number of maternal deaths,Sao Tome and Principe,1989,8.17
Number of maternal deaths,Greece,1989,7.65
Number of maternal deaths,Singapore,1989,8.27
Number of maternal deaths,United Arab Emirates,1989,8.45
Number of maternal deaths,Denmark,1989,7.84
Number of maternal deaths,Sudan,1989,8369
Number of maternal deaths,Turkmenistan,1989,86.49
Number of maternal deaths,Libya,1989,86.57
Number of maternal deaths,Vanuatu,1989,9.2
Number of maternal deaths,Colombia,1989,907
Number of maternal deaths,Azerbaijan,1989,91.71
Number of maternal deaths,Afghanistan,1989,9328
Number of maternal deaths,Guatemala,1989,960.5
Number of maternal deaths,Andorra,1988,0.11
Number of maternal deaths,Cook Islands,1988,0.044
Number of maternal deaths,Monaco,1988,0.063
Number of maternal deaths,San Marino,1988,0.026
Number of maternal deaths,Iceland,1988,0.5
Number of maternal deaths,Palau,1988,0.31
Number of maternal deaths,Antigua and Barbuda,1988,0.5
Number of maternal deaths,Nauru,1988,0.59
Number of maternal deaths,Malta,1988,0.99
Number of maternal deaths,Seychelles,1988,1.02
Number of maternal deaths,Dominica,1988,1.26
Number of maternal deaths,Luxembourg,1988,1.1
Number of maternal deaths,Montenegro,1988,1.06
Number of maternal deaths,Tuvalu,1988,0.92
Number of maternal deaths,Vanuatu,1988,9.65
Number of maternal deaths,Singapore,1988,9.77
Number of maternal deaths,Belgium,1988,10.37
Number of maternal deaths,Sweden,1988,10.16
Number of maternal deaths,United Republic of Tanzania,1988,10355
Number of maternal deaths,Togo,1988,1007
Number of maternal deaths,Jordan,1988,101.9
Number of maternal deaths,Central African Republic,1988,1057
Number of maternal deaths,Kyrgyzstan,1988,105.8
Number of maternal deaths,Poland,1988,107.5
Number of maternal deaths,Estonia,1988,10.59
Number of maternal deaths,New Zealand,1988,10.68
Number of maternal deaths,Austria,1988,11.37
Number of maternal deaths,Germany,1988,113.2
Number of maternal deaths,Italy,1988,115.1
Number of maternal deaths,Bolivia (Plurinational State of),1988,1152
Number of maternal deaths,Iraq,1988,1162
Number of maternal deaths,Switzerland,1988,11.66
Number of maternal deaths,Cuba,1988,127.1
Number of maternal deaths,Eritrea,1988,1288
Number of maternal deaths,Peru,1988,1296
Number of maternal deaths,Democratic Republic of the Congo,1988,13141
Number of maternal deaths,South Sudan,1988,13917
Number of maternal deaths,Gabon,1988,131.5
Number of maternal deaths,Saudi Arabia,1988,132.7
Number of maternal deaths,Equatorial Guinea,1988,138.7
Number of maternal deaths,Serbia,1988,13.66
Number of maternal deaths,Botswana,1988,141
Number of maternal deaths,Djibouti,1988,144.2
Number of maternal deaths,France,1988,146.6
Number of maternal deaths,Slovakia,1988,15
Number of maternal deaths,Comoros,1988,150
Number of maternal deaths,Russian Federation,1988,1502
Number of maternal deaths,Zimbabwe,1988,1554
Number of maternal deaths,Lao People's Democratic Republic,1988,1566
Number of maternal deaths,India,1988,157724
Number of maternal deaths,Fiji,1988,16.33
Number of maternal deaths,Lithuania,1988,15.91
Number of maternal deaths,Namibia,1988,160.3
Number of maternal deaths,Eswatini,1988,166.4
Number of maternal deaths,Latvia,1988,17.23
Number of maternal deaths,Bhutan,1988,176.7
Number of maternal deaths,Benin,1988,1770
Number of maternal deaths,Algeria,1988,1786
Number of maternal deaths,Tajikistan,1988,185.2
Number of maternal deaths,Liberia,1988,1862
Number of maternal deaths,Chile,1988,187
Number of maternal deaths,Mauritius,1988,19.01
Number of maternal deaths,Puerto Rico,1988,19.29
Number of maternal deaths,Grenada,1988,1.72
Number of maternal deaths,Qatar,1988,1.51
Number of maternal deaths,Saint Vincent and the Grenadines,1988,1.75
Number of maternal deaths,Barbados,1988,2.04
Number of maternal deaths,Czechia,1988,20.33
Number of maternal deaths,Indonesia,1988,20801
Number of maternal deaths,Pakistan,1988,20973
Number of maternal deaths,Japan,1988,201.7
Number of maternal deaths,Republic of Korea,1988,202.2
Number of maternal deaths,Sri Lanka,1988,203.6
Number of maternal deaths,Syrian Arab Republic,1988,206.4
Number of maternal deaths,Bosnia and Herzegovina,1988,21.24
Number of maternal deaths,Mexico,1988,2137
Number of maternal deaths,Tunisia,1988,215.4
Number of maternal deaths,Oman,1988,22.08
Number of maternal deaths,Portugal,1988,22.02
Number of maternal deaths,Uruguay,1988,21.58
Number of maternal deaths,Australia,1988,21.62
Number of maternal deaths,Senegal,1988,2206
Number of maternal deaths,Zambia,1988,2211
Number of maternal deaths,South Africa,1988,2264
Number of maternal deaths,Democratic People's Republic of Korea,1988,227
Number of maternal deaths,Solomon Islands,1988,23.49
Number of maternal deaths,Netherlands (Kingdom of the),1988,22.68
Number of maternal deaths,Haiti,1988,2370
Number of maternal deaths,Egypt,1988,2415
Number of maternal deaths,Cambodia,1988,2474
Number of maternal deaths,Mongolia,1988,253.4
Number of maternal deaths,Malaysia,1988,254.2
Number of maternal deaths,Iran (Islamic Republic of),1988,2577
Number of maternal deaths,Trinidad and Tobago,1988,25.52
Number of maternal deaths,Yemen,1988,2602
Number of maternal deaths,Cameroon,1988,2641
Number of maternal deaths,Albania,1988,26.92
Number of maternal deaths,Canada,1988,26.82
Number of maternal deaths,Spain,1988,27.81
Number of maternal deaths,China,1988,28456
Number of maternal deaths,Kazakhstan,1988,279.8
Number of maternal deaths,Viet Nam,1988,2804
Number of maternal deaths,Sierra Leone,1988,2827
Number of maternal deaths,Israel,1988,28.96
Number of maternal deaths,Hungary,1988,28.96
Number of maternal deaths,Ethiopia,1988,29367
Number of maternal deaths,Cyprus,1988,2.55
Number of maternal deaths,Saint Kitts and Nevis,1988,2.96
Number of maternal deaths,Saint Lucia,1988,2.87
Number of maternal deaths,Bulgaria,1988,30.02
Number of maternal deaths,Jamaica,1988,29.87
Number of maternal deaths,Paraguay,1988,300.4
Number of maternal deaths,United Kingdom of Great Britain and Northern Ireland,1988,31.33
Number of maternal deaths,El Salvador,1988,314.1
Number of maternal deaths,Chad,1988,3167
Number of maternal deaths,Honduras,1988,326.5
Number of maternal deaths,Ukraine,1988,330.8
Number of maternal deaths,Burkina Faso,1988,3337
Number of maternal deaths,Guinea,1988,3363
Number of maternal deaths,Costa Rica,1988,33.96
Number of maternal deaths,Bangladesh,1988,34900
Number of maternal deaths,Madagascar,1988,3420
Number of maternal deaths,Georgia,1988,35.03
Number of maternal deaths,Cote d'Ivoire,1988,3561
Number of maternal deaths,Rwanda,1988,3854
Number of maternal deaths,Uzbekistan,1988,386.3
Number of maternal deaths,Burundi,1988,3899
Number of maternal deaths,Philippines,1988,3905
Number of maternal deaths,Bahamas,1988,3.82
Number of maternal deaths,Slovenia,1988,4.03
Number of maternal deaths,Maldives,1988,39.5
Number of maternal deaths,Lesotho,1988,442.4
Number of maternal deaths,Morocco,1988,4469
Number of maternal deaths,Niger,1988,4495
Number of maternal deaths,Congo,1988,449.8
Number of maternal deaths,Venezuela (Bolivarian Republic of),1988,455.8
Number of maternal deaths,Armenia,1988,46.2
Number of maternal deaths,Nicaragua,1988,459.8
Number of maternal deaths,United States of America,1988,464.6
Number of maternal deaths,Suriname,1988,46.7
Number of maternal deaths,Dominican Republic,1988,474.7
Number of maternal deaths,Mali,1988,4804
Number of maternal deaths,Malawi,1988,4925
Number of maternal deaths,Angola,1988,4932
Number of maternal deaths,Argentina,1988,497
Number of maternal deaths,Bahrain,1988,4.9
Number of maternal deaths,Tonga,1988,4.81
Number of maternal deaths,Marshall Islands,1988,5.25
Number of maternal deaths,Finland,1988,4.81
Number of maternal deaths,Belize,1988,5.36
Number of maternal deaths,Brunei Darussalam,1988,5.17
Number of maternal deaths,Norway,1988,5.37
Number of maternal deaths,Ecuador,1988,505.9
Number of maternal deaths,Ghana,1988,5067
Number of maternal deaths,Republic of Moldova,1988,50.56
Number of maternal deaths,Belarus,1988,50.95
Number of maternal deaths,Cabo Verde,1988,51.65
Number of maternal deaths,Papua New Guinea,1988,521.2
Number of maternal deaths,Somalia,1988,5229
Number of maternal deaths,Guyana,1988,52.5
Number of maternal deaths,Nigeria,1988,54805
Number of maternal deaths,Timor-Leste,1988,548.4
Number of maternal deaths,Uganda,1988,5504
Number of maternal deaths,Kenya,1988,5529
Number of maternal deaths,Romania,1988,597.2
Number of maternal deaths,Kuwait,1988,5.59
Number of maternal deaths,Kiribati,1988,6.01
Number of maternal deaths,North Macedonia,1988,6.18
Number of maternal deaths,Croatia,1988,5.73
Number of maternal deaths,Ireland,1988,5.95
Number of maternal deaths,Panama,1988,60.26
Number of maternal deaths,Gambia,1988,607.9
Number of maternal deaths,Brazil,1988,6142
Number of maternal deaths,Lebanon,1988,64.77
Number of maternal deaths,Myanmar,1988,6629
Number of maternal deaths,Mauritania,1988,684.3
Number of maternal deaths,Türkiye,1988,698.7
Number of maternal deaths,Sao Tome and Principe,1988,7.5
Number of maternal deaths,Denmark,1988,7.41
Number of maternal deaths,Thailand,1988,721.8
Number of maternal deaths,Nepal,1988,7480
Number of maternal deaths,Mozambique,1988,7674
Number of maternal deaths,"occupied Palestinian territory, including east Jerusalem",1988,76.65
Number of maternal deaths,Guinea-Bissau,1988,775.7
Number of maternal deaths,Micronesia (Federated States of),1988,7.83
Number of maternal deaths,United Arab Emirates,1988,8.32
Number of maternal deaths,Samoa,1988,8.45
Number of maternal deaths,Greece,1988,8.31
Number of maternal deaths,Sudan,1988,8172
Number of maternal deaths,Turkmenistan,1988,92.48
Number of maternal deaths,Libya,1988,93.05
Number of maternal deaths,Afghanistan,1988,9365
Number of maternal deaths,Guatemala,1988,948.9
Number of maternal deaths,Colombia,1988,955.2
Number of maternal deaths,Azerbaijan,1988,96.87
Number of maternal deaths,Andorra,1987,0.11
Number of maternal deaths,Cook Islands,1987,0.062
Number of maternal deaths,Monaco,1987,0.066
Number of maternal deaths,Palau,1987,0.28
Number of maternal deaths,San Marino,1987,0.026
Number of maternal deaths,Antigua and Barbuda,1987,0.53
Number of maternal deaths,Iceland,1987,0.55
Number of maternal deaths,Nauru,1987,0.59
Number of maternal deaths,Tuvalu,1987,0.78
Number of maternal deaths,Luxembourg,1987,0.96
Number of maternal deaths,Malta,1987,1.06
Number of maternal deaths,Dominica,1987,1.17
Number of maternal deaths,Montenegro,1987,1.09
Number of maternal deaths,Qatar,1987,1.49
Number of maternal deaths,Seychelles,1987,1.08
Number of maternal deaths,Belgium,1987,10.3
Number of maternal deaths,Estonia,1987,10.46
Number of maternal deaths,Greece,1987,9.76
Number of maternal deaths,New Zealand,1987,10.48
Number of maternal deaths,United Republic of Tanzania,1987,10259
Number of maternal deaths,Afghanistan,1987,10827
Number of maternal deaths,Togo,1987,999.6
Number of maternal deaths,Colombia,1987,1005
Number of maternal deaths,Central African Republic,1987,1027
Number of maternal deaths,Jordan,1987,105.2
Number of maternal deaths,Kyrgyzstan,1987,107.9
Number of maternal deaths,Vanuatu,1987,11.07
Number of maternal deaths,Switzerland,1987,10.61
Number of maternal deaths,Austria,1987,11.33
Number of maternal deaths,Poland,1987,111.3
Number of maternal deaths,Germany,1987,112.9
Number of maternal deaths,Italy,1987,115.5
Number of maternal deaths,Bolivia (Plurinational State of),1987,1188
Number of maternal deaths,Cuba,1987,123.7
Number of maternal deaths,Gabon,1987,128.1
Number of maternal deaths,Democratic Republic of the Congo,1987,13376
Number of maternal deaths,Peru,1987,1301
Number of maternal deaths,Eritrea,1987,1307
Number of maternal deaths,Equatorial Guinea,1987,132.8
Number of maternal deaths,Botswana,1987,134.5
Number of maternal deaths,Saudi Arabia,1987,137.1
Number of maternal deaths,Djibouti,1987,139.3
Number of maternal deaths,Serbia,1987,14.36
Number of maternal deaths,France,1987,146.6
Number of maternal deaths,Namibia,1987,151.3
Number of maternal deaths,Comoros,1987,151.8
Number of maternal deaths,Lao People's Democratic Republic,1987,1582
Number of maternal deaths,Slovakia,1987,16.01
Number of maternal deaths,India,1987,164799
Number of maternal deaths,Russian Federation,1987,1661
Number of maternal deaths,Fiji,1987,17.14
Number of maternal deaths,Lithuania,1987,16.63
Number of maternal deaths,Eswatini,1987,174.7
Number of maternal deaths,Zimbabwe,1987,1760
Number of maternal deaths,Latvia,1987,18.19
Number of maternal deaths,Liberia,1987,1835
Number of maternal deaths,Benin,1987,1845
Number of maternal deaths,Bhutan,1987,187.5
Number of maternal deaths,Puerto Rico,1987,18.65
Number of maternal deaths,Tajikistan,1987,193.2
Number of maternal deaths,Chile,1987,193.6
Number of maternal deaths,Algeria,1987,1941
Number of maternal deaths,Grenada,1987,2.11
Number of maternal deaths,Saint Vincent and the Grenadines,1987,1.85
Number of maternal deaths,Barbados,1987,2.15
Number of maternal deaths,Czechia,1987,19.69
Number of maternal deaths,Mauritius,1987,19.94
Number of maternal deaths,South Sudan,1987,20183
Number of maternal deaths,Pakistan,1987,20423
Number of maternal deaths,Indonesia,1987,20929
Number of maternal deaths,Australia,1987,21.26
Number of maternal deaths,Sri Lanka,1987,213
Number of maternal deaths,Zambia,1987,2141
Number of maternal deaths,Japan,1987,215.1
Number of maternal deaths,Uruguay,1987,22.18
Number of maternal deaths,Syrian Arab Republic,1987,220.8
Number of maternal deaths,Republic of Korea,1987,224.9
Number of maternal deaths,Mexico,1987,2272
Number of maternal deaths,Bosnia and Herzegovina,1987,23.18
Number of maternal deaths,United Kingdom of Great Britain and Northern Ireland,1987,22.64
Number of maternal deaths,Netherlands (Kingdom of the),1987,23.11
Number of maternal deaths,Senegal,1987,2353
Number of maternal deaths,South Africa,1987,2382
Number of maternal deaths,Haiti,1987,2383
Number of maternal deaths,Solomon Islands,1987,23.97
Number of maternal deaths,Oman,1987,23.68
Number of maternal deaths,Portugal,1987,23.69
Number of maternal deaths,Tunisia,1987,248.9
Number of maternal deaths,Cambodia,1987,2507
Number of maternal deaths,Egypt,1987,2526
Number of maternal deaths,Democratic People's Republic of Korea,1987,252.6
Number of maternal deaths,Mongolia,1987,256.7
Number of maternal deaths,Cameroon,1987,2574
Number of maternal deaths,Malaysia,1987,258.2
Number of maternal deaths,Yemen,1987,2598
Number of maternal deaths,Canada,1987,25.87
Number of maternal deaths,Albania,1987,27.41
Number of maternal deaths,Trinidad and Tobago,1987,26.56
Number of maternal deaths,Sierra Leone,1987,2735
Number of maternal deaths,Israel,1987,27.89
Number of maternal deaths,Ethiopia,1987,28017
Number of maternal deaths,Iran (Islamic Republic of),1987,2823
Number of maternal deaths,Bulgaria,1987,28.7
Number of maternal deaths,Spain,1987,28.59
Number of maternal deaths,Jamaica,1987,28.64
Number of maternal deaths,Viet Nam,1987,2938
Number of maternal deaths,Kazakhstan,1987,294.4
Number of maternal deaths,Cyprus,1987,2.5
Number of maternal deaths,Saint Kitts and Nevis,1987,2.95
Number of maternal deaths,Saint Lucia,1987,2.87
Number of maternal deaths,Hungary,1987,29.87
Number of maternal deaths,Paraguay,1987,301.6
Number of maternal deaths,Chad,1987,3081
Number of maternal deaths,China,1987,31485
Number of maternal deaths,El Salvador,1987,319.1
Number of maternal deaths,Guinea,1987,3323
Number of maternal deaths,Honduras,1987,334.1
Number of maternal deaths,Burkina Faso,1987,3340
Number of maternal deaths,Madagascar,1987,3396
Number of maternal deaths,Georgia,1987,34.43
Number of maternal deaths,Costa Rica,1987,34.6
Number of maternal deaths,Bangladesh,1987,35477
Number of maternal deaths,Ukraine,1987,360.6
Number of maternal deaths,Cote d'Ivoire,1987,3610
Number of maternal deaths,Burundi,1987,3640
Number of maternal deaths,Rwanda,1987,3696
Number of maternal deaths,Ecuador,1987,392.9
Number of maternal deaths,Philippines,1987,3993
Number of maternal deaths,Bahamas,1987,3.75
Number of maternal deaths,Slovenia,1987,4.1
Number of maternal deaths,Finland,1987,4.4
Number of maternal deaths,Uzbekistan,1987,431.9
Number of maternal deaths,Maldives,1987,43.52
Number of maternal deaths,Armenia,1987,44.34
Number of maternal deaths,United States of America,1987,444.5
Number of maternal deaths,Congo,1987,446.8
Number of maternal deaths,Lesotho,1987,448.1
Number of maternal deaths,Malawi,1987,4526
Number of maternal deaths,Niger,1987,4542
Number of maternal deaths,Venezuela (Bolivarian Republic of),1987,457.9
Number of maternal deaths,Mali,1987,4795
Number of maternal deaths,Suriname,1987,47.73
Number of maternal deaths,Belarus,1987,48.08
Number of maternal deaths,Nicaragua,1987,480.4
Number of maternal deaths,Dominican Republic,1987,485.6
Number of maternal deaths,Morocco,1987,4891
Number of maternal deaths,Angola,1987,4902
Number of maternal deaths,Somalia,1987,4967
Number of maternal deaths,Bahrain,1987,4.82
Number of maternal deaths,Norway,1987,4.72
Number of maternal deaths,Tonga,1987,4.88
Number of maternal deaths,Marshall Islands,1987,5.33
Number of maternal deaths,Belize,1987,5.33
Number of maternal deaths,Brunei Darussalam,1987,5.24
Number of maternal deaths,Argentina,1987,509.1
Number of maternal deaths,Papua New Guinea,1987,514.5
Number of maternal deaths,Ghana,1987,5269
Number of maternal deaths,Cabo Verde,1987,54.39
Number of maternal deaths,Nigeria,1987,54278
Number of maternal deaths,Timor-Leste,1987,548.5
Number of maternal deaths,Guyana,1987,54.53
Number of maternal deaths,Kenya,1987,5602
Number of maternal deaths,Republic of Moldova,1987,56.91
Number of maternal deaths,Uganda,1987,5760
Number of maternal deaths,Kuwait,1987,5.74
Number of maternal deaths,Kiribati,1987,6.22
Number of maternal deaths,North Macedonia,1987,6.07
Number of maternal deaths,Croatia,1987,6.07
Number of maternal deaths,Ireland,1987,5.97
Number of maternal deaths,Panama,1987,59.68
Number of maternal deaths,Gambia,1987,613.4
Number of maternal deaths,Lebanon,1987,63.9
Number of maternal deaths,Brazil,1987,6465
Number of maternal deaths,Romania,1987,651
Number of maternal deaths,Mauritania,1987,690.6
Number of maternal deaths,Myanmar,1987,6933
Number of maternal deaths,Denmark,1987,6.64
Number of maternal deaths,"occupied Palestinian territory, including east Jerusalem",1987,74.06
Number of maternal deaths,Türkiye,1987,750.6
Number of maternal deaths,Nepal,1987,7720
Number of maternal deaths,Thailand,1987,775.6
Number of maternal deaths,Guinea-Bissau,1987,786.2
Number of maternal deaths,Sao Tome and Principe,1987,7.51
Number of maternal deaths,Micronesia (Federated States of),1987,7.96
Number of maternal deaths,United Arab Emirates,1987,8.07
Number of maternal deaths,Singapore,1987,7.92
Number of maternal deaths,Mozambique,1987,8351
Number of maternal deaths,Sudan,1987,8361
Number of maternal deaths,Samoa,1987,8.76
Number of maternal deaths,Sweden,1987,8.65
Number of maternal deaths,Iraq,1987,932.9
Number of maternal deaths,Guatemala,1987,936.7
Number of maternal deaths,Azerbaijan,1987,95.55
Number of maternal deaths,Turkmenistan,1987,96.56
Number of maternal deaths,Libya,1987,98.31
Number of maternal deaths,Andorra,1986,0.11
Number of maternal deaths,Cook Islands,1986,0.057
Number of maternal deaths,Monaco,1986,0.068
Number of maternal deaths,Palau,1986,0.28
Number of maternal deaths,San Marino,1986,0.026
Number of maternal deaths,Antigua and Barbuda,1986,0.49
Number of maternal deaths,Iceland,1986,0.58
Number of maternal deaths,Nauru,1986,0.58
Number of maternal deaths,Tuvalu,1986,0.69
Number of maternal deaths,Luxembourg,1986,1.04
Number of maternal deaths,Dominica,1986,1.17
Number of maternal deaths,Malta,1986,1.06
Number of maternal deaths,Montenegro,1986,1.13
Number of maternal deaths,Qatar,1986,1.47
Number of maternal deaths,Seychelles,1986,1.15
Number of maternal deaths,Belgium,1986,10.38
Number of maternal deaths,Greece,1986,9.89
Number of maternal deaths,United Republic of Tanzania,1986,10131
Number of maternal deaths,Azerbaijan,1986,102.5
Number of maternal deaths,Colombia,1986,1020
Number of maternal deaths,Libya,1986,106.5
Number of maternal deaths,Jordan,1986,109.1
Number of maternal deaths,Vanuatu,1986,10.59
Number of maternal deaths,Estonia,1986,11
Number of maternal deaths,Switzerland,1986,10.95
Number of maternal deaths,Afghanistan,1986,11069
Number of maternal deaths,Kyrgyzstan,1986,110.1
Number of maternal deaths,Germany,1986,115.3
Number of maternal deaths,Austria,1986,12.31
Number of maternal deaths,Poland,1986,120.3
Number of maternal deaths,Cuba,1986,122.7
Number of maternal deaths,Italy,1986,123
Number of maternal deaths,Bolivia (Plurinational State of),1986,1232
Number of maternal deaths,Equatorial Guinea,1986,125.3
Number of maternal deaths,Gabon,1986,126
Number of maternal deaths,Democratic Republic of the Congo,1986,13579
Number of maternal deaths,Peru,1986,1300
Number of maternal deaths,Eritrea,1986,1340
Number of maternal deaths,Djibouti,1986,135.3
Number of maternal deaths,Botswana,1986,136
Number of maternal deaths,Saudi Arabia,1986,140.6
Number of maternal deaths,Serbia,1986,15.03
Number of maternal deaths,Namibia,1986,150.7
Number of maternal deaths,Comoros,1986,151.6
Number of maternal deaths,France,1986,154.8
Number of maternal deaths,Lao People's Democratic Republic,1986,1598
Number of maternal deaths,United Kingdom of Great Britain and Northern Ireland,1986,16.43
Number of maternal deaths,Slovakia,1986,16.52
Number of maternal deaths,India,1986,173637
Number of maternal deaths,Russian Federation,1986,1756
Number of maternal deaths,Fiji,1986,17.51
Number of maternal deaths,Latvia,1986,17.69
Number of maternal deaths,Lithuania,1986,18.02
Number of maternal deaths,Eswatini,1986,182.5
Number of maternal deaths,Liberia,1986,1830
Number of maternal deaths,Tajikistan,1986,184.2
Number of maternal deaths,Benin,1986,1889
Number of maternal deaths,Puerto Rico,1986,19.23
Number of maternal deaths,Pakistan,1986,19570
Number of maternal deaths,Zimbabwe,1986,1930
Number of maternal deaths,Bhutan,1986,196.4
Number of maternal deaths,Chile,1986,197.6
Number of maternal deaths,Grenada,1986,2.08
Number of maternal deaths,Saint Vincent and the Grenadines,1986,1.96
Number of maternal deaths,Barbados,1986,2.23
Number of maternal deaths,Saint Lucia,1986,2.43
Number of maternal deaths,Mauritius,1986,19.89
Number of maternal deaths,Zambia,1986,2049
Number of maternal deaths,Australia,1986,20.7
Number of maternal deaths,Indonesia,1986,21808
Number of maternal deaths,Algeria,1986,2178
Number of maternal deaths,Czechia,1986,21.81
Number of maternal deaths,Uruguay,1986,22
Number of maternal deaths,Sri Lanka,1986,221.5
Number of maternal deaths,Netherlands (Kingdom of the),1986,23.17
Number of maternal deaths,Syrian Arab Republic,1986,232.8
Number of maternal deaths,Republic of Korea,1986,235.6
Number of maternal deaths,Japan,1986,237.9
Number of maternal deaths,Haiti,1986,2398
Number of maternal deaths,Portugal,1986,23.52
Number of maternal deaths,South Africa,1986,2428
Number of maternal deaths,Mexico,1986,2463
Number of maternal deaths,Bosnia and Herzegovina,1986,24.58
Number of maternal deaths,Senegal,1986,2507
Number of maternal deaths,Mongolia,1986,257.3
Number of maternal deaths,Cambodia,1986,2599
Number of maternal deaths,Oman,1986,25.56
Number of maternal deaths,Cameroon,1986,2610
Number of maternal deaths,Egypt,1986,2627
Number of maternal deaths,Sierra Leone,1986,2659
Number of maternal deaths,Solomon Islands,1986,26.61
Number of maternal deaths,Canada,1986,26.64
Number of maternal deaths,Ethiopia,1986,27842
Number of maternal deaths,Yemen,1986,2721
Number of maternal deaths,Malaysia,1986,273.5
Number of maternal deaths,Chad,1986,2756
Number of maternal deaths,Democratic People's Republic of Korea,1986,278.2
Number of maternal deaths,Jamaica,1986,28.44
Number of maternal deaths,Trinidad and Tobago,1986,28.49
Number of maternal deaths,Tunisia,1986,287.1
Number of maternal deaths,Albania,1986,28.57
Number of maternal deaths,Bulgaria,1986,29.33
Number of maternal deaths,Spain,1986,29.02
Number of maternal deaths,El Salvador,1986,296.5
Number of maternal deaths,Cyprus,1986,2.65
Number of maternal deaths,Saint Kitts and Nevis,1986,2.88
Number of maternal deaths,Kazakhstan,1986,301.6
Number of maternal deaths,Paraguay,1986,304
Number of maternal deaths,Iran (Islamic Republic of),1986,3089
Number of maternal deaths,China,1986,31174
Number of maternal deaths,Hungary,1986,32.38
Number of maternal deaths,Viet Nam,1986,3231
Number of maternal deaths,Guinea,1986,3276
Number of maternal deaths,Israel,1986,33.08
Number of maternal deaths,Burkina Faso,1986,3334
Number of maternal deaths,Madagascar,1986,3449
Number of maternal deaths,Honduras,1986,344.6
Number of maternal deaths,Burundi,1986,3576
Number of maternal deaths,Costa Rica,1986,35.68
Number of maternal deaths,Bangladesh,1986,36010
Number of maternal deaths,Rwanda,1986,3606
Number of maternal deaths,Cote d'Ivoire,1986,3672
Number of maternal deaths,Georgia,1986,37.38
Number of maternal deaths,Bahamas,1986,3.77
Number of maternal deaths,Slovenia,1986,4.12
Number of maternal deaths,Ukraine,1986,406.6
Number of maternal deaths,Philippines,1986,4077
Number of maternal deaths,Lesotho,1986,425.4
Number of maternal deaths,United States of America,1986,430.7
Number of maternal deaths,Malawi,1986,4403
Number of maternal deaths,Angola,1986,4447
Number of maternal deaths,Venezuela (Bolivarian Republic of),1986,447.6
Number of maternal deaths,Congo,1986,448.7
Number of maternal deaths,Niger,1986,4557
Number of maternal deaths,Maldives,1986,46.28
Number of maternal deaths,Uzbekistan,1986,467.9
Number of maternal deaths,Armenia,1986,46.76
Number of maternal deaths,Nicaragua,1986,472.8
Number of maternal deaths,Suriname,1986,48.25
Number of maternal deaths,Mali,1986,4927
Number of maternal deaths,Somalia,1986,4947
Number of maternal deaths,Finland,1986,4.57
Number of maternal deaths,Bahrain,1986,4.84
Number of maternal deaths,Norway,1986,4.62
Number of maternal deaths,Tonga,1986,5.02
Number of maternal deaths,Marshall Islands,1986,5.09
Number of maternal deaths,Brunei Darussalam,1986,5.26
Number of maternal deaths,Belize,1986,5.49
Number of maternal deaths,Dominican Republic,1986,502.4
Number of maternal deaths,Belarus,1986,50.69
Number of maternal deaths,Papua New Guinea,1986,514.6
Number of maternal deaths,Argentina,1986,527.4
Number of maternal deaths,Nigeria,1986,53872
Number of maternal deaths,Morocco,1986,5311
Number of maternal deaths,Ghana,1986,5421
Number of maternal deaths,Ecuador,1986,543.5
Number of maternal deaths,Lebanon,1986,55.75
Number of maternal deaths,Kenya,1986,5698
Number of maternal deaths,Guyana,1986,56.56
Number of maternal deaths,Timor-Leste,1986,575.5
Number of maternal deaths,Cabo Verde,1986,58.2
Number of maternal deaths,Kiribati,1986,6.14
Number of maternal deaths,Kuwait,1986,6.02
Number of maternal deaths,North Macedonia,1986,6.01
Number of maternal deaths,Croatia,1986,6.3
Number of maternal deaths,Panama,1986,60.3
Number of maternal deaths,Republic of Moldova,1986,60.36
Number of maternal deaths,Uganda,1986,6086
Number of maternal deaths,Gambia,1986,611.7
Number of maternal deaths,Romania,1986,661.3
Number of maternal deaths,Brazil,1986,6887
Number of maternal deaths,Ireland,1986,6.73
Number of maternal deaths,Singapore,1986,7.11
Number of maternal deaths,Denmark,1986,6.68
Number of maternal deaths,Mauritania,1986,711.2
Number of maternal deaths,Myanmar,1986,7340
Number of maternal deaths,"occupied Palestinian territory, including east Jerusalem",1986,78.94
Number of maternal deaths,Guinea-Bissau,1986,793.2
Number of maternal deaths,Türkiye,1986,793.7
Number of maternal deaths,Nepal,1986,7983
Number of maternal deaths,Micronesia (Federated States of),1986,7.64
Number of maternal deaths,Sao Tome and Principe,1986,7.96
Number of maternal deaths,United Arab Emirates,1986,7.98
Number of maternal deaths,Sweden,1986,8.42
Number of maternal deaths,Mozambique,1986,8321
Number of maternal deaths,Sudan,1986,8465
Number of maternal deaths,Thailand,1986,848.3
Number of maternal deaths,Samoa,1986,9.23
Number of maternal deaths,New Zealand,1986,9.4
Number of maternal deaths,Iraq,1986,921.7
Number of maternal deaths,South Sudan,1986,9267
Number of maternal deaths,Guatemala,1986,943
Number of maternal deaths,Turkmenistan,1986,97.4
Number of maternal deaths,Central African Republic,1986,993.8
Number of maternal deaths,Togo,1986,997.1
Number of maternal deaths,Andorra,1985,0.12
Number of maternal deaths,Cook Islands,1985,0.077
Number of maternal deaths,Monaco,1985,0.12
Number of maternal deaths,San Marino,1985,0.027
Number of maternal deaths,Iceland,1985,0.45
Number of maternal deaths,Palau,1985,0.29
Number of maternal deaths,Antigua and Barbuda,1985,0.53
Number of maternal deaths,Nauru,1985,0.52
Number of maternal deaths,Tuvalu,1985,0.69
Number of maternal deaths,Luxembourg,1985,0.99
Number of maternal deaths,Dominica,1985,1.13
Number of maternal deaths,Malta,1985,1.18
Number of maternal deaths,Montenegro,1985,1.21
Number of maternal deaths,Seychelles,1985,1.2
Number of maternal deaths,Samoa,1985,9.68
Number of maternal deaths,Belgium,1985,10.15
Number of maternal deaths,New Zealand,1985,10.07
Number of maternal deaths,United Republic of Tanzania,1985,10073
Number of maternal deaths,Togo,1985,1002
Number of maternal deaths,Vanuatu,1985,11.26
Number of maternal deaths,Greece,1985,11.12
Number of maternal deaths,Switzerland,1985,10.9
Number of maternal deaths,Libya,1985,112.8
Number of maternal deaths,Germany,1985,113.3
Number of maternal deaths,Kyrgyzstan,1985,113
Number of maternal deaths,Jordan,1985,113.6
Number of maternal deaths,Equatorial Guinea,1985,116.1
Number of maternal deaths,Colombia,1985,1180
Number of maternal deaths,Cuba,1985,119.5
Number of maternal deaths,Austria,1985,12.15
Number of maternal deaths,Gabon,1985,124
Number of maternal deaths,Bolivia (Plurinational State of),1985,1249
Number of maternal deaths,Italy,1985,128.2
Number of maternal deaths,United Kingdom of Great Britain and Northern Ireland,1985,13.12
Number of maternal deaths,Estonia,1985,13.06
Number of maternal deaths,Afghanistan,1985,13181
Number of maternal deaths,Democratic Republic of the Congo,1985,13579
Number of maternal deaths,Poland,1985,130.9
Number of maternal deaths,Djibouti,1985,132.2
Number of maternal deaths,Peru,1985,1326
Number of maternal deaths,Eritrea,1985,1360
Number of maternal deaths,Botswana,1985,138.2
Number of maternal deaths,Saudi Arabia,1985,144.5
Number of maternal deaths,Namibia,1985,148.8
Number of maternal deaths,Comoros,1985,153.1
Number of maternal deaths,France,1985,156.1
Number of maternal deaths,Serbia,1985,15.86
Number of maternal deaths,Lao People's Democratic Republic,1985,1615
Number of maternal deaths,Slovakia,1985,17.3
Number of maternal deaths,India,1985,179946
Number of maternal deaths,Fiji,1985,18.36
Number of maternal deaths,Pakistan,1985,18766
Number of maternal deaths,Liberia,1985,1864
Number of maternal deaths,Tajikistan,1985,187.9
Number of maternal deaths,Zambia,1985,1917
Number of maternal deaths,Eswatini,1985,191.8
Number of maternal deaths,Benin,1985,1956
Number of maternal deaths,Russian Federation,1985,1985
Number of maternal deaths,Qatar,1985,1.57
Number of maternal deaths,Grenada,1985,2.09
Number of maternal deaths,Barbados,1985,2.27
Number of maternal deaths,Saint Vincent and the Grenadines,1985,2.22
Number of maternal deaths,Saint Lucia,1985,2.42
Number of maternal deaths,Latvia,1985,20.07
Number of maternal deaths,Lithuania,1985,20.46
Number of maternal deaths,Puerto Rico,1985,20.33
Number of maternal deaths,Chile,1985,202.7
Number of maternal deaths,Bhutan,1985,205.1
Number of maternal deaths,Czechia,1985,20.58
Number of maternal deaths,Australia,1985,21.43
Number of maternal deaths,Netherlands (Kingdom of the),1985,21.06
Number of maternal deaths,Zimbabwe,1985,2109
Number of maternal deaths,Mauritius,1985,21.57
Number of maternal deaths,Uruguay,1985,22.09
Number of maternal deaths,Indonesia,1985,23230
Number of maternal deaths,Sri Lanka,1985,238.5
Number of maternal deaths,Haiti,1985,2393
Number of maternal deaths,Solomon Islands,1985,24.02
Number of maternal deaths,Syrian Arab Republic,1985,240.3
Number of maternal deaths,Algeria,1985,2449
Number of maternal deaths,Cameroon,1985,2495
Number of maternal deaths,South Africa,1985,2496
Number of maternal deaths,Sierra Leone,1985,2559
Number of maternal deaths,Japan,1985,259.4
Number of maternal deaths,Portugal,1985,26.3
Number of maternal deaths,Mongolia,1985,260.3
Number of maternal deaths,Mexico,1985,2629
Number of maternal deaths,Yemen,1985,2637
Number of maternal deaths,Republic of Korea,1985,263.7
Number of maternal deaths,Cambodia,1985,2686
Number of maternal deaths,Bosnia and Herzegovina,1985,26.61
Number of maternal deaths,Canada,1985,26.99
Number of maternal deaths,Ethiopia,1985,27293
Number of maternal deaths,Egypt,1985,2724
Number of maternal deaths,Senegal,1985,2731
Number of maternal deaths,Oman,1985,27.82
Number of maternal deaths,Jamaica,1985,28.49
Number of maternal deaths,Chad,1985,2808
Number of maternal deaths,Malaysia,1985,287.6
Number of maternal deaths,Trinidad and Tobago,1985,28.63
Number of maternal deaths,Cyprus,1985,2.79
Number of maternal deaths,Saint Kitts and Nevis,1985,3.11
Number of maternal deaths,Albania,1985,30.43
Number of maternal deaths,Spain,1985,29.53
Number of maternal deaths,China,1985,30261
Number of maternal deaths,Democratic People's Republic of Korea,1985,301.9
Number of maternal deaths,Paraguay,1985,305.9
Number of maternal deaths,Kazakhstan,1985,308.8
Number of maternal deaths,Bulgaria,1985,30.55
Number of maternal deaths,Tunisia,1985,311.3
Number of maternal deaths,Guinea,1985,3225
Number of maternal deaths,Hungary,1985,33.08
Number of maternal deaths,Burkina Faso,1985,3326
Number of maternal deaths,Iran (Islamic Republic of),1985,3353
Number of maternal deaths,El Salvador,1985,337.8
Number of maternal deaths,Israel,1985,33.68
Number of maternal deaths,Costa Rica,1985,35.49
Number of maternal deaths,Madagascar,1985,3510
Number of maternal deaths,Viet Nam,1985,3528
Number of maternal deaths,Burundi,1985,3529
Number of maternal deaths,Honduras,1985,353.7
Number of maternal deaths,Rwanda,1985,3541
Number of maternal deaths,Cote d'Ivoire,1985,3699
Number of maternal deaths,Bangladesh,1985,37750
Number of maternal deaths,Georgia,1985,37.85
Number of maternal deaths,Bahamas,1985,3.76
Number of maternal deaths,Finland,1985,4.14
Number of maternal deaths,Slovenia,1985,4.43
Number of maternal deaths,Philippines,1985,4140
Number of maternal deaths,Ukraine,1985,418.2
Number of maternal deaths,United States of America,1985,423.4
Number of maternal deaths,Malawi,1985,4280
Number of maternal deaths,Angola,1985,4336
Number of maternal deaths,Lesotho,1985,438.3
Number of maternal deaths,Congo,1985,448.2
Number of maternal deaths,Venezuela (Bolivarian Republic of),1985,452.6
Number of maternal deaths,Niger,1985,4564
Number of maternal deaths,Uzbekistan,1985,474.9
Number of maternal deaths,Somalia,1985,4780
Number of maternal deaths,Armenia,1985,48.25
Number of maternal deaths,Belarus,1985,48.34
Number of maternal deaths,Nicaragua,1985,479.7
Number of maternal deaths,Maldives,1985,49.29
Number of maternal deaths,Suriname,1985,49.11
Number of maternal deaths,Mali,1985,4973
Number of maternal deaths,Bahrain,1985,4.6
Number of maternal deaths,Norway,1985,4.64
Number of maternal deaths,Marshall Islands,1985,4.63
Number of maternal deaths,Tonga,1985,5.06
Number of maternal deaths,Brunei Darussalam,1985,5.19
Number of maternal deaths,Papua New Guinea,1985,515.5
Number of maternal deaths,Dominican Republic,1985,516.7
Number of maternal deaths,Nigeria,1985,52355
Number of maternal deaths,Argentina,1985,544.4
Number of maternal deaths,Ghana,1985,5550
Number of maternal deaths,Ecuador,1985,566.6
Number of maternal deaths,Lebanon,1985,56.64
Number of maternal deaths,Kenya,1985,5725
Number of maternal deaths,Morocco,1985,5788
Number of maternal deaths,Guyana,1985,58.23
Number of maternal deaths,Timor-Leste,1985,589.6
Number of maternal deaths,Kiribati,1985,6.36
Number of maternal deaths,North Macedonia,1985,6.42
Number of maternal deaths,Belize,1985,6.11
Number of maternal deaths,Kuwait,1985,6.18
Number of maternal deaths,Cabo Verde,1985,61.41
Number of maternal deaths,Panama,1985,60.89
Number of maternal deaths,Gambia,1985,612.2
Number of maternal deaths,Republic of Moldova,1985,62.22
Number of maternal deaths,Uganda,1985,6290
Number of maternal deaths,Romania,1985,639.6
Number of maternal deaths,Ireland,1985,6.91
Number of maternal deaths,Sao Tome and Principe,1985,7.07
Number of maternal deaths,Croatia,1985,6.55
Number of maternal deaths,Denmark,1985,6.51
Number of maternal deaths,Mauritania,1985,726.3
Number of maternal deaths,Brazil,1985,7343
Number of maternal deaths,Myanmar,1985,7765
Number of maternal deaths,Guinea-Bissau,1985,798.8
Number of maternal deaths,Micronesia (Federated States of),1985,7.77
Number of maternal deaths,United Arab Emirates,1985,7.53
Number of maternal deaths,Sweden,1985,7.98
Number of maternal deaths,Nepal,1985,8174
Number of maternal deaths,"occupied Palestinian territory, including east Jerusalem",1985,81.94
Number of maternal deaths,Türkiye,1985,838.4
Number of maternal deaths,Sudan,1985,8721
Number of maternal deaths,Mozambique,1985,8799
Number of maternal deaths,Singapore,1985,8.51
Number of maternal deaths,South Sudan,1985,9421
Number of maternal deaths,Iraq,1985,943.6
Number of maternal deaths,Thailand,1985,954.3
Number of maternal deaths,Turkmenistan,1985,96.41
Number of maternal deaths,Azerbaijan,1985,95.52
Number of maternal deaths,Guatemala,1985,970.7
Number of maternal deaths,Central African Republic,1985,976.3
